Starting log: Tue Oct  6 15:07:24 2026.
Running on: jasper.local.

Read file ../data/QPLIB_2894.mod with AMPL
Num of variables = 17
 - attempting to read: e2
    + coeff 0.204105 of var x3 in constr e2 is deemed risky
    + coeff 2.24629 of var x4 in constr e2 is deemed risky
 - attempting to read: e3
    + coeff 3.94679 of var x6 in constr e3 is deemed risky
    + coeff -1.42894 of var x7 in constr e3 is deemed risky
 - attempting to read: e4
    + coeff -1.52786 of var x9 in constr e4 is deemed risky
    + coeff 2.47213 of var x10 in constr e4 is deemed risky
 - attempting to read: e5
    + coeff 0.430223 of var x12 in constr e5 is deemed risky
    + coeff 1.63416 of var x13 in constr e5 is deemed risky
 - attempting to read: e6
    + coeff 3.40503 of var x3 in constr e6 is deemed risky
    + coeff -1.59481 of var x4 in constr e6 is deemed risky
 - attempting to read: e7
    + coeff -6.05321 of var x6 in constr e7 is deemed risky
    + coeff -1.42894 of var x7 in constr e7 is deemed risky
 - attempting to read: e8
    + coeff 2.47214 of var x9 in constr e8 is deemed risky
    + coeff 0.472127 of var x10 in constr e8 is deemed risky
 - attempting to read: e9
    + coeff 1.60416 of var x12 in constr e9 is deemed risky
    + coeff -1.04913 of var x13 in constr e9 is deemed risky
 - attempting to read: e10
    + coeff -4.40522 of var x3 in constr e10 is deemed risky
    + coeff -1.59481 of var x4 in constr e10 is deemed risky
 - attempting to read: e11
    + coeff 0.196788 of var x6 in constr e11 is deemed risky
    + coeff 1.69606 of var x7 in constr e11 is deemed risky
 - attempting to read: e12
    + coeff 3.47214 of var x9 in constr e12 is deemed risky
    + coeff -1.52787 of var x10 in constr e12 is deemed risky
 - attempting to read: e13
    + coeff -3.14749 of var x12 in constr e13 is deemed risky
    + coeff -1.04913 of var x13 in constr e13 is deemed risky
 - attempting to read: e14
    + coeff -1.52786 of var x9 in constr e14 is deemed risky
    + coeff -1.52787 of var x10 in constr e14 is deemed risky
 - attempting to read: e15
    + coeff 0.204105 of var x3 in constr e15 is deemed risky
    + coeff 2.24629 of var x4 in constr e15 is deemed risky
 - attempting to read: e16
    + coeff 3.94679 of var x6 in constr e16 is deemed risky
    + coeff -1.42894 of var x7 in constr e16 is deemed risky
 - attempting to read: e17
    + coeff -1.52786 of var x9 in constr e17 is deemed risky
    + coeff 2.47213 of var x10 in constr e17 is deemed risky
 - attempting to read: e18
    + coeff 0.430223 of var x12 in constr e18 is deemed risky
    + coeff 1.63416 of var x13 in constr e18 is deemed risky
 - attempting to read: e19
    + coeff 3.40503 of var x3 in constr e19 is deemed risky
    + coeff -1.59481 of var x4 in constr e19 is deemed risky
 - attempting to read: e20
    + coeff -6.05321 of var x6 in constr e20 is deemed risky
    + coeff -1.42894 of var x7 in constr e20 is deemed risky
 - attempting to read: e21
    + coeff 2.47214 of var x9 in constr e21 is deemed risky
    + coeff 0.472127 of var x10 in constr e21 is deemed risky
 - attempting to read: e22
    + coeff 1.60416 of var x12 in constr e22 is deemed risky
    + coeff -1.04913 of var x13 in constr e22 is deemed risky
 - attempting to read: e23
    + coeff -4.40522 of var x3 in constr e23 is deemed risky
    + coeff -1.59481 of var x4 in constr e23 is deemed risky
 - attempting to read: e24
    + coeff 0.196788 of var x6 in constr e24 is deemed risky
    + coeff 1.69606 of var x7 in constr e24 is deemed risky
 - attempting to read: e25
    + coeff 3.47214 of var x9 in constr e25 is deemed risky
    + coeff -1.52787 of var x10 in constr e25 is deemed risky
 - attempting to read: e26
    + coeff -3.14749 of var x12 in constr e26 is deemed risky
    + coeff -1.04913 of var x13 in constr e26 is deemed risky
 - attempting to read: e27
 - attempting to read: e28
 - attempting to read: e29
    + coeff -1.52786 of var x9 in constr e29 is deemed risky
    + coeff -1.52787 of var x10 in constr e29 is deemed risky
 - attempting to read: e30
 - attempting to read: e31
    + coeff -2.24629 of var x3 in constr e31 is deemed risky
    + coeff 0.204105 of var x4 in constr e31 is deemed risky
 - attempting to read: e32
    + coeff 1.42894 of var x6 in constr e32 is deemed risky
    + coeff 3.94679 of var x7 in constr e32 is deemed risky
 - attempting to read: e33
    + coeff -2.47213 of var x9 in constr e33 is deemed risky
    + coeff -1.52786 of var x10 in constr e33 is deemed risky
 - attempting to read: e34
    + coeff -1.63416 of var x12 in constr e34 is deemed risky
    + coeff 0.430223 of var x13 in constr e34 is deemed risky
 - attempting to read: e35
    + coeff 1.59481 of var x3 in constr e35 is deemed risky
    + coeff 3.40503 of var x4 in constr e35 is deemed risky
 - attempting to read: e36
    + coeff 1.42894 of var x6 in constr e36 is deemed risky
    + coeff -6.05321 of var x7 in constr e36 is deemed risky
 - attempting to read: e37
    + coeff -0.472127 of var x9 in constr e37 is deemed risky
    + coeff 2.47214 of var x10 in constr e37 is deemed risky
 - attempting to read: e38
    + coeff 1.04913 of var x12 in constr e38 is deemed risky
    + coeff 1.60416 of var x13 in constr e38 is deemed risky
 - attempting to read: e39
    + coeff 1.59481 of var x3 in constr e39 is deemed risky
    + coeff -4.40522 of var x4 in constr e39 is deemed risky
 - attempting to read: e40
    + coeff -1.69606 of var x6 in constr e40 is deemed risky
    + coeff 0.196788 of var x7 in constr e40 is deemed risky
 - attempting to read: e41
    + coeff 1.52787 of var x9 in constr e41 is deemed risky
    + coeff 3.47214 of var x10 in constr e41 is deemed risky
 - attempting to read: e42
    + coeff 1.04913 of var x12 in constr e42 is deemed risky
    + coeff -3.14749 of var x13 in constr e42 is deemed risky
 - attempting to read: e43
    + coeff 1.52787 of var x9 in constr e43 is deemed risky
    + coeff -1.52786 of var x10 in constr e43 is deemed risky
 - attempting to read: e44
    + coeff -2.24629 of var x3 in constr e44 is deemed risky
    + coeff 0.204105 of var x4 in constr e44 is deemed risky
 - attempting to read: e45
    + coeff 1.42894 of var x6 in constr e45 is deemed risky
    + coeff 3.94679 of var x7 in constr e45 is deemed risky
 - attempting to read: e46
    + coeff -2.47213 of var x9 in constr e46 is deemed risky
    + coeff -1.52786 of var x10 in constr e46 is deemed risky
 - attempting to read: e47
    + coeff -1.63416 of var x12 in constr e47 is deemed risky
    + coeff 0.430223 of var x13 in constr e47 is deemed risky
 - attempting to read: e48
    + coeff 1.59481 of var x3 in constr e48 is deemed risky
    + coeff 3.40503 of var x4 in constr e48 is deemed risky
 - attempting to read: e49
    + coeff 1.42894 of var x6 in constr e49 is deemed risky
    + coeff -6.05321 of var x7 in constr e49 is deemed risky
 - attempting to read: e50
    + coeff -0.472127 of var x9 in constr e50 is deemed risky
    + coeff 2.47214 of var x10 in constr e50 is deemed risky
 - attempting to read: e51
    + coeff 1.04913 of var x12 in constr e51 is deemed risky
    + coeff 1.60416 of var x13 in constr e51 is deemed risky
 - attempting to read: e52
    + coeff 1.59481 of var x3 in constr e52 is deemed risky
    + coeff -4.40522 of var x4 in constr e52 is deemed risky
 - attempting to read: e53
    + coeff -1.69606 of var x6 in constr e53 is deemed risky
    + coeff 0.196788 of var x7 in constr e53 is deemed risky
 - attempting to read: e54
    + coeff 1.52787 of var x9 in constr e54 is deemed risky
    + coeff 3.47214 of var x10 in constr e54 is deemed risky
 - attempting to read: e55
    + coeff 1.04913 of var x12 in constr e55 is deemed risky
    + coeff -3.14749 of var x13 in constr e55 is deemed risky
 - attempting to read: e56
    + coeff 1.52787 of var x9 in constr e56 is deemed risky
    + coeff -1.52786 of var x10 in constr e56 is deemed risky
 - attempting to read: e57
 - attempting to read: e58
 - attempting to read: e59
 - attempting to read: e60
 - attempting to read: e61
 - attempting to read: e62
 - attempting to read: e63
 - attempting to read: e64
    + coeff -4.52362 of binomial ('x5', 'x6') in constr e64 is deemed risky
    + coeff -1.06783 of binomial ('x5', 'x7') in constr e64 is deemed risky
    + coeff 5.40085 of binomial ('x6', 'x6') in constr e64 is deemed risky
    + coeff 4.52362 of binomial ('x6', 'x8') in constr e64 is deemed risky
    + coeff 1.06783 of binomial ('x15', 'x6') in constr e64 is deemed risky
    + coeff -1.06783 of binomial ('x16', 'x6') in constr e64 is deemed risky
    + coeff 5.40085 of binomial ('x7', 'x7') in constr e64 is deemed risky
    + coeff 1.06783 of binomial ('x7', 'x8') in constr e64 is deemed risky
    + coeff -4.52362 of binomial ('x15', 'x7') in constr e64 is deemed risky
    + coeff 4.52362 of binomial ('x16', 'x7') in constr e64 is deemed risky
 - attempting to read: e65
    + coeff 4.39148 of binomial ('x5', 'x9') in constr e65 is deemed risky
    + coeff -1.47803 of binomial ('x10', 'x5') in constr e65 is deemed risky
    + coeff 5.36741 of binomial ('x9', 'x9') in constr e65 is deemed risky
    + coeff -4.39148 of binomial ('x11', 'x9') in constr e65 is deemed risky
    + coeff 1.47803 of binomial ('x15', 'x9') in constr e65 is deemed risky
    + coeff -1.47803 of binomial ('x17', 'x9') in constr e65 is deemed risky
    + coeff 5.36741 of binomial ('x10', 'x10') in constr e65 is deemed risky
    + coeff 1.47803 of binomial ('x10', 'x11') in constr e65 is deemed risky
    + coeff 4.39148 of binomial ('x10', 'x15') in constr e65 is deemed risky
    + coeff -4.39148 of binomial ('x10', 'x17') in constr e65 is deemed risky
 - attempting to read: e66
    + coeff -3.02493 of binomial ('x12', 'x5') in constr e66 is deemed risky
    + coeff -1.00828 of binomial ('x13', 'x5') in constr e66 is deemed risky
    + coeff 2.54171 of binomial ('x12', 'x12') in constr e66 is deemed risky
    + coeff 3.02493 of binomial ('x12', 'x14') in constr e66 is deemed risky
    + coeff 1.00828 of binomial ('x12', 'x15') in constr e66 is deemed risky
    + coeff -1.00828 of binomial ('x12', 'x18') in constr e66 is deemed risky
    + coeff 2.54171 of binomial ('x13', 'x13') in constr e66 is deemed risky
    + coeff 1.00828 of binomial ('x13', 'x14') in constr e66 is deemed risky
    + coeff -3.02493 of binomial ('x13', 'x15') in constr e66 is deemed risky
    + coeff 3.02493 of binomial ('x13', 'x18') in constr e66 is deemed risky
 - attempting to read: e67
    + coeff 4.00955 of binomial ('x5', 'x6') in constr e67 is deemed risky
    + coeff -1.45167 of binomial ('x5', 'x7') in constr e67 is deemed risky
    + coeff 4.54596 of binomial ('x6', 'x6') in constr e67 is deemed risky
    + coeff -4.00955 of binomial ('x6', 'x8') in constr e67 is deemed risky
    + coeff 1.45167 of binomial ('x15', 'x6') in constr e67 is deemed risky
    + coeff -1.45167 of binomial ('x16', 'x6') in constr e67 is deemed risky
    + coeff 4.54596 of binomial ('x7', 'x7') in constr e67 is deemed risky
    + coeff 1.45167 of binomial ('x7', 'x8') in constr e67 is deemed risky
    + coeff 4.00955 of binomial ('x15', 'x7') in constr e67 is deemed risky
    + coeff -4.00955 of binomial ('x16', 'x7') in constr e67 is deemed risky
 - attempting to read: e68
    + coeff -2.10592 of binomial ('x5', 'x9') in constr e68 is deemed risky
    + coeff 3.40739 of binomial ('x10', 'x5') in constr e68 is deemed risky
    + coeff 4.0113 of binomial ('x9', 'x9') in constr e68 is deemed risky
    + coeff 2.10592 of binomial ('x11', 'x9') in constr e68 is deemed risky
    + coeff -3.40739 of binomial ('x15', 'x9') in constr e68 is deemed risky
    + coeff 3.40739 of binomial ('x17', 'x9') in constr e68 is deemed risky
    + coeff 4.0113 of binomial ('x10', 'x10') in constr e68 is deemed risky
    + coeff -3.40739 of binomial ('x10', 'x11') in constr e68 is deemed risky
    + coeff -2.10592 of binomial ('x10', 'x15') in constr e68 is deemed risky
    + coeff 2.10592 of binomial ('x10', 'x17') in constr e68 is deemed risky
 - attempting to read: e69
    + coeff 2.26963 of binomial ('x12', 'x5') in constr e69 is deemed risky
    + coeff -1.48442 of binomial ('x13', 'x5') in constr e69 is deemed risky
    + coeff 1.83868 of binomial ('x12', 'x12') in constr e69 is deemed risky
    + coeff -2.26963 of binomial ('x12', 'x14') in constr e69 is deemed risky
    + coeff 1.48442 of binomial ('x12', 'x15') in constr e69 is deemed risky
    + coeff -1.48442 of binomial ('x12', 'x18') in constr e69 is deemed risky
    + coeff 1.83868 of binomial ('x13', 'x13') in constr e69 is deemed risky
    + coeff 1.48442 of binomial ('x13', 'x14') in constr e69 is deemed risky
    + coeff 2.26963 of binomial ('x13', 'x15') in constr e69 is deemed risky
    + coeff -2.26963 of binomial ('x13', 'x18') in constr e69 is deemed risky
 - attempting to read: e70
    + coeff -7.35708 of binomial ('x5', 'x6') in constr e70 is deemed risky
    + coeff -1.73674 of binomial ('x5', 'x7') in constr e70 is deemed risky
    + coeff 14.2857 of binomial ('x6', 'x6') in constr e70 is deemed risky
    + coeff 7.35708 of binomial ('x6', 'x8') in constr e70 is deemed risky
    + coeff 1.73674 of binomial ('x15', 'x6') in constr e70 is deemed risky
    + coeff -1.73674 of binomial ('x16', 'x6') in constr e70 is deemed risky
    + coeff 14.2857 of binomial ('x7', 'x7') in constr e70 is deemed risky
    + coeff 1.73674 of binomial ('x7', 'x8') in constr e70 is deemed risky
    + coeff -7.35708 of binomial ('x15', 'x7') in constr e70 is deemed risky
    + coeff 7.35708 of binomial ('x16', 'x7') in constr e70 is deemed risky
 - attempting to read: e71
    + coeff 2.99767 of binomial ('x5', 'x9') in constr e71 is deemed risky
    + coeff -0.70767 of binomial ('x10', 'x5') in constr e71 is deemed risky
    + coeff 2.3717 of binomial ('x9', 'x9') in constr e71 is deemed risky
    + coeff -2.99767 of binomial ('x11', 'x9') in constr e71 is deemed risky
    + coeff 0.70767 of binomial ('x15', 'x9') in constr e71 is deemed risky
    + coeff -0.70767 of binomial ('x17', 'x9') in constr e71 is deemed risky
    + coeff 2.3717 of binomial ('x10', 'x10') in constr e71 is deemed risky
    + coeff 0.70767 of binomial ('x10', 'x11') in constr e71 is deemed risky
    + coeff 2.99767 of binomial ('x10', 'x15') in constr e71 is deemed risky
    + coeff -2.99767 of binomial ('x10', 'x17') in constr e71 is deemed risky
 - attempting to read: e72
    + coeff -4.5962 of binomial ('x12', 'x5') in constr e72 is deemed risky
    + coeff -1.53206 of binomial ('x13', 'x5') in constr e72 is deemed risky
    + coeff 5.86805 of binomial ('x12', 'x12') in constr e72 is deemed risky
    + coeff 4.5962 of binomial ('x12', 'x14') in constr e72 is deemed risky
    + coeff 1.53206 of binomial ('x12', 'x15') in constr e72 is deemed risky
    + coeff -1.53206 of binomial ('x12', 'x18') in constr e72 is deemed risky
    + coeff 5.86805 of binomial ('x13', 'x13') in constr e72 is deemed risky
    + coeff 1.53206 of binomial ('x13', 'x14') in constr e72 is deemed risky
    + coeff -4.5962 of binomial ('x13', 'x15') in constr e72 is deemed risky
    + coeff 4.5962 of binomial ('x13', 'x18') in constr e72 is deemed risky
 - attempting to read: e73
    + coeff -9.13177 of binomial ('x5', 'x6') in constr e73 is deemed risky
    + coeff -2.15565 of binomial ('x5', 'x7') in constr e73 is deemed risky
    + coeff 22.009 of binomial ('x6', 'x6') in constr e73 is deemed risky
    + coeff 9.13177 of binomial ('x6', 'x8') in constr e73 is deemed risky
    + coeff 2.15565 of binomial ('x15', 'x6') in constr e73 is deemed risky
    + coeff -2.15565 of binomial ('x16', 'x6') in constr e73 is deemed risky
    + coeff 22.009 of binomial ('x7', 'x7') in constr e73 is deemed risky
    + coeff 2.15565 of binomial ('x7', 'x8') in constr e73 is deemed risky
    + coeff -9.13177 of binomial ('x15', 'x7') in constr e73 is deemed risky
    + coeff 9.13177 of binomial ('x16', 'x7') in constr e73 is deemed risky
 - attempting to read: e74
    + coeff -2.53143 of binomial ('x5', 'x9') in constr e74 is deemed risky
    + coeff -2.53149 of binomial ('x10', 'x5') in constr e74 is deemed risky
    + coeff 3.20415 of binomial ('x9', 'x9') in constr e74 is deemed risky
    + coeff 2.53143 of binomial ('x11', 'x9') in constr e74 is deemed risky
    + coeff 2.53149 of binomial ('x15', 'x9') in constr e74 is deemed risky
    + coeff -2.53149 of binomial ('x17', 'x9') in constr e74 is deemed risky
    + coeff 3.20415 of binomial ('x10', 'x10') in constr e74 is deemed risky
    + coeff 2.53149 of binomial ('x10', 'x11') in constr e74 is deemed risky
    + coeff -2.53143 of binomial ('x10', 'x15') in constr e74 is deemed risky
    + coeff 2.53143 of binomial ('x10', 'x17') in constr e74 is deemed risky
 - attempting to read: e75
    + coeff 0.659161 of binomial ('x12', 'x5') in constr e75 is deemed risky
    + coeff 2.50376 of binomial ('x13', 'x5') in constr e75 is deemed risky
    + coeff 1.67582 of binomial ('x12', 'x12') in constr e75 is deemed risky
    + coeff -0.659161 of binomial ('x12', 'x14') in constr e75 is deemed risky
    + coeff -2.50376 of binomial ('x12', 'x15') in constr e75 is deemed risky
    + coeff 2.50376 of binomial ('x12', 'x18') in constr e75 is deemed risky
    + coeff 1.67582 of binomial ('x13', 'x13') in constr e75 is deemed risky
    + coeff -2.50376 of binomial ('x13', 'x14') in constr e75 is deemed risky
    + coeff 0.659161 of binomial ('x13', 'x15') in constr e75 is deemed risky
    + coeff -0.659161 of binomial ('x13', 'x18') in constr e75 is deemed risky
 - attempting to read: e76
 - attempting to read: e77
 - attempting to read: e78
    + coeff 4.39148 of binomial ('x8', 'x9') in constr e78 is deemed risky
    + coeff -1.47803 of binomial ('x10', 'x8') in constr e78 is deemed risky
    + coeff 5.36741 of binomial ('x9', 'x9') in constr e78 is deemed risky
    + coeff -4.39148 of binomial ('x11', 'x9') in constr e78 is deemed risky
    + coeff 1.47803 of binomial ('x16', 'x9') in constr e78 is deemed risky
    + coeff -1.47803 of binomial ('x17', 'x9') in constr e78 is deemed risky
    + coeff 5.36741 of binomial ('x10', 'x10') in constr e78 is deemed risky
    + coeff 1.47803 of binomial ('x10', 'x11') in constr e78 is deemed risky
    + coeff 4.39148 of binomial ('x10', 'x16') in constr e78 is deemed risky
    + coeff -4.39148 of binomial ('x10', 'x17') in constr e78 is deemed risky
 - attempting to read: e79
    + coeff -3.02493 of binomial ('x12', 'x8') in constr e79 is deemed risky
    + coeff -1.00828 of binomial ('x13', 'x8') in constr e79 is deemed risky
    + coeff 2.54171 of binomial ('x12', 'x12') in constr e79 is deemed risky
    + coeff 3.02493 of binomial ('x12', 'x14') in constr e79 is deemed risky
    + coeff 1.00828 of binomial ('x12', 'x16') in constr e79 is deemed risky
    + coeff -1.00828 of binomial ('x12', 'x18') in constr e79 is deemed risky
    + coeff 2.54171 of binomial ('x13', 'x13') in constr e79 is deemed risky
    + coeff 1.00828 of binomial ('x13', 'x14') in constr e79 is deemed risky
    + coeff -3.02493 of binomial ('x13', 'x16') in constr e79 is deemed risky
    + coeff 3.02493 of binomial ('x13', 'x18') in constr e79 is deemed risky
 - attempting to read: e80
    + coeff -2.10592 of binomial ('x8', 'x9') in constr e80 is deemed risky
    + coeff 3.40739 of binomial ('x10', 'x8') in constr e80 is deemed risky
    + coeff 4.0113 of binomial ('x9', 'x9') in constr e80 is deemed risky
    + coeff 2.10592 of binomial ('x11', 'x9') in constr e80 is deemed risky
    + coeff -3.40739 of binomial ('x16', 'x9') in constr e80 is deemed risky
    + coeff 3.40739 of binomial ('x17', 'x9') in constr e80 is deemed risky
    + coeff 4.0113 of binomial ('x10', 'x10') in constr e80 is deemed risky
    + coeff -3.40739 of binomial ('x10', 'x11') in constr e80 is deemed risky
    + coeff -2.10592 of binomial ('x10', 'x16') in constr e80 is deemed risky
    + coeff 2.10592 of binomial ('x10', 'x17') in constr e80 is deemed risky
 - attempting to read: e81
    + coeff 2.26963 of binomial ('x12', 'x8') in constr e81 is deemed risky
    + coeff -1.48442 of binomial ('x13', 'x8') in constr e81 is deemed risky
    + coeff 1.83868 of binomial ('x12', 'x12') in constr e81 is deemed risky
    + coeff -2.26963 of binomial ('x12', 'x14') in constr e81 is deemed risky
    + coeff 1.48442 of binomial ('x12', 'x16') in constr e81 is deemed risky
    + coeff -1.48442 of binomial ('x12', 'x18') in constr e81 is deemed risky
    + coeff 1.83868 of binomial ('x13', 'x13') in constr e81 is deemed risky
    + coeff 1.48442 of binomial ('x13', 'x14') in constr e81 is deemed risky
    + coeff 2.26963 of binomial ('x13', 'x16') in constr e81 is deemed risky
    + coeff -2.26963 of binomial ('x13', 'x18') in constr e81 is deemed risky
 - attempting to read: e82
    + coeff 2.99767 of binomial ('x8', 'x9') in constr e82 is deemed risky
    + coeff -0.70767 of binomial ('x10', 'x8') in constr e82 is deemed risky
    + coeff 2.3717 of binomial ('x9', 'x9') in constr e82 is deemed risky
    + coeff -2.99767 of binomial ('x11', 'x9') in constr e82 is deemed risky
    + coeff 0.70767 of binomial ('x16', 'x9') in constr e82 is deemed risky
    + coeff -0.70767 of binomial ('x17', 'x9') in constr e82 is deemed risky
    + coeff 2.3717 of binomial ('x10', 'x10') in constr e82 is deemed risky
    + coeff 0.70767 of binomial ('x10', 'x11') in constr e82 is deemed risky
    + coeff 2.99767 of binomial ('x10', 'x16') in constr e82 is deemed risky
    + coeff -2.99767 of binomial ('x10', 'x17') in constr e82 is deemed risky
 - attempting to read: e83
    + coeff -4.5962 of binomial ('x12', 'x8') in constr e83 is deemed risky
    + coeff -1.53206 of binomial ('x13', 'x8') in constr e83 is deemed risky
    + coeff 5.86805 of binomial ('x12', 'x12') in constr e83 is deemed risky
    + coeff 4.5962 of binomial ('x12', 'x14') in constr e83 is deemed risky
    + coeff 1.53206 of binomial ('x12', 'x16') in constr e83 is deemed risky
    + coeff -1.53206 of binomial ('x12', 'x18') in constr e83 is deemed risky
    + coeff 5.86805 of binomial ('x13', 'x13') in constr e83 is deemed risky
    + coeff 1.53206 of binomial ('x13', 'x14') in constr e83 is deemed risky
    + coeff -4.5962 of binomial ('x13', 'x16') in constr e83 is deemed risky
    + coeff 4.5962 of binomial ('x13', 'x18') in constr e83 is deemed risky
 - attempting to read: e84
    + coeff -2.53143 of binomial ('x8', 'x9') in constr e84 is deemed risky
    + coeff -2.53149 of binomial ('x10', 'x8') in constr e84 is deemed risky
    + coeff 3.20415 of binomial ('x9', 'x9') in constr e84 is deemed risky
    + coeff 2.53143 of binomial ('x11', 'x9') in constr e84 is deemed risky
    + coeff 2.53149 of binomial ('x16', 'x9') in constr e84 is deemed risky
    + coeff -2.53149 of binomial ('x17', 'x9') in constr e84 is deemed risky
    + coeff 3.20415 of binomial ('x10', 'x10') in constr e84 is deemed risky
    + coeff 2.53149 of binomial ('x10', 'x11') in constr e84 is deemed risky
    + coeff -2.53143 of binomial ('x10', 'x16') in constr e84 is deemed risky
    + coeff 2.53143 of binomial ('x10', 'x17') in constr e84 is deemed risky
 - attempting to read: e85
    + coeff 0.659161 of binomial ('x12', 'x8') in constr e85 is deemed risky
    + coeff 2.50376 of binomial ('x13', 'x8') in constr e85 is deemed risky
    + coeff 1.67582 of binomial ('x12', 'x12') in constr e85 is deemed risky
    + coeff -0.659161 of binomial ('x12', 'x14') in constr e85 is deemed risky
    + coeff -2.50376 of binomial ('x12', 'x16') in constr e85 is deemed risky
    + coeff 2.50376 of binomial ('x12', 'x18') in constr e85 is deemed risky
    + coeff 1.67582 of binomial ('x13', 'x13') in constr e85 is deemed risky
    + coeff -2.50376 of binomial ('x13', 'x14') in constr e85 is deemed risky
    + coeff 0.659161 of binomial ('x13', 'x16') in constr e85 is deemed risky
    + coeff -0.659161 of binomial ('x13', 'x18') in constr e85 is deemed risky
 - attempting to read: e86
 - attempting to read: e87
    + coeff -3.02493 of binomial ('x11', 'x12') in constr e87 is deemed risky
    + coeff -1.00828 of binomial ('x11', 'x13') in constr e87 is deemed risky
    + coeff 2.54171 of binomial ('x12', 'x12') in constr e87 is deemed risky
    + coeff 3.02493 of binomial ('x12', 'x14') in constr e87 is deemed risky
    + coeff 1.00828 of binomial ('x12', 'x17') in constr e87 is deemed risky
    + coeff -1.00828 of binomial ('x12', 'x18') in constr e87 is deemed risky
    + coeff 2.54171 of binomial ('x13', 'x13') in constr e87 is deemed risky
    + coeff 1.00828 of binomial ('x13', 'x14') in constr e87 is deemed risky
    + coeff -3.02493 of binomial ('x13', 'x17') in constr e87 is deemed risky
    + coeff 3.02493 of binomial ('x13', 'x18') in constr e87 is deemed risky
 - attempting to read: e88
    + coeff 2.26963 of binomial ('x11', 'x12') in constr e88 is deemed risky
    + coeff -1.48442 of binomial ('x11', 'x13') in constr e88 is deemed risky
    + coeff 1.83868 of binomial ('x12', 'x12') in constr e88 is deemed risky
    + coeff -2.26963 of binomial ('x12', 'x14') in constr e88 is deemed risky
    + coeff 1.48442 of binomial ('x12', 'x17') in constr e88 is deemed risky
    + coeff -1.48442 of binomial ('x12', 'x18') in constr e88 is deemed risky
    + coeff 1.83868 of binomial ('x13', 'x13') in constr e88 is deemed risky
    + coeff 1.48442 of binomial ('x13', 'x14') in constr e88 is deemed risky
    + coeff 2.26963 of binomial ('x13', 'x17') in constr e88 is deemed risky
    + coeff -2.26963 of binomial ('x13', 'x18') in constr e88 is deemed risky
 - attempting to read: e89
    + coeff -4.5962 of binomial ('x11', 'x12') in constr e89 is deemed risky
    + coeff -1.53206 of binomial ('x11', 'x13') in constr e89 is deemed risky
    + coeff 5.86805 of binomial ('x12', 'x12') in constr e89 is deemed risky
    + coeff 4.5962 of binomial ('x12', 'x14') in constr e89 is deemed risky
    + coeff 1.53206 of binomial ('x12', 'x17') in constr e89 is deemed risky
    + coeff -1.53206 of binomial ('x12', 'x18') in constr e89 is deemed risky
    + coeff 5.86805 of binomial ('x13', 'x13') in constr e89 is deemed risky
    + coeff 1.53206 of binomial ('x13', 'x14') in constr e89 is deemed risky
    + coeff -4.5962 of binomial ('x13', 'x17') in constr e89 is deemed risky
    + coeff 4.5962 of binomial ('x13', 'x18') in constr e89 is deemed risky
 - attempting to read: e90
    + coeff 0.659161 of binomial ('x11', 'x12') in constr e90 is deemed risky
    + coeff 2.50376 of binomial ('x11', 'x13') in constr e90 is deemed risky
    + coeff 1.67582 of binomial ('x12', 'x12') in constr e90 is deemed risky
    + coeff -0.659161 of binomial ('x12', 'x14') in constr e90 is deemed risky
    + coeff -2.50376 of binomial ('x12', 'x17') in constr e90 is deemed risky
    + coeff 2.50376 of binomial ('x12', 'x18') in constr e90 is deemed risky
    + coeff 1.67582 of binomial ('x13', 'x13') in constr e90 is deemed risky
    + coeff -2.50376 of binomial ('x13', 'x14') in constr e90 is deemed risky
    + coeff 0.659161 of binomial ('x13', 'x17') in constr e90 is deemed risky
    + coeff -0.659161 of binomial ('x13', 'x18') in constr e90 is deemed risky
 - attempting to read: e91
    + coeff 5.66273 of binomial ('x3', 'x3') in constr e91 is deemed risky
    + coeff 4.4751 of binomial ('x3', 'x5') in constr e91 is deemed risky
    + coeff -4.4751 of binomial ('x3', 'x8') in constr e91 is deemed risky
    + coeff 4.4751 of binomial ('x15', 'x4') in constr e91 is deemed risky
    + coeff -4.4751 of binomial ('x16', 'x4') in constr e91 is deemed risky
    + coeff 5.66273 of binomial ('x4', 'x4') in constr e91 is deemed risky
 - attempting to read: e92
    + coeff 5.66273 of binomial ('x3', 'x3') in constr e92 is deemed risky
    + coeff 4.4751 of binomial ('x3', 'x5') in constr e92 is deemed risky
    + coeff -4.4751 of binomial ('x11', 'x3') in constr e92 is deemed risky
    + coeff 4.4751 of binomial ('x15', 'x4') in constr e92 is deemed risky
    + coeff -4.4751 of binomial ('x17', 'x4') in constr e92 is deemed risky
    + coeff 5.66273 of binomial ('x4', 'x4') in constr e92 is deemed risky
 - attempting to read: e93
    + coeff 5.66273 of binomial ('x3', 'x3') in constr e93 is deemed risky
    + coeff 4.4751 of binomial ('x3', 'x5') in constr e93 is deemed risky
    + coeff -4.4751 of binomial ('x14', 'x3') in constr e93 is deemed risky
    + coeff 4.4751 of binomial ('x15', 'x4') in constr e93 is deemed risky
    + coeff -4.4751 of binomial ('x18', 'x4') in constr e93 is deemed risky
    + coeff 5.66273 of binomial ('x4', 'x4') in constr e93 is deemed risky
 - attempting to read: e94
    + coeff 5.66273 of binomial ('x3', 'x3') in constr e94 is deemed risky
    + coeff 4.4751 of binomial ('x3', 'x5') in constr e94 is deemed risky
    + coeff -10.9868 of binomial ('x3', 'x6') in constr e94 is deemed risky
    + coeff 1.27481 of binomial ('x3', 'x7') in constr e94 is deemed risky
    + coeff -4.4751 of binomial ('x3', 'x8') in constr e94 is deemed risky
    + coeff -4.52362 of binomial ('x5', 'x6') in constr e94 is deemed risky
    + coeff -1.06783 of binomial ('x5', 'x7') in constr e94 is deemed risky
    + coeff 5.40085 of binomial ('x6', 'x6') in constr e94 is deemed risky
    + coeff 4.52362 of binomial ('x6', 'x8') in constr e94 is deemed risky
    + coeff 1.06783 of binomial ('x15', 'x6') in constr e94 is deemed risky
    + coeff -1.06783 of binomial ('x16', 'x6') in constr e94 is deemed risky
    + coeff -1.27481 of binomial ('x4', 'x6') in constr e94 is deemed risky
    + coeff 5.40085 of binomial ('x7', 'x7') in constr e94 is deemed risky
    + coeff 1.06783 of binomial ('x7', 'x8') in constr e94 is deemed risky
    + coeff -4.52362 of binomial ('x15', 'x7') in constr e94 is deemed risky
    + coeff 4.52362 of binomial ('x16', 'x7') in constr e94 is deemed risky
    + coeff -10.9868 of binomial ('x4', 'x7') in constr e94 is deemed risky
    + coeff 4.4751 of binomial ('x15', 'x4') in constr e94 is deemed risky
    + coeff -4.4751 of binomial ('x16', 'x4') in constr e94 is deemed risky
    + coeff 5.66273 of binomial ('x4', 'x4') in constr e94 is deemed risky
 - attempting to read: e95
    + coeff 5.66273 of binomial ('x3', 'x3') in constr e95 is deemed risky
    + coeff 4.4751 of binomial ('x3', 'x5') in constr e95 is deemed risky
    + coeff 8.62895 of binomial ('x3', 'x9') in constr e95 is deemed risky
    + coeff -6.86425 of binomial ('x10', 'x3') in constr e95 is deemed risky
    + coeff -4.4751 of binomial ('x11', 'x3') in constr e95 is deemed risky
    + coeff 4.39148 of binomial ('x5', 'x9') in constr e95 is deemed risky
    + coeff -1.47803 of binomial ('x10', 'x5') in constr e95 is deemed risky
    + coeff 5.36741 of binomial ('x9', 'x9') in constr e95 is deemed risky
    + coeff -4.39148 of binomial ('x11', 'x9') in constr e95 is deemed risky
    + coeff 1.47803 of binomial ('x15', 'x9') in constr e95 is deemed risky
    + coeff -1.47803 of binomial ('x17', 'x9') in constr e95 is deemed risky
    + coeff 6.86425 of binomial ('x4', 'x9') in constr e95 is deemed risky
    + coeff 5.36741 of binomial ('x10', 'x10') in constr e95 is deemed risky
    + coeff 1.47803 of binomial ('x10', 'x11') in constr e95 is deemed risky
    + coeff 4.39148 of binomial ('x10', 'x15') in constr e95 is deemed risky
    + coeff -4.39148 of binomial ('x10', 'x17') in constr e95 is deemed risky
    + coeff 8.62895 of binomial ('x10', 'x4') in constr e95 is deemed risky
    + coeff 4.4751 of binomial ('x15', 'x4') in constr e95 is deemed risky
    + coeff -4.4751 of binomial ('x17', 'x4') in constr e95 is deemed risky
    + coeff 5.66273 of binomial ('x4', 'x4') in constr e95 is deemed risky
 - attempting to read: e96
    + coeff 5.66273 of binomial ('x3', 'x3') in constr e96 is deemed risky
    + coeff 4.4751 of binomial ('x3', 'x5') in constr e96 is deemed risky
    + coeff -7.58513 of binomial ('x12', 'x3') in constr e96 is deemed risky
    + coeff 0.194118 of binomial ('x13', 'x3') in constr e96 is deemed risky
    + coeff -4.4751 of binomial ('x14', 'x3') in constr e96 is deemed risky
    + coeff -3.02493 of binomial ('x12', 'x5') in constr e96 is deemed risky
    + coeff -1.00828 of binomial ('x13', 'x5') in constr e96 is deemed risky
    + coeff 2.54171 of binomial ('x12', 'x12') in constr e96 is deemed risky
    + coeff 3.02493 of binomial ('x12', 'x14') in constr e96 is deemed risky
    + coeff 1.00828 of binomial ('x12', 'x15') in constr e96 is deemed risky
    + coeff -1.00828 of binomial ('x12', 'x18') in constr e96 is deemed risky
    + coeff -0.194118 of binomial ('x12', 'x4') in constr e96 is deemed risky
    + coeff 2.54171 of binomial ('x13', 'x13') in constr e96 is deemed risky
    + coeff 1.00828 of binomial ('x13', 'x14') in constr e96 is deemed risky
    + coeff -3.02493 of binomial ('x13', 'x15') in constr e96 is deemed risky
    + coeff 3.02493 of binomial ('x13', 'x18') in constr e96 is deemed risky
    + coeff -7.58513 of binomial ('x13', 'x4') in constr e96 is deemed risky
    + coeff 4.4751 of binomial ('x15', 'x4') in constr e96 is deemed risky
    + coeff -4.4751 of binomial ('x18', 'x4') in constr e96 is deemed risky
    + coeff 5.66273 of binomial ('x4', 'x4') in constr e96 is deemed risky
 - attempting to read: e97
    + coeff 5.66273 of binomial ('x3', 'x3') in constr e97 is deemed risky
    + coeff 4.4751 of binomial ('x3', 'x5') in constr e97 is deemed risky
    + coeff 7.79572 of binomial ('x3', 'x6') in constr e97 is deemed risky
    + coeff -6.49591 of binomial ('x3', 'x7') in constr e97 is deemed risky
    + coeff -4.4751 of binomial ('x3', 'x8') in constr e97 is deemed risky
    + coeff 4.00955 of binomial ('x5', 'x6') in constr e97 is deemed risky
    + coeff -1.45167 of binomial ('x5', 'x7') in constr e97 is deemed risky
    + coeff 4.54596 of binomial ('x6', 'x6') in constr e97 is deemed risky
    + coeff -4.00955 of binomial ('x6', 'x8') in constr e97 is deemed risky
    + coeff 1.45167 of binomial ('x15', 'x6') in constr e97 is deemed risky
    + coeff -1.45167 of binomial ('x16', 'x6') in constr e97 is deemed risky
    + coeff 6.49591 of binomial ('x4', 'x6') in constr e97 is deemed risky
    + coeff 4.54596 of binomial ('x7', 'x7') in constr e97 is deemed risky
    + coeff 1.45167 of binomial ('x7', 'x8') in constr e97 is deemed risky
    + coeff 4.00955 of binomial ('x15', 'x7') in constr e97 is deemed risky
    + coeff -4.00955 of binomial ('x16', 'x7') in constr e97 is deemed risky
    + coeff 7.79572 of binomial ('x4', 'x7') in constr e97 is deemed risky
    + coeff 4.4751 of binomial ('x15', 'x4') in constr e97 is deemed risky
    + coeff -4.4751 of binomial ('x16', 'x4') in constr e97 is deemed risky
    + coeff 5.66273 of binomial ('x4', 'x4') in constr e97 is deemed risky
 - attempting to read: e98
    + coeff 5.66273 of binomial ('x3', 'x3') in constr e98 is deemed risky
    + coeff 4.4751 of binomial ('x3', 'x5') in constr e98 is deemed risky
    + coeff -1.95211 of binomial ('x3', 'x9') in constr e98 is deemed risky
    + coeff 9.32999 of binomial ('x10', 'x3') in constr e98 is deemed risky
    + coeff -4.4751 of binomial ('x11', 'x3') in constr e98 is deemed risky
    + coeff -2.10592 of binomial ('x5', 'x9') in constr e98 is deemed risky
    + coeff 3.40739 of binomial ('x10', 'x5') in constr e98 is deemed risky
    + coeff 4.0113 of binomial ('x9', 'x9') in constr e98 is deemed risky
    + coeff 2.10592 of binomial ('x11', 'x9') in constr e98 is deemed risky
    + coeff -3.40739 of binomial ('x15', 'x9') in constr e98 is deemed risky
    + coeff 3.40739 of binomial ('x17', 'x9') in constr e98 is deemed risky
    + coeff -9.32999 of binomial ('x4', 'x9') in constr e98 is deemed risky
    + coeff 4.0113 of binomial ('x10', 'x10') in constr e98 is deemed risky
    + coeff -3.40739 of binomial ('x10', 'x11') in constr e98 is deemed risky
    + coeff -2.10592 of binomial ('x10', 'x15') in constr e98 is deemed risky
    + coeff 2.10592 of binomial ('x10', 'x17') in constr e98 is deemed risky
    + coeff -1.95211 of binomial ('x10', 'x4') in constr e98 is deemed risky
    + coeff 4.4751 of binomial ('x15', 'x4') in constr e98 is deemed risky
    + coeff -4.4751 of binomial ('x17', 'x4') in constr e98 is deemed risky
    + coeff 5.66273 of binomial ('x4', 'x4') in constr e98 is deemed risky
 - attempting to read: e99
    + coeff 5.66273 of binomial ('x3', 'x3') in constr e99 is deemed risky
    + coeff 4.4751 of binomial ('x3', 'x5') in constr e99 is deemed risky
    + coeff 3.87602 of binomial ('x12', 'x3') in constr e99 is deemed risky
    + coeff -5.15987 of binomial ('x13', 'x3') in constr e99 is deemed risky
    + coeff -4.4751 of binomial ('x14', 'x3') in constr e99 is deemed risky
    + coeff 2.26963 of binomial ('x12', 'x5') in constr e99 is deemed risky
    + coeff -1.48442 of binomial ('x13', 'x5') in constr e99 is deemed risky
    + coeff 1.83868 of binomial ('x12', 'x12') in constr e99 is deemed risky
    + coeff -2.26963 of binomial ('x12', 'x14') in constr e99 is deemed risky
    + coeff 1.48442 of binomial ('x12', 'x15') in constr e99 is deemed risky
    + coeff -1.48442 of binomial ('x12', 'x18') in constr e99 is deemed risky
    + coeff 5.15987 of binomial ('x12', 'x4') in constr e99 is deemed risky
    + coeff 1.83868 of binomial ('x13', 'x13') in constr e99 is deemed risky
    + coeff 1.48442 of binomial ('x13', 'x14') in constr e99 is deemed risky
    + coeff 2.26963 of binomial ('x13', 'x15') in constr e99 is deemed risky
    + coeff -2.26963 of binomial ('x13', 'x18') in constr e99 is deemed risky
    + coeff 3.87602 of binomial ('x13', 'x4') in constr e99 is deemed risky
    + coeff 4.4751 of binomial ('x15', 'x4') in constr e99 is deemed risky
    + coeff -4.4751 of binomial ('x18', 'x4') in constr e99 is deemed risky
    + coeff 5.66273 of binomial ('x4', 'x4') in constr e99 is deemed risky
 - attempting to read: e100
    + coeff 5.66273 of binomial ('x3', 'x3') in constr e100 is deemed risky
    + coeff 4.4751 of binomial ('x3', 'x5') in constr e100 is deemed risky
    + coeff -17.8686 of binomial ('x3', 'x6') in constr e100 is deemed risky
    + coeff 2.07319 of binomial ('x3', 'x7') in constr e100 is deemed risky
    + coeff -4.4751 of binomial ('x3', 'x8') in constr e100 is deemed risky
    + coeff -7.35708 of binomial ('x5', 'x6') in constr e100 is deemed risky
    + coeff -1.73674 of binomial ('x5', 'x7') in constr e100 is deemed risky
    + coeff 14.2857 of binomial ('x6', 'x6') in constr e100 is deemed risky
    + coeff 7.35708 of binomial ('x6', 'x8') in constr e100 is deemed risky
    + coeff 1.73674 of binomial ('x15', 'x6') in constr e100 is deemed risky
    + coeff -1.73674 of binomial ('x16', 'x6') in constr e100 is deemed risky
    + coeff -2.07319 of binomial ('x4', 'x6') in constr e100 is deemed risky
    + coeff 14.2857 of binomial ('x7', 'x7') in constr e100 is deemed risky
    + coeff 1.73674 of binomial ('x7', 'x8') in constr e100 is deemed risky
    + coeff -7.35708 of binomial ('x15', 'x7') in constr e100 is deemed risky
    + coeff 7.35708 of binomial ('x16', 'x7') in constr e100 is deemed risky
    + coeff -17.8686 of binomial ('x4', 'x7') in constr e100 is deemed risky
    + coeff 4.4751 of binomial ('x15', 'x4') in constr e100 is deemed risky
    + coeff -4.4751 of binomial ('x16', 'x4') in constr e100 is deemed risky
    + coeff 5.66273 of binomial ('x4', 'x4') in constr e100 is deemed risky
 - attempting to read: e101
    + coeff 5.66273 of binomial ('x3', 'x3') in constr e101 is deemed risky
    + coeff 4.4751 of binomial ('x3', 'x5') in constr e101 is deemed risky
    + coeff 6.13422 of binomial ('x3', 'x9') in constr e101 is deemed risky
    + coeff -4.01155 of binomial ('x10', 'x3') in constr e101 is deemed risky
    + coeff -4.4751 of binomial ('x11', 'x3') in constr e101 is deemed risky
    + coeff 2.99767 of binomial ('x5', 'x9') in constr e101 is deemed risky
    + coeff -0.70767 of binomial ('x10', 'x5') in constr e101 is deemed risky
    + coeff 2.3717 of binomial ('x9', 'x9') in constr e101 is deemed risky
    + coeff -2.99767 of binomial ('x11', 'x9') in constr e101 is deemed risky
    + coeff 0.70767 of binomial ('x15', 'x9') in constr e101 is deemed risky
    + coeff -0.70767 of binomial ('x17', 'x9') in constr e101 is deemed risky
    + coeff 4.01155 of binomial ('x4', 'x9') in constr e101 is deemed risky
    + coeff 2.3717 of binomial ('x10', 'x10') in constr e101 is deemed risky
    + coeff 0.70767 of binomial ('x10', 'x11') in constr e101 is deemed risky
    + coeff 2.99767 of binomial ('x10', 'x15') in constr e101 is deemed risky
    + coeff -2.99767 of binomial ('x10', 'x17') in constr e101 is deemed risky
    + coeff 6.13422 of binomial ('x10', 'x4') in constr e101 is deemed risky
    + coeff 4.4751 of binomial ('x15', 'x4') in constr e101 is deemed risky
    + coeff -4.4751 of binomial ('x17', 'x4') in constr e101 is deemed risky
    + coeff 5.66273 of binomial ('x4', 'x4') in constr e101 is deemed risky
 - attempting to read: e102
    + coeff 5.66273 of binomial ('x3', 'x3') in constr e102 is deemed risky
    + coeff 4.4751 of binomial ('x3', 'x5') in constr e102 is deemed risky
    + coeff -11.5252 of binomial ('x12', 'x3') in constr e102 is deemed risky
    + coeff 0.294862 of binomial ('x13', 'x3') in constr e102 is deemed risky
    + coeff -4.4751 of binomial ('x14', 'x3') in constr e102 is deemed risky
    + coeff -4.5962 of binomial ('x12', 'x5') in constr e102 is deemed risky
    + coeff -1.53206 of binomial ('x13', 'x5') in constr e102 is deemed risky
    + coeff 5.86805 of binomial ('x12', 'x12') in constr e102 is deemed risky
    + coeff 4.5962 of binomial ('x12', 'x14') in constr e102 is deemed risky
    + coeff 1.53206 of binomial ('x12', 'x15') in constr e102 is deemed risky
    + coeff -1.53206 of binomial ('x12', 'x18') in constr e102 is deemed risky
    + coeff -0.294862 of binomial ('x12', 'x4') in constr e102 is deemed risky
    + coeff 5.86805 of binomial ('x13', 'x13') in constr e102 is deemed risky
    + coeff 1.53206 of binomial ('x13', 'x14') in constr e102 is deemed risky
    + coeff -4.5962 of binomial ('x13', 'x15') in constr e102 is deemed risky
    + coeff 4.5962 of binomial ('x13', 'x18') in constr e102 is deemed risky
    + coeff -11.5252 of binomial ('x13', 'x4') in constr e102 is deemed risky
    + coeff 4.4751 of binomial ('x15', 'x4') in constr e102 is deemed risky
    + coeff -4.4751 of binomial ('x18', 'x4') in constr e102 is deemed risky
    + coeff 5.66273 of binomial ('x4', 'x4') in constr e102 is deemed risky
 - attempting to read: e103
    + coeff 5.66273 of binomial ('x3', 'x3') in constr e103 is deemed risky
    + coeff 4.4751 of binomial ('x3', 'x5') in constr e103 is deemed risky
    + coeff -22.1789 of binomial ('x3', 'x6') in constr e103 is deemed risky
    + coeff 2.57335 of binomial ('x3', 'x7') in constr e103 is deemed risky
    + coeff -4.4751 of binomial ('x3', 'x8') in constr e103 is deemed risky
    + coeff -9.13177 of binomial ('x5', 'x6') in constr e103 is deemed risky
    + coeff -2.15565 of binomial ('x5', 'x7') in constr e103 is deemed risky
    + coeff 22.009 of binomial ('x6', 'x6') in constr e103 is deemed risky
    + coeff 9.13177 of binomial ('x6', 'x8') in constr e103 is deemed risky
    + coeff 2.15565 of binomial ('x15', 'x6') in constr e103 is deemed risky
    + coeff -2.15565 of binomial ('x16', 'x6') in constr e103 is deemed risky
    + coeff -2.57335 of binomial ('x4', 'x6') in constr e103 is deemed risky
    + coeff 22.009 of binomial ('x7', 'x7') in constr e103 is deemed risky
    + coeff 2.15565 of binomial ('x7', 'x8') in constr e103 is deemed risky
    + coeff -9.13177 of binomial ('x15', 'x7') in constr e103 is deemed risky
    + coeff 9.13177 of binomial ('x16', 'x7') in constr e103 is deemed risky
    + coeff -22.1789 of binomial ('x4', 'x7') in constr e103 is deemed risky
    + coeff 4.4751 of binomial ('x15', 'x4') in constr e103 is deemed risky
    + coeff -4.4751 of binomial ('x16', 'x4') in constr e103 is deemed risky
    + coeff 5.66273 of binomial ('x4', 'x4') in constr e103 is deemed risky
 - attempting to read: e104
    + coeff 5.66273 of binomial ('x3', 'x3') in constr e104 is deemed risky
    + coeff 4.4751 of binomial ('x3', 'x5') in constr e104 is deemed risky
    + coeff -7.71471 of binomial ('x3', 'x9') in constr e104 is deemed risky
    + coeff -3.61389 of binomial ('x10', 'x3') in constr e104 is deemed risky
    + coeff -4.4751 of binomial ('x11', 'x3') in constr e104 is deemed risky
    + coeff -2.53143 of binomial ('x5', 'x9') in constr e104 is deemed risky
    + coeff -2.53149 of binomial ('x10', 'x5') in constr e104 is deemed risky
    + coeff 3.20415 of binomial ('x9', 'x9') in constr e104 is deemed risky
    + coeff 2.53143 of binomial ('x11', 'x9') in constr e104 is deemed risky
    + coeff 2.53149 of binomial ('x15', 'x9') in constr e104 is deemed risky
    + coeff -2.53149 of binomial ('x17', 'x9') in constr e104 is deemed risky
    + coeff 3.61389 of binomial ('x4', 'x9') in constr e104 is deemed risky
    + coeff 3.20415 of binomial ('x10', 'x10') in constr e104 is deemed risky
    + coeff 2.53149 of binomial ('x10', 'x11') in constr e104 is deemed risky
    + coeff -2.53143 of binomial ('x10', 'x15') in constr e104 is deemed risky
    + coeff 2.53143 of binomial ('x10', 'x17') in constr e104 is deemed risky
    + coeff -7.71471 of binomial ('x10', 'x4') in constr e104 is deemed risky
    + coeff 4.4751 of binomial ('x15', 'x4') in constr e104 is deemed risky
    + coeff -4.4751 of binomial ('x17', 'x4') in constr e104 is deemed risky
    + coeff 5.66273 of binomial ('x4', 'x4') in constr e104 is deemed risky
 - attempting to read: e105
    + coeff 5.66273 of binomial ('x3', 'x3') in constr e105 is deemed risky
    + coeff 4.4751 of binomial ('x3', 'x5') in constr e105 is deemed risky
    + coeff 3.50295 of binomial ('x12', 'x3') in constr e105 is deemed risky
    + coeff 5.06836 of binomial ('x13', 'x3') in constr e105 is deemed risky
    + coeff -4.4751 of binomial ('x14', 'x3') in constr e105 is deemed risky
    + coeff 0.659161 of binomial ('x12', 'x5') in constr e105 is deemed risky
    + coeff 2.50376 of binomial ('x13', 'x5') in constr e105 is deemed risky
    + coeff 1.67582 of binomial ('x12', 'x12') in constr e105 is deemed risky
    + coeff -0.659161 of binomial ('x12', 'x14') in constr e105 is deemed risky
    + coeff -2.50376 of binomial ('x12', 'x15') in constr e105 is deemed risky
    + coeff 2.50376 of binomial ('x12', 'x18') in constr e105 is deemed risky
    + coeff -5.06836 of binomial ('x12', 'x4') in constr e105 is deemed risky
    + coeff 1.67582 of binomial ('x13', 'x13') in constr e105 is deemed risky
    + coeff -2.50376 of binomial ('x13', 'x14') in constr e105 is deemed risky
    + coeff 0.659161 of binomial ('x13', 'x15') in constr e105 is deemed risky
    + coeff -0.659161 of binomial ('x13', 'x18') in constr e105 is deemed risky
    + coeff 3.50295 of binomial ('x13', 'x4') in constr e105 is deemed risky
    + coeff 4.4751 of binomial ('x15', 'x4') in constr e105 is deemed risky
    + coeff -4.4751 of binomial ('x18', 'x4') in constr e105 is deemed risky
    + coeff 5.66273 of binomial ('x4', 'x4') in constr e105 is deemed risky
 - attempting to read: e106
    + coeff 5.40085 of binomial ('x6', 'x6') in constr e106 is deemed risky
    + coeff 4.52362 of binomial ('x6', 'x8') in constr e106 is deemed risky
    + coeff -4.52362 of binomial ('x11', 'x6') in constr e106 is deemed risky
    + coeff -1.06783 of binomial ('x16', 'x6') in constr e106 is deemed risky
    + coeff 1.06783 of binomial ('x17', 'x6') in constr e106 is deemed risky
    + coeff 1.06783 of binomial ('x7', 'x8') in constr e106 is deemed risky
    + coeff -1.06783 of binomial ('x11', 'x7') in constr e106 is deemed risky
    + coeff 4.52362 of binomial ('x16', 'x7') in constr e106 is deemed risky
    + coeff -4.52362 of binomial ('x17', 'x7') in constr e106 is deemed risky
    + coeff 5.40085 of binomial ('x7', 'x7') in constr e106 is deemed risky
 - attempting to read: e107
    + coeff 5.40085 of binomial ('x6', 'x6') in constr e107 is deemed risky
    + coeff 4.52362 of binomial ('x6', 'x8') in constr e107 is deemed risky
    + coeff -4.52362 of binomial ('x14', 'x6') in constr e107 is deemed risky
    + coeff -1.06783 of binomial ('x16', 'x6') in constr e107 is deemed risky
    + coeff 1.06783 of binomial ('x18', 'x6') in constr e107 is deemed risky
    + coeff 1.06783 of binomial ('x7', 'x8') in constr e107 is deemed risky
    + coeff -1.06783 of binomial ('x14', 'x7') in constr e107 is deemed risky
    + coeff 4.52362 of binomial ('x16', 'x7') in constr e107 is deemed risky
    + coeff -4.52362 of binomial ('x18', 'x7') in constr e107 is deemed risky
    + coeff 5.40085 of binomial ('x7', 'x7') in constr e107 is deemed risky
 - attempting to read: e108
    + coeff 5.40085 of binomial ('x6', 'x6') in constr e108 is deemed risky
    + coeff 4.52362 of binomial ('x6', 'x8') in constr e108 is deemed risky
    + coeff 9.14355 of binomial ('x6', 'x9') in constr e108 is deemed risky
    + coeff -5.68769 of binomial ('x10', 'x6') in constr e108 is deemed risky
    + coeff -4.52362 of binomial ('x11', 'x6') in constr e108 is deemed risky
    + coeff -1.06783 of binomial ('x16', 'x6') in constr e108 is deemed risky
    + coeff 1.06783 of binomial ('x17', 'x6') in constr e108 is deemed risky
    + coeff 4.39148 of binomial ('x8', 'x9') in constr e108 is deemed risky
    + coeff -1.47803 of binomial ('x10', 'x8') in constr e108 is deemed risky
    + coeff 1.06783 of binomial ('x7', 'x8') in constr e108 is deemed risky
    + coeff 5.36741 of binomial ('x9', 'x9') in constr e108 is deemed risky
    + coeff -4.39148 of binomial ('x11', 'x9') in constr e108 is deemed risky
    + coeff 1.47803 of binomial ('x16', 'x9') in constr e108 is deemed risky
    + coeff -1.47803 of binomial ('x17', 'x9') in constr e108 is deemed risky
    + coeff 5.68769 of binomial ('x7', 'x9') in constr e108 is deemed risky
    + coeff 5.36741 of binomial ('x10', 'x10') in constr e108 is deemed risky
    + coeff 1.47803 of binomial ('x10', 'x11') in constr e108 is deemed risky
    + coeff 4.39148 of binomial ('x10', 'x16') in constr e108 is deemed risky
    + coeff -4.39148 of binomial ('x10', 'x17') in constr e108 is deemed risky
    + coeff 9.14355 of binomial ('x10', 'x7') in constr e108 is deemed risky
    + coeff -1.06783 of binomial ('x11', 'x7') in constr e108 is deemed risky
    + coeff 4.52362 of binomial ('x16', 'x7') in constr e108 is deemed risky
    + coeff -4.52362 of binomial ('x17', 'x7') in constr e108 is deemed risky
    + coeff 5.40085 of binomial ('x7', 'x7') in constr e108 is deemed risky
 - attempting to read: e109
    + coeff 5.40085 of binomial ('x6', 'x6') in constr e109 is deemed risky
    + coeff 4.52362 of binomial ('x6', 'x8') in constr e109 is deemed risky
    + coeff -7.38015 of binomial ('x12', 'x6') in constr e109 is deemed risky
    + coeff -0.665479 of binomial ('x13', 'x6') in constr e109 is deemed risky
    + coeff -4.52362 of binomial ('x14', 'x6') in constr e109 is deemed risky
    + coeff -1.06783 of binomial ('x16', 'x6') in constr e109 is deemed risky
    + coeff 1.06783 of binomial ('x18', 'x6') in constr e109 is deemed risky
    + coeff -3.02493 of binomial ('x12', 'x8') in constr e109 is deemed risky
    + coeff -1.00828 of binomial ('x13', 'x8') in constr e109 is deemed risky
    + coeff 1.06783 of binomial ('x7', 'x8') in constr e109 is deemed risky
    + coeff 2.54171 of binomial ('x12', 'x12') in constr e109 is deemed risky
    + coeff 3.02493 of binomial ('x12', 'x14') in constr e109 is deemed risky
    + coeff 1.00828 of binomial ('x12', 'x16') in constr e109 is deemed risky
    + coeff -1.00828 of binomial ('x12', 'x18') in constr e109 is deemed risky
    + coeff 0.665479 of binomial ('x12', 'x7') in constr e109 is deemed risky
    + coeff 2.54171 of binomial ('x13', 'x13') in constr e109 is deemed risky
    + coeff 1.00828 of binomial ('x13', 'x14') in constr e109 is deemed risky
    + coeff -3.02493 of binomial ('x13', 'x16') in constr e109 is deemed risky
    + coeff 3.02493 of binomial ('x13', 'x18') in constr e109 is deemed risky
    + coeff -7.38015 of binomial ('x13', 'x7') in constr e109 is deemed risky
    + coeff -1.06783 of binomial ('x14', 'x7') in constr e109 is deemed risky
    + coeff 4.52362 of binomial ('x16', 'x7') in constr e109 is deemed risky
    + coeff -4.52362 of binomial ('x18', 'x7') in constr e109 is deemed risky
    + coeff 5.40085 of binomial ('x7', 'x7') in constr e109 is deemed risky
 - attempting to read: e110
    + coeff 5.40085 of binomial ('x6', 'x6') in constr e110 is deemed risky
    + coeff 4.52362 of binomial ('x6', 'x8') in constr e110 is deemed risky
    + coeff -2.94393 of binomial ('x6', 'x9') in constr e110 is deemed risky
    + coeff 8.83125 of binomial ('x10', 'x6') in constr e110 is deemed risky
    + coeff -4.52362 of binomial ('x11', 'x6') in constr e110 is deemed risky
    + coeff -1.06783 of binomial ('x16', 'x6') in constr e110 is deemed risky
    + coeff 1.06783 of binomial ('x17', 'x6') in constr e110 is deemed risky
    + coeff -2.10592 of binomial ('x8', 'x9') in constr e110 is deemed risky
    + coeff 3.40739 of binomial ('x10', 'x8') in constr e110 is deemed risky
    + coeff 1.06783 of binomial ('x7', 'x8') in constr e110 is deemed risky
    + coeff 4.0113 of binomial ('x9', 'x9') in constr e110 is deemed risky
    + coeff 2.10592 of binomial ('x11', 'x9') in constr e110 is deemed risky
    + coeff -3.40739 of binomial ('x16', 'x9') in constr e110 is deemed risky
    + coeff 3.40739 of binomial ('x17', 'x9') in constr e110 is deemed risky
    + coeff -8.83125 of binomial ('x7', 'x9') in constr e110 is deemed risky
    + coeff 4.0113 of binomial ('x10', 'x10') in constr e110 is deemed risky
    + coeff -3.40739 of binomial ('x10', 'x11') in constr e110 is deemed risky
    + coeff -2.10592 of binomial ('x10', 'x16') in constr e110 is deemed risky
    + coeff 2.10592 of binomial ('x10', 'x17') in constr e110 is deemed risky
    + coeff -2.94393 of binomial ('x10', 'x7') in constr e110 is deemed risky
    + coeff -1.06783 of binomial ('x11', 'x7') in constr e110 is deemed risky
    + coeff 4.52362 of binomial ('x16', 'x7') in constr e110 is deemed risky
    + coeff -4.52362 of binomial ('x17', 'x7') in constr e110 is deemed risky
    + coeff 5.40085 of binomial ('x7', 'x7') in constr e110 is deemed risky
 - attempting to read: e111
    + coeff 5.40085 of binomial ('x6', 'x6') in constr e111 is deemed risky
    + coeff 4.52362 of binomial ('x6', 'x8') in constr e111 is deemed risky
    + coeff 4.34091 of binomial ('x12', 'x6') in constr e111 is deemed risky
    + coeff -4.56927 of binomial ('x13', 'x6') in constr e111 is deemed risky
    + coeff -4.52362 of binomial ('x14', 'x6') in constr e111 is deemed risky
    + coeff -1.06783 of binomial ('x16', 'x6') in constr e111 is deemed risky
    + coeff 1.06783 of binomial ('x18', 'x6') in constr e111 is deemed risky
    + coeff 2.26963 of binomial ('x12', 'x8') in constr e111 is deemed risky
    + coeff -1.48442 of binomial ('x13', 'x8') in constr e111 is deemed risky
    + coeff 1.06783 of binomial ('x7', 'x8') in constr e111 is deemed risky
    + coeff 1.83868 of binomial ('x12', 'x12') in constr e111 is deemed risky
    + coeff -2.26963 of binomial ('x12', 'x14') in constr e111 is deemed risky
    + coeff 1.48442 of binomial ('x12', 'x16') in constr e111 is deemed risky
    + coeff -1.48442 of binomial ('x12', 'x18') in constr e111 is deemed risky
    + coeff 4.56927 of binomial ('x12', 'x7') in constr e111 is deemed risky
    + coeff 1.83868 of binomial ('x13', 'x13') in constr e111 is deemed risky
    + coeff 1.48442 of binomial ('x13', 'x14') in constr e111 is deemed risky
    + coeff 2.26963 of binomial ('x13', 'x16') in constr e111 is deemed risky
    + coeff -2.26963 of binomial ('x13', 'x18') in constr e111 is deemed risky
    + coeff 4.34091 of binomial ('x13', 'x7') in constr e111 is deemed risky
    + coeff -1.06783 of binomial ('x14', 'x7') in constr e111 is deemed risky
    + coeff 4.52362 of binomial ('x16', 'x7') in constr e111 is deemed risky
    + coeff -4.52362 of binomial ('x18', 'x7') in constr e111 is deemed risky
    + coeff 5.40085 of binomial ('x7', 'x7') in constr e111 is deemed risky
 - attempting to read: e112
    + coeff 5.40085 of binomial ('x6', 'x6') in constr e112 is deemed risky
    + coeff 4.52362 of binomial ('x6', 'x8') in constr e112 is deemed risky
    + coeff 6.40232 of binomial ('x6', 'x9') in constr e112 is deemed risky
    + coeff -3.20111 of binomial ('x10', 'x6') in constr e112 is deemed risky
    + coeff -4.52362 of binomial ('x11', 'x6') in constr e112 is deemed risky
    + coeff -1.06783 of binomial ('x16', 'x6') in constr e112 is deemed risky
    + coeff 1.06783 of binomial ('x17', 'x6') in constr e112 is deemed risky
    + coeff 2.99767 of binomial ('x8', 'x9') in constr e112 is deemed risky
    + coeff -0.70767 of binomial ('x10', 'x8') in constr e112 is deemed risky
    + coeff 1.06783 of binomial ('x7', 'x8') in constr e112 is deemed risky
    + coeff 2.3717 of binomial ('x9', 'x9') in constr e112 is deemed risky
    + coeff -2.99767 of binomial ('x11', 'x9') in constr e112 is deemed risky
    + coeff 0.70767 of binomial ('x16', 'x9') in constr e112 is deemed risky
    + coeff -0.70767 of binomial ('x17', 'x9') in constr e112 is deemed risky
    + coeff 3.20111 of binomial ('x7', 'x9') in constr e112 is deemed risky
    + coeff 2.3717 of binomial ('x10', 'x10') in constr e112 is deemed risky
    + coeff 0.70767 of binomial ('x10', 'x11') in constr e112 is deemed risky
    + coeff 2.99767 of binomial ('x10', 'x16') in constr e112 is deemed risky
    + coeff -2.99767 of binomial ('x10', 'x17') in constr e112 is deemed risky
    + coeff 6.40232 of binomial ('x10', 'x7') in constr e112 is deemed risky
    + coeff -1.06783 of binomial ('x11', 'x7') in constr e112 is deemed risky
    + coeff 4.52362 of binomial ('x16', 'x7') in constr e112 is deemed risky
    + coeff -4.52362 of binomial ('x17', 'x7') in constr e112 is deemed risky
    + coeff 5.40085 of binomial ('x7', 'x7') in constr e112 is deemed risky
 - attempting to read: e113
    + coeff 5.40085 of binomial ('x6', 'x6') in constr e113 is deemed risky
    + coeff 4.52362 of binomial ('x6', 'x8') in constr e113 is deemed risky
    + coeff -11.2137 of binomial ('x12', 'x6') in constr e113 is deemed risky
    + coeff -1.01124 of binomial ('x13', 'x6') in constr e113 is deemed risky
    + coeff -4.52362 of binomial ('x14', 'x6') in constr e113 is deemed risky
    + coeff -1.06783 of binomial ('x16', 'x6') in constr e113 is deemed risky
    + coeff 1.06783 of binomial ('x18', 'x6') in constr e113 is deemed risky
    + coeff -4.5962 of binomial ('x12', 'x8') in constr e113 is deemed risky
    + coeff -1.53206 of binomial ('x13', 'x8') in constr e113 is deemed risky
    + coeff 1.06783 of binomial ('x7', 'x8') in constr e113 is deemed risky
    + coeff 5.86805 of binomial ('x12', 'x12') in constr e113 is deemed risky
    + coeff 4.5962 of binomial ('x12', 'x14') in constr e113 is deemed risky
    + coeff 1.53206 of binomial ('x12', 'x16') in constr e113 is deemed risky
    + coeff -1.53206 of binomial ('x12', 'x18') in constr e113 is deemed risky
    + coeff 1.01124 of binomial ('x12', 'x7') in constr e113 is deemed risky
    + coeff 5.86805 of binomial ('x13', 'x13') in constr e113 is deemed risky
    + coeff 1.53206 of binomial ('x13', 'x14') in constr e113 is deemed risky
    + coeff -4.5962 of binomial ('x13', 'x16') in constr e113 is deemed risky
    + coeff 4.5962 of binomial ('x13', 'x18') in constr e113 is deemed risky
    + coeff -11.2137 of binomial ('x13', 'x7') in constr e113 is deemed risky
    + coeff -1.06783 of binomial ('x14', 'x7') in constr e113 is deemed risky
    + coeff 4.52362 of binomial ('x16', 'x7') in constr e113 is deemed risky
    + coeff -4.52362 of binomial ('x18', 'x7') in constr e113 is deemed risky
    + coeff 5.40085 of binomial ('x7', 'x7') in constr e113 is deemed risky
 - attempting to read: e114
    + coeff 5.40085 of binomial ('x6', 'x6') in constr e114 is deemed risky
    + coeff 4.52362 of binomial ('x6', 'x8') in constr e114 is deemed risky
    + coeff -7.07722 of binomial ('x6', 'x9') in constr e114 is deemed risky
    + coeff -4.37419 of binomial ('x10', 'x6') in constr e114 is deemed risky
    + coeff -4.52362 of binomial ('x11', 'x6') in constr e114 is deemed risky
    + coeff -1.06783 of binomial ('x16', 'x6') in constr e114 is deemed risky
    + coeff 1.06783 of binomial ('x17', 'x6') in constr e114 is deemed risky
    + coeff -2.53143 of binomial ('x8', 'x9') in constr e114 is deemed risky
    + coeff -2.53149 of binomial ('x10', 'x8') in constr e114 is deemed risky
    + coeff 1.06783 of binomial ('x7', 'x8') in constr e114 is deemed risky
    + coeff 3.20415 of binomial ('x9', 'x9') in constr e114 is deemed risky
    + coeff 2.53143 of binomial ('x11', 'x9') in constr e114 is deemed risky
    + coeff 2.53149 of binomial ('x16', 'x9') in constr e114 is deemed risky
    + coeff -2.53149 of binomial ('x17', 'x9') in constr e114 is deemed risky
    + coeff 4.37419 of binomial ('x7', 'x9') in constr e114 is deemed risky
    + coeff 3.20415 of binomial ('x10', 'x10') in constr e114 is deemed risky
    + coeff 2.53149 of binomial ('x10', 'x11') in constr e114 is deemed risky
    + coeff -2.53143 of binomial ('x10', 'x16') in constr e114 is deemed risky
    + coeff 2.53143 of binomial ('x10', 'x17') in constr e114 is deemed risky
    + coeff -7.07722 of binomial ('x10', 'x7') in constr e114 is deemed risky
    + coeff -1.06783 of binomial ('x11', 'x7') in constr e114 is deemed risky
    + coeff 4.52362 of binomial ('x16', 'x7') in constr e114 is deemed risky
    + coeff -4.52362 of binomial ('x17', 'x7') in constr e114 is deemed risky
    + coeff 5.40085 of binomial ('x7', 'x7') in constr e114 is deemed risky
 - attempting to read: e115
    + coeff 5.40085 of binomial ('x6', 'x6') in constr e115 is deemed risky
    + coeff 4.52362 of binomial ('x6', 'x8') in constr e115 is deemed risky
    + coeff 2.82769 of binomial ('x12', 'x6') in constr e115 is deemed risky
    + coeff 5.31109 of binomial ('x13', 'x6') in constr e115 is deemed risky
    + coeff -4.52362 of binomial ('x14', 'x6') in constr e115 is deemed risky
    + coeff -1.06783 of binomial ('x16', 'x6') in constr e115 is deemed risky
    + coeff 1.06783 of binomial ('x18', 'x6') in constr e115 is deemed risky
    + coeff 0.659161 of binomial ('x12', 'x8') in constr e115 is deemed risky
    + coeff 2.50376 of binomial ('x13', 'x8') in constr e115 is deemed risky
    + coeff 1.06783 of binomial ('x7', 'x8') in constr e115 is deemed risky
    + coeff 1.67582 of binomial ('x12', 'x12') in constr e115 is deemed risky
    + coeff -0.659161 of binomial ('x12', 'x14') in constr e115 is deemed risky
    + coeff -2.50376 of binomial ('x12', 'x16') in constr e115 is deemed risky
    + coeff 2.50376 of binomial ('x12', 'x18') in constr e115 is deemed risky
    + coeff -5.31109 of binomial ('x12', 'x7') in constr e115 is deemed risky
    + coeff 1.67582 of binomial ('x13', 'x13') in constr e115 is deemed risky
    + coeff -2.50376 of binomial ('x13', 'x14') in constr e115 is deemed risky
    + coeff 0.659161 of binomial ('x13', 'x16') in constr e115 is deemed risky
    + coeff -0.659161 of binomial ('x13', 'x18') in constr e115 is deemed risky
    + coeff 2.82769 of binomial ('x13', 'x7') in constr e115 is deemed risky
    + coeff -1.06783 of binomial ('x14', 'x7') in constr e115 is deemed risky
    + coeff 4.52362 of binomial ('x16', 'x7') in constr e115 is deemed risky
    + coeff -4.52362 of binomial ('x18', 'x7') in constr e115 is deemed risky
    + coeff 5.40085 of binomial ('x7', 'x7') in constr e115 is deemed risky
 - attempting to read: e116
    + coeff 5.36741 of binomial ('x9', 'x9') in constr e116 is deemed risky
    + coeff -4.39148 of binomial ('x11', 'x9') in constr e116 is deemed risky
    + coeff 4.39148 of binomial ('x14', 'x9') in constr e116 is deemed risky
    + coeff -1.47803 of binomial ('x17', 'x9') in constr e116 is deemed risky
    + coeff 1.47803 of binomial ('x18', 'x9') in constr e116 is deemed risky
    + coeff 1.47803 of binomial ('x10', 'x11') in constr e116 is deemed risky
    + coeff -1.47803 of binomial ('x10', 'x14') in constr e116 is deemed risky
    + coeff -4.39148 of binomial ('x10', 'x17') in constr e116 is deemed risky
    + coeff 4.39148 of binomial ('x10', 'x18') in constr e116 is deemed risky
    + coeff 5.36741 of binomial ('x10', 'x10') in constr e116 is deemed risky
 - attempting to read: e117
    + coeff 5.36741 of binomial ('x9', 'x9') in constr e117 is deemed risky
    + coeff -4.39148 of binomial ('x11', 'x9') in constr e117 is deemed risky
    + coeff 5.89683 of binomial ('x12', 'x9') in constr e117 is deemed risky
    + coeff 4.44938 of binomial ('x13', 'x9') in constr e117 is deemed risky
    + coeff 4.39148 of binomial ('x14', 'x9') in constr e117 is deemed risky
    + coeff -1.47803 of binomial ('x17', 'x9') in constr e117 is deemed risky
    + coeff 1.47803 of binomial ('x18', 'x9') in constr e117 is deemed risky
    + coeff -3.02493 of binomial ('x11', 'x12') in constr e117 is deemed risky
    + coeff -1.00828 of binomial ('x11', 'x13') in constr e117 is deemed risky
    + coeff 1.47803 of binomial ('x10', 'x11') in constr e117 is deemed risky
    + coeff 2.54171 of binomial ('x12', 'x12') in constr e117 is deemed risky
    + coeff 3.02493 of binomial ('x12', 'x14') in constr e117 is deemed risky
    + coeff 1.00828 of binomial ('x12', 'x17') in constr e117 is deemed risky
    + coeff -1.00828 of binomial ('x12', 'x18') in constr e117 is deemed risky
    + coeff -4.44938 of binomial ('x10', 'x12') in constr e117 is deemed risky
    + coeff 2.54171 of binomial ('x13', 'x13') in constr e117 is deemed risky
    + coeff 1.00828 of binomial ('x13', 'x14') in constr e117 is deemed risky
    + coeff -3.02493 of binomial ('x13', 'x17') in constr e117 is deemed risky
    + coeff 3.02493 of binomial ('x13', 'x18') in constr e117 is deemed risky
    + coeff 5.89683 of binomial ('x10', 'x13') in constr e117 is deemed risky
    + coeff -1.47803 of binomial ('x10', 'x14') in constr e117 is deemed risky
    + coeff -4.39148 of binomial ('x10', 'x17') in constr e117 is deemed risky
    + coeff 4.39148 of binomial ('x10', 'x18') in constr e117 is deemed risky
    + coeff 5.36741 of binomial ('x10', 'x10') in constr e117 is deemed risky
 - attempting to read: e118
    + coeff 5.36741 of binomial ('x9', 'x9') in constr e118 is deemed risky
    + coeff -4.39148 of binomial ('x11', 'x9') in constr e118 is deemed risky
    + coeff -6.08052 of binomial ('x12', 'x9') in constr e118 is deemed risky
    + coeff 1.58212 of binomial ('x13', 'x9') in constr e118 is deemed risky
    + coeff 4.39148 of binomial ('x14', 'x9') in constr e118 is deemed risky
    + coeff -1.47803 of binomial ('x17', 'x9') in constr e118 is deemed risky
    + coeff 1.47803 of binomial ('x18', 'x9') in constr e118 is deemed risky
    + coeff 2.26963 of binomial ('x11', 'x12') in constr e118 is deemed risky
    + coeff -1.48442 of binomial ('x11', 'x13') in constr e118 is deemed risky
    + coeff 1.47803 of binomial ('x10', 'x11') in constr e118 is deemed risky
    + coeff 1.83868 of binomial ('x12', 'x12') in constr e118 is deemed risky
    + coeff -2.26963 of binomial ('x12', 'x14') in constr e118 is deemed risky
    + coeff 1.48442 of binomial ('x12', 'x17') in constr e118 is deemed risky
    + coeff -1.48442 of binomial ('x12', 'x18') in constr e118 is deemed risky
    + coeff -1.58212 of binomial ('x10', 'x12') in constr e118 is deemed risky
    + coeff 1.83868 of binomial ('x13', 'x13') in constr e118 is deemed risky
    + coeff 1.48442 of binomial ('x13', 'x14') in constr e118 is deemed risky
    + coeff 2.26963 of binomial ('x13', 'x17') in constr e118 is deemed risky
    + coeff -2.26963 of binomial ('x13', 'x18') in constr e118 is deemed risky
    + coeff -6.08052 of binomial ('x10', 'x13') in constr e118 is deemed risky
    + coeff -1.47803 of binomial ('x10', 'x14') in constr e118 is deemed risky
    + coeff -4.39148 of binomial ('x10', 'x17') in constr e118 is deemed risky
    + coeff 4.39148 of binomial ('x10', 'x18') in constr e118 is deemed risky
    + coeff 5.36741 of binomial ('x10', 'x10') in constr e118 is deemed risky
 - attempting to read: e119
    + coeff 5.36741 of binomial ('x9', 'x9') in constr e119 is deemed risky
    + coeff -4.39148 of binomial ('x11', 'x9') in constr e119 is deemed risky
    + coeff 8.95984 of binomial ('x12', 'x9') in constr e119 is deemed risky
    + coeff 6.76065 of binomial ('x13', 'x9') in constr e119 is deemed risky
    + coeff 4.39148 of binomial ('x14', 'x9') in constr e119 is deemed risky
    + coeff -1.47803 of binomial ('x17', 'x9') in constr e119 is deemed risky
    + coeff 1.47803 of binomial ('x18', 'x9') in constr e119 is deemed risky
    + coeff -4.5962 of binomial ('x11', 'x12') in constr e119 is deemed risky
    + coeff -1.53206 of binomial ('x11', 'x13') in constr e119 is deemed risky
    + coeff 1.47803 of binomial ('x10', 'x11') in constr e119 is deemed risky
    + coeff 5.86805 of binomial ('x12', 'x12') in constr e119 is deemed risky
    + coeff 4.5962 of binomial ('x12', 'x14') in constr e119 is deemed risky
    + coeff 1.53206 of binomial ('x12', 'x17') in constr e119 is deemed risky
    + coeff -1.53206 of binomial ('x12', 'x18') in constr e119 is deemed risky
    + coeff -6.76065 of binomial ('x10', 'x12') in constr e119 is deemed risky
    + coeff 5.86805 of binomial ('x13', 'x13') in constr e119 is deemed risky
    + coeff 1.53206 of binomial ('x13', 'x14') in constr e119 is deemed risky
    + coeff -4.5962 of binomial ('x13', 'x17') in constr e119 is deemed risky
    + coeff 4.5962 of binomial ('x13', 'x18') in constr e119 is deemed risky
    + coeff 8.95984 of binomial ('x10', 'x13') in constr e119 is deemed risky
    + coeff -1.47803 of binomial ('x10', 'x14') in constr e119 is deemed risky
    + coeff -4.39148 of binomial ('x10', 'x17') in constr e119 is deemed risky
    + coeff 4.39148 of binomial ('x10', 'x18') in constr e119 is deemed risky
    + coeff 5.36741 of binomial ('x10', 'x10') in constr e119 is deemed risky
 - attempting to read: e120
    + coeff 5.36741 of binomial ('x9', 'x9') in constr e120 is deemed risky
    + coeff -4.39148 of binomial ('x11', 'x9') in constr e120 is deemed risky
    + coeff 0.402965 of binomial ('x12', 'x9') in constr e120 is deemed risky
    + coeff -5.98473 of binomial ('x13', 'x9') in constr e120 is deemed risky
    + coeff 4.39148 of binomial ('x14', 'x9') in constr e120 is deemed risky
    + coeff -1.47803 of binomial ('x17', 'x9') in constr e120 is deemed risky
    + coeff 1.47803 of binomial ('x18', 'x9') in constr e120 is deemed risky
    + coeff 0.659161 of binomial ('x11', 'x12') in constr e120 is deemed risky
    + coeff 2.50376 of binomial ('x11', 'x13') in constr e120 is deemed risky
    + coeff 1.47803 of binomial ('x10', 'x11') in constr e120 is deemed risky
    + coeff 1.67582 of binomial ('x12', 'x12') in constr e120 is deemed risky
    + coeff -0.659161 of binomial ('x12', 'x14') in constr e120 is deemed risky
    + coeff -2.50376 of binomial ('x12', 'x17') in constr e120 is deemed risky
    + coeff 2.50376 of binomial ('x12', 'x18') in constr e120 is deemed risky
    + coeff 5.98473 of binomial ('x10', 'x12') in constr e120 is deemed risky
    + coeff 1.67582 of binomial ('x13', 'x13') in constr e120 is deemed risky
    + coeff -2.50376 of binomial ('x13', 'x14') in constr e120 is deemed risky
    + coeff 0.659161 of binomial ('x13', 'x17') in constr e120 is deemed risky
    + coeff -0.659161 of binomial ('x13', 'x18') in constr e120 is deemed risky
    + coeff 0.402965 of binomial ('x10', 'x13') in constr e120 is deemed risky
    + coeff -1.47803 of binomial ('x10', 'x14') in constr e120 is deemed risky
    + coeff -4.39148 of binomial ('x10', 'x17') in constr e120 is deemed risky
    + coeff 4.39148 of binomial ('x10', 'x18') in constr e120 is deemed risky
    + coeff 5.36741 of binomial ('x10', 'x10') in constr e120 is deemed risky
 - attempting to read: e121
    + coeff 5.01621 of binomial ('x3', 'x3') in constr e121 is deemed risky
    + coeff -4.05648 of binomial ('x3', 'x5') in constr e121 is deemed risky
    + coeff 4.05648 of binomial ('x3', 'x8') in constr e121 is deemed risky
    + coeff -1.89996 of binomial ('x15', 'x3') in constr e121 is deemed risky
    + coeff 1.89996 of binomial ('x16', 'x3') in constr e121 is deemed risky
    + coeff 1.89996 of binomial ('x4', 'x5') in constr e121 is deemed risky
    + coeff -1.89996 of binomial ('x4', 'x8') in constr e121 is deemed risky
    + coeff -4.05648 of binomial ('x15', 'x4') in constr e121 is deemed risky
    + coeff 4.05648 of binomial ('x16', 'x4') in constr e121 is deemed risky
    + coeff 5.01621 of binomial ('x4', 'x4') in constr e121 is deemed risky
 - attempting to read: e122
    + coeff 5.01621 of binomial ('x3', 'x3') in constr e122 is deemed risky
    + coeff -4.05648 of binomial ('x3', 'x5') in constr e122 is deemed risky
    + coeff 4.05648 of binomial ('x11', 'x3') in constr e122 is deemed risky
    + coeff -1.89996 of binomial ('x15', 'x3') in constr e122 is deemed risky
    + coeff 1.89996 of binomial ('x17', 'x3') in constr e122 is deemed risky
    + coeff 1.89996 of binomial ('x4', 'x5') in constr e122 is deemed risky
    + coeff -1.89996 of binomial ('x11', 'x4') in constr e122 is deemed risky
    + coeff -4.05648 of binomial ('x15', 'x4') in constr e122 is deemed risky
    + coeff 4.05648 of binomial ('x17', 'x4') in constr e122 is deemed risky
    + coeff 5.01621 of binomial ('x4', 'x4') in constr e122 is deemed risky
 - attempting to read: e123
    + coeff 5.01621 of binomial ('x3', 'x3') in constr e123 is deemed risky
    + coeff -4.05648 of binomial ('x3', 'x5') in constr e123 is deemed risky
    + coeff 4.05648 of binomial ('x14', 'x3') in constr e123 is deemed risky
    + coeff -1.89996 of binomial ('x15', 'x3') in constr e123 is deemed risky
    + coeff 1.89996 of binomial ('x18', 'x3') in constr e123 is deemed risky
    + coeff 1.89996 of binomial ('x4', 'x5') in constr e123 is deemed risky
    + coeff -1.89996 of binomial ('x14', 'x4') in constr e123 is deemed risky
    + coeff -4.05648 of binomial ('x15', 'x4') in constr e123 is deemed risky
    + coeff 4.05648 of binomial ('x18', 'x4') in constr e123 is deemed risky
    + coeff 5.01621 of binomial ('x4', 'x4') in constr e123 is deemed risky
 - attempting to read: e124
    + coeff 5.01621 of binomial ('x3', 'x3') in constr e124 is deemed risky
    + coeff -4.05648 of binomial ('x3', 'x5') in constr e124 is deemed risky
    + coeff 8.16056 of binomial ('x3', 'x6') in constr e124 is deemed risky
    + coeff 6.46316 of binomial ('x3', 'x7') in constr e124 is deemed risky
    + coeff 4.05648 of binomial ('x3', 'x8') in constr e124 is deemed risky
    + coeff -1.89996 of binomial ('x15', 'x3') in constr e124 is deemed risky
    + coeff 1.89996 of binomial ('x16', 'x3') in constr e124 is deemed risky
    + coeff -4.52362 of binomial ('x5', 'x6') in constr e124 is deemed risky
    + coeff -1.06783 of binomial ('x5', 'x7') in constr e124 is deemed risky
    + coeff 1.89996 of binomial ('x4', 'x5') in constr e124 is deemed risky
    + coeff 5.40085 of binomial ('x6', 'x6') in constr e124 is deemed risky
    + coeff 4.52362 of binomial ('x6', 'x8') in constr e124 is deemed risky
    + coeff 1.06783 of binomial ('x15', 'x6') in constr e124 is deemed risky
    + coeff -1.06783 of binomial ('x16', 'x6') in constr e124 is deemed risky
    + coeff -6.46316 of binomial ('x4', 'x6') in constr e124 is deemed risky
    + coeff 5.40085 of binomial ('x7', 'x7') in constr e124 is deemed risky
    + coeff 1.06783 of binomial ('x7', 'x8') in constr e124 is deemed risky
    + coeff -4.52362 of binomial ('x15', 'x7') in constr e124 is deemed risky
    + coeff 4.52362 of binomial ('x16', 'x7') in constr e124 is deemed risky
    + coeff 8.16056 of binomial ('x4', 'x7') in constr e124 is deemed risky
    + coeff -1.89996 of binomial ('x4', 'x8') in constr e124 is deemed risky
    + coeff -4.05648 of binomial ('x15', 'x4') in constr e124 is deemed risky
    + coeff 4.05648 of binomial ('x16', 'x4') in constr e124 is deemed risky
    + coeff 5.01621 of binomial ('x4', 'x4') in constr e124 is deemed risky
 - attempting to read: e125
    + coeff 5.01621 of binomial ('x3', 'x3') in constr e125 is deemed risky
    + coeff -4.05648 of binomial ('x3', 'x5') in constr e125 is deemed risky
    + coeff -10.3111 of binomial ('x3', 'x9') in constr e125 is deemed risky
    + coeff -1.17403 of binomial ('x10', 'x3') in constr e125 is deemed risky
    + coeff 4.05648 of binomial ('x11', 'x3') in constr e125 is deemed risky
    + coeff -1.89996 of binomial ('x15', 'x3') in constr e125 is deemed risky
    + coeff 1.89996 of binomial ('x17', 'x3') in constr e125 is deemed risky
    + coeff 4.39148 of binomial ('x5', 'x9') in constr e125 is deemed risky
    + coeff -1.47803 of binomial ('x10', 'x5') in constr e125 is deemed risky
    + coeff 1.89996 of binomial ('x4', 'x5') in constr e125 is deemed risky
    + coeff 5.36741 of binomial ('x9', 'x9') in constr e125 is deemed risky
    + coeff -4.39148 of binomial ('x11', 'x9') in constr e125 is deemed risky
    + coeff 1.47803 of binomial ('x15', 'x9') in constr e125 is deemed risky
    + coeff -1.47803 of binomial ('x17', 'x9') in constr e125 is deemed risky
    + coeff 1.17403 of binomial ('x4', 'x9') in constr e125 is deemed risky
    + coeff 5.36741 of binomial ('x10', 'x10') in constr e125 is deemed risky
    + coeff 1.47803 of binomial ('x10', 'x11') in constr e125 is deemed risky
    + coeff 4.39148 of binomial ('x10', 'x15') in constr e125 is deemed risky
    + coeff -4.39148 of binomial ('x10', 'x17') in constr e125 is deemed risky
    + coeff -10.3111 of binomial ('x10', 'x4') in constr e125 is deemed risky
    + coeff -1.89996 of binomial ('x11', 'x4') in constr e125 is deemed risky
    + coeff -4.05648 of binomial ('x15', 'x4') in constr e125 is deemed risky
    + coeff 4.05648 of binomial ('x17', 'x4') in constr e125 is deemed risky
    + coeff 5.01621 of binomial ('x4', 'x4') in constr e125 is deemed risky
 - attempting to read: e126
    + coeff 5.01621 of binomial ('x3', 'x3') in constr e126 is deemed risky
    + coeff -4.05648 of binomial ('x3', 'x5') in constr e126 is deemed risky
    + coeff 5.17743 of binomial ('x12', 'x3') in constr e126 is deemed risky
    + coeff 4.91865 of binomial ('x13', 'x3') in constr e126 is deemed risky
    + coeff 4.05648 of binomial ('x14', 'x3') in constr e126 is deemed risky
    + coeff -1.89996 of binomial ('x15', 'x3') in constr e126 is deemed risky
    + coeff 1.89996 of binomial ('x18', 'x3') in constr e126 is deemed risky
    + coeff -3.02493 of binomial ('x12', 'x5') in constr e126 is deemed risky
    + coeff -1.00828 of binomial ('x13', 'x5') in constr e126 is deemed risky
    + coeff 1.89996 of binomial ('x4', 'x5') in constr e126 is deemed risky
    + coeff 2.54171 of binomial ('x12', 'x12') in constr e126 is deemed risky
    + coeff 3.02493 of binomial ('x12', 'x14') in constr e126 is deemed risky
    + coeff 1.00828 of binomial ('x12', 'x15') in constr e126 is deemed risky
    + coeff -1.00828 of binomial ('x12', 'x18') in constr e126 is deemed risky
    + coeff -4.91865 of binomial ('x12', 'x4') in constr e126 is deemed risky
    + coeff 2.54171 of binomial ('x13', 'x13') in constr e126 is deemed risky
    + coeff 1.00828 of binomial ('x13', 'x14') in constr e126 is deemed risky
    + coeff -3.02493 of binomial ('x13', 'x15') in constr e126 is deemed risky
    + coeff 3.02493 of binomial ('x13', 'x18') in constr e126 is deemed risky
    + coeff 5.17743 of binomial ('x13', 'x4') in constr e126 is deemed risky
    + coeff -1.89996 of binomial ('x14', 'x4') in constr e126 is deemed risky
    + coeff -4.05648 of binomial ('x15', 'x4') in constr e126 is deemed risky
    + coeff 4.05648 of binomial ('x18', 'x4') in constr e126 is deemed risky
    + coeff 5.01621 of binomial ('x4', 'x4') in constr e126 is deemed risky
 - attempting to read: e127
    + coeff 5.01621 of binomial ('x3', 'x3') in constr e127 is deemed risky
    + coeff -4.05648 of binomial ('x3', 'x5') in constr e127 is deemed risky
    + coeff -9.51138 of binomial ('x3', 'x6') in constr e127 is deemed risky
    + coeff -0.86467 of binomial ('x3', 'x7') in constr e127 is deemed risky
    + coeff 4.05648 of binomial ('x3', 'x8') in constr e127 is deemed risky
    + coeff -1.89996 of binomial ('x15', 'x3') in constr e127 is deemed risky
    + coeff 1.89996 of binomial ('x16', 'x3') in constr e127 is deemed risky
    + coeff 4.00955 of binomial ('x5', 'x6') in constr e127 is deemed risky
    + coeff -1.45167 of binomial ('x5', 'x7') in constr e127 is deemed risky
    + coeff 1.89996 of binomial ('x4', 'x5') in constr e127 is deemed risky
    + coeff 4.54596 of binomial ('x6', 'x6') in constr e127 is deemed risky
    + coeff -4.00955 of binomial ('x6', 'x8') in constr e127 is deemed risky
    + coeff 1.45167 of binomial ('x15', 'x6') in constr e127 is deemed risky
    + coeff -1.45167 of binomial ('x16', 'x6') in constr e127 is deemed risky
    + coeff 0.86467 of binomial ('x4', 'x6') in constr e127 is deemed risky
    + coeff 4.54596 of binomial ('x7', 'x7') in constr e127 is deemed risky
    + coeff 1.45167 of binomial ('x7', 'x8') in constr e127 is deemed risky
    + coeff 4.00955 of binomial ('x15', 'x7') in constr e127 is deemed risky
    + coeff -4.00955 of binomial ('x16', 'x7') in constr e127 is deemed risky
    + coeff -9.51138 of binomial ('x4', 'x7') in constr e127 is deemed risky
    + coeff -1.89996 of binomial ('x4', 'x8') in constr e127 is deemed risky
    + coeff -4.05648 of binomial ('x15', 'x4') in constr e127 is deemed risky
    + coeff 4.05648 of binomial ('x16', 'x4') in constr e127 is deemed risky
    + coeff 5.01621 of binomial ('x4', 'x4') in constr e127 is deemed risky
 - attempting to read: e128
    + coeff 5.01621 of binomial ('x3', 'x3') in constr e128 is deemed risky
    + coeff -4.05648 of binomial ('x3', 'x5') in constr e128 is deemed risky
    + coeff 7.50825 of binomial ('x3', 'x9') in constr e128 is deemed risky
    + coeff -4.91042 of binomial ('x10', 'x3') in constr e128 is deemed risky
    + coeff 4.05648 of binomial ('x11', 'x3') in constr e128 is deemed risky
    + coeff -1.89996 of binomial ('x15', 'x3') in constr e128 is deemed risky
    + coeff 1.89996 of binomial ('x17', 'x3') in constr e128 is deemed risky
    + coeff -2.10592 of binomial ('x5', 'x9') in constr e128 is deemed risky
    + coeff 3.40739 of binomial ('x10', 'x5') in constr e128 is deemed risky
    + coeff 1.89996 of binomial ('x4', 'x5') in constr e128 is deemed risky
    + coeff 4.0113 of binomial ('x9', 'x9') in constr e128 is deemed risky
    + coeff 2.10592 of binomial ('x11', 'x9') in constr e128 is deemed risky
    + coeff -3.40739 of binomial ('x15', 'x9') in constr e128 is deemed risky
    + coeff 3.40739 of binomial ('x17', 'x9') in constr e128 is deemed risky
    + coeff 4.91042 of binomial ('x4', 'x9') in constr e128 is deemed risky
    + coeff 4.0113 of binomial ('x10', 'x10') in constr e128 is deemed risky
    + coeff -3.40739 of binomial ('x10', 'x11') in constr e128 is deemed risky
    + coeff -2.10592 of binomial ('x10', 'x15') in constr e128 is deemed risky
    + coeff 2.10592 of binomial ('x10', 'x17') in constr e128 is deemed risky
    + coeff 7.50825 of binomial ('x10', 'x4') in constr e128 is deemed risky
    + coeff -1.89996 of binomial ('x11', 'x4') in constr e128 is deemed risky
    + coeff -4.05648 of binomial ('x15', 'x4') in constr e128 is deemed risky
    + coeff 4.05648 of binomial ('x17', 'x4') in constr e128 is deemed risky
    + coeff 5.01621 of binomial ('x4', 'x4') in constr e128 is deemed risky
 - attempting to read: e129
    + coeff 5.01621 of binomial ('x3', 'x3') in constr e129 is deemed risky
    + coeff -4.05648 of binomial ('x3', 'x5') in constr e129 is deemed risky
    + coeff -6.01352 of binomial ('x12', 'x3') in constr e129 is deemed risky
    + coeff 0.854665 of binomial ('x13', 'x3') in constr e129 is deemed risky
    + coeff 4.05648 of binomial ('x14', 'x3') in constr e129 is deemed risky
    + coeff -1.89996 of binomial ('x15', 'x3') in constr e129 is deemed risky
    + coeff 1.89996 of binomial ('x18', 'x3') in constr e129 is deemed risky
    + coeff 2.26963 of binomial ('x12', 'x5') in constr e129 is deemed risky
    + coeff -1.48442 of binomial ('x13', 'x5') in constr e129 is deemed risky
    + coeff 1.89996 of binomial ('x4', 'x5') in constr e129 is deemed risky
    + coeff 1.83868 of binomial ('x12', 'x12') in constr e129 is deemed risky
    + coeff -2.26963 of binomial ('x12', 'x14') in constr e129 is deemed risky
    + coeff 1.48442 of binomial ('x12', 'x15') in constr e129 is deemed risky
    + coeff -1.48442 of binomial ('x12', 'x18') in constr e129 is deemed risky
    + coeff -0.854665 of binomial ('x12', 'x4') in constr e129 is deemed risky
    + coeff 1.83868 of binomial ('x13', 'x13') in constr e129 is deemed risky
    + coeff 1.48442 of binomial ('x13', 'x14') in constr e129 is deemed risky
    + coeff 2.26963 of binomial ('x13', 'x15') in constr e129 is deemed risky
    + coeff -2.26963 of binomial ('x13', 'x18') in constr e129 is deemed risky
    + coeff -6.01352 of binomial ('x13', 'x4') in constr e129 is deemed risky
    + coeff -1.89996 of binomial ('x14', 'x4') in constr e129 is deemed risky
    + coeff -4.05648 of binomial ('x15', 'x4') in constr e129 is deemed risky
    + coeff 4.05648 of binomial ('x18', 'x4') in constr e129 is deemed risky
    + coeff 5.01621 of binomial ('x4', 'x4') in constr e129 is deemed risky
 - attempting to read: e130
    + coeff 5.01621 of binomial ('x3', 'x3') in constr e130 is deemed risky
    + coeff -4.05648 of binomial ('x3', 'x5') in constr e130 is deemed risky
    + coeff 13.272 of binomial ('x3', 'x6') in constr e130 is deemed risky
    + coeff 10.5116 of binomial ('x3', 'x7') in constr e130 is deemed risky
    + coeff 4.05648 of binomial ('x3', 'x8') in constr e130 is deemed risky
    + coeff -1.89996 of binomial ('x15', 'x3') in constr e130 is deemed risky
    + coeff 1.89996 of binomial ('x16', 'x3') in constr e130 is deemed risky
    + coeff -7.35708 of binomial ('x5', 'x6') in constr e130 is deemed risky
    + coeff -1.73674 of binomial ('x5', 'x7') in constr e130 is deemed risky
    + coeff 1.89996 of binomial ('x4', 'x5') in constr e130 is deemed risky
    + coeff 14.2857 of binomial ('x6', 'x6') in constr e130 is deemed risky
    + coeff 7.35708 of binomial ('x6', 'x8') in constr e130 is deemed risky
    + coeff 1.73674 of binomial ('x15', 'x6') in constr e130 is deemed risky
    + coeff -1.73674 of binomial ('x16', 'x6') in constr e130 is deemed risky
    + coeff -10.5116 of binomial ('x4', 'x6') in constr e130 is deemed risky
    + coeff 14.2857 of binomial ('x7', 'x7') in constr e130 is deemed risky
    + coeff 1.73674 of binomial ('x7', 'x8') in constr e130 is deemed risky
    + coeff -7.35708 of binomial ('x15', 'x7') in constr e130 is deemed risky
    + coeff 7.35708 of binomial ('x16', 'x7') in constr e130 is deemed risky
    + coeff 13.272 of binomial ('x4', 'x7') in constr e130 is deemed risky
    + coeff -1.89996 of binomial ('x4', 'x8') in constr e130 is deemed risky
    + coeff -4.05648 of binomial ('x15', 'x4') in constr e130 is deemed risky
    + coeff 4.05648 of binomial ('x16', 'x4') in constr e130 is deemed risky
    + coeff 5.01621 of binomial ('x4', 'x4') in constr e130 is deemed risky
 - attempting to read: e131
    + coeff 5.01621 of binomial ('x3', 'x3') in constr e131 is deemed risky
    + coeff -4.05648 of binomial ('x3', 'x5') in constr e131 is deemed risky
    + coeff -6.75226 of binomial ('x3', 'x9') in constr e131 is deemed risky
    + coeff -1.4124 of binomial ('x10', 'x3') in constr e131 is deemed risky
    + coeff 4.05648 of binomial ('x11', 'x3') in constr e131 is deemed risky
    + coeff -1.89996 of binomial ('x15', 'x3') in constr e131 is deemed risky
    + coeff 1.89996 of binomial ('x17', 'x3') in constr e131 is deemed risky
    + coeff 2.99767 of binomial ('x5', 'x9') in constr e131 is deemed risky
    + coeff -0.70767 of binomial ('x10', 'x5') in constr e131 is deemed risky
    + coeff 1.89996 of binomial ('x4', 'x5') in constr e131 is deemed risky
    + coeff 2.3717 of binomial ('x9', 'x9') in constr e131 is deemed risky
    + coeff -2.99767 of binomial ('x11', 'x9') in constr e131 is deemed risky
    + coeff 0.70767 of binomial ('x15', 'x9') in constr e131 is deemed risky
    + coeff -0.70767 of binomial ('x17', 'x9') in constr e131 is deemed risky
    + coeff 1.4124 of binomial ('x4', 'x9') in constr e131 is deemed risky
    + coeff 2.3717 of binomial ('x10', 'x10') in constr e131 is deemed risky
    + coeff 0.70767 of binomial ('x10', 'x11') in constr e131 is deemed risky
    + coeff 2.99767 of binomial ('x10', 'x15') in constr e131 is deemed risky
    + coeff -2.99767 of binomial ('x10', 'x17') in constr e131 is deemed risky
    + coeff -6.75226 of binomial ('x10', 'x4') in constr e131 is deemed risky
    + coeff -1.89996 of binomial ('x11', 'x4') in constr e131 is deemed risky
    + coeff -4.05648 of binomial ('x15', 'x4') in constr e131 is deemed risky
    + coeff 4.05648 of binomial ('x17', 'x4') in constr e131 is deemed risky
    + coeff 5.01621 of binomial ('x4', 'x4') in constr e131 is deemed risky
 - attempting to read: e132
    + coeff 5.01621 of binomial ('x3', 'x3') in constr e132 is deemed risky
    + coeff -4.05648 of binomial ('x3', 'x5') in constr e132 is deemed risky
    + coeff 7.86676 of binomial ('x12', 'x3') in constr e132 is deemed risky
    + coeff 7.47367 of binomial ('x13', 'x3') in constr e132 is deemed risky
    + coeff 4.05648 of binomial ('x14', 'x3') in constr e132 is deemed risky
    + coeff -1.89996 of binomial ('x15', 'x3') in constr e132 is deemed risky
    + coeff 1.89996 of binomial ('x18', 'x3') in constr e132 is deemed risky
    + coeff -4.5962 of binomial ('x12', 'x5') in constr e132 is deemed risky
    + coeff -1.53206 of binomial ('x13', 'x5') in constr e132 is deemed risky
    + coeff 1.89996 of binomial ('x4', 'x5') in constr e132 is deemed risky
    + coeff 5.86805 of binomial ('x12', 'x12') in constr e132 is deemed risky
    + coeff 4.5962 of binomial ('x12', 'x14') in constr e132 is deemed risky
    + coeff 1.53206 of binomial ('x12', 'x15') in constr e132 is deemed risky
    + coeff -1.53206 of binomial ('x12', 'x18') in constr e132 is deemed risky
    + coeff -7.47367 of binomial ('x12', 'x4') in constr e132 is deemed risky
    + coeff 5.86805 of binomial ('x13', 'x13') in constr e132 is deemed risky
    + coeff 1.53206 of binomial ('x13', 'x14') in constr e132 is deemed risky
    + coeff -4.5962 of binomial ('x13', 'x15') in constr e132 is deemed risky
    + coeff 4.5962 of binomial ('x13', 'x18') in constr e132 is deemed risky
    + coeff 7.86676 of binomial ('x13', 'x4') in constr e132 is deemed risky
    + coeff -1.89996 of binomial ('x14', 'x4') in constr e132 is deemed risky
    + coeff -4.05648 of binomial ('x15', 'x4') in constr e132 is deemed risky
    + coeff 4.05648 of binomial ('x18', 'x4') in constr e132 is deemed risky
    + coeff 5.01621 of binomial ('x4', 'x4') in constr e132 is deemed risky
 - attempting to read: e133
    + coeff 5.01621 of binomial ('x3', 'x3') in constr e133 is deemed risky
    + coeff -4.05648 of binomial ('x3', 'x5') in constr e133 is deemed risky
    + coeff 16.4736 of binomial ('x3', 'x6') in constr e133 is deemed risky
    + coeff 13.0472 of binomial ('x3', 'x7') in constr e133 is deemed risky
    + coeff 4.05648 of binomial ('x3', 'x8') in constr e133 is deemed risky
    + coeff -1.89996 of binomial ('x15', 'x3') in constr e133 is deemed risky
    + coeff 1.89996 of binomial ('x16', 'x3') in constr e133 is deemed risky
    + coeff -9.13177 of binomial ('x5', 'x6') in constr e133 is deemed risky
    + coeff -2.15565 of binomial ('x5', 'x7') in constr e133 is deemed risky
    + coeff 1.89996 of binomial ('x4', 'x5') in constr e133 is deemed risky
    + coeff 22.009 of binomial ('x6', 'x6') in constr e133 is deemed risky
    + coeff 9.13177 of binomial ('x6', 'x8') in constr e133 is deemed risky
    + coeff 2.15565 of binomial ('x15', 'x6') in constr e133 is deemed risky
    + coeff -2.15565 of binomial ('x16', 'x6') in constr e133 is deemed risky
    + coeff -13.0472 of binomial ('x4', 'x6') in constr e133 is deemed risky
    + coeff 22.009 of binomial ('x7', 'x7') in constr e133 is deemed risky
    + coeff 2.15565 of binomial ('x7', 'x8') in constr e133 is deemed risky
    + coeff -9.13177 of binomial ('x15', 'x7') in constr e133 is deemed risky
    + coeff 9.13177 of binomial ('x16', 'x7') in constr e133 is deemed risky
    + coeff 16.4736 of binomial ('x4', 'x7') in constr e133 is deemed risky
    + coeff -1.89996 of binomial ('x4', 'x8') in constr e133 is deemed risky
    + coeff -4.05648 of binomial ('x15', 'x4') in constr e133 is deemed risky
    + coeff 4.05648 of binomial ('x16', 'x4') in constr e133 is deemed risky
    + coeff 5.01621 of binomial ('x4', 'x4') in constr e133 is deemed risky
 - attempting to read: e134
    + coeff 5.01621 of binomial ('x3', 'x3') in constr e134 is deemed risky
    + coeff -4.05648 of binomial ('x3', 'x5') in constr e134 is deemed risky
    + coeff 2.72948 of binomial ('x3', 'x9') in constr e134 is deemed risky
    + coeff 7.53929 of binomial ('x10', 'x3') in constr e134 is deemed risky
    + coeff 4.05648 of binomial ('x11', 'x3') in constr e134 is deemed risky
    + coeff -1.89996 of binomial ('x15', 'x3') in constr e134 is deemed risky
    + coeff 1.89996 of binomial ('x17', 'x3') in constr e134 is deemed risky
    + coeff -2.53143 of binomial ('x5', 'x9') in constr e134 is deemed risky
    + coeff -2.53149 of binomial ('x10', 'x5') in constr e134 is deemed risky
    + coeff 1.89996 of binomial ('x4', 'x5') in constr e134 is deemed risky
    + coeff 3.20415 of binomial ('x9', 'x9') in constr e134 is deemed risky
    + coeff 2.53143 of binomial ('x11', 'x9') in constr e134 is deemed risky
    + coeff 2.53149 of binomial ('x15', 'x9') in constr e134 is deemed risky
    + coeff -2.53149 of binomial ('x17', 'x9') in constr e134 is deemed risky
    + coeff -7.53929 of binomial ('x4', 'x9') in constr e134 is deemed risky
    + coeff 3.20415 of binomial ('x10', 'x10') in constr e134 is deemed risky
    + coeff 2.53149 of binomial ('x10', 'x11') in constr e134 is deemed risky
    + coeff -2.53143 of binomial ('x10', 'x15') in constr e134 is deemed risky
    + coeff 2.53143 of binomial ('x10', 'x17') in constr e134 is deemed risky
    + coeff 2.72948 of binomial ('x10', 'x4') in constr e134 is deemed risky
    + coeff -1.89996 of binomial ('x11', 'x4') in constr e134 is deemed risky
    + coeff -4.05648 of binomial ('x15', 'x4') in constr e134 is deemed risky
    + coeff 4.05648 of binomial ('x17', 'x4') in constr e134 is deemed risky
    + coeff 5.01621 of binomial ('x4', 'x4') in constr e134 is deemed risky
 - attempting to read: e135
    + coeff 5.01621 of binomial ('x3', 'x3') in constr e135 is deemed risky
    + coeff -4.05648 of binomial ('x3', 'x5') in constr e135 is deemed risky
    + coeff 1.04159 of binomial ('x12', 'x3') in constr e135 is deemed risky
    + coeff -5.70441 of binomial ('x13', 'x3') in constr e135 is deemed risky
    + coeff 4.05648 of binomial ('x14', 'x3') in constr e135 is deemed risky
    + coeff -1.89996 of binomial ('x15', 'x3') in constr e135 is deemed risky
    + coeff 1.89996 of binomial ('x18', 'x3') in constr e135 is deemed risky
    + coeff 0.659161 of binomial ('x12', 'x5') in constr e135 is deemed risky
    + coeff 2.50376 of binomial ('x13', 'x5') in constr e135 is deemed risky
    + coeff 1.89996 of binomial ('x4', 'x5') in constr e135 is deemed risky
    + coeff 1.67582 of binomial ('x12', 'x12') in constr e135 is deemed risky
    + coeff -0.659161 of binomial ('x12', 'x14') in constr e135 is deemed risky
    + coeff -2.50376 of binomial ('x12', 'x15') in constr e135 is deemed risky
    + coeff 2.50376 of binomial ('x12', 'x18') in constr e135 is deemed risky
    + coeff 5.70441 of binomial ('x12', 'x4') in constr e135 is deemed risky
    + coeff 1.67582 of binomial ('x13', 'x13') in constr e135 is deemed risky
    + coeff -2.50376 of binomial ('x13', 'x14') in constr e135 is deemed risky
    + coeff 0.659161 of binomial ('x13', 'x15') in constr e135 is deemed risky
    + coeff -0.659161 of binomial ('x13', 'x18') in constr e135 is deemed risky
    + coeff 1.04159 of binomial ('x13', 'x4') in constr e135 is deemed risky
    + coeff -1.89996 of binomial ('x14', 'x4') in constr e135 is deemed risky
    + coeff -4.05648 of binomial ('x15', 'x4') in constr e135 is deemed risky
    + coeff 4.05648 of binomial ('x18', 'x4') in constr e135 is deemed risky
    + coeff 5.01621 of binomial ('x4', 'x4') in constr e135 is deemed risky
 - attempting to read: e136
    + coeff 4.54596 of binomial ('x6', 'x6') in constr e136 is deemed risky
    + coeff -4.00955 of binomial ('x6', 'x8') in constr e136 is deemed risky
    + coeff 4.00955 of binomial ('x11', 'x6') in constr e136 is deemed risky
    + coeff -1.45167 of binomial ('x16', 'x6') in constr e136 is deemed risky
    + coeff 1.45167 of binomial ('x17', 'x6') in constr e136 is deemed risky
    + coeff 1.45167 of binomial ('x7', 'x8') in constr e136 is deemed risky
    + coeff -1.45167 of binomial ('x11', 'x7') in constr e136 is deemed risky
    + coeff -4.00955 of binomial ('x16', 'x7') in constr e136 is deemed risky
    + coeff 4.00955 of binomial ('x17', 'x7') in constr e136 is deemed risky
    + coeff 4.54596 of binomial ('x7', 'x7') in constr e136 is deemed risky
 - attempting to read: e137
    + coeff 4.54596 of binomial ('x6', 'x6') in constr e137 is deemed risky
    + coeff -4.00955 of binomial ('x6', 'x8') in constr e137 is deemed risky
    + coeff 4.00955 of binomial ('x14', 'x6') in constr e137 is deemed risky
    + coeff -1.45167 of binomial ('x16', 'x6') in constr e137 is deemed risky
    + coeff 1.45167 of binomial ('x18', 'x6') in constr e137 is deemed risky
    + coeff 1.45167 of binomial ('x7', 'x8') in constr e137 is deemed risky
    + coeff -1.45167 of binomial ('x14', 'x7') in constr e137 is deemed risky
    + coeff -4.00955 of binomial ('x16', 'x7') in constr e137 is deemed risky
    + coeff 4.00955 of binomial ('x18', 'x7') in constr e137 is deemed risky
    + coeff 4.54596 of binomial ('x7', 'x7') in constr e137 is deemed risky
 - attempting to read: e138
    + coeff 4.54596 of binomial ('x6', 'x6') in constr e138 is deemed risky
    + coeff -4.00955 of binomial ('x6', 'x8') in constr e138 is deemed risky
    + coeff -9.87673 of binomial ('x6', 'x9') in constr e138 is deemed risky
    + coeff -0.22437 of binomial ('x10', 'x6') in constr e138 is deemed risky
    + coeff 4.00955 of binomial ('x11', 'x6') in constr e138 is deemed risky
    + coeff -1.45167 of binomial ('x16', 'x6') in constr e138 is deemed risky
    + coeff 1.45167 of binomial ('x17', 'x6') in constr e138 is deemed risky
    + coeff 4.39148 of binomial ('x8', 'x9') in constr e138 is deemed risky
    + coeff -1.47803 of binomial ('x10', 'x8') in constr e138 is deemed risky
    + coeff 1.45167 of binomial ('x7', 'x8') in constr e138 is deemed risky
    + coeff 5.36741 of binomial ('x9', 'x9') in constr e138 is deemed risky
    + coeff -4.39148 of binomial ('x11', 'x9') in constr e138 is deemed risky
    + coeff 1.47803 of binomial ('x16', 'x9') in constr e138 is deemed risky
    + coeff -1.47803 of binomial ('x17', 'x9') in constr e138 is deemed risky
    + coeff 0.22437 of binomial ('x7', 'x9') in constr e138 is deemed risky
    + coeff 5.36741 of binomial ('x10', 'x10') in constr e138 is deemed risky
    + coeff 1.47803 of binomial ('x10', 'x11') in constr e138 is deemed risky
    + coeff 4.39148 of binomial ('x10', 'x16') in constr e138 is deemed risky
    + coeff -4.39148 of binomial ('x10', 'x17') in constr e138 is deemed risky
    + coeff -9.87673 of binomial ('x10', 'x7') in constr e138 is deemed risky
    + coeff -1.45167 of binomial ('x11', 'x7') in constr e138 is deemed risky
    + coeff -4.00955 of binomial ('x16', 'x7') in constr e138 is deemed risky
    + coeff 4.00955 of binomial ('x17', 'x7') in constr e138 is deemed risky
    + coeff 4.54596 of binomial ('x7', 'x7') in constr e138 is deemed risky
 - attempting to read: e139
    + coeff 4.54596 of binomial ('x6', 'x6') in constr e139 is deemed risky
    + coeff -4.00955 of binomial ('x6', 'x8') in constr e139 is deemed risky
    + coeff 5.33246 of binomial ('x12', 'x6') in constr e139 is deemed risky
    + coeff 4.21697 of binomial ('x13', 'x6') in constr e139 is deemed risky
    + coeff 4.00955 of binomial ('x14', 'x6') in constr e139 is deemed risky
    + coeff -1.45167 of binomial ('x16', 'x6') in constr e139 is deemed risky
    + coeff 1.45167 of binomial ('x18', 'x6') in constr e139 is deemed risky
    + coeff -3.02493 of binomial ('x12', 'x8') in constr e139 is deemed risky
    + coeff -1.00828 of binomial ('x13', 'x8') in constr e139 is deemed risky
    + coeff 1.45167 of binomial ('x7', 'x8') in constr e139 is deemed risky
    + coeff 2.54171 of binomial ('x12', 'x12') in constr e139 is deemed risky
    + coeff 3.02493 of binomial ('x12', 'x14') in constr e139 is deemed risky
    + coeff 1.00828 of binomial ('x12', 'x16') in constr e139 is deemed risky
    + coeff -1.00828 of binomial ('x12', 'x18') in constr e139 is deemed risky
    + coeff -4.21697 of binomial ('x12', 'x7') in constr e139 is deemed risky
    + coeff 2.54171 of binomial ('x13', 'x13') in constr e139 is deemed risky
    + coeff 1.00828 of binomial ('x13', 'x14') in constr e139 is deemed risky
    + coeff -3.02493 of binomial ('x13', 'x16') in constr e139 is deemed risky
    + coeff 3.02493 of binomial ('x13', 'x18') in constr e139 is deemed risky
    + coeff 5.33246 of binomial ('x13', 'x7') in constr e139 is deemed risky
    + coeff -1.45167 of binomial ('x14', 'x7') in constr e139 is deemed risky
    + coeff -4.00955 of binomial ('x16', 'x7') in constr e139 is deemed risky
    + coeff 4.00955 of binomial ('x18', 'x7') in constr e139 is deemed risky
    + coeff 4.54596 of binomial ('x7', 'x7') in constr e139 is deemed risky
 - attempting to read: e140
    + coeff 4.54596 of binomial ('x6', 'x6') in constr e140 is deemed risky
    + coeff -4.00955 of binomial ('x6', 'x8') in constr e140 is deemed risky
    + coeff 6.69509 of binomial ('x6', 'x9') in constr e140 is deemed risky
    + coeff -5.30251 of binomial ('x10', 'x6') in constr e140 is deemed risky
    + coeff 4.00955 of binomial ('x11', 'x6') in constr e140 is deemed risky
    + coeff -1.45167 of binomial ('x16', 'x6') in constr e140 is deemed risky
    + coeff 1.45167 of binomial ('x17', 'x6') in constr e140 is deemed risky
    + coeff -2.10592 of binomial ('x8', 'x9') in constr e140 is deemed risky
    + coeff 3.40739 of binomial ('x10', 'x8') in constr e140 is deemed risky
    + coeff 1.45167 of binomial ('x7', 'x8') in constr e140 is deemed risky
    + coeff 4.0113 of binomial ('x9', 'x9') in constr e140 is deemed risky
    + coeff 2.10592 of binomial ('x11', 'x9') in constr e140 is deemed risky
    + coeff -3.40739 of binomial ('x16', 'x9') in constr e140 is deemed risky
    + coeff 3.40739 of binomial ('x17', 'x9') in constr e140 is deemed risky
    + coeff 5.30251 of binomial ('x7', 'x9') in constr e140 is deemed risky
    + coeff 4.0113 of binomial ('x10', 'x10') in constr e140 is deemed risky
    + coeff -3.40739 of binomial ('x10', 'x11') in constr e140 is deemed risky
    + coeff -2.10592 of binomial ('x10', 'x16') in constr e140 is deemed risky
    + coeff 2.10592 of binomial ('x10', 'x17') in constr e140 is deemed risky
    + coeff 6.69509 of binomial ('x10', 'x7') in constr e140 is deemed risky
    + coeff -1.45167 of binomial ('x11', 'x7') in constr e140 is deemed risky
    + coeff -4.00955 of binomial ('x16', 'x7') in constr e140 is deemed risky
    + coeff 4.00955 of binomial ('x17', 'x7') in constr e140 is deemed risky
    + coeff 4.54596 of binomial ('x7', 'x7') in constr e140 is deemed risky
 - attempting to read: e141
    + coeff 4.54596 of binomial ('x6', 'x6') in constr e141 is deemed risky
    + coeff -4.00955 of binomial ('x6', 'x8') in constr e141 is deemed risky
    + coeff -5.62754 of binomial ('x12', 'x6') in constr e141 is deemed risky
    + coeff 1.32857 of binomial ('x13', 'x6') in constr e141 is deemed risky
    + coeff 4.00955 of binomial ('x14', 'x6') in constr e141 is deemed risky
    + coeff -1.45167 of binomial ('x16', 'x6') in constr e141 is deemed risky
    + coeff 1.45167 of binomial ('x18', 'x6') in constr e141 is deemed risky
    + coeff 2.26963 of binomial ('x12', 'x8') in constr e141 is deemed risky
    + coeff -1.48442 of binomial ('x13', 'x8') in constr e141 is deemed risky
    + coeff 1.45167 of binomial ('x7', 'x8') in constr e141 is deemed risky
    + coeff 1.83868 of binomial ('x12', 'x12') in constr e141 is deemed risky
    + coeff -2.26963 of binomial ('x12', 'x14') in constr e141 is deemed risky
    + coeff 1.48442 of binomial ('x12', 'x16') in constr e141 is deemed risky
    + coeff -1.48442 of binomial ('x12', 'x18') in constr e141 is deemed risky
    + coeff -1.32857 of binomial ('x12', 'x7') in constr e141 is deemed risky
    + coeff 1.83868 of binomial ('x13', 'x13') in constr e141 is deemed risky
    + coeff 1.48442 of binomial ('x13', 'x14') in constr e141 is deemed risky
    + coeff 2.26963 of binomial ('x13', 'x16') in constr e141 is deemed risky
    + coeff -2.26963 of binomial ('x13', 'x18') in constr e141 is deemed risky
    + coeff -5.62754 of binomial ('x13', 'x7') in constr e141 is deemed risky
    + coeff -1.45167 of binomial ('x14', 'x7') in constr e141 is deemed risky
    + coeff -4.00955 of binomial ('x16', 'x7') in constr e141 is deemed risky
    + coeff 4.00955 of binomial ('x18', 'x7') in constr e141 is deemed risky
    + coeff 4.54596 of binomial ('x7', 'x7') in constr e141 is deemed risky
 - attempting to read: e142
    + coeff 4.54596 of binomial ('x6', 'x6') in constr e142 is deemed risky
    + coeff -4.00955 of binomial ('x6', 'x8') in constr e142 is deemed risky
    + coeff -6.5233 of binomial ('x6', 'x9') in constr e142 is deemed risky
    + coeff -0.757088 of binomial ('x10', 'x6') in constr e142 is deemed risky
    + coeff 4.00955 of binomial ('x11', 'x6') in constr e142 is deemed risky
    + coeff -1.45167 of binomial ('x16', 'x6') in constr e142 is deemed risky
    + coeff 1.45167 of binomial ('x17', 'x6') in constr e142 is deemed risky
    + coeff 2.99767 of binomial ('x8', 'x9') in constr e142 is deemed risky
    + coeff -0.70767 of binomial ('x10', 'x8') in constr e142 is deemed risky
    + coeff 1.45167 of binomial ('x7', 'x8') in constr e142 is deemed risky
    + coeff 2.3717 of binomial ('x9', 'x9') in constr e142 is deemed risky
    + coeff -2.99767 of binomial ('x11', 'x9') in constr e142 is deemed risky
    + coeff 0.70767 of binomial ('x16', 'x9') in constr e142 is deemed risky
    + coeff -0.70767 of binomial ('x17', 'x9') in constr e142 is deemed risky
    + coeff 0.757088 of binomial ('x7', 'x9') in constr e142 is deemed risky
    + coeff 2.3717 of binomial ('x10', 'x10') in constr e142 is deemed risky
    + coeff 0.70767 of binomial ('x10', 'x11') in constr e142 is deemed risky
    + coeff 2.99767 of binomial ('x10', 'x16') in constr e142 is deemed risky
    + coeff -2.99767 of binomial ('x10', 'x17') in constr e142 is deemed risky
    + coeff -6.5233 of binomial ('x10', 'x7') in constr e142 is deemed risky
    + coeff -1.45167 of binomial ('x11', 'x7') in constr e142 is deemed risky
    + coeff -4.00955 of binomial ('x16', 'x7') in constr e142 is deemed risky
    + coeff 4.00955 of binomial ('x17', 'x7') in constr e142 is deemed risky
    + coeff 4.54596 of binomial ('x7', 'x7') in constr e142 is deemed risky
 - attempting to read: e143
    + coeff 4.54596 of binomial ('x6', 'x6') in constr e143 is deemed risky
    + coeff -4.00955 of binomial ('x6', 'x8') in constr e143 is deemed risky
    + coeff 8.10232 of binomial ('x12', 'x6') in constr e143 is deemed risky
    + coeff 6.4075 of binomial ('x13', 'x6') in constr e143 is deemed risky
    + coeff 4.00955 of binomial ('x14', 'x6') in constr e143 is deemed risky
    + coeff -1.45167 of binomial ('x16', 'x6') in constr e143 is deemed risky
    + coeff 1.45167 of binomial ('x18', 'x6') in constr e143 is deemed risky
    + coeff -4.5962 of binomial ('x12', 'x8') in constr e143 is deemed risky
    + coeff -1.53206 of binomial ('x13', 'x8') in constr e143 is deemed risky
    + coeff 1.45167 of binomial ('x7', 'x8') in constr e143 is deemed risky
    + coeff 5.86805 of binomial ('x12', 'x12') in constr e143 is deemed risky
    + coeff 4.5962 of binomial ('x12', 'x14') in constr e143 is deemed risky
    + coeff 1.53206 of binomial ('x12', 'x16') in constr e143 is deemed risky
    + coeff -1.53206 of binomial ('x12', 'x18') in constr e143 is deemed risky
    + coeff -6.4075 of binomial ('x12', 'x7') in constr e143 is deemed risky
    + coeff 5.86805 of binomial ('x13', 'x13') in constr e143 is deemed risky
    + coeff 1.53206 of binomial ('x13', 'x14') in constr e143 is deemed risky
    + coeff -4.5962 of binomial ('x13', 'x16') in constr e143 is deemed risky
    + coeff 4.5962 of binomial ('x13', 'x18') in constr e143 is deemed risky
    + coeff 8.10232 of binomial ('x13', 'x7') in constr e143 is deemed risky
    + coeff -1.45167 of binomial ('x14', 'x7') in constr e143 is deemed risky
    + coeff -4.00955 of binomial ('x16', 'x7') in constr e143 is deemed risky
    + coeff 4.00955 of binomial ('x18', 'x7') in constr e143 is deemed risky
    + coeff 4.54596 of binomial ('x7', 'x7') in constr e143 is deemed risky
 - attempting to read: e144
    + coeff 4.54596 of binomial ('x6', 'x6') in constr e144 is deemed risky
    + coeff -4.00955 of binomial ('x6', 'x8') in constr e144 is deemed risky
    + coeff 3.23751 of binomial ('x6', 'x9') in constr e144 is deemed risky
    + coeff 6.91248 of binomial ('x10', 'x6') in constr e144 is deemed risky
    + coeff 4.00955 of binomial ('x11', 'x6') in constr e144 is deemed risky
    + coeff -1.45167 of binomial ('x16', 'x6') in constr e144 is deemed risky
    + coeff 1.45167 of binomial ('x17', 'x6') in constr e144 is deemed risky
    + coeff -2.53143 of binomial ('x8', 'x9') in constr e144 is deemed risky
    + coeff -2.53149 of binomial ('x10', 'x8') in constr e144 is deemed risky
    + coeff 1.45167 of binomial ('x7', 'x8') in constr e144 is deemed risky
    + coeff 3.20415 of binomial ('x9', 'x9') in constr e144 is deemed risky
    + coeff 2.53143 of binomial ('x11', 'x9') in constr e144 is deemed risky
    + coeff 2.53149 of binomial ('x16', 'x9') in constr e144 is deemed risky
    + coeff -2.53149 of binomial ('x17', 'x9') in constr e144 is deemed risky
    + coeff -6.91248 of binomial ('x7', 'x9') in constr e144 is deemed risky
    + coeff 3.20415 of binomial ('x10', 'x10') in constr e144 is deemed risky
    + coeff 2.53149 of binomial ('x10', 'x11') in constr e144 is deemed risky
    + coeff -2.53143 of binomial ('x10', 'x16') in constr e144 is deemed risky
    + coeff 2.53143 of binomial ('x10', 'x17') in constr e144 is deemed risky
    + coeff 3.23751 of binomial ('x10', 'x7') in constr e144 is deemed risky
    + coeff -1.45167 of binomial ('x11', 'x7') in constr e144 is deemed risky
    + coeff -4.00955 of binomial ('x16', 'x7') in constr e144 is deemed risky
    + coeff 4.00955 of binomial ('x17', 'x7') in constr e144 is deemed risky
    + coeff 4.54596 of binomial ('x7', 'x7') in constr e144 is deemed risky
 - attempting to read: e145
    + coeff 4.54596 of binomial ('x6', 'x6') in constr e145 is deemed risky
    + coeff -4.00955 of binomial ('x6', 'x8') in constr e145 is deemed risky
    + coeff 0.495841 of binomial ('x12', 'x6') in constr e145 is deemed risky
    + coeff -5.49791 of binomial ('x13', 'x6') in constr e145 is deemed risky
    + coeff 4.00955 of binomial ('x14', 'x6') in constr e145 is deemed risky
    + coeff -1.45167 of binomial ('x16', 'x6') in constr e145 is deemed risky
    + coeff 1.45167 of binomial ('x18', 'x6') in constr e145 is deemed risky
    + coeff 0.659161 of binomial ('x12', 'x8') in constr e145 is deemed risky
    + coeff 2.50376 of binomial ('x13', 'x8') in constr e145 is deemed risky
    + coeff 1.45167 of binomial ('x7', 'x8') in constr e145 is deemed risky
    + coeff 1.67582 of binomial ('x12', 'x12') in constr e145 is deemed risky
    + coeff -0.659161 of binomial ('x12', 'x14') in constr e145 is deemed risky
    + coeff -2.50376 of binomial ('x12', 'x16') in constr e145 is deemed risky
    + coeff 2.50376 of binomial ('x12', 'x18') in constr e145 is deemed risky
    + coeff 5.49791 of binomial ('x12', 'x7') in constr e145 is deemed risky
    + coeff 1.67582 of binomial ('x13', 'x13') in constr e145 is deemed risky
    + coeff -2.50376 of binomial ('x13', 'x14') in constr e145 is deemed risky
    + coeff 0.659161 of binomial ('x13', 'x16') in constr e145 is deemed risky
    + coeff -0.659161 of binomial ('x13', 'x18') in constr e145 is deemed risky
    + coeff 0.495841 of binomial ('x13', 'x7') in constr e145 is deemed risky
    + coeff -1.45167 of binomial ('x14', 'x7') in constr e145 is deemed risky
    + coeff -4.00955 of binomial ('x16', 'x7') in constr e145 is deemed risky
    + coeff 4.00955 of binomial ('x18', 'x7') in constr e145 is deemed risky
    + coeff 4.54596 of binomial ('x7', 'x7') in constr e145 is deemed risky
 - attempting to read: e146
    + coeff 4.0113 of binomial ('x9', 'x9') in constr e146 is deemed risky
    + coeff 2.10592 of binomial ('x11', 'x9') in constr e146 is deemed risky
    + coeff -2.10592 of binomial ('x14', 'x9') in constr e146 is deemed risky
    + coeff 3.40739 of binomial ('x17', 'x9') in constr e146 is deemed risky
    + coeff -3.40739 of binomial ('x18', 'x9') in constr e146 is deemed risky
    + coeff -3.40739 of binomial ('x10', 'x11') in constr e146 is deemed risky
    + coeff 3.40739 of binomial ('x10', 'x14') in constr e146 is deemed risky
    + coeff 2.10592 of binomial ('x10', 'x17') in constr e146 is deemed risky
    + coeff -2.10592 of binomial ('x10', 'x18') in constr e146 is deemed risky
    + coeff 4.0113 of binomial ('x10', 'x10') in constr e146 is deemed risky
 - attempting to read: e147
    + coeff 4.0113 of binomial ('x9', 'x9') in constr e147 is deemed risky
    + coeff 2.10592 of binomial ('x11', 'x9') in constr e147 is deemed risky
    + coeff -1.46733 of binomial ('x12', 'x9') in constr e147 is deemed risky
    + coeff -6.21523 of binomial ('x13', 'x9') in constr e147 is deemed risky
    + coeff -2.10592 of binomial ('x14', 'x9') in constr e147 is deemed risky
    + coeff 3.40739 of binomial ('x17', 'x9') in constr e147 is deemed risky
    + coeff -3.40739 of binomial ('x18', 'x9') in constr e147 is deemed risky
    + coeff -3.02493 of binomial ('x11', 'x12') in constr e147 is deemed risky
    + coeff -1.00828 of binomial ('x11', 'x13') in constr e147 is deemed risky
    + coeff -3.40739 of binomial ('x10', 'x11') in constr e147 is deemed risky
    + coeff 2.54171 of binomial ('x12', 'x12') in constr e147 is deemed risky
    + coeff 3.02493 of binomial ('x12', 'x14') in constr e147 is deemed risky
    + coeff 1.00828 of binomial ('x12', 'x17') in constr e147 is deemed risky
    + coeff -1.00828 of binomial ('x12', 'x18') in constr e147 is deemed risky
    + coeff 6.21523 of binomial ('x10', 'x12') in constr e147 is deemed risky
    + coeff 2.54171 of binomial ('x13', 'x13') in constr e147 is deemed risky
    + coeff 1.00828 of binomial ('x13', 'x14') in constr e147 is deemed risky
    + coeff -3.02493 of binomial ('x13', 'x17') in constr e147 is deemed risky
    + coeff 3.02493 of binomial ('x13', 'x18') in constr e147 is deemed risky
    + coeff -1.46733 of binomial ('x10', 'x13') in constr e147 is deemed risky
    + coeff 3.40739 of binomial ('x10', 'x14') in constr e147 is deemed risky
    + coeff 2.10592 of binomial ('x10', 'x17') in constr e147 is deemed risky
    + coeff -2.10592 of binomial ('x10', 'x18') in constr e147 is deemed risky
    + coeff 4.0113 of binomial ('x10', 'x10') in constr e147 is deemed risky
 - attempting to read: e148
    + coeff 4.0113 of binomial ('x9', 'x9') in constr e148 is deemed risky
    + coeff 2.10592 of binomial ('x11', 'x9') in constr e148 is deemed risky
    + coeff 4.91883 of binomial ('x12', 'x9') in constr e148 is deemed risky
    + coeff 2.30372 of binomial ('x13', 'x9') in constr e148 is deemed risky
    + coeff -2.10592 of binomial ('x14', 'x9') in constr e148 is deemed risky
    + coeff 3.40739 of binomial ('x17', 'x9') in constr e148 is deemed risky
    + coeff -3.40739 of binomial ('x18', 'x9') in constr e148 is deemed risky
    + coeff 2.26963 of binomial ('x11', 'x12') in constr e148 is deemed risky
    + coeff -1.48442 of binomial ('x11', 'x13') in constr e148 is deemed risky
    + coeff -3.40739 of binomial ('x10', 'x11') in constr e148 is deemed risky
    + coeff 1.83868 of binomial ('x12', 'x12') in constr e148 is deemed risky
    + coeff -2.26963 of binomial ('x12', 'x14') in constr e148 is deemed risky
    + coeff 1.48442 of binomial ('x12', 'x17') in constr e148 is deemed risky
    + coeff -1.48442 of binomial ('x12', 'x18') in constr e148 is deemed risky
    + coeff -2.30372 of binomial ('x10', 'x12') in constr e148 is deemed risky
    + coeff 1.83868 of binomial ('x13', 'x13') in constr e148 is deemed risky
    + coeff 1.48442 of binomial ('x13', 'x14') in constr e148 is deemed risky
    + coeff 2.26963 of binomial ('x13', 'x17') in constr e148 is deemed risky
    + coeff -2.26963 of binomial ('x13', 'x18') in constr e148 is deemed risky
    + coeff 4.91883 of binomial ('x10', 'x13') in constr e148 is deemed risky
    + coeff 3.40739 of binomial ('x10', 'x14') in constr e148 is deemed risky
    + coeff 2.10592 of binomial ('x10', 'x17') in constr e148 is deemed risky
    + coeff -2.10592 of binomial ('x10', 'x18') in constr e148 is deemed risky
    + coeff 4.0113 of binomial ('x10', 'x10') in constr e148 is deemed risky
 - attempting to read: e149
    + coeff 4.0113 of binomial ('x9', 'x9') in constr e149 is deemed risky
    + coeff 2.10592 of binomial ('x11', 'x9') in constr e149 is deemed risky
    + coeff -2.22945 of binomial ('x12', 'x9') in constr e149 is deemed risky
    + coeff -9.4437 of binomial ('x13', 'x9') in constr e149 is deemed risky
    + coeff -2.10592 of binomial ('x14', 'x9') in constr e149 is deemed risky
    + coeff 3.40739 of binomial ('x17', 'x9') in constr e149 is deemed risky
    + coeff -3.40739 of binomial ('x18', 'x9') in constr e149 is deemed risky
    + coeff -4.5962 of binomial ('x11', 'x12') in constr e149 is deemed risky
    + coeff -1.53206 of binomial ('x11', 'x13') in constr e149 is deemed risky
    + coeff -3.40739 of binomial ('x10', 'x11') in constr e149 is deemed risky
    + coeff 5.86805 of binomial ('x12', 'x12') in constr e149 is deemed risky
    + coeff 4.5962 of binomial ('x12', 'x14') in constr e149 is deemed risky
    + coeff 1.53206 of binomial ('x12', 'x17') in constr e149 is deemed risky
    + coeff -1.53206 of binomial ('x12', 'x18') in constr e149 is deemed risky
    + coeff 9.4437 of binomial ('x10', 'x12') in constr e149 is deemed risky
    + coeff 5.86805 of binomial ('x13', 'x13') in constr e149 is deemed risky
    + coeff 1.53206 of binomial ('x13', 'x14') in constr e149 is deemed risky
    + coeff -4.5962 of binomial ('x13', 'x17') in constr e149 is deemed risky
    + coeff 4.5962 of binomial ('x13', 'x18') in constr e149 is deemed risky
    + coeff -2.22945 of binomial ('x10', 'x13') in constr e149 is deemed risky
    + coeff 3.40739 of binomial ('x10', 'x14') in constr e149 is deemed risky
    + coeff 2.10592 of binomial ('x10', 'x17') in constr e149 is deemed risky
    + coeff -2.10592 of binomial ('x10', 'x18') in constr e149 is deemed risky
    + coeff 4.0113 of binomial ('x10', 'x10') in constr e149 is deemed risky
 - attempting to read: e150
    + coeff 4.0113 of binomial ('x9', 'x9') in constr e150 is deemed risky
    + coeff 2.10592 of binomial ('x11', 'x9') in constr e150 is deemed risky
    + coeff -3.57157 of binomial ('x12', 'x9') in constr e150 is deemed risky
    + coeff 3.75936 of binomial ('x13', 'x9') in constr e150 is deemed risky
    + coeff -2.10592 of binomial ('x14', 'x9') in constr e150 is deemed risky
    + coeff 3.40739 of binomial ('x17', 'x9') in constr e150 is deemed risky
    + coeff -3.40739 of binomial ('x18', 'x9') in constr e150 is deemed risky
    + coeff 0.659161 of binomial ('x11', 'x12') in constr e150 is deemed risky
    + coeff 2.50376 of binomial ('x11', 'x13') in constr e150 is deemed risky
    + coeff -3.40739 of binomial ('x10', 'x11') in constr e150 is deemed risky
    + coeff 1.67582 of binomial ('x12', 'x12') in constr e150 is deemed risky
    + coeff -0.659161 of binomial ('x12', 'x14') in constr e150 is deemed risky
    + coeff -2.50376 of binomial ('x12', 'x17') in constr e150 is deemed risky
    + coeff 2.50376 of binomial ('x12', 'x18') in constr e150 is deemed risky
    + coeff -3.75936 of binomial ('x10', 'x12') in constr e150 is deemed risky
    + coeff 1.67582 of binomial ('x13', 'x13') in constr e150 is deemed risky
    + coeff -2.50376 of binomial ('x13', 'x14') in constr e150 is deemed risky
    + coeff 0.659161 of binomial ('x13', 'x17') in constr e150 is deemed risky
    + coeff -0.659161 of binomial ('x13', 'x18') in constr e150 is deemed risky
    + coeff -3.57157 of binomial ('x10', 'x13') in constr e150 is deemed risky
    + coeff 3.40739 of binomial ('x10', 'x14') in constr e150 is deemed risky
    + coeff 2.10592 of binomial ('x10', 'x17') in constr e150 is deemed risky
    + coeff -2.10592 of binomial ('x10', 'x18') in constr e150 is deemed risky
    + coeff 4.0113 of binomial ('x10', 'x10') in constr e150 is deemed risky
 - attempting to read: e151
    + coeff 12.6071 of binomial ('x3', 'x3') in constr e151 is deemed risky
    + coeff 6.67721 of binomial ('x3', 'x5') in constr e151 is deemed risky
    + coeff -6.67721 of binomial ('x3', 'x8') in constr e151 is deemed risky
    + coeff -2.4173 of binomial ('x15', 'x3') in constr e151 is deemed risky
    + coeff 2.4173 of binomial ('x16', 'x3') in constr e151 is deemed risky
    + coeff 2.4173 of binomial ('x4', 'x5') in constr e151 is deemed risky
    + coeff -2.4173 of binomial ('x4', 'x8') in constr e151 is deemed risky
    + coeff 6.67721 of binomial ('x15', 'x4') in constr e151 is deemed risky
    + coeff -6.67721 of binomial ('x16', 'x4') in constr e151 is deemed risky
    + coeff 12.6071 of binomial ('x4', 'x4') in constr e151 is deemed risky
 - attempting to read: e152
    + coeff 12.6071 of binomial ('x3', 'x3') in constr e152 is deemed risky
    + coeff 6.67721 of binomial ('x3', 'x5') in constr e152 is deemed risky
    + coeff -6.67721 of binomial ('x11', 'x3') in constr e152 is deemed risky
    + coeff -2.4173 of binomial ('x15', 'x3') in constr e152 is deemed risky
    + coeff 2.4173 of binomial ('x17', 'x3') in constr e152 is deemed risky
    + coeff 2.4173 of binomial ('x4', 'x5') in constr e152 is deemed risky
    + coeff -2.4173 of binomial ('x11', 'x4') in constr e152 is deemed risky
    + coeff 6.67721 of binomial ('x15', 'x4') in constr e152 is deemed risky
    + coeff -6.67721 of binomial ('x17', 'x4') in constr e152 is deemed risky
    + coeff 12.6071 of binomial ('x4', 'x4') in constr e152 is deemed risky
 - attempting to read: e153
    + coeff 12.6071 of binomial ('x3', 'x3') in constr e153 is deemed risky
    + coeff 6.67721 of binomial ('x3', 'x5') in constr e153 is deemed risky
    + coeff -6.67721 of binomial ('x14', 'x3') in constr e153 is deemed risky
    + coeff -2.4173 of binomial ('x15', 'x3') in constr e153 is deemed risky
    + coeff 2.4173 of binomial ('x18', 'x3') in constr e153 is deemed risky
    + coeff 2.4173 of binomial ('x4', 'x5') in constr e153 is deemed risky
    + coeff -2.4173 of binomial ('x14', 'x4') in constr e153 is deemed risky
    + coeff 6.67721 of binomial ('x15', 'x4') in constr e153 is deemed risky
    + coeff -6.67721 of binomial ('x18', 'x4') in constr e153 is deemed risky
    + coeff 12.6071 of binomial ('x4', 'x4') in constr e153 is deemed risky
 - attempting to read: e154
    + coeff 12.6071 of binomial ('x3', 'x3') in constr e154 is deemed risky
    + coeff 6.67721 of binomial ('x3', 'x5') in constr e154 is deemed risky
    + coeff -16.3932 of binomial ('x3', 'x6') in constr e154 is deemed risky
    + coeff 1.90241 of binomial ('x3', 'x7') in constr e154 is deemed risky
    + coeff -6.67721 of binomial ('x3', 'x8') in constr e154 is deemed risky
    + coeff -2.4173 of binomial ('x15', 'x3') in constr e154 is deemed risky
    + coeff 2.4173 of binomial ('x16', 'x3') in constr e154 is deemed risky
    + coeff -4.52362 of binomial ('x5', 'x6') in constr e154 is deemed risky
    + coeff -1.06783 of binomial ('x5', 'x7') in constr e154 is deemed risky
    + coeff 2.4173 of binomial ('x4', 'x5') in constr e154 is deemed risky
    + coeff 5.40085 of binomial ('x6', 'x6') in constr e154 is deemed risky
    + coeff 4.52362 of binomial ('x6', 'x8') in constr e154 is deemed risky
    + coeff 1.06783 of binomial ('x15', 'x6') in constr e154 is deemed risky
    + coeff -1.06783 of binomial ('x16', 'x6') in constr e154 is deemed risky
    + coeff -1.90241 of binomial ('x4', 'x6') in constr e154 is deemed risky
    + coeff 5.40085 of binomial ('x7', 'x7') in constr e154 is deemed risky
    + coeff 1.06783 of binomial ('x7', 'x8') in constr e154 is deemed risky
    + coeff -4.52362 of binomial ('x15', 'x7') in constr e154 is deemed risky
    + coeff 4.52362 of binomial ('x16', 'x7') in constr e154 is deemed risky
    + coeff -16.3932 of binomial ('x4', 'x7') in constr e154 is deemed risky
    + coeff -2.4173 of binomial ('x4', 'x8') in constr e154 is deemed risky
    + coeff 6.67721 of binomial ('x15', 'x4') in constr e154 is deemed risky
    + coeff -6.67721 of binomial ('x16', 'x4') in constr e154 is deemed risky
    + coeff 12.6071 of binomial ('x4', 'x4') in constr e154 is deemed risky
 - attempting to read: e155
    + coeff 12.6071 of binomial ('x3', 'x3') in constr e155 is deemed risky
    + coeff 6.67721 of binomial ('x3', 'x5') in constr e155 is deemed risky
    + coeff 12.875 of binomial ('x3', 'x9') in constr e155 is deemed risky
    + coeff -10.2423 of binomial ('x10', 'x3') in constr e155 is deemed risky
    + coeff -6.67721 of binomial ('x11', 'x3') in constr e155 is deemed risky
    + coeff -2.4173 of binomial ('x15', 'x3') in constr e155 is deemed risky
    + coeff 2.4173 of binomial ('x17', 'x3') in constr e155 is deemed risky
    + coeff 4.39148 of binomial ('x5', 'x9') in constr e155 is deemed risky
    + coeff -1.47803 of binomial ('x10', 'x5') in constr e155 is deemed risky
    + coeff 2.4173 of binomial ('x4', 'x5') in constr e155 is deemed risky
    + coeff 5.36741 of binomial ('x9', 'x9') in constr e155 is deemed risky
    + coeff -4.39148 of binomial ('x11', 'x9') in constr e155 is deemed risky
    + coeff 1.47803 of binomial ('x15', 'x9') in constr e155 is deemed risky
    + coeff -1.47803 of binomial ('x17', 'x9') in constr e155 is deemed risky
    + coeff 10.2423 of binomial ('x4', 'x9') in constr e155 is deemed risky
    + coeff 5.36741 of binomial ('x10', 'x10') in constr e155 is deemed risky
    + coeff 1.47803 of binomial ('x10', 'x11') in constr e155 is deemed risky
    + coeff 4.39148 of binomial ('x10', 'x15') in constr e155 is deemed risky
    + coeff -4.39148 of binomial ('x10', 'x17') in constr e155 is deemed risky
    + coeff 12.875 of binomial ('x10', 'x4') in constr e155 is deemed risky
    + coeff -2.4173 of binomial ('x11', 'x4') in constr e155 is deemed risky
    + coeff 6.67721 of binomial ('x15', 'x4') in constr e155 is deemed risky
    + coeff -6.67721 of binomial ('x17', 'x4') in constr e155 is deemed risky
    + coeff 12.6071 of binomial ('x4', 'x4') in constr e155 is deemed risky
 - attempting to read: e156
    + coeff 12.6071 of binomial ('x3', 'x3') in constr e156 is deemed risky
    + coeff 6.67721 of binomial ('x3', 'x5') in constr e156 is deemed risky
    + coeff -11.3177 of binomial ('x12', 'x3') in constr e156 is deemed risky
    + coeff 0.289835 of binomial ('x13', 'x3') in constr e156 is deemed risky
    + coeff -6.67721 of binomial ('x14', 'x3') in constr e156 is deemed risky
    + coeff -2.4173 of binomial ('x15', 'x3') in constr e156 is deemed risky
    + coeff 2.4173 of binomial ('x18', 'x3') in constr e156 is deemed risky
    + coeff -3.02493 of binomial ('x12', 'x5') in constr e156 is deemed risky
    + coeff -1.00828 of binomial ('x13', 'x5') in constr e156 is deemed risky
    + coeff 2.4173 of binomial ('x4', 'x5') in constr e156 is deemed risky
    + coeff 2.54171 of binomial ('x12', 'x12') in constr e156 is deemed risky
    + coeff 3.02493 of binomial ('x12', 'x14') in constr e156 is deemed risky
    + coeff 1.00828 of binomial ('x12', 'x15') in constr e156 is deemed risky
    + coeff -1.00828 of binomial ('x12', 'x18') in constr e156 is deemed risky
    + coeff -0.289835 of binomial ('x12', 'x4') in constr e156 is deemed risky
    + coeff 2.54171 of binomial ('x13', 'x13') in constr e156 is deemed risky
    + coeff 1.00828 of binomial ('x13', 'x14') in constr e156 is deemed risky
    + coeff -3.02493 of binomial ('x13', 'x15') in constr e156 is deemed risky
    + coeff 3.02493 of binomial ('x13', 'x18') in constr e156 is deemed risky
    + coeff -11.3177 of binomial ('x13', 'x4') in constr e156 is deemed risky
    + coeff -2.4173 of binomial ('x14', 'x4') in constr e156 is deemed risky
    + coeff 6.67721 of binomial ('x15', 'x4') in constr e156 is deemed risky
    + coeff -6.67721 of binomial ('x18', 'x4') in constr e156 is deemed risky
    + coeff 12.6071 of binomial ('x4', 'x4') in constr e156 is deemed risky
 - attempting to read: e157
    + coeff 12.6071 of binomial ('x3', 'x3') in constr e157 is deemed risky
    + coeff 6.67721 of binomial ('x3', 'x5') in constr e157 is deemed risky
    + coeff 11.6318 of binomial ('x3', 'x6') in constr e157 is deemed risky
    + coeff -9.69269 of binomial ('x3', 'x7') in constr e157 is deemed risky
    + coeff -6.67721 of binomial ('x3', 'x8') in constr e157 is deemed risky
    + coeff -2.4173 of binomial ('x15', 'x3') in constr e157 is deemed risky
    + coeff 2.4173 of binomial ('x16', 'x3') in constr e157 is deemed risky
    + coeff 4.00955 of binomial ('x5', 'x6') in constr e157 is deemed risky
    + coeff -1.45167 of binomial ('x5', 'x7') in constr e157 is deemed risky
    + coeff 2.4173 of binomial ('x4', 'x5') in constr e157 is deemed risky
    + coeff 4.54596 of binomial ('x6', 'x6') in constr e157 is deemed risky
    + coeff -4.00955 of binomial ('x6', 'x8') in constr e157 is deemed risky
    + coeff 1.45167 of binomial ('x15', 'x6') in constr e157 is deemed risky
    + coeff -1.45167 of binomial ('x16', 'x6') in constr e157 is deemed risky
    + coeff 9.69269 of binomial ('x4', 'x6') in constr e157 is deemed risky
    + coeff 4.54596 of binomial ('x7', 'x7') in constr e157 is deemed risky
    + coeff 1.45167 of binomial ('x7', 'x8') in constr e157 is deemed risky
    + coeff 4.00955 of binomial ('x15', 'x7') in constr e157 is deemed risky
    + coeff -4.00955 of binomial ('x16', 'x7') in constr e157 is deemed risky
    + coeff 11.6318 of binomial ('x4', 'x7') in constr e157 is deemed risky
    + coeff -2.4173 of binomial ('x4', 'x8') in constr e157 is deemed risky
    + coeff 6.67721 of binomial ('x15', 'x4') in constr e157 is deemed risky
    + coeff -6.67721 of binomial ('x16', 'x4') in constr e157 is deemed risky
    + coeff 12.6071 of binomial ('x4', 'x4') in constr e157 is deemed risky
 - attempting to read: e158
    + coeff 12.6071 of binomial ('x3', 'x3') in constr e158 is deemed risky
    + coeff 6.67721 of binomial ('x3', 'x5') in constr e158 is deemed risky
    + coeff -2.91249 of binomial ('x3', 'x9') in constr e158 is deemed risky
    + coeff 13.9212 of binomial ('x10', 'x3') in constr e158 is deemed risky
    + coeff -6.67721 of binomial ('x11', 'x3') in constr e158 is deemed risky
    + coeff -2.4173 of binomial ('x15', 'x3') in constr e158 is deemed risky
    + coeff 2.4173 of binomial ('x17', 'x3') in constr e158 is deemed risky
    + coeff -2.10592 of binomial ('x5', 'x9') in constr e158 is deemed risky
    + coeff 3.40739 of binomial ('x10', 'x5') in constr e158 is deemed risky
    + coeff 2.4173 of binomial ('x4', 'x5') in constr e158 is deemed risky
    + coeff 4.0113 of binomial ('x9', 'x9') in constr e158 is deemed risky
    + coeff 2.10592 of binomial ('x11', 'x9') in constr e158 is deemed risky
    + coeff -3.40739 of binomial ('x15', 'x9') in constr e158 is deemed risky
    + coeff 3.40739 of binomial ('x17', 'x9') in constr e158 is deemed risky
    + coeff -13.9212 of binomial ('x4', 'x9') in constr e158 is deemed risky
    + coeff 4.0113 of binomial ('x10', 'x10') in constr e158 is deemed risky
    + coeff -3.40739 of binomial ('x10', 'x11') in constr e158 is deemed risky
    + coeff -2.10592 of binomial ('x10', 'x15') in constr e158 is deemed risky
    + coeff 2.10592 of binomial ('x10', 'x17') in constr e158 is deemed risky
    + coeff -2.91249 of binomial ('x10', 'x4') in constr e158 is deemed risky
    + coeff -2.4173 of binomial ('x11', 'x4') in constr e158 is deemed risky
    + coeff 6.67721 of binomial ('x15', 'x4') in constr e158 is deemed risky
    + coeff -6.67721 of binomial ('x17', 'x4') in constr e158 is deemed risky
    + coeff 12.6071 of binomial ('x4', 'x4') in constr e158 is deemed risky
 - attempting to read: e159
    + coeff 12.6071 of binomial ('x3', 'x3') in constr e159 is deemed risky
    + coeff 6.67721 of binomial ('x3', 'x5') in constr e159 is deemed risky
    + coeff 5.78325 of binomial ('x12', 'x3') in constr e159 is deemed risky
    + coeff -7.69909 of binomial ('x13', 'x3') in constr e159 is deemed risky
    + coeff -6.67721 of binomial ('x14', 'x3') in constr e159 is deemed risky
    + coeff -2.4173 of binomial ('x15', 'x3') in constr e159 is deemed risky
    + coeff 2.4173 of binomial ('x18', 'x3') in constr e159 is deemed risky
    + coeff 2.26963 of binomial ('x12', 'x5') in constr e159 is deemed risky
    + coeff -1.48442 of binomial ('x13', 'x5') in constr e159 is deemed risky
    + coeff 2.4173 of binomial ('x4', 'x5') in constr e159 is deemed risky
    + coeff 1.83868 of binomial ('x12', 'x12') in constr e159 is deemed risky
    + coeff -2.26963 of binomial ('x12', 'x14') in constr e159 is deemed risky
    + coeff 1.48442 of binomial ('x12', 'x15') in constr e159 is deemed risky
    + coeff -1.48442 of binomial ('x12', 'x18') in constr e159 is deemed risky
    + coeff 7.69909 of binomial ('x12', 'x4') in constr e159 is deemed risky
    + coeff 1.83868 of binomial ('x13', 'x13') in constr e159 is deemed risky
    + coeff 1.48442 of binomial ('x13', 'x14') in constr e159 is deemed risky
    + coeff 2.26963 of binomial ('x13', 'x15') in constr e159 is deemed risky
    + coeff -2.26963 of binomial ('x13', 'x18') in constr e159 is deemed risky
    + coeff 5.78325 of binomial ('x13', 'x4') in constr e159 is deemed risky
    + coeff -2.4173 of binomial ('x14', 'x4') in constr e159 is deemed risky
    + coeff 6.67721 of binomial ('x15', 'x4') in constr e159 is deemed risky
    + coeff -6.67721 of binomial ('x18', 'x4') in constr e159 is deemed risky
    + coeff 12.6071 of binomial ('x4', 'x4') in constr e159 is deemed risky
 - attempting to read: e160
    + coeff 12.6071 of binomial ('x3', 'x3') in constr e160 is deemed risky
    + coeff 6.67721 of binomial ('x3', 'x5') in constr e160 is deemed risky
    + coeff -26.6615 of binomial ('x3', 'x6') in constr e160 is deemed risky
    + coeff 3.09384 of binomial ('x3', 'x7') in constr e160 is deemed risky
    + coeff -6.67721 of binomial ('x3', 'x8') in constr e160 is deemed risky
    + coeff -2.4173 of binomial ('x15', 'x3') in constr e160 is deemed risky
    + coeff 2.4173 of binomial ('x16', 'x3') in constr e160 is deemed risky
    + coeff -7.35708 of binomial ('x5', 'x6') in constr e160 is deemed risky
    + coeff -1.73674 of binomial ('x5', 'x7') in constr e160 is deemed risky
    + coeff 2.4173 of binomial ('x4', 'x5') in constr e160 is deemed risky
    + coeff 14.2857 of binomial ('x6', 'x6') in constr e160 is deemed risky
    + coeff 7.35708 of binomial ('x6', 'x8') in constr e160 is deemed risky
    + coeff 1.73674 of binomial ('x15', 'x6') in constr e160 is deemed risky
    + coeff -1.73674 of binomial ('x16', 'x6') in constr e160 is deemed risky
    + coeff -3.09384 of binomial ('x4', 'x6') in constr e160 is deemed risky
    + coeff 14.2857 of binomial ('x7', 'x7') in constr e160 is deemed risky
    + coeff 1.73674 of binomial ('x7', 'x8') in constr e160 is deemed risky
    + coeff -7.35708 of binomial ('x15', 'x7') in constr e160 is deemed risky
    + coeff 7.35708 of binomial ('x16', 'x7') in constr e160 is deemed risky
    + coeff -26.6615 of binomial ('x4', 'x7') in constr e160 is deemed risky
    + coeff -2.4173 of binomial ('x4', 'x8') in constr e160 is deemed risky
    + coeff 6.67721 of binomial ('x15', 'x4') in constr e160 is deemed risky
    + coeff -6.67721 of binomial ('x16', 'x4') in constr e160 is deemed risky
    + coeff 12.6071 of binomial ('x4', 'x4') in constr e160 is deemed risky
 - attempting to read: e161
    + coeff 12.6071 of binomial ('x3', 'x3') in constr e161 is deemed risky
    + coeff 6.67721 of binomial ('x3', 'x5') in constr e161 is deemed risky
    + coeff 9.15271 of binomial ('x3', 'x9') in constr e161 is deemed risky
    + coeff -5.98576 of binomial ('x10', 'x3') in constr e161 is deemed risky
    + coeff -6.67721 of binomial ('x11', 'x3') in constr e161 is deemed risky
    + coeff -2.4173 of binomial ('x15', 'x3') in constr e161 is deemed risky
    + coeff 2.4173 of binomial ('x17', 'x3') in constr e161 is deemed risky
    + coeff 2.99767 of binomial ('x5', 'x9') in constr e161 is deemed risky
    + coeff -0.70767 of binomial ('x10', 'x5') in constr e161 is deemed risky
    + coeff 2.4173 of binomial ('x4', 'x5') in constr e161 is deemed risky
    + coeff 2.3717 of binomial ('x9', 'x9') in constr e161 is deemed risky
    + coeff -2.99767 of binomial ('x11', 'x9') in constr e161 is deemed risky
    + coeff 0.70767 of binomial ('x15', 'x9') in constr e161 is deemed risky
    + coeff -0.70767 of binomial ('x17', 'x9') in constr e161 is deemed risky
    + coeff 5.98576 of binomial ('x4', 'x9') in constr e161 is deemed risky
    + coeff 2.3717 of binomial ('x10', 'x10') in constr e161 is deemed risky
    + coeff 0.70767 of binomial ('x10', 'x11') in constr e161 is deemed risky
    + coeff 2.99767 of binomial ('x10', 'x15') in constr e161 is deemed risky
    + coeff -2.99767 of binomial ('x10', 'x17') in constr e161 is deemed risky
    + coeff 9.15271 of binomial ('x10', 'x4') in constr e161 is deemed risky
    + coeff -2.4173 of binomial ('x11', 'x4') in constr e161 is deemed risky
    + coeff 6.67721 of binomial ('x15', 'x4') in constr e161 is deemed risky
    + coeff -6.67721 of binomial ('x17', 'x4') in constr e161 is deemed risky
    + coeff 12.6071 of binomial ('x4', 'x4') in constr e161 is deemed risky
 - attempting to read: e162
    + coeff 12.6071 of binomial ('x3', 'x3') in constr e162 is deemed risky
    + coeff 6.67721 of binomial ('x3', 'x5') in constr e162 is deemed risky
    + coeff -17.1966 of binomial ('x12', 'x3') in constr e162 is deemed risky
    + coeff 0.440254 of binomial ('x13', 'x3') in constr e162 is deemed risky
    + coeff -6.67721 of binomial ('x14', 'x3') in constr e162 is deemed risky
    + coeff -2.4173 of binomial ('x15', 'x3') in constr e162 is deemed risky
    + coeff 2.4173 of binomial ('x18', 'x3') in constr e162 is deemed risky
    + coeff -4.5962 of binomial ('x12', 'x5') in constr e162 is deemed risky
    + coeff -1.53206 of binomial ('x13', 'x5') in constr e162 is deemed risky
    + coeff 2.4173 of binomial ('x4', 'x5') in constr e162 is deemed risky
    + coeff 5.86805 of binomial ('x12', 'x12') in constr e162 is deemed risky
    + coeff 4.5962 of binomial ('x12', 'x14') in constr e162 is deemed risky
    + coeff 1.53206 of binomial ('x12', 'x15') in constr e162 is deemed risky
    + coeff -1.53206 of binomial ('x12', 'x18') in constr e162 is deemed risky
    + coeff -0.440254 of binomial ('x12', 'x4') in constr e162 is deemed risky
    + coeff 5.86805 of binomial ('x13', 'x13') in constr e162 is deemed risky
    + coeff 1.53206 of binomial ('x13', 'x14') in constr e162 is deemed risky
    + coeff -4.5962 of binomial ('x13', 'x15') in constr e162 is deemed risky
    + coeff 4.5962 of binomial ('x13', 'x18') in constr e162 is deemed risky
    + coeff -17.1966 of binomial ('x13', 'x4') in constr e162 is deemed risky
    + coeff -2.4173 of binomial ('x14', 'x4') in constr e162 is deemed risky
    + coeff 6.67721 of binomial ('x15', 'x4') in constr e162 is deemed risky
    + coeff -6.67721 of binomial ('x18', 'x4') in constr e162 is deemed risky
    + coeff 12.6071 of binomial ('x4', 'x4') in constr e162 is deemed risky
 - attempting to read: e163
    + coeff 12.6071 of binomial ('x3', 'x3') in constr e163 is deemed risky
    + coeff 6.67721 of binomial ('x3', 'x5') in constr e163 is deemed risky
    + coeff -33.0928 of binomial ('x3', 'x6') in constr e163 is deemed risky
    + coeff 3.84023 of binomial ('x3', 'x7') in constr e163 is deemed risky
    + coeff -6.67721 of binomial ('x3', 'x8') in constr e163 is deemed risky
    + coeff -2.4173 of binomial ('x15', 'x3') in constr e163 is deemed risky
    + coeff 2.4173 of binomial ('x16', 'x3') in constr e163 is deemed risky
    + coeff -9.13177 of binomial ('x5', 'x6') in constr e163 is deemed risky
    + coeff -2.15565 of binomial ('x5', 'x7') in constr e163 is deemed risky
    + coeff 2.4173 of binomial ('x4', 'x5') in constr e163 is deemed risky
    + coeff 22.009 of binomial ('x6', 'x6') in constr e163 is deemed risky
    + coeff 9.13177 of binomial ('x6', 'x8') in constr e163 is deemed risky
    + coeff 2.15565 of binomial ('x15', 'x6') in constr e163 is deemed risky
    + coeff -2.15565 of binomial ('x16', 'x6') in constr e163 is deemed risky
    + coeff -3.84023 of binomial ('x4', 'x6') in constr e163 is deemed risky
    + coeff 22.009 of binomial ('x7', 'x7') in constr e163 is deemed risky
    + coeff 2.15565 of binomial ('x7', 'x8') in constr e163 is deemed risky
    + coeff -9.13177 of binomial ('x15', 'x7') in constr e163 is deemed risky
    + coeff 9.13177 of binomial ('x16', 'x7') in constr e163 is deemed risky
    + coeff -33.0928 of binomial ('x4', 'x7') in constr e163 is deemed risky
    + coeff -2.4173 of binomial ('x4', 'x8') in constr e163 is deemed risky
    + coeff 6.67721 of binomial ('x15', 'x4') in constr e163 is deemed risky
    + coeff -6.67721 of binomial ('x16', 'x4') in constr e163 is deemed risky
    + coeff 12.6071 of binomial ('x4', 'x4') in constr e163 is deemed risky
 - attempting to read: e164
    + coeff 12.6071 of binomial ('x3', 'x3') in constr e164 is deemed risky
    + coeff 6.67721 of binomial ('x3', 'x5') in constr e164 is deemed risky
    + coeff -11.5111 of binomial ('x3', 'x9') in constr e164 is deemed risky
    + coeff -5.39205 of binomial ('x10', 'x3') in constr e164 is deemed risky
    + coeff -6.67721 of binomial ('x11', 'x3') in constr e164 is deemed risky
    + coeff -2.4173 of binomial ('x15', 'x3') in constr e164 is deemed risky
    + coeff 2.4173 of binomial ('x17', 'x3') in constr e164 is deemed risky
    + coeff -2.53143 of binomial ('x5', 'x9') in constr e164 is deemed risky
    + coeff -2.53149 of binomial ('x10', 'x5') in constr e164 is deemed risky
    + coeff 2.4173 of binomial ('x4', 'x5') in constr e164 is deemed risky
    + coeff 3.20415 of binomial ('x9', 'x9') in constr e164 is deemed risky
    + coeff 2.53143 of binomial ('x11', 'x9') in constr e164 is deemed risky
    + coeff 2.53149 of binomial ('x15', 'x9') in constr e164 is deemed risky
    + coeff -2.53149 of binomial ('x17', 'x9') in constr e164 is deemed risky
    + coeff 5.39205 of binomial ('x4', 'x9') in constr e164 is deemed risky
    + coeff 3.20415 of binomial ('x10', 'x10') in constr e164 is deemed risky
    + coeff 2.53149 of binomial ('x10', 'x11') in constr e164 is deemed risky
    + coeff -2.53143 of binomial ('x10', 'x15') in constr e164 is deemed risky
    + coeff 2.53143 of binomial ('x10', 'x17') in constr e164 is deemed risky
    + coeff -11.5111 of binomial ('x10', 'x4') in constr e164 is deemed risky
    + coeff -2.4173 of binomial ('x11', 'x4') in constr e164 is deemed risky
    + coeff 6.67721 of binomial ('x15', 'x4') in constr e164 is deemed risky
    + coeff -6.67721 of binomial ('x17', 'x4') in constr e164 is deemed risky
    + coeff 12.6071 of binomial ('x4', 'x4') in constr e164 is deemed risky
 - attempting to read: e165
    + coeff 12.6071 of binomial ('x3', 'x3') in constr e165 is deemed risky
    + coeff 6.67721 of binomial ('x3', 'x5') in constr e165 is deemed risky
    + coeff 5.22684 of binomial ('x12', 'x3') in constr e165 is deemed risky
    + coeff 7.56237 of binomial ('x13', 'x3') in constr e165 is deemed risky
    + coeff -6.67721 of binomial ('x14', 'x3') in constr e165 is deemed risky
    + coeff -2.4173 of binomial ('x15', 'x3') in constr e165 is deemed risky
    + coeff 2.4173 of binomial ('x18', 'x3') in constr e165 is deemed risky
    + coeff 0.659161 of binomial ('x12', 'x5') in constr e165 is deemed risky
    + coeff 2.50376 of binomial ('x13', 'x5') in constr e165 is deemed risky
    + coeff 2.4173 of binomial ('x4', 'x5') in constr e165 is deemed risky
    + coeff 1.67582 of binomial ('x12', 'x12') in constr e165 is deemed risky
    + coeff -0.659161 of binomial ('x12', 'x14') in constr e165 is deemed risky
    + coeff -2.50376 of binomial ('x12', 'x15') in constr e165 is deemed risky
    + coeff 2.50376 of binomial ('x12', 'x18') in constr e165 is deemed risky
    + coeff -7.56237 of binomial ('x12', 'x4') in constr e165 is deemed risky
    + coeff 1.67582 of binomial ('x13', 'x13') in constr e165 is deemed risky
    + coeff -2.50376 of binomial ('x13', 'x14') in constr e165 is deemed risky
    + coeff 0.659161 of binomial ('x13', 'x15') in constr e165 is deemed risky
    + coeff -0.659161 of binomial ('x13', 'x18') in constr e165 is deemed risky
    + coeff 5.22684 of binomial ('x13', 'x4') in constr e165 is deemed risky
    + coeff -2.4173 of binomial ('x14', 'x4') in constr e165 is deemed risky
    + coeff 6.67721 of binomial ('x15', 'x4') in constr e165 is deemed risky
    + coeff -6.67721 of binomial ('x18', 'x4') in constr e165 is deemed risky
    + coeff 12.6071 of binomial ('x4', 'x4') in constr e165 is deemed risky
 - attempting to read: e166
    + coeff 14.2857 of binomial ('x6', 'x6') in constr e166 is deemed risky
    + coeff 7.35708 of binomial ('x6', 'x8') in constr e166 is deemed risky
    + coeff -7.35708 of binomial ('x11', 'x6') in constr e166 is deemed risky
    + coeff -1.73674 of binomial ('x16', 'x6') in constr e166 is deemed risky
    + coeff 1.73674 of binomial ('x17', 'x6') in constr e166 is deemed risky
    + coeff 1.73674 of binomial ('x7', 'x8') in constr e166 is deemed risky
    + coeff -1.73674 of binomial ('x11', 'x7') in constr e166 is deemed risky
    + coeff 7.35708 of binomial ('x16', 'x7') in constr e166 is deemed risky
    + coeff -7.35708 of binomial ('x17', 'x7') in constr e166 is deemed risky
    + coeff 14.2857 of binomial ('x7', 'x7') in constr e166 is deemed risky
 - attempting to read: e167
    + coeff 14.2857 of binomial ('x6', 'x6') in constr e167 is deemed risky
    + coeff 7.35708 of binomial ('x6', 'x8') in constr e167 is deemed risky
    + coeff -7.35708 of binomial ('x14', 'x6') in constr e167 is deemed risky
    + coeff -1.73674 of binomial ('x16', 'x6') in constr e167 is deemed risky
    + coeff 1.73674 of binomial ('x18', 'x6') in constr e167 is deemed risky
    + coeff 1.73674 of binomial ('x7', 'x8') in constr e167 is deemed risky
    + coeff -1.73674 of binomial ('x14', 'x7') in constr e167 is deemed risky
    + coeff 7.35708 of binomial ('x16', 'x7') in constr e167 is deemed risky
    + coeff -7.35708 of binomial ('x18', 'x7') in constr e167 is deemed risky
    + coeff 14.2857 of binomial ('x7', 'x7') in constr e167 is deemed risky
 - attempting to read: e168
    + coeff 14.2857 of binomial ('x6', 'x6') in constr e168 is deemed risky
    + coeff 7.35708 of binomial ('x6', 'x8') in constr e168 is deemed risky
    + coeff 14.8708 of binomial ('x6', 'x9') in constr e168 is deemed risky
    + coeff -9.2504 of binomial ('x10', 'x6') in constr e168 is deemed risky
    + coeff -7.35708 of binomial ('x11', 'x6') in constr e168 is deemed risky
    + coeff -1.73674 of binomial ('x16', 'x6') in constr e168 is deemed risky
    + coeff 1.73674 of binomial ('x17', 'x6') in constr e168 is deemed risky
    + coeff 4.39148 of binomial ('x8', 'x9') in constr e168 is deemed risky
    + coeff -1.47803 of binomial ('x10', 'x8') in constr e168 is deemed risky
    + coeff 1.73674 of binomial ('x7', 'x8') in constr e168 is deemed risky
    + coeff 5.36741 of binomial ('x9', 'x9') in constr e168 is deemed risky
    + coeff -4.39148 of binomial ('x11', 'x9') in constr e168 is deemed risky
    + coeff 1.47803 of binomial ('x16', 'x9') in constr e168 is deemed risky
    + coeff -1.47803 of binomial ('x17', 'x9') in constr e168 is deemed risky
    + coeff 9.2504 of binomial ('x7', 'x9') in constr e168 is deemed risky
    + coeff 5.36741 of binomial ('x10', 'x10') in constr e168 is deemed risky
    + coeff 1.47803 of binomial ('x10', 'x11') in constr e168 is deemed risky
    + coeff 4.39148 of binomial ('x10', 'x16') in constr e168 is deemed risky
    + coeff -4.39148 of binomial ('x10', 'x17') in constr e168 is deemed risky
    + coeff 14.8708 of binomial ('x10', 'x7') in constr e168 is deemed risky
    + coeff -1.73674 of binomial ('x11', 'x7') in constr e168 is deemed risky
    + coeff 7.35708 of binomial ('x16', 'x7') in constr e168 is deemed risky
    + coeff -7.35708 of binomial ('x17', 'x7') in constr e168 is deemed risky
    + coeff 14.2857 of binomial ('x7', 'x7') in constr e168 is deemed risky
 - attempting to read: e169
    + coeff 14.2857 of binomial ('x6', 'x6') in constr e169 is deemed risky
    + coeff 7.35708 of binomial ('x6', 'x8') in constr e169 is deemed risky
    + coeff -12.0029 of binomial ('x12', 'x6') in constr e169 is deemed risky
    + coeff -1.08224 of binomial ('x13', 'x6') in constr e169 is deemed risky
    + coeff -7.35708 of binomial ('x14', 'x6') in constr e169 is deemed risky
    + coeff -1.73674 of binomial ('x16', 'x6') in constr e169 is deemed risky
    + coeff 1.73674 of binomial ('x18', 'x6') in constr e169 is deemed risky
    + coeff -3.02493 of binomial ('x12', 'x8') in constr e169 is deemed risky
    + coeff -1.00828 of binomial ('x13', 'x8') in constr e169 is deemed risky
    + coeff 1.73674 of binomial ('x7', 'x8') in constr e169 is deemed risky
    + coeff 2.54171 of binomial ('x12', 'x12') in constr e169 is deemed risky
    + coeff 3.02493 of binomial ('x12', 'x14') in constr e169 is deemed risky
    + coeff 1.00828 of binomial ('x12', 'x16') in constr e169 is deemed risky
    + coeff -1.00828 of binomial ('x12', 'x18') in constr e169 is deemed risky
    + coeff 1.08224 of binomial ('x12', 'x7') in constr e169 is deemed risky
    + coeff 2.54171 of binomial ('x13', 'x13') in constr e169 is deemed risky
    + coeff 1.00828 of binomial ('x13', 'x14') in constr e169 is deemed risky
    + coeff -3.02493 of binomial ('x13', 'x16') in constr e169 is deemed risky
    + coeff 3.02493 of binomial ('x13', 'x18') in constr e169 is deemed risky
    + coeff -12.0029 of binomial ('x13', 'x7') in constr e169 is deemed risky
    + coeff -1.73674 of binomial ('x14', 'x7') in constr e169 is deemed risky
    + coeff 7.35708 of binomial ('x16', 'x7') in constr e169 is deemed risky
    + coeff -7.35708 of binomial ('x18', 'x7') in constr e169 is deemed risky
    + coeff 14.2857 of binomial ('x7', 'x7') in constr e169 is deemed risky
 - attempting to read: e170
    + coeff 14.2857 of binomial ('x6', 'x6') in constr e170 is deemed risky
    + coeff 7.35708 of binomial ('x6', 'x8') in constr e170 is deemed risky
    + coeff -4.78782 of binomial ('x6', 'x9') in constr e170 is deemed risky
    + coeff 14.3629 of binomial ('x10', 'x6') in constr e170 is deemed risky
    + coeff -7.35708 of binomial ('x11', 'x6') in constr e170 is deemed risky
    + coeff -1.73674 of binomial ('x16', 'x6') in constr e170 is deemed risky
    + coeff 1.73674 of binomial ('x17', 'x6') in constr e170 is deemed risky
    + coeff -2.10592 of binomial ('x8', 'x9') in constr e170 is deemed risky
    + coeff 3.40739 of binomial ('x10', 'x8') in constr e170 is deemed risky
    + coeff 1.73674 of binomial ('x7', 'x8') in constr e170 is deemed risky
    + coeff 4.0113 of binomial ('x9', 'x9') in constr e170 is deemed risky
    + coeff 2.10592 of binomial ('x11', 'x9') in constr e170 is deemed risky
    + coeff -3.40739 of binomial ('x16', 'x9') in constr e170 is deemed risky
    + coeff 3.40739 of binomial ('x17', 'x9') in constr e170 is deemed risky
    + coeff -14.3629 of binomial ('x7', 'x9') in constr e170 is deemed risky
    + coeff 4.0113 of binomial ('x10', 'x10') in constr e170 is deemed risky
    + coeff -3.40739 of binomial ('x10', 'x11') in constr e170 is deemed risky
    + coeff -2.10592 of binomial ('x10', 'x16') in constr e170 is deemed risky
    + coeff 2.10592 of binomial ('x10', 'x17') in constr e170 is deemed risky
    + coeff -4.78782 of binomial ('x10', 'x7') in constr e170 is deemed risky
    + coeff -1.73674 of binomial ('x11', 'x7') in constr e170 is deemed risky
    + coeff 7.35708 of binomial ('x16', 'x7') in constr e170 is deemed risky
    + coeff -7.35708 of binomial ('x17', 'x7') in constr e170 is deemed risky
    + coeff 14.2857 of binomial ('x7', 'x7') in constr e170 is deemed risky
 - attempting to read: e171
    + coeff 14.2857 of binomial ('x6', 'x6') in constr e171 is deemed risky
    + coeff 7.35708 of binomial ('x6', 'x8') in constr e171 is deemed risky
    + coeff 7.05988 of binomial ('x12', 'x6') in constr e171 is deemed risky
    + coeff -7.43139 of binomial ('x13', 'x6') in constr e171 is deemed risky
    + coeff -7.35708 of binomial ('x14', 'x6') in constr e171 is deemed risky
    + coeff -1.73674 of binomial ('x16', 'x6') in constr e171 is deemed risky
    + coeff 1.73674 of binomial ('x18', 'x6') in constr e171 is deemed risky
    + coeff 2.26963 of binomial ('x12', 'x8') in constr e171 is deemed risky
    + coeff -1.48442 of binomial ('x13', 'x8') in constr e171 is deemed risky
    + coeff 1.73674 of binomial ('x7', 'x8') in constr e171 is deemed risky
    + coeff 1.83868 of binomial ('x12', 'x12') in constr e171 is deemed risky
    + coeff -2.26963 of binomial ('x12', 'x14') in constr e171 is deemed risky
    + coeff 1.48442 of binomial ('x12', 'x16') in constr e171 is deemed risky
    + coeff -1.48442 of binomial ('x12', 'x18') in constr e171 is deemed risky
    + coeff 7.43139 of binomial ('x12', 'x7') in constr e171 is deemed risky
    + coeff 1.83868 of binomial ('x13', 'x13') in constr e171 is deemed risky
    + coeff 1.48442 of binomial ('x13', 'x14') in constr e171 is deemed risky
    + coeff 2.26963 of binomial ('x13', 'x16') in constr e171 is deemed risky
    + coeff -2.26963 of binomial ('x13', 'x18') in constr e171 is deemed risky
    + coeff 7.05988 of binomial ('x13', 'x7') in constr e171 is deemed risky
    + coeff -1.73674 of binomial ('x14', 'x7') in constr e171 is deemed risky
    + coeff 7.35708 of binomial ('x16', 'x7') in constr e171 is deemed risky
    + coeff -7.35708 of binomial ('x18', 'x7') in constr e171 is deemed risky
    + coeff 14.2857 of binomial ('x7', 'x7') in constr e171 is deemed risky
 - attempting to read: e172
    + coeff 14.2857 of binomial ('x6', 'x6') in constr e172 is deemed risky
    + coeff 7.35708 of binomial ('x6', 'x8') in constr e172 is deemed risky
    + coeff 10.4125 of binomial ('x6', 'x9') in constr e172 is deemed risky
    + coeff -5.20627 of binomial ('x10', 'x6') in constr e172 is deemed risky
    + coeff -7.35708 of binomial ('x11', 'x6') in constr e172 is deemed risky
    + coeff -1.73674 of binomial ('x16', 'x6') in constr e172 is deemed risky
    + coeff 1.73674 of binomial ('x17', 'x6') in constr e172 is deemed risky
    + coeff 2.99767 of binomial ('x8', 'x9') in constr e172 is deemed risky
    + coeff -0.70767 of binomial ('x10', 'x8') in constr e172 is deemed risky
    + coeff 1.73674 of binomial ('x7', 'x8') in constr e172 is deemed risky
    + coeff 2.3717 of binomial ('x9', 'x9') in constr e172 is deemed risky
    + coeff -2.99767 of binomial ('x11', 'x9') in constr e172 is deemed risky
    + coeff 0.70767 of binomial ('x16', 'x9') in constr e172 is deemed risky
    + coeff -0.70767 of binomial ('x17', 'x9') in constr e172 is deemed risky
    + coeff 5.20627 of binomial ('x7', 'x9') in constr e172 is deemed risky
    + coeff 2.3717 of binomial ('x10', 'x10') in constr e172 is deemed risky
    + coeff 0.70767 of binomial ('x10', 'x11') in constr e172 is deemed risky
    + coeff 2.99767 of binomial ('x10', 'x16') in constr e172 is deemed risky
    + coeff -2.99767 of binomial ('x10', 'x17') in constr e172 is deemed risky
    + coeff 10.4125 of binomial ('x10', 'x7') in constr e172 is deemed risky
    + coeff -1.73674 of binomial ('x11', 'x7') in constr e172 is deemed risky
    + coeff 7.35708 of binomial ('x16', 'x7') in constr e172 is deemed risky
    + coeff -7.35708 of binomial ('x17', 'x7') in constr e172 is deemed risky
    + coeff 14.2857 of binomial ('x7', 'x7') in constr e172 is deemed risky
 - attempting to read: e173
    + coeff 14.2857 of binomial ('x6', 'x6') in constr e173 is deemed risky
    + coeff 7.35708 of binomial ('x6', 'x8') in constr e173 is deemed risky
    + coeff -18.2377 of binomial ('x12', 'x6') in constr e173 is deemed risky
    + coeff -1.64454 of binomial ('x13', 'x6') in constr e173 is deemed risky
    + coeff -7.35708 of binomial ('x14', 'x6') in constr e173 is deemed risky
    + coeff -1.73674 of binomial ('x16', 'x6') in constr e173 is deemed risky
    + coeff 1.73674 of binomial ('x18', 'x6') in constr e173 is deemed risky
    + coeff -4.5962 of binomial ('x12', 'x8') in constr e173 is deemed risky
    + coeff -1.53206 of binomial ('x13', 'x8') in constr e173 is deemed risky
    + coeff 1.73674 of binomial ('x7', 'x8') in constr e173 is deemed risky
    + coeff 5.86805 of binomial ('x12', 'x12') in constr e173 is deemed risky
    + coeff 4.5962 of binomial ('x12', 'x14') in constr e173 is deemed risky
    + coeff 1.53206 of binomial ('x12', 'x16') in constr e173 is deemed risky
    + coeff -1.53206 of binomial ('x12', 'x18') in constr e173 is deemed risky
    + coeff 1.64454 of binomial ('x12', 'x7') in constr e173 is deemed risky
    + coeff 5.86805 of binomial ('x13', 'x13') in constr e173 is deemed risky
    + coeff 1.53206 of binomial ('x13', 'x14') in constr e173 is deemed risky
    + coeff -4.5962 of binomial ('x13', 'x16') in constr e173 is deemed risky
    + coeff 4.5962 of binomial ('x13', 'x18') in constr e173 is deemed risky
    + coeff -18.2377 of binomial ('x13', 'x7') in constr e173 is deemed risky
    + coeff -1.73674 of binomial ('x14', 'x7') in constr e173 is deemed risky
    + coeff 7.35708 of binomial ('x16', 'x7') in constr e173 is deemed risky
    + coeff -7.35708 of binomial ('x18', 'x7') in constr e173 is deemed risky
    + coeff 14.2857 of binomial ('x7', 'x7') in constr e173 is deemed risky
 - attempting to read: e174
    + coeff 14.2857 of binomial ('x6', 'x6') in constr e174 is deemed risky
    + coeff 7.35708 of binomial ('x6', 'x8') in constr e174 is deemed risky
    + coeff -11.5102 of binomial ('x6', 'x9') in constr e174 is deemed risky
    + coeff -7.11398 of binomial ('x10', 'x6') in constr e174 is deemed risky
    + coeff -7.35708 of binomial ('x11', 'x6') in constr e174 is deemed risky
    + coeff -1.73674 of binomial ('x16', 'x6') in constr e174 is deemed risky
    + coeff 1.73674 of binomial ('x17', 'x6') in constr e174 is deemed risky
    + coeff -2.53143 of binomial ('x8', 'x9') in constr e174 is deemed risky
    + coeff -2.53149 of binomial ('x10', 'x8') in constr e174 is deemed risky
    + coeff 1.73674 of binomial ('x7', 'x8') in constr e174 is deemed risky
    + coeff 3.20415 of binomial ('x9', 'x9') in constr e174 is deemed risky
    + coeff 2.53143 of binomial ('x11', 'x9') in constr e174 is deemed risky
    + coeff 2.53149 of binomial ('x16', 'x9') in constr e174 is deemed risky
    + coeff -2.53149 of binomial ('x17', 'x9') in constr e174 is deemed risky
    + coeff 7.11398 of binomial ('x7', 'x9') in constr e174 is deemed risky
    + coeff 3.20415 of binomial ('x10', 'x10') in constr e174 is deemed risky
    + coeff 2.53149 of binomial ('x10', 'x11') in constr e174 is deemed risky
    + coeff -2.53143 of binomial ('x10', 'x16') in constr e174 is deemed risky
    + coeff 2.53143 of binomial ('x10', 'x17') in constr e174 is deemed risky
    + coeff -11.5102 of binomial ('x10', 'x7') in constr e174 is deemed risky
    + coeff -1.73674 of binomial ('x11', 'x7') in constr e174 is deemed risky
    + coeff 7.35708 of binomial ('x16', 'x7') in constr e174 is deemed risky
    + coeff -7.35708 of binomial ('x17', 'x7') in constr e174 is deemed risky
    + coeff 14.2857 of binomial ('x7', 'x7') in constr e174 is deemed risky
 - attempting to read: e175
    + coeff 14.2857 of binomial ('x6', 'x6') in constr e175 is deemed risky
    + coeff 7.35708 of binomial ('x6', 'x8') in constr e175 is deemed risky
    + coeff 4.59893 of binomial ('x12', 'x6') in constr e175 is deemed risky
    + coeff 8.63777 of binomial ('x13', 'x6') in constr e175 is deemed risky
    + coeff -7.35708 of binomial ('x14', 'x6') in constr e175 is deemed risky
    + coeff -1.73674 of binomial ('x16', 'x6') in constr e175 is deemed risky
    + coeff 1.73674 of binomial ('x18', 'x6') in constr e175 is deemed risky
    + coeff 0.659161 of binomial ('x12', 'x8') in constr e175 is deemed risky
    + coeff 2.50376 of binomial ('x13', 'x8') in constr e175 is deemed risky
    + coeff 1.73674 of binomial ('x7', 'x8') in constr e175 is deemed risky
    + coeff 1.67582 of binomial ('x12', 'x12') in constr e175 is deemed risky
    + coeff -0.659161 of binomial ('x12', 'x14') in constr e175 is deemed risky
    + coeff -2.50376 of binomial ('x12', 'x16') in constr e175 is deemed risky
    + coeff 2.50376 of binomial ('x12', 'x18') in constr e175 is deemed risky
    + coeff -8.63777 of binomial ('x12', 'x7') in constr e175 is deemed risky
    + coeff 1.67582 of binomial ('x13', 'x13') in constr e175 is deemed risky
    + coeff -2.50376 of binomial ('x13', 'x14') in constr e175 is deemed risky
    + coeff 0.659161 of binomial ('x13', 'x16') in constr e175 is deemed risky
    + coeff -0.659161 of binomial ('x13', 'x18') in constr e175 is deemed risky
    + coeff 4.59893 of binomial ('x13', 'x7') in constr e175 is deemed risky
    + coeff -1.73674 of binomial ('x14', 'x7') in constr e175 is deemed risky
    + coeff 7.35708 of binomial ('x16', 'x7') in constr e175 is deemed risky
    + coeff -7.35708 of binomial ('x18', 'x7') in constr e175 is deemed risky
    + coeff 14.2857 of binomial ('x7', 'x7') in constr e175 is deemed risky
 - attempting to read: e176
    + coeff 2.3717 of binomial ('x9', 'x9') in constr e176 is deemed risky
    + coeff -2.99767 of binomial ('x11', 'x9') in constr e176 is deemed risky
    + coeff 2.99767 of binomial ('x14', 'x9') in constr e176 is deemed risky
    + coeff -0.70767 of binomial ('x17', 'x9') in constr e176 is deemed risky
    + coeff 0.70767 of binomial ('x18', 'x9') in constr e176 is deemed risky
    + coeff 0.70767 of binomial ('x10', 'x11') in constr e176 is deemed risky
    + coeff -0.70767 of binomial ('x10', 'x14') in constr e176 is deemed risky
    + coeff -2.99767 of binomial ('x10', 'x17') in constr e176 is deemed risky
    + coeff 2.99767 of binomial ('x10', 'x18') in constr e176 is deemed risky
    + coeff 2.3717 of binomial ('x10', 'x10') in constr e176 is deemed risky
 - attempting to read: e177
    + coeff 2.3717 of binomial ('x9', 'x9') in constr e177 is deemed risky
    + coeff -2.99767 of binomial ('x11', 'x9') in constr e177 is deemed risky
    + coeff 4.1771 of binomial ('x12', 'x9') in constr e177 is deemed risky
    + coeff 2.58157 of binomial ('x13', 'x9') in constr e177 is deemed risky
    + coeff 2.99767 of binomial ('x14', 'x9') in constr e177 is deemed risky
    + coeff -0.70767 of binomial ('x17', 'x9') in constr e177 is deemed risky
    + coeff 0.70767 of binomial ('x18', 'x9') in constr e177 is deemed risky
    + coeff -3.02493 of binomial ('x11', 'x12') in constr e177 is deemed risky
    + coeff -1.00828 of binomial ('x11', 'x13') in constr e177 is deemed risky
    + coeff 0.70767 of binomial ('x10', 'x11') in constr e177 is deemed risky
    + coeff 2.54171 of binomial ('x12', 'x12') in constr e177 is deemed risky
    + coeff 3.02493 of binomial ('x12', 'x14') in constr e177 is deemed risky
    + coeff 1.00828 of binomial ('x12', 'x17') in constr e177 is deemed risky
    + coeff -1.00828 of binomial ('x12', 'x18') in constr e177 is deemed risky
    + coeff -2.58157 of binomial ('x10', 'x12') in constr e177 is deemed risky
    + coeff 2.54171 of binomial ('x13', 'x13') in constr e177 is deemed risky
    + coeff 1.00828 of binomial ('x13', 'x14') in constr e177 is deemed risky
    + coeff -3.02493 of binomial ('x13', 'x17') in constr e177 is deemed risky
    + coeff 3.02493 of binomial ('x13', 'x18') in constr e177 is deemed risky
    + coeff 4.1771 of binomial ('x10', 'x13') in constr e177 is deemed risky
    + coeff -0.70767 of binomial ('x10', 'x14') in constr e177 is deemed risky
    + coeff -2.99767 of binomial ('x10', 'x17') in constr e177 is deemed risky
    + coeff 2.99767 of binomial ('x10', 'x18') in constr e177 is deemed risky
    + coeff 2.3717 of binomial ('x10', 'x10') in constr e177 is deemed risky
 - attempting to read: e178
    + coeff 2.3717 of binomial ('x9', 'x9') in constr e178 is deemed risky
    + coeff -2.99767 of binomial ('x11', 'x9') in constr e178 is deemed risky
    + coeff -3.92703 of binomial ('x12', 'x9') in constr e178 is deemed risky
    + coeff 1.42183 of binomial ('x13', 'x9') in constr e178 is deemed risky
    + coeff 2.99767 of binomial ('x14', 'x9') in constr e178 is deemed risky
    + coeff -0.70767 of binomial ('x17', 'x9') in constr e178 is deemed risky
    + coeff 0.70767 of binomial ('x18', 'x9') in constr e178 is deemed risky
    + coeff 2.26963 of binomial ('x11', 'x12') in constr e178 is deemed risky
    + coeff -1.48442 of binomial ('x11', 'x13') in constr e178 is deemed risky
    + coeff 0.70767 of binomial ('x10', 'x11') in constr e178 is deemed risky
    + coeff 1.83868 of binomial ('x12', 'x12') in constr e178 is deemed risky
    + coeff -2.26963 of binomial ('x12', 'x14') in constr e178 is deemed risky
    + coeff 1.48442 of binomial ('x12', 'x17') in constr e178 is deemed risky
    + coeff -1.48442 of binomial ('x12', 'x18') in constr e178 is deemed risky
    + coeff -1.42183 of binomial ('x10', 'x12') in constr e178 is deemed risky
    + coeff 1.83868 of binomial ('x13', 'x13') in constr e178 is deemed risky
    + coeff 1.48442 of binomial ('x13', 'x14') in constr e178 is deemed risky
    + coeff 2.26963 of binomial ('x13', 'x17') in constr e178 is deemed risky
    + coeff -2.26963 of binomial ('x13', 'x18') in constr e178 is deemed risky
    + coeff -3.92703 of binomial ('x10', 'x13') in constr e178 is deemed risky
    + coeff -0.70767 of binomial ('x10', 'x14') in constr e178 is deemed risky
    + coeff -2.99767 of binomial ('x10', 'x17') in constr e178 is deemed risky
    + coeff 2.99767 of binomial ('x10', 'x18') in constr e178 is deemed risky
    + coeff 2.3717 of binomial ('x10', 'x10') in constr e178 is deemed risky
 - attempting to read: e179
    + coeff 2.3717 of binomial ('x9', 'x9') in constr e179 is deemed risky
    + coeff -2.99767 of binomial ('x11', 'x9') in constr e179 is deemed risky
    + coeff 6.34684 of binomial ('x12', 'x9') in constr e179 is deemed risky
    + coeff 3.92259 of binomial ('x13', 'x9') in constr e179 is deemed risky
    + coeff 2.99767 of binomial ('x14', 'x9') in constr e179 is deemed risky
    + coeff -0.70767 of binomial ('x17', 'x9') in constr e179 is deemed risky
    + coeff 0.70767 of binomial ('x18', 'x9') in constr e179 is deemed risky
    + coeff -4.5962 of binomial ('x11', 'x12') in constr e179 is deemed risky
    + coeff -1.53206 of binomial ('x11', 'x13') in constr e179 is deemed risky
    + coeff 0.70767 of binomial ('x10', 'x11') in constr e179 is deemed risky
    + coeff 5.86805 of binomial ('x12', 'x12') in constr e179 is deemed risky
    + coeff 4.5962 of binomial ('x12', 'x14') in constr e179 is deemed risky
    + coeff 1.53206 of binomial ('x12', 'x17') in constr e179 is deemed risky
    + coeff -1.53206 of binomial ('x12', 'x18') in constr e179 is deemed risky
    + coeff -3.92259 of binomial ('x10', 'x12') in constr e179 is deemed risky
    + coeff 5.86805 of binomial ('x13', 'x13') in constr e179 is deemed risky
    + coeff 1.53206 of binomial ('x13', 'x14') in constr e179 is deemed risky
    + coeff -4.5962 of binomial ('x13', 'x17') in constr e179 is deemed risky
    + coeff 4.5962 of binomial ('x13', 'x18') in constr e179 is deemed risky
    + coeff 6.34684 of binomial ('x10', 'x13') in constr e179 is deemed risky
    + coeff -0.70767 of binomial ('x10', 'x14') in constr e179 is deemed risky
    + coeff -2.99767 of binomial ('x10', 'x17') in constr e179 is deemed risky
    + coeff 2.99767 of binomial ('x10', 'x18') in constr e179 is deemed risky
    + coeff 2.3717 of binomial ('x10', 'x10') in constr e179 is deemed risky
 - attempting to read: e180
    + coeff 2.3717 of binomial ('x9', 'x9') in constr e180 is deemed risky
    + coeff -2.99767 of binomial ('x11', 'x9') in constr e180 is deemed risky
    + coeff -0.102056 of binomial ('x12', 'x9') in constr e180 is deemed risky
    + coeff -3.98595 of binomial ('x13', 'x9') in constr e180 is deemed risky
    + coeff 2.99767 of binomial ('x14', 'x9') in constr e180 is deemed risky
    + coeff -0.70767 of binomial ('x17', 'x9') in constr e180 is deemed risky
    + coeff 0.70767 of binomial ('x18', 'x9') in constr e180 is deemed risky
    + coeff 0.659161 of binomial ('x11', 'x12') in constr e180 is deemed risky
    + coeff 2.50376 of binomial ('x11', 'x13') in constr e180 is deemed risky
    + coeff 0.70767 of binomial ('x10', 'x11') in constr e180 is deemed risky
    + coeff 1.67582 of binomial ('x12', 'x12') in constr e180 is deemed risky
    + coeff -0.659161 of binomial ('x12', 'x14') in constr e180 is deemed risky
    + coeff -2.50376 of binomial ('x12', 'x17') in constr e180 is deemed risky
    + coeff 2.50376 of binomial ('x12', 'x18') in constr e180 is deemed risky
    + coeff 3.98595 of binomial ('x10', 'x12') in constr e180 is deemed risky
    + coeff 1.67582 of binomial ('x13', 'x13') in constr e180 is deemed risky
    + coeff -2.50376 of binomial ('x13', 'x14') in constr e180 is deemed risky
    + coeff 0.659161 of binomial ('x13', 'x17') in constr e180 is deemed risky
    + coeff -0.659161 of binomial ('x13', 'x18') in constr e180 is deemed risky
    + coeff -0.102056 of binomial ('x10', 'x13') in constr e180 is deemed risky
    + coeff -0.70767 of binomial ('x10', 'x14') in constr e180 is deemed risky
    + coeff -2.99767 of binomial ('x10', 'x17') in constr e180 is deemed risky
    + coeff 2.99767 of binomial ('x10', 'x18') in constr e180 is deemed risky
    + coeff 2.3717 of binomial ('x10', 'x10') in constr e180 is deemed risky
 - attempting to read: e181
    + coeff 3.49134 of binomial ('x3', 'x3') in constr e181 is deemed risky
    + coeff -0.338139 of binomial ('x3', 'x5') in constr e181 is deemed risky
    + coeff 0.338139 of binomial ('x3', 'x8') in constr e181 is deemed risky
    + coeff 3.7217 of binomial ('x15', 'x3') in constr e181 is deemed risky
    + coeff -3.7217 of binomial ('x16', 'x3') in constr e181 is deemed risky
    + coeff -3.7217 of binomial ('x4', 'x5') in constr e181 is deemed risky
    + coeff 3.7217 of binomial ('x4', 'x8') in constr e181 is deemed risky
    + coeff -0.338139 of binomial ('x15', 'x4') in constr e181 is deemed risky
    + coeff 0.338139 of binomial ('x16', 'x4') in constr e181 is deemed risky
    + coeff 3.49134 of binomial ('x4', 'x4') in constr e181 is deemed risky
 - attempting to read: e182
    + coeff 3.49134 of binomial ('x3', 'x3') in constr e182 is deemed risky
    + coeff -0.338139 of binomial ('x3', 'x5') in constr e182 is deemed risky
    + coeff 0.338139 of binomial ('x11', 'x3') in constr e182 is deemed risky
    + coeff 3.7217 of binomial ('x15', 'x3') in constr e182 is deemed risky
    + coeff -3.7217 of binomial ('x17', 'x3') in constr e182 is deemed risky
    + coeff -3.7217 of binomial ('x4', 'x5') in constr e182 is deemed risky
    + coeff 3.7217 of binomial ('x11', 'x4') in constr e182 is deemed risky
    + coeff -0.338139 of binomial ('x15', 'x4') in constr e182 is deemed risky
    + coeff 0.338139 of binomial ('x17', 'x4') in constr e182 is deemed risky
    + coeff 3.49134 of binomial ('x4', 'x4') in constr e182 is deemed risky
 - attempting to read: e183
    + coeff 3.49134 of binomial ('x3', 'x3') in constr e183 is deemed risky
    + coeff -0.338139 of binomial ('x3', 'x5') in constr e183 is deemed risky
    + coeff 0.338139 of binomial ('x14', 'x3') in constr e183 is deemed risky
    + coeff 3.7217 of binomial ('x15', 'x3') in constr e183 is deemed risky
    + coeff -3.7217 of binomial ('x18', 'x3') in constr e183 is deemed risky
    + coeff -3.7217 of binomial ('x4', 'x5') in constr e183 is deemed risky
    + coeff 3.7217 of binomial ('x14', 'x4') in constr e183 is deemed risky
    + coeff -0.338139 of binomial ('x15', 'x4') in constr e183 is deemed risky
    + coeff 0.338139 of binomial ('x18', 'x4') in constr e183 is deemed risky
    + coeff 3.49134 of binomial ('x4', 'x4') in constr e183 is deemed risky
 - attempting to read: e184
    + coeff 3.49134 of binomial ('x3', 'x3') in constr e184 is deemed risky
    + coeff -0.338139 of binomial ('x3', 'x5') in constr e184 is deemed risky
    + coeff 2.75187 of binomial ('x3', 'x6') in constr e184 is deemed risky
    + coeff -8.23724 of binomial ('x3', 'x7') in constr e184 is deemed risky
    + coeff 0.338139 of binomial ('x3', 'x8') in constr e184 is deemed risky
    + coeff 3.7217 of binomial ('x15', 'x3') in constr e184 is deemed risky
    + coeff -3.7217 of binomial ('x16', 'x3') in constr e184 is deemed risky
    + coeff -4.52362 of binomial ('x5', 'x6') in constr e184 is deemed risky
    + coeff -1.06783 of binomial ('x5', 'x7') in constr e184 is deemed risky
    + coeff -3.7217 of binomial ('x4', 'x5') in constr e184 is deemed risky
    + coeff 5.40085 of binomial ('x6', 'x6') in constr e184 is deemed risky
    + coeff 4.52362 of binomial ('x6', 'x8') in constr e184 is deemed risky
    + coeff 1.06783 of binomial ('x15', 'x6') in constr e184 is deemed risky
    + coeff -1.06783 of binomial ('x16', 'x6') in constr e184 is deemed risky
    + coeff 8.23724 of binomial ('x4', 'x6') in constr e184 is deemed risky
    + coeff 5.40085 of binomial ('x7', 'x7') in constr e184 is deemed risky
    + coeff 1.06783 of binomial ('x7', 'x8') in constr e184 is deemed risky
    + coeff -4.52362 of binomial ('x15', 'x7') in constr e184 is deemed risky
    + coeff 4.52362 of binomial ('x16', 'x7') in constr e184 is deemed risky
    + coeff 2.75187 of binomial ('x4', 'x7') in constr e184 is deemed risky
    + coeff 3.7217 of binomial ('x4', 'x8') in constr e184 is deemed risky
    + coeff -0.338139 of binomial ('x15', 'x4') in constr e184 is deemed risky
    + coeff 0.338139 of binomial ('x16', 'x4') in constr e184 is deemed risky
    + coeff 3.49134 of binomial ('x4', 'x4') in constr e184 is deemed risky
 - attempting to read: e185
    + coeff 3.49134 of binomial ('x3', 'x3') in constr e185 is deemed risky
    + coeff -0.338139 of binomial ('x3', 'x5') in constr e185 is deemed risky
    + coeff 2.00792 of binomial ('x3', 'x9') in constr e185 is deemed risky
    + coeff 8.42177 of binomial ('x10', 'x3') in constr e185 is deemed risky
    + coeff 0.338139 of binomial ('x11', 'x3') in constr e185 is deemed risky
    + coeff 3.7217 of binomial ('x15', 'x3') in constr e185 is deemed risky
    + coeff -3.7217 of binomial ('x17', 'x3') in constr e185 is deemed risky
    + coeff 4.39148 of binomial ('x5', 'x9') in constr e185 is deemed risky
    + coeff -1.47803 of binomial ('x10', 'x5') in constr e185 is deemed risky
    + coeff -3.7217 of binomial ('x4', 'x5') in constr e185 is deemed risky
    + coeff 5.36741 of binomial ('x9', 'x9') in constr e185 is deemed risky
    + coeff -4.39148 of binomial ('x11', 'x9') in constr e185 is deemed risky
    + coeff 1.47803 of binomial ('x15', 'x9') in constr e185 is deemed risky
    + coeff -1.47803 of binomial ('x17', 'x9') in constr e185 is deemed risky
    + coeff -8.42177 of binomial ('x4', 'x9') in constr e185 is deemed risky
    + coeff 5.36741 of binomial ('x10', 'x10') in constr e185 is deemed risky
    + coeff 1.47803 of binomial ('x10', 'x11') in constr e185 is deemed risky
    + coeff 4.39148 of binomial ('x10', 'x15') in constr e185 is deemed risky
    + coeff -4.39148 of binomial ('x10', 'x17') in constr e185 is deemed risky
    + coeff 2.00792 of binomial ('x10', 'x4') in constr e185 is deemed risky
    + coeff 3.7217 of binomial ('x11', 'x4') in constr e185 is deemed risky
    + coeff -0.338139 of binomial ('x15', 'x4') in constr e185 is deemed risky
    + coeff 0.338139 of binomial ('x17', 'x4') in constr e185 is deemed risky
    + coeff 3.49134 of binomial ('x4', 'x4') in constr e185 is deemed risky
 - attempting to read: e186
    + coeff 3.49134 of binomial ('x3', 'x3') in constr e186 is deemed risky
    + coeff -0.338139 of binomial ('x3', 'x5') in constr e186 is deemed risky
    + coeff 2.38768 of binomial ('x12', 'x3') in constr e186 is deemed risky
    + coeff -5.45847 of binomial ('x13', 'x3') in constr e186 is deemed risky
    + coeff 0.338139 of binomial ('x14', 'x3') in constr e186 is deemed risky
    + coeff 3.7217 of binomial ('x15', 'x3') in constr e186 is deemed risky
    + coeff -3.7217 of binomial ('x18', 'x3') in constr e186 is deemed risky
    + coeff -3.02493 of binomial ('x12', 'x5') in constr e186 is deemed risky
    + coeff -1.00828 of binomial ('x13', 'x5') in constr e186 is deemed risky
    + coeff -3.7217 of binomial ('x4', 'x5') in constr e186 is deemed risky
    + coeff 2.54171 of binomial ('x12', 'x12') in constr e186 is deemed risky
    + coeff 3.02493 of binomial ('x12', 'x14') in constr e186 is deemed risky
    + coeff 1.00828 of binomial ('x12', 'x15') in constr e186 is deemed risky
    + coeff -1.00828 of binomial ('x12', 'x18') in constr e186 is deemed risky
    + coeff 5.45847 of binomial ('x12', 'x4') in constr e186 is deemed risky
    + coeff 2.54171 of binomial ('x13', 'x13') in constr e186 is deemed risky
    + coeff 1.00828 of binomial ('x13', 'x14') in constr e186 is deemed risky
    + coeff -3.02493 of binomial ('x13', 'x15') in constr e186 is deemed risky
    + coeff 3.02493 of binomial ('x13', 'x18') in constr e186 is deemed risky
    + coeff 2.38768 of binomial ('x13', 'x4') in constr e186 is deemed risky
    + coeff 3.7217 of binomial ('x14', 'x4') in constr e186 is deemed risky
    + coeff -0.338139 of binomial ('x15', 'x4') in constr e186 is deemed risky
    + coeff 0.338139 of binomial ('x18', 'x4') in constr e186 is deemed risky
    + coeff 3.49134 of binomial ('x4', 'x4') in constr e186 is deemed risky
 - attempting to read: e187
    + coeff 3.49134 of binomial ('x3', 'x3') in constr e187 is deemed risky
    + coeff -0.338139 of binomial ('x3', 'x5') in constr e187 is deemed risky
    + coeff 2.02344 of binomial ('x3', 'x6') in constr e187 is deemed risky
    + coeff 7.7066 of binomial ('x3', 'x7') in constr e187 is deemed risky
    + coeff 0.338139 of binomial ('x3', 'x8') in constr e187 is deemed risky
    + coeff 3.7217 of binomial ('x15', 'x3') in constr e187 is deemed risky
    + coeff -3.7217 of binomial ('x16', 'x3') in constr e187 is deemed risky
    + coeff 4.00955 of binomial ('x5', 'x6') in constr e187 is deemed risky
    + coeff -1.45167 of binomial ('x5', 'x7') in constr e187 is deemed risky
    + coeff -3.7217 of binomial ('x4', 'x5') in constr e187 is deemed risky
    + coeff 4.54596 of binomial ('x6', 'x6') in constr e187 is deemed risky
    + coeff -4.00955 of binomial ('x6', 'x8') in constr e187 is deemed risky
    + coeff 1.45167 of binomial ('x15', 'x6') in constr e187 is deemed risky
    + coeff -1.45167 of binomial ('x16', 'x6') in constr e187 is deemed risky
    + coeff -7.7066 of binomial ('x4', 'x6') in constr e187 is deemed risky
    + coeff 4.54596 of binomial ('x7', 'x7') in constr e187 is deemed risky
    + coeff 1.45167 of binomial ('x7', 'x8') in constr e187 is deemed risky
    + coeff 4.00955 of binomial ('x15', 'x7') in constr e187 is deemed risky
    + coeff -4.00955 of binomial ('x16', 'x7') in constr e187 is deemed risky
    + coeff 2.02344 of binomial ('x4', 'x7') in constr e187 is deemed risky
    + coeff 3.7217 of binomial ('x4', 'x8') in constr e187 is deemed risky
    + coeff -0.338139 of binomial ('x15', 'x4') in constr e187 is deemed risky
    + coeff 0.338139 of binomial ('x16', 'x4') in constr e187 is deemed risky
    + coeff 3.49134 of binomial ('x4', 'x4') in constr e187 is deemed risky
 - attempting to read: e188
    + coeff 3.49134 of binomial ('x3', 'x3') in constr e188 is deemed risky
    + coeff -0.338139 of binomial ('x3', 'x5') in constr e188 is deemed risky
    + coeff -5.98459 of binomial ('x3', 'x9') in constr e188 is deemed risky
    + coeff -4.49488 of binomial ('x10', 'x3') in constr e188 is deemed risky
    + coeff 0.338139 of binomial ('x11', 'x3') in constr e188 is deemed risky
    + coeff 3.7217 of binomial ('x15', 'x3') in constr e188 is deemed risky
    + coeff -3.7217 of binomial ('x17', 'x3') in constr e188 is deemed risky
    + coeff -2.10592 of binomial ('x5', 'x9') in constr e188 is deemed risky
    + coeff 3.40739 of binomial ('x10', 'x5') in constr e188 is deemed risky
    + coeff -3.7217 of binomial ('x4', 'x5') in constr e188 is deemed risky
    + coeff 4.0113 of binomial ('x9', 'x9') in constr e188 is deemed risky
    + coeff 2.10592 of binomial ('x11', 'x9') in constr e188 is deemed risky
    + coeff -3.40739 of binomial ('x15', 'x9') in constr e188 is deemed risky
    + coeff 3.40739 of binomial ('x17', 'x9') in constr e188 is deemed risky
    + coeff 4.49488 of binomial ('x4', 'x9') in constr e188 is deemed risky
    + coeff 4.0113 of binomial ('x10', 'x10') in constr e188 is deemed risky
    + coeff -3.40739 of binomial ('x10', 'x11') in constr e188 is deemed risky
    + coeff -2.10592 of binomial ('x10', 'x15') in constr e188 is deemed risky
    + coeff 2.10592 of binomial ('x10', 'x17') in constr e188 is deemed risky
    + coeff -5.98459 of binomial ('x10', 'x4') in constr e188 is deemed risky
    + coeff 3.7217 of binomial ('x11', 'x4') in constr e188 is deemed risky
    + coeff -0.338139 of binomial ('x15', 'x4') in constr e188 is deemed risky
    + coeff 0.338139 of binomial ('x17', 'x4') in constr e188 is deemed risky
    + coeff 3.49134 of binomial ('x4', 'x4') in constr e188 is deemed risky
 - attempting to read: e189
    + coeff 3.49134 of binomial ('x3', 'x3') in constr e189 is deemed risky
    + coeff -0.338139 of binomial ('x3', 'x5') in constr e189 is deemed risky
    + coeff 2.37856 of binomial ('x12', 'x3') in constr e189 is deemed risky
    + coeff 4.4744 of binomial ('x13', 'x3') in constr e189 is deemed risky
    + coeff 0.338139 of binomial ('x14', 'x3') in constr e189 is deemed risky
    + coeff 3.7217 of binomial ('x15', 'x3') in constr e189 is deemed risky
    + coeff -3.7217 of binomial ('x18', 'x3') in constr e189 is deemed risky
    + coeff 2.26963 of binomial ('x12', 'x5') in constr e189 is deemed risky
    + coeff -1.48442 of binomial ('x13', 'x5') in constr e189 is deemed risky
    + coeff -3.7217 of binomial ('x4', 'x5') in constr e189 is deemed risky
    + coeff 1.83868 of binomial ('x12', 'x12') in constr e189 is deemed risky
    + coeff -2.26963 of binomial ('x12', 'x14') in constr e189 is deemed risky
    + coeff 1.48442 of binomial ('x12', 'x15') in constr e189 is deemed risky
    + coeff -1.48442 of binomial ('x12', 'x18') in constr e189 is deemed risky
    + coeff -4.4744 of binomial ('x12', 'x4') in constr e189 is deemed risky
    + coeff 1.83868 of binomial ('x13', 'x13') in constr e189 is deemed risky
    + coeff 1.48442 of binomial ('x13', 'x14') in constr e189 is deemed risky
    + coeff 2.26963 of binomial ('x13', 'x15') in constr e189 is deemed risky
    + coeff -2.26963 of binomial ('x13', 'x18') in constr e189 is deemed risky
    + coeff 2.37856 of binomial ('x13', 'x4') in constr e189 is deemed risky
    + coeff 3.7217 of binomial ('x14', 'x4') in constr e189 is deemed risky
    + coeff -0.338139 of binomial ('x15', 'x4') in constr e189 is deemed risky
    + coeff 0.338139 of binomial ('x18', 'x4') in constr e189 is deemed risky
    + coeff 3.49134 of binomial ('x4', 'x4') in constr e189 is deemed risky
 - attempting to read: e190
    + coeff 3.49134 of binomial ('x3', 'x3') in constr e190 is deemed risky
    + coeff -0.338139 of binomial ('x3', 'x5') in constr e190 is deemed risky
    + coeff 4.47566 of binomial ('x3', 'x6') in constr e190 is deemed risky
    + coeff -13.3968 of binomial ('x3', 'x7') in constr e190 is deemed risky
    + coeff 0.338139 of binomial ('x3', 'x8') in constr e190 is deemed risky
    + coeff 3.7217 of binomial ('x15', 'x3') in constr e190 is deemed risky
    + coeff -3.7217 of binomial ('x16', 'x3') in constr e190 is deemed risky
    + coeff -7.35708 of binomial ('x5', 'x6') in constr e190 is deemed risky
    + coeff -1.73674 of binomial ('x5', 'x7') in constr e190 is deemed risky
    + coeff -3.7217 of binomial ('x4', 'x5') in constr e190 is deemed risky
    + coeff 14.2857 of binomial ('x6', 'x6') in constr e190 is deemed risky
    + coeff 7.35708 of binomial ('x6', 'x8') in constr e190 is deemed risky
    + coeff 1.73674 of binomial ('x15', 'x6') in constr e190 is deemed risky
    + coeff -1.73674 of binomial ('x16', 'x6') in constr e190 is deemed risky
    + coeff 13.3968 of binomial ('x4', 'x6') in constr e190 is deemed risky
    + coeff 14.2857 of binomial ('x7', 'x7') in constr e190 is deemed risky
    + coeff 1.73674 of binomial ('x7', 'x8') in constr e190 is deemed risky
    + coeff -7.35708 of binomial ('x15', 'x7') in constr e190 is deemed risky
    + coeff 7.35708 of binomial ('x16', 'x7') in constr e190 is deemed risky
    + coeff 4.47566 of binomial ('x4', 'x7') in constr e190 is deemed risky
    + coeff 3.7217 of binomial ('x4', 'x8') in constr e190 is deemed risky
    + coeff -0.338139 of binomial ('x15', 'x4') in constr e190 is deemed risky
    + coeff 0.338139 of binomial ('x16', 'x4') in constr e190 is deemed risky
    + coeff 3.49134 of binomial ('x4', 'x4') in constr e190 is deemed risky
 - attempting to read: e191
    + coeff 3.49134 of binomial ('x3', 'x3') in constr e191 is deemed risky
    + coeff -0.338139 of binomial ('x3', 'x5') in constr e191 is deemed risky
    + coeff 0.810052 of binomial ('x3', 'x9') in constr e191 is deemed risky
    + coeff 5.69785 of binomial ('x10', 'x3') in constr e191 is deemed risky
    + coeff 0.338139 of binomial ('x11', 'x3') in constr e191 is deemed risky
    + coeff 3.7217 of binomial ('x15', 'x3') in constr e191 is deemed risky
    + coeff -3.7217 of binomial ('x17', 'x3') in constr e191 is deemed risky
    + coeff 2.99767 of binomial ('x5', 'x9') in constr e191 is deemed risky
    + coeff -0.70767 of binomial ('x10', 'x5') in constr e191 is deemed risky
    + coeff -3.7217 of binomial ('x4', 'x5') in constr e191 is deemed risky
    + coeff 2.3717 of binomial ('x9', 'x9') in constr e191 is deemed risky
    + coeff -2.99767 of binomial ('x11', 'x9') in constr e191 is deemed risky
    + coeff 0.70767 of binomial ('x15', 'x9') in constr e191 is deemed risky
    + coeff -0.70767 of binomial ('x17', 'x9') in constr e191 is deemed risky
    + coeff -5.69785 of binomial ('x4', 'x9') in constr e191 is deemed risky
    + coeff 2.3717 of binomial ('x10', 'x10') in constr e191 is deemed risky
    + coeff 0.70767 of binomial ('x10', 'x11') in constr e191 is deemed risky
    + coeff 2.99767 of binomial ('x10', 'x15') in constr e191 is deemed risky
    + coeff -2.99767 of binomial ('x10', 'x17') in constr e191 is deemed risky
    + coeff 0.810052 of binomial ('x10', 'x4') in constr e191 is deemed risky
    + coeff 3.7217 of binomial ('x11', 'x4') in constr e191 is deemed risky
    + coeff -0.338139 of binomial ('x15', 'x4') in constr e191 is deemed risky
    + coeff 0.338139 of binomial ('x17', 'x4') in constr e191 is deemed risky
    + coeff 3.49134 of binomial ('x4', 'x4') in constr e191 is deemed risky
 - attempting to read: e192
    + coeff 3.49134 of binomial ('x3', 'x3') in constr e192 is deemed risky
    + coeff -0.338139 of binomial ('x3', 'x5') in constr e192 is deemed risky
    + coeff 3.628 of binomial ('x12', 'x3') in constr e192 is deemed risky
    + coeff -8.2938 of binomial ('x13', 'x3') in constr e192 is deemed risky
    + coeff 0.338139 of binomial ('x14', 'x3') in constr e192 is deemed risky
    + coeff 3.7217 of binomial ('x15', 'x3') in constr e192 is deemed risky
    + coeff -3.7217 of binomial ('x18', 'x3') in constr e192 is deemed risky
    + coeff -4.5962 of binomial ('x12', 'x5') in constr e192 is deemed risky
    + coeff -1.53206 of binomial ('x13', 'x5') in constr e192 is deemed risky
    + coeff -3.7217 of binomial ('x4', 'x5') in constr e192 is deemed risky
    + coeff 5.86805 of binomial ('x12', 'x12') in constr e192 is deemed risky
    + coeff 4.5962 of binomial ('x12', 'x14') in constr e192 is deemed risky
    + coeff 1.53206 of binomial ('x12', 'x15') in constr e192 is deemed risky
    + coeff -1.53206 of binomial ('x12', 'x18') in constr e192 is deemed risky
    + coeff 8.2938 of binomial ('x12', 'x4') in constr e192 is deemed risky
    + coeff 5.86805 of binomial ('x13', 'x13') in constr e192 is deemed risky
    + coeff 1.53206 of binomial ('x13', 'x14') in constr e192 is deemed risky
    + coeff -4.5962 of binomial ('x13', 'x15') in constr e192 is deemed risky
    + coeff 4.5962 of binomial ('x13', 'x18') in constr e192 is deemed risky
    + coeff 3.628 of binomial ('x13', 'x4') in constr e192 is deemed risky
    + coeff 3.7217 of binomial ('x14', 'x4') in constr e192 is deemed risky
    + coeff -0.338139 of binomial ('x15', 'x4') in constr e192 is deemed risky
    + coeff 0.338139 of binomial ('x18', 'x4') in constr e192 is deemed risky
    + coeff 3.49134 of binomial ('x4', 'x4') in constr e192 is deemed risky
 - attempting to read: e193
    + coeff 3.49134 of binomial ('x3', 'x3') in constr e193 is deemed risky
    + coeff -0.338139 of binomial ('x3', 'x5') in constr e193 is deemed risky
    + coeff 5.55525 of binomial ('x3', 'x6') in constr e193 is deemed risky
    + coeff -16.6284 of binomial ('x3', 'x7') in constr e193 is deemed risky
    + coeff 0.338139 of binomial ('x3', 'x8') in constr e193 is deemed risky
    + coeff 3.7217 of binomial ('x15', 'x3') in constr e193 is deemed risky
    + coeff -3.7217 of binomial ('x16', 'x3') in constr e193 is deemed risky
    + coeff -9.13177 of binomial ('x5', 'x6') in constr e193 is deemed risky
    + coeff -2.15565 of binomial ('x5', 'x7') in constr e193 is deemed risky
    + coeff -3.7217 of binomial ('x4', 'x5') in constr e193 is deemed risky
    + coeff 22.009 of binomial ('x6', 'x6') in constr e193 is deemed risky
    + coeff 9.13177 of binomial ('x6', 'x8') in constr e193 is deemed risky
    + coeff 2.15565 of binomial ('x15', 'x6') in constr e193 is deemed risky
    + coeff -2.15565 of binomial ('x16', 'x6') in constr e193 is deemed risky
    + coeff 16.6284 of binomial ('x4', 'x6') in constr e193 is deemed risky
    + coeff 22.009 of binomial ('x7', 'x7') in constr e193 is deemed risky
    + coeff 2.15565 of binomial ('x7', 'x8') in constr e193 is deemed risky
    + coeff -9.13177 of binomial ('x15', 'x7') in constr e193 is deemed risky
    + coeff 9.13177 of binomial ('x16', 'x7') in constr e193 is deemed risky
    + coeff 5.55525 of binomial ('x4', 'x7') in constr e193 is deemed risky
    + coeff 3.7217 of binomial ('x4', 'x8') in constr e193 is deemed risky
    + coeff -0.338139 of binomial ('x15', 'x4') in constr e193 is deemed risky
    + coeff 0.338139 of binomial ('x16', 'x4') in constr e193 is deemed risky
    + coeff 3.49134 of binomial ('x4', 'x4') in constr e193 is deemed risky
 - attempting to read: e194
    + coeff 3.49134 of binomial ('x3', 'x3') in constr e194 is deemed risky
    + coeff -0.338139 of binomial ('x3', 'x5') in constr e194 is deemed risky
    + coeff 5.13872 of binomial ('x3', 'x9') in constr e194 is deemed risky
    + coeff -4.28261 of binomial ('x10', 'x3') in constr e194 is deemed risky
    + coeff 0.338139 of binomial ('x11', 'x3') in constr e194 is deemed risky
    + coeff 3.7217 of binomial ('x15', 'x3') in constr e194 is deemed risky
    + coeff -3.7217 of binomial ('x17', 'x3') in constr e194 is deemed risky
    + coeff -2.53143 of binomial ('x5', 'x9') in constr e194 is deemed risky
    + coeff -2.53149 of binomial ('x10', 'x5') in constr e194 is deemed risky
    + coeff -3.7217 of binomial ('x4', 'x5') in constr e194 is deemed risky
    + coeff 3.20415 of binomial ('x9', 'x9') in constr e194 is deemed risky
    + coeff 2.53143 of binomial ('x11', 'x9') in constr e194 is deemed risky
    + coeff 2.53149 of binomial ('x15', 'x9') in constr e194 is deemed risky
    + coeff -2.53149 of binomial ('x17', 'x9') in constr e194 is deemed risky
    + coeff 4.28261 of binomial ('x4', 'x9') in constr e194 is deemed risky
    + coeff 3.20415 of binomial ('x10', 'x10') in constr e194 is deemed risky
    + coeff 2.53149 of binomial ('x10', 'x11') in constr e194 is deemed risky
    + coeff -2.53143 of binomial ('x10', 'x15') in constr e194 is deemed risky
    + coeff 2.53143 of binomial ('x10', 'x17') in constr e194 is deemed risky
    + coeff 5.13872 of binomial ('x10', 'x4') in constr e194 is deemed risky
    + coeff 3.7217 of binomial ('x11', 'x4') in constr e194 is deemed risky
    + coeff -0.338139 of binomial ('x15', 'x4') in constr e194 is deemed risky
    + coeff 0.338139 of binomial ('x17', 'x4') in constr e194 is deemed risky
    + coeff 3.49134 of binomial ('x4', 'x4') in constr e194 is deemed risky
 - attempting to read: e195
    + coeff 3.49134 of binomial ('x3', 'x3') in constr e195 is deemed risky
    + coeff -0.338139 of binomial ('x3', 'x5') in constr e195 is deemed risky
    + coeff -4.77056 of binomial ('x12', 'x3') in constr e195 is deemed risky
    + coeff 0.80329 of binomial ('x13', 'x3') in constr e195 is deemed risky
    + coeff 0.338139 of binomial ('x14', 'x3') in constr e195 is deemed risky
    + coeff 3.7217 of binomial ('x15', 'x3') in constr e195 is deemed risky
    + coeff -3.7217 of binomial ('x18', 'x3') in constr e195 is deemed risky
    + coeff 0.659161 of binomial ('x12', 'x5') in constr e195 is deemed risky
    + coeff 2.50376 of binomial ('x13', 'x5') in constr e195 is deemed risky
    + coeff -3.7217 of binomial ('x4', 'x5') in constr e195 is deemed risky
    + coeff 1.67582 of binomial ('x12', 'x12') in constr e195 is deemed risky
    + coeff -0.659161 of binomial ('x12', 'x14') in constr e195 is deemed risky
    + coeff -2.50376 of binomial ('x12', 'x15') in constr e195 is deemed risky
    + coeff 2.50376 of binomial ('x12', 'x18') in constr e195 is deemed risky
    + coeff -0.80329 of binomial ('x12', 'x4') in constr e195 is deemed risky
    + coeff 1.67582 of binomial ('x13', 'x13') in constr e195 is deemed risky
    + coeff -2.50376 of binomial ('x13', 'x14') in constr e195 is deemed risky
    + coeff 0.659161 of binomial ('x13', 'x15') in constr e195 is deemed risky
    + coeff -0.659161 of binomial ('x13', 'x18') in constr e195 is deemed risky
    + coeff -4.77056 of binomial ('x13', 'x4') in constr e195 is deemed risky
    + coeff 3.7217 of binomial ('x14', 'x4') in constr e195 is deemed risky
    + coeff -0.338139 of binomial ('x15', 'x4') in constr e195 is deemed risky
    + coeff 0.338139 of binomial ('x18', 'x4') in constr e195 is deemed risky
    + coeff 3.49134 of binomial ('x4', 'x4') in constr e195 is deemed risky
 - attempting to read: e196
    + coeff 22.009 of binomial ('x6', 'x6') in constr e196 is deemed risky
    + coeff 9.13177 of binomial ('x6', 'x8') in constr e196 is deemed risky
    + coeff -9.13177 of binomial ('x11', 'x6') in constr e196 is deemed risky
    + coeff -2.15565 of binomial ('x16', 'x6') in constr e196 is deemed risky
    + coeff 2.15565 of binomial ('x17', 'x6') in constr e196 is deemed risky
    + coeff 2.15565 of binomial ('x7', 'x8') in constr e196 is deemed risky
    + coeff -2.15565 of binomial ('x11', 'x7') in constr e196 is deemed risky
    + coeff 9.13177 of binomial ('x16', 'x7') in constr e196 is deemed risky
    + coeff -9.13177 of binomial ('x17', 'x7') in constr e196 is deemed risky
    + coeff 22.009 of binomial ('x7', 'x7') in constr e196 is deemed risky
 - attempting to read: e197
    + coeff 22.009 of binomial ('x6', 'x6') in constr e197 is deemed risky
    + coeff 9.13177 of binomial ('x6', 'x8') in constr e197 is deemed risky
    + coeff -9.13177 of binomial ('x14', 'x6') in constr e197 is deemed risky
    + coeff -2.15565 of binomial ('x16', 'x6') in constr e197 is deemed risky
    + coeff 2.15565 of binomial ('x18', 'x6') in constr e197 is deemed risky
    + coeff 2.15565 of binomial ('x7', 'x8') in constr e197 is deemed risky
    + coeff -2.15565 of binomial ('x14', 'x7') in constr e197 is deemed risky
    + coeff 9.13177 of binomial ('x16', 'x7') in constr e197 is deemed risky
    + coeff -9.13177 of binomial ('x18', 'x7') in constr e197 is deemed risky
    + coeff 22.009 of binomial ('x7', 'x7') in constr e197 is deemed risky
 - attempting to read: e198
    + coeff 22.009 of binomial ('x6', 'x6') in constr e198 is deemed risky
    + coeff 9.13177 of binomial ('x6', 'x8') in constr e198 is deemed risky
    + coeff 18.4579 of binomial ('x6', 'x9') in constr e198 is deemed risky
    + coeff -11.4818 of binomial ('x10', 'x6') in constr e198 is deemed risky
    + coeff -9.13177 of binomial ('x11', 'x6') in constr e198 is deemed risky
    + coeff -2.15565 of binomial ('x16', 'x6') in constr e198 is deemed risky
    + coeff 2.15565 of binomial ('x17', 'x6') in constr e198 is deemed risky
    + coeff 4.39148 of binomial ('x8', 'x9') in constr e198 is deemed risky
    + coeff -1.47803 of binomial ('x10', 'x8') in constr e198 is deemed risky
    + coeff 2.15565 of binomial ('x7', 'x8') in constr e198 is deemed risky
    + coeff 5.36741 of binomial ('x9', 'x9') in constr e198 is deemed risky
    + coeff -4.39148 of binomial ('x11', 'x9') in constr e198 is deemed risky
    + coeff 1.47803 of binomial ('x16', 'x9') in constr e198 is deemed risky
    + coeff -1.47803 of binomial ('x17', 'x9') in constr e198 is deemed risky
    + coeff 11.4818 of binomial ('x7', 'x9') in constr e198 is deemed risky
    + coeff 5.36741 of binomial ('x10', 'x10') in constr e198 is deemed risky
    + coeff 1.47803 of binomial ('x10', 'x11') in constr e198 is deemed risky
    + coeff 4.39148 of binomial ('x10', 'x16') in constr e198 is deemed risky
    + coeff -4.39148 of binomial ('x10', 'x17') in constr e198 is deemed risky
    + coeff 18.4579 of binomial ('x10', 'x7') in constr e198 is deemed risky
    + coeff -2.15565 of binomial ('x11', 'x7') in constr e198 is deemed risky
    + coeff 9.13177 of binomial ('x16', 'x7') in constr e198 is deemed risky
    + coeff -9.13177 of binomial ('x17', 'x7') in constr e198 is deemed risky
    + coeff 22.009 of binomial ('x7', 'x7') in constr e198 is deemed risky
 - attempting to read: e199
    + coeff 22.009 of binomial ('x6', 'x6') in constr e199 is deemed risky
    + coeff 9.13177 of binomial ('x6', 'x8') in constr e199 is deemed risky
    + coeff -14.8982 of binomial ('x12', 'x6') in constr e199 is deemed risky
    + coeff -1.34333 of binomial ('x13', 'x6') in constr e199 is deemed risky
    + coeff -9.13177 of binomial ('x14', 'x6') in constr e199 is deemed risky
    + coeff -2.15565 of binomial ('x16', 'x6') in constr e199 is deemed risky
    + coeff 2.15565 of binomial ('x18', 'x6') in constr e199 is deemed risky
    + coeff -3.02493 of binomial ('x12', 'x8') in constr e199 is deemed risky
    + coeff -1.00828 of binomial ('x13', 'x8') in constr e199 is deemed risky
    + coeff 2.15565 of binomial ('x7', 'x8') in constr e199 is deemed risky
    + coeff 2.54171 of binomial ('x12', 'x12') in constr e199 is deemed risky
    + coeff 3.02493 of binomial ('x12', 'x14') in constr e199 is deemed risky
    + coeff 1.00828 of binomial ('x12', 'x16') in constr e199 is deemed risky
    + coeff -1.00828 of binomial ('x12', 'x18') in constr e199 is deemed risky
    + coeff 1.34333 of binomial ('x12', 'x7') in constr e199 is deemed risky
    + coeff 2.54171 of binomial ('x13', 'x13') in constr e199 is deemed risky
    + coeff 1.00828 of binomial ('x13', 'x14') in constr e199 is deemed risky
    + coeff -3.02493 of binomial ('x13', 'x16') in constr e199 is deemed risky
    + coeff 3.02493 of binomial ('x13', 'x18') in constr e199 is deemed risky
    + coeff -14.8982 of binomial ('x13', 'x7') in constr e199 is deemed risky
    + coeff -2.15565 of binomial ('x14', 'x7') in constr e199 is deemed risky
    + coeff 9.13177 of binomial ('x16', 'x7') in constr e199 is deemed risky
    + coeff -9.13177 of binomial ('x18', 'x7') in constr e199 is deemed risky
    + coeff 22.009 of binomial ('x7', 'x7') in constr e199 is deemed risky
 - attempting to read: e200
    + coeff 22.009 of binomial ('x6', 'x6') in constr e200 is deemed risky
    + coeff 9.13177 of binomial ('x6', 'x8') in constr e200 is deemed risky
    + coeff -5.9428 of binomial ('x6', 'x9') in constr e200 is deemed risky
    + coeff 17.8276 of binomial ('x10', 'x6') in constr e200 is deemed risky
    + coeff -9.13177 of binomial ('x11', 'x6') in constr e200 is deemed risky
    + coeff -2.15565 of binomial ('x16', 'x6') in constr e200 is deemed risky
    + coeff 2.15565 of binomial ('x17', 'x6') in constr e200 is deemed risky
    + coeff -2.10592 of binomial ('x8', 'x9') in constr e200 is deemed risky
    + coeff 3.40739 of binomial ('x10', 'x8') in constr e200 is deemed risky
    + coeff 2.15565 of binomial ('x7', 'x8') in constr e200 is deemed risky
    + coeff 4.0113 of binomial ('x9', 'x9') in constr e200 is deemed risky
    + coeff 2.10592 of binomial ('x11', 'x9') in constr e200 is deemed risky
    + coeff -3.40739 of binomial ('x16', 'x9') in constr e200 is deemed risky
    + coeff 3.40739 of binomial ('x17', 'x9') in constr e200 is deemed risky
    + coeff -17.8276 of binomial ('x7', 'x9') in constr e200 is deemed risky
    + coeff 4.0113 of binomial ('x10', 'x10') in constr e200 is deemed risky
    + coeff -3.40739 of binomial ('x10', 'x11') in constr e200 is deemed risky
    + coeff -2.10592 of binomial ('x10', 'x16') in constr e200 is deemed risky
    + coeff 2.10592 of binomial ('x10', 'x17') in constr e200 is deemed risky
    + coeff -5.9428 of binomial ('x10', 'x7') in constr e200 is deemed risky
    + coeff -2.15565 of binomial ('x11', 'x7') in constr e200 is deemed risky
    + coeff 9.13177 of binomial ('x16', 'x7') in constr e200 is deemed risky
    + coeff -9.13177 of binomial ('x17', 'x7') in constr e200 is deemed risky
    + coeff 22.009 of binomial ('x7', 'x7') in constr e200 is deemed risky
 - attempting to read: e201
    + coeff 22.009 of binomial ('x6', 'x6') in constr e201 is deemed risky
    + coeff 9.13177 of binomial ('x6', 'x8') in constr e201 is deemed risky
    + coeff 8.76291 of binomial ('x12', 'x6') in constr e201 is deemed risky
    + coeff -9.22398 of binomial ('x13', 'x6') in constr e201 is deemed risky
    + coeff -9.13177 of binomial ('x14', 'x6') in constr e201 is deemed risky
    + coeff -2.15565 of binomial ('x16', 'x6') in constr e201 is deemed risky
    + coeff 2.15565 of binomial ('x18', 'x6') in constr e201 is deemed risky
    + coeff 2.26963 of binomial ('x12', 'x8') in constr e201 is deemed risky
    + coeff -1.48442 of binomial ('x13', 'x8') in constr e201 is deemed risky
    + coeff 2.15565 of binomial ('x7', 'x8') in constr e201 is deemed risky
    + coeff 1.83868 of binomial ('x12', 'x12') in constr e201 is deemed risky
    + coeff -2.26963 of binomial ('x12', 'x14') in constr e201 is deemed risky
    + coeff 1.48442 of binomial ('x12', 'x16') in constr e201 is deemed risky
    + coeff -1.48442 of binomial ('x12', 'x18') in constr e201 is deemed risky
    + coeff 9.22398 of binomial ('x12', 'x7') in constr e201 is deemed risky
    + coeff 1.83868 of binomial ('x13', 'x13') in constr e201 is deemed risky
    + coeff 1.48442 of binomial ('x13', 'x14') in constr e201 is deemed risky
    + coeff 2.26963 of binomial ('x13', 'x16') in constr e201 is deemed risky
    + coeff -2.26963 of binomial ('x13', 'x18') in constr e201 is deemed risky
    + coeff 8.76291 of binomial ('x13', 'x7') in constr e201 is deemed risky
    + coeff -2.15565 of binomial ('x14', 'x7') in constr e201 is deemed risky
    + coeff 9.13177 of binomial ('x16', 'x7') in constr e201 is deemed risky
    + coeff -9.13177 of binomial ('x18', 'x7') in constr e201 is deemed risky
    + coeff 22.009 of binomial ('x7', 'x7') in constr e201 is deemed risky
 - attempting to read: e202
    + coeff 22.009 of binomial ('x6', 'x6') in constr e202 is deemed risky
    + coeff 9.13177 of binomial ('x6', 'x8') in constr e202 is deemed risky
    + coeff 12.9243 of binomial ('x6', 'x9') in constr e202 is deemed risky
    + coeff -6.46211 of binomial ('x10', 'x6') in constr e202 is deemed risky
    + coeff -9.13177 of binomial ('x11', 'x6') in constr e202 is deemed risky
    + coeff -2.15565 of binomial ('x16', 'x6') in constr e202 is deemed risky
    + coeff 2.15565 of binomial ('x17', 'x6') in constr e202 is deemed risky
    + coeff 2.99767 of binomial ('x8', 'x9') in constr e202 is deemed risky
    + coeff -0.70767 of binomial ('x10', 'x8') in constr e202 is deemed risky
    + coeff 2.15565 of binomial ('x7', 'x8') in constr e202 is deemed risky
    + coeff 2.3717 of binomial ('x9', 'x9') in constr e202 is deemed risky
    + coeff -2.99767 of binomial ('x11', 'x9') in constr e202 is deemed risky
    + coeff 0.70767 of binomial ('x16', 'x9') in constr e202 is deemed risky
    + coeff -0.70767 of binomial ('x17', 'x9') in constr e202 is deemed risky
    + coeff 6.46211 of binomial ('x7', 'x9') in constr e202 is deemed risky
    + coeff 2.3717 of binomial ('x10', 'x10') in constr e202 is deemed risky
    + coeff 0.70767 of binomial ('x10', 'x11') in constr e202 is deemed risky
    + coeff 2.99767 of binomial ('x10', 'x16') in constr e202 is deemed risky
    + coeff -2.99767 of binomial ('x10', 'x17') in constr e202 is deemed risky
    + coeff 12.9243 of binomial ('x10', 'x7') in constr e202 is deemed risky
    + coeff -2.15565 of binomial ('x11', 'x7') in constr e202 is deemed risky
    + coeff 9.13177 of binomial ('x16', 'x7') in constr e202 is deemed risky
    + coeff -9.13177 of binomial ('x17', 'x7') in constr e202 is deemed risky
    + coeff 22.009 of binomial ('x7', 'x7') in constr e202 is deemed risky
 - attempting to read: e203
    + coeff 22.009 of binomial ('x6', 'x6') in constr e203 is deemed risky
    + coeff 9.13177 of binomial ('x6', 'x8') in constr e203 is deemed risky
    + coeff -22.637 of binomial ('x12', 'x6') in constr e203 is deemed risky
    + coeff -2.04129 of binomial ('x13', 'x6') in constr e203 is deemed risky
    + coeff -9.13177 of binomial ('x14', 'x6') in constr e203 is deemed risky
    + coeff -2.15565 of binomial ('x16', 'x6') in constr e203 is deemed risky
    + coeff 2.15565 of binomial ('x18', 'x6') in constr e203 is deemed risky
    + coeff -4.5962 of binomial ('x12', 'x8') in constr e203 is deemed risky
    + coeff -1.53206 of binomial ('x13', 'x8') in constr e203 is deemed risky
    + coeff 2.15565 of binomial ('x7', 'x8') in constr e203 is deemed risky
    + coeff 5.86805 of binomial ('x12', 'x12') in constr e203 is deemed risky
    + coeff 4.5962 of binomial ('x12', 'x14') in constr e203 is deemed risky
    + coeff 1.53206 of binomial ('x12', 'x16') in constr e203 is deemed risky
    + coeff -1.53206 of binomial ('x12', 'x18') in constr e203 is deemed risky
    + coeff 2.04129 of binomial ('x12', 'x7') in constr e203 is deemed risky
    + coeff 5.86805 of binomial ('x13', 'x13') in constr e203 is deemed risky
    + coeff 1.53206 of binomial ('x13', 'x14') in constr e203 is deemed risky
    + coeff -4.5962 of binomial ('x13', 'x16') in constr e203 is deemed risky
    + coeff 4.5962 of binomial ('x13', 'x18') in constr e203 is deemed risky
    + coeff -22.637 of binomial ('x13', 'x7') in constr e203 is deemed risky
    + coeff -2.15565 of binomial ('x14', 'x7') in constr e203 is deemed risky
    + coeff 9.13177 of binomial ('x16', 'x7') in constr e203 is deemed risky
    + coeff -9.13177 of binomial ('x18', 'x7') in constr e203 is deemed risky
    + coeff 22.009 of binomial ('x7', 'x7') in constr e203 is deemed risky
 - attempting to read: e204
    + coeff 22.009 of binomial ('x6', 'x6') in constr e204 is deemed risky
    + coeff 9.13177 of binomial ('x6', 'x8') in constr e204 is deemed risky
    + coeff -14.2868 of binomial ('x6', 'x9') in constr e204 is deemed risky
    + coeff -8.83007 of binomial ('x10', 'x6') in constr e204 is deemed risky
    + coeff -9.13177 of binomial ('x11', 'x6') in constr e204 is deemed risky
    + coeff -2.15565 of binomial ('x16', 'x6') in constr e204 is deemed risky
    + coeff 2.15565 of binomial ('x17', 'x6') in constr e204 is deemed risky
    + coeff -2.53143 of binomial ('x8', 'x9') in constr e204 is deemed risky
    + coeff -2.53149 of binomial ('x10', 'x8') in constr e204 is deemed risky
    + coeff 2.15565 of binomial ('x7', 'x8') in constr e204 is deemed risky
    + coeff 3.20415 of binomial ('x9', 'x9') in constr e204 is deemed risky
    + coeff 2.53143 of binomial ('x11', 'x9') in constr e204 is deemed risky
    + coeff 2.53149 of binomial ('x16', 'x9') in constr e204 is deemed risky
    + coeff -2.53149 of binomial ('x17', 'x9') in constr e204 is deemed risky
    + coeff 8.83007 of binomial ('x7', 'x9') in constr e204 is deemed risky
    + coeff 3.20415 of binomial ('x10', 'x10') in constr e204 is deemed risky
    + coeff 2.53149 of binomial ('x10', 'x11') in constr e204 is deemed risky
    + coeff -2.53143 of binomial ('x10', 'x16') in constr e204 is deemed risky
    + coeff 2.53143 of binomial ('x10', 'x17') in constr e204 is deemed risky
    + coeff -14.2868 of binomial ('x10', 'x7') in constr e204 is deemed risky
    + coeff -2.15565 of binomial ('x11', 'x7') in constr e204 is deemed risky
    + coeff 9.13177 of binomial ('x16', 'x7') in constr e204 is deemed risky
    + coeff -9.13177 of binomial ('x17', 'x7') in constr e204 is deemed risky
    + coeff 22.009 of binomial ('x7', 'x7') in constr e204 is deemed risky
 - attempting to read: e205
    + coeff 22.009 of binomial ('x6', 'x6') in constr e205 is deemed risky
    + coeff 9.13177 of binomial ('x6', 'x8') in constr e205 is deemed risky
    + coeff 5.70827 of binomial ('x12', 'x6') in constr e205 is deemed risky
    + coeff 10.7214 of binomial ('x13', 'x6') in constr e205 is deemed risky
    + coeff -9.13177 of binomial ('x14', 'x6') in constr e205 is deemed risky
    + coeff -2.15565 of binomial ('x16', 'x6') in constr e205 is deemed risky
    + coeff 2.15565 of binomial ('x18', 'x6') in constr e205 is deemed risky
    + coeff 0.659161 of binomial ('x12', 'x8') in constr e205 is deemed risky
    + coeff 2.50376 of binomial ('x13', 'x8') in constr e205 is deemed risky
    + coeff 2.15565 of binomial ('x7', 'x8') in constr e205 is deemed risky
    + coeff 1.67582 of binomial ('x12', 'x12') in constr e205 is deemed risky
    + coeff -0.659161 of binomial ('x12', 'x14') in constr e205 is deemed risky
    + coeff -2.50376 of binomial ('x12', 'x16') in constr e205 is deemed risky
    + coeff 2.50376 of binomial ('x12', 'x18') in constr e205 is deemed risky
    + coeff -10.7214 of binomial ('x12', 'x7') in constr e205 is deemed risky
    + coeff 1.67582 of binomial ('x13', 'x13') in constr e205 is deemed risky
    + coeff -2.50376 of binomial ('x13', 'x14') in constr e205 is deemed risky
    + coeff 0.659161 of binomial ('x13', 'x16') in constr e205 is deemed risky
    + coeff -0.659161 of binomial ('x13', 'x18') in constr e205 is deemed risky
    + coeff 5.70827 of binomial ('x13', 'x7') in constr e205 is deemed risky
    + coeff -2.15565 of binomial ('x14', 'x7') in constr e205 is deemed risky
    + coeff 9.13177 of binomial ('x16', 'x7') in constr e205 is deemed risky
    + coeff -9.13177 of binomial ('x18', 'x7') in constr e205 is deemed risky
    + coeff 22.009 of binomial ('x7', 'x7') in constr e205 is deemed risky
 - attempting to read: e206
    + coeff 3.20415 of binomial ('x9', 'x9') in constr e206 is deemed risky
    + coeff 2.53143 of binomial ('x11', 'x9') in constr e206 is deemed risky
    + coeff -2.53143 of binomial ('x14', 'x9') in constr e206 is deemed risky
    + coeff -2.53149 of binomial ('x17', 'x9') in constr e206 is deemed risky
    + coeff 2.53149 of binomial ('x18', 'x9') in constr e206 is deemed risky
    + coeff 2.53149 of binomial ('x10', 'x11') in constr e206 is deemed risky
    + coeff -2.53149 of binomial ('x10', 'x14') in constr e206 is deemed risky
    + coeff 2.53143 of binomial ('x10', 'x17') in constr e206 is deemed risky
    + coeff -2.53143 of binomial ('x10', 'x18') in constr e206 is deemed risky
    + coeff 3.20415 of binomial ('x10', 'x10') in constr e206 is deemed risky
 - attempting to read: e207
    + coeff 3.20415 of binomial ('x9', 'x9') in constr e207 is deemed risky
    + coeff 2.53143 of binomial ('x11', 'x9') in constr e207 is deemed risky
    + coeff -5.10493 of binomial ('x12', 'x9') in constr e207 is deemed risky
    + coeff 2.5526 of binomial ('x13', 'x9') in constr e207 is deemed risky
    + coeff -2.53143 of binomial ('x14', 'x9') in constr e207 is deemed risky
    + coeff -2.53149 of binomial ('x17', 'x9') in constr e207 is deemed risky
    + coeff 2.53149 of binomial ('x18', 'x9') in constr e207 is deemed risky
    + coeff -3.02493 of binomial ('x11', 'x12') in constr e207 is deemed risky
    + coeff -1.00828 of binomial ('x11', 'x13') in constr e207 is deemed risky
    + coeff 2.53149 of binomial ('x10', 'x11') in constr e207 is deemed risky
    + coeff 2.54171 of binomial ('x12', 'x12') in constr e207 is deemed risky
    + coeff 3.02493 of binomial ('x12', 'x14') in constr e207 is deemed risky
    + coeff 1.00828 of binomial ('x12', 'x17') in constr e207 is deemed risky
    + coeff -1.00828 of binomial ('x12', 'x18') in constr e207 is deemed risky
    + coeff -2.5526 of binomial ('x10', 'x12') in constr e207 is deemed risky
    + coeff 2.54171 of binomial ('x13', 'x13') in constr e207 is deemed risky
    + coeff 1.00828 of binomial ('x13', 'x14') in constr e207 is deemed risky
    + coeff -3.02493 of binomial ('x13', 'x17') in constr e207 is deemed risky
    + coeff 3.02493 of binomial ('x13', 'x18') in constr e207 is deemed risky
    + coeff -5.10493 of binomial ('x10', 'x13') in constr e207 is deemed risky
    + coeff -2.53149 of binomial ('x10', 'x14') in constr e207 is deemed risky
    + coeff 2.53143 of binomial ('x10', 'x17') in constr e207 is deemed risky
    + coeff -2.53143 of binomial ('x10', 'x18') in constr e207 is deemed risky
    + coeff 3.20415 of binomial ('x10', 'x10') in constr e207 is deemed risky
 - attempting to read: e208
    + coeff 3.20415 of binomial ('x9', 'x9') in constr e208 is deemed risky
    + coeff 2.53143 of binomial ('x11', 'x9') in constr e208 is deemed risky
    + coeff 0.993799 of binomial ('x12', 'x9') in constr e208 is deemed risky
    + coeff -4.75164 of binomial ('x13', 'x9') in constr e208 is deemed risky
    + coeff -2.53143 of binomial ('x14', 'x9') in constr e208 is deemed risky
    + coeff -2.53149 of binomial ('x17', 'x9') in constr e208 is deemed risky
    + coeff 2.53149 of binomial ('x18', 'x9') in constr e208 is deemed risky
    + coeff 2.26963 of binomial ('x11', 'x12') in constr e208 is deemed risky
    + coeff -1.48442 of binomial ('x11', 'x13') in constr e208 is deemed risky
    + coeff 2.53149 of binomial ('x10', 'x11') in constr e208 is deemed risky
    + coeff 1.83868 of binomial ('x12', 'x12') in constr e208 is deemed risky
    + coeff -2.26963 of binomial ('x12', 'x14') in constr e208 is deemed risky
    + coeff 1.48442 of binomial ('x12', 'x17') in constr e208 is deemed risky
    + coeff -1.48442 of binomial ('x12', 'x18') in constr e208 is deemed risky
    + coeff 4.75164 of binomial ('x10', 'x12') in constr e208 is deemed risky
    + coeff 1.83868 of binomial ('x13', 'x13') in constr e208 is deemed risky
    + coeff 1.48442 of binomial ('x13', 'x14') in constr e208 is deemed risky
    + coeff 2.26963 of binomial ('x13', 'x17') in constr e208 is deemed risky
    + coeff -2.26963 of binomial ('x13', 'x18') in constr e208 is deemed risky
    + coeff 0.993799 of binomial ('x10', 'x13') in constr e208 is deemed risky
    + coeff -2.53149 of binomial ('x10', 'x14') in constr e208 is deemed risky
    + coeff 2.53143 of binomial ('x10', 'x17') in constr e208 is deemed risky
    + coeff -2.53143 of binomial ('x10', 'x18') in constr e208 is deemed risky
    + coeff 3.20415 of binomial ('x10', 'x10') in constr e208 is deemed risky
 - attempting to read: e209
    + coeff 3.20415 of binomial ('x9', 'x9') in constr e209 is deemed risky
    + coeff 2.53143 of binomial ('x11', 'x9') in constr e209 is deemed risky
    + coeff -7.75668 of binomial ('x12', 'x9') in constr e209 is deemed risky
    + coeff 3.87847 of binomial ('x13', 'x9') in constr e209 is deemed risky
    + coeff -2.53143 of binomial ('x14', 'x9') in constr e209 is deemed risky
    + coeff -2.53149 of binomial ('x17', 'x9') in constr e209 is deemed risky
    + coeff 2.53149 of binomial ('x18', 'x9') in constr e209 is deemed risky
    + coeff -4.5962 of binomial ('x11', 'x12') in constr e209 is deemed risky
    + coeff -1.53206 of binomial ('x11', 'x13') in constr e209 is deemed risky
    + coeff 2.53149 of binomial ('x10', 'x11') in constr e209 is deemed risky
    + coeff 5.86805 of binomial ('x12', 'x12') in constr e209 is deemed risky
    + coeff 4.5962 of binomial ('x12', 'x14') in constr e209 is deemed risky
    + coeff 1.53206 of binomial ('x12', 'x17') in constr e209 is deemed risky
    + coeff -1.53206 of binomial ('x12', 'x18') in constr e209 is deemed risky
    + coeff -3.87847 of binomial ('x10', 'x12') in constr e209 is deemed risky
    + coeff 5.86805 of binomial ('x13', 'x13') in constr e209 is deemed risky
    + coeff 1.53206 of binomial ('x13', 'x14') in constr e209 is deemed risky
    + coeff -4.5962 of binomial ('x13', 'x17') in constr e209 is deemed risky
    + coeff 4.5962 of binomial ('x13', 'x18') in constr e209 is deemed risky
    + coeff -7.75668 of binomial ('x10', 'x13') in constr e209 is deemed risky
    + coeff -2.53149 of binomial ('x10', 'x14') in constr e209 is deemed risky
    + coeff 2.53143 of binomial ('x10', 'x17') in constr e209 is deemed risky
    + coeff -2.53143 of binomial ('x10', 'x18') in constr e209 is deemed risky
    + coeff 3.20415 of binomial ('x10', 'x10') in constr e209 is deemed risky
 - attempting to read: e210
    + coeff 3.20415 of binomial ('x9', 'x9') in constr e210 is deemed risky
    + coeff 2.53143 of binomial ('x11', 'x9') in constr e210 is deemed risky
    + coeff 4.00343 of binomial ('x12', 'x9') in constr e210 is deemed risky
    + coeff 2.33472 of binomial ('x13', 'x9') in constr e210 is deemed risky
    + coeff -2.53143 of binomial ('x14', 'x9') in constr e210 is deemed risky
    + coeff -2.53149 of binomial ('x17', 'x9') in constr e210 is deemed risky
    + coeff 2.53149 of binomial ('x18', 'x9') in constr e210 is deemed risky
    + coeff 0.659161 of binomial ('x11', 'x12') in constr e210 is deemed risky
    + coeff 2.50376 of binomial ('x11', 'x13') in constr e210 is deemed risky
    + coeff 2.53149 of binomial ('x10', 'x11') in constr e210 is deemed risky
    + coeff 1.67582 of binomial ('x12', 'x12') in constr e210 is deemed risky
    + coeff -0.659161 of binomial ('x12', 'x14') in constr e210 is deemed risky
    + coeff -2.50376 of binomial ('x12', 'x17') in constr e210 is deemed risky
    + coeff 2.50376 of binomial ('x12', 'x18') in constr e210 is deemed risky
    + coeff -2.33472 of binomial ('x10', 'x12') in constr e210 is deemed risky
    + coeff 1.67582 of binomial ('x13', 'x13') in constr e210 is deemed risky
    + coeff -2.50376 of binomial ('x13', 'x14') in constr e210 is deemed risky
    + coeff 0.659161 of binomial ('x13', 'x17') in constr e210 is deemed risky
    + coeff -0.659161 of binomial ('x13', 'x18') in constr e210 is deemed risky
    + coeff 4.00343 of binomial ('x10', 'x13') in constr e210 is deemed risky
    + coeff -2.53149 of binomial ('x10', 'x14') in constr e210 is deemed risky
    + coeff 2.53143 of binomial ('x10', 'x17') in constr e210 is deemed risky
    + coeff -2.53143 of binomial ('x10', 'x18') in constr e210 is deemed risky
    + coeff 3.20415 of binomial ('x10', 'x10') in constr e210 is deemed risky
Num of constraints = 209
Num of features = 196
Retrieved problem data and structure
