Starting log: Tue May 26 15:21:03 2026.
Running on: jasper.local.

<Version 2025.May.26.152000@jasper>
Reading config file drsk.conf.
LPFILE ../data/qplib_2894.lp
LOUDCONSTRAINTS 0
STRUCTFILE implicit
PARAMFILE drskparams.conf
Reading LP ../data/qplib_2894.lp.
Number of variables = 17.
Done reading LP.
Now storing LP data.

Reading implicit structure.
Storing linear constraints; 55 in total.
+ coeff 0.204105 of var x3 (idx 0) in constr e2 (idx 0) is deemed risky
+ coeff 2.24629 of var x4 (idx 1) in constr e2 (idx 0) is deemed risky
+ coeff 3.94679 of var x6 (idx 0) in constr e3 (idx 1) is deemed risky
+ coeff -1.42894 of var x7 (idx 1) in constr e3 (idx 1) is deemed risky
+ coeff -1.52786 of var x9 (idx 0) in constr e4 (idx 2) is deemed risky
+ coeff 2.47213 of var x10 (idx 1) in constr e4 (idx 2) is deemed risky
+ coeff 0.430223 of var x12 (idx 0) in constr e5 (idx 3) is deemed risky
+ coeff 1.63416 of var x13 (idx 1) in constr e5 (idx 3) is deemed risky
+ coeff 3.40503 of var x3 (idx 0) in constr e6 (idx 4) is deemed risky
+ coeff -1.59481 of var x4 (idx 1) in constr e6 (idx 4) is deemed risky
+ coeff -6.05321 of var x6 (idx 0) in constr e7 (idx 5) is deemed risky
+ coeff -1.42894 of var x7 (idx 1) in constr e7 (idx 5) is deemed risky
+ coeff 2.47214 of var x9 (idx 0) in constr e8 (idx 6) is deemed risky
+ coeff 0.472127 of var x10 (idx 1) in constr e8 (idx 6) is deemed risky
+ coeff 1.60416 of var x12 (idx 0) in constr e9 (idx 7) is deemed risky
+ coeff -1.04913 of var x13 (idx 1) in constr e9 (idx 7) is deemed risky
+ coeff -4.40522 of var x3 (idx 0) in constr e10 (idx 8) is deemed risky
+ coeff -1.59481 of var x4 (idx 1) in constr e10 (idx 8) is deemed risky
+ coeff 0.196788 of var x6 (idx 0) in constr e11 (idx 9) is deemed risky
+ coeff 1.69606 of var x7 (idx 1) in constr e11 (idx 9) is deemed risky
+ coeff 3.47214 of var x9 (idx 0) in constr e12 (idx 10) is deemed risky
+ coeff -1.52787 of var x10 (idx 1) in constr e12 (idx 10) is deemed risky
+ coeff -3.14749 of var x12 (idx 0) in constr e13 (idx 11) is deemed risky
+ coeff -1.04913 of var x13 (idx 1) in constr e13 (idx 11) is deemed risky
+ coeff -1.52786 of var x9 (idx 0) in constr e14 (idx 12) is deemed risky
+ coeff -1.52787 of var x10 (idx 1) in constr e14 (idx 12) is deemed risky
+ coeff 0.204105 of var x3 (idx 1) in constr e15 (idx 13) is deemed risky
+ coeff 2.24629 of var x4 (idx 2) in constr e15 (idx 13) is deemed risky
+ coeff 3.94679 of var x6 (idx 1) in constr e16 (idx 14) is deemed risky
+ coeff -1.42894 of var x7 (idx 2) in constr e16 (idx 14) is deemed risky
+ coeff -1.52786 of var x9 (idx 1) in constr e17 (idx 15) is deemed risky
+ coeff 2.47213 of var x10 (idx 2) in constr e17 (idx 15) is deemed risky
+ coeff 0.430223 of var x12 (idx 1) in constr e18 (idx 16) is deemed risky
+ coeff 1.63416 of var x13 (idx 2) in constr e18 (idx 16) is deemed risky
+ coeff 3.40503 of var x3 (idx 1) in constr e19 (idx 17) is deemed risky
+ coeff -1.59481 of var x4 (idx 2) in constr e19 (idx 17) is deemed risky
+ coeff -6.05321 of var x6 (idx 1) in constr e20 (idx 18) is deemed risky
+ coeff -1.42894 of var x7 (idx 2) in constr e20 (idx 18) is deemed risky
+ coeff 2.47214 of var x9 (idx 1) in constr e21 (idx 19) is deemed risky
+ coeff 0.472127 of var x10 (idx 2) in constr e21 (idx 19) is deemed risky
+ coeff 1.60416 of var x12 (idx 1) in constr e22 (idx 20) is deemed risky
+ coeff -1.04913 of var x13 (idx 2) in constr e22 (idx 20) is deemed risky
+ coeff -4.40522 of var x3 (idx 1) in constr e23 (idx 21) is deemed risky
+ coeff -1.59481 of var x4 (idx 2) in constr e23 (idx 21) is deemed risky
+ coeff 0.196788 of var x6 (idx 1) in constr e24 (idx 22) is deemed risky
+ coeff 1.69606 of var x7 (idx 2) in constr e24 (idx 22) is deemed risky
+ coeff 3.47214 of var x9 (idx 1) in constr e25 (idx 23) is deemed risky
+ coeff -1.52787 of var x10 (idx 2) in constr e25 (idx 23) is deemed risky
+ coeff -3.14749 of var x12 (idx 1) in constr e26 (idx 24) is deemed risky
+ coeff -1.04913 of var x13 (idx 2) in constr e26 (idx 24) is deemed risky
+ coeff -1.52786 of var x9 (idx 1) in constr e29 (idx 25) is deemed risky
+ coeff -1.52787 of var x10 (idx 2) in constr e29 (idx 25) is deemed risky
+ coeff -2.24629 of var x3 (idx 0) in constr e31 (idx 26) is deemed risky
+ coeff 0.204105 of var x4 (idx 1) in constr e31 (idx 26) is deemed risky
+ coeff 1.42894 of var x6 (idx 0) in constr e32 (idx 27) is deemed risky
+ coeff 3.94679 of var x7 (idx 1) in constr e32 (idx 27) is deemed risky
+ coeff -2.47213 of var x9 (idx 0) in constr e33 (idx 28) is deemed risky
+ coeff -1.52786 of var x10 (idx 1) in constr e33 (idx 28) is deemed risky
+ coeff -1.63416 of var x12 (idx 0) in constr e34 (idx 29) is deemed risky
+ coeff 0.430223 of var x13 (idx 1) in constr e34 (idx 29) is deemed risky
+ coeff 1.59481 of var x3 (idx 0) in constr e35 (idx 30) is deemed risky
+ coeff 3.40503 of var x4 (idx 1) in constr e35 (idx 30) is deemed risky
+ coeff 1.42894 of var x6 (idx 0) in constr e36 (idx 31) is deemed risky
+ coeff -6.05321 of var x7 (idx 1) in constr e36 (idx 31) is deemed risky
+ coeff -0.472127 of var x9 (idx 0) in constr e37 (idx 32) is deemed risky
+ coeff 2.47214 of var x10 (idx 1) in constr e37 (idx 32) is deemed risky
+ coeff 1.04913 of var x12 (idx 0) in constr e38 (idx 33) is deemed risky
+ coeff 1.60416 of var x13 (idx 1) in constr e38 (idx 33) is deemed risky
+ coeff 1.59481 of var x3 (idx 0) in constr e39 (idx 34) is deemed risky
+ coeff -4.40522 of var x4 (idx 1) in constr e39 (idx 34) is deemed risky
+ coeff -1.69606 of var x6 (idx 0) in constr e40 (idx 35) is deemed risky
+ coeff 0.196788 of var x7 (idx 1) in constr e40 (idx 35) is deemed risky
+ coeff 1.52787 of var x9 (idx 0) in constr e41 (idx 36) is deemed risky
+ coeff 3.47214 of var x10 (idx 1) in constr e41 (idx 36) is deemed risky
+ coeff 1.04913 of var x12 (idx 0) in constr e42 (idx 37) is deemed risky
+ coeff -3.14749 of var x13 (idx 1) in constr e42 (idx 37) is deemed risky
+ coeff 1.52787 of var x9 (idx 0) in constr e43 (idx 38) is deemed risky
+ coeff -1.52786 of var x10 (idx 1) in constr e43 (idx 38) is deemed risky
+ coeff -2.24629 of var x3 (idx 0) in constr e44 (idx 39) is deemed risky
+ coeff 0.204105 of var x4 (idx 1) in constr e44 (idx 39) is deemed risky
+ coeff 1.42894 of var x6 (idx 0) in constr e45 (idx 40) is deemed risky
+ coeff 3.94679 of var x7 (idx 1) in constr e45 (idx 40) is deemed risky
+ coeff -2.47213 of var x9 (idx 0) in constr e46 (idx 41) is deemed risky
+ coeff -1.52786 of var x10 (idx 1) in constr e46 (idx 41) is deemed risky
+ coeff -1.63416 of var x12 (idx 0) in constr e47 (idx 42) is deemed risky
+ coeff 0.430223 of var x13 (idx 1) in constr e47 (idx 42) is deemed risky
+ coeff 1.59481 of var x3 (idx 0) in constr e48 (idx 43) is deemed risky
+ coeff 3.40503 of var x4 (idx 1) in constr e48 (idx 43) is deemed risky
+ coeff 1.42894 of var x6 (idx 0) in constr e49 (idx 44) is deemed risky
+ coeff -6.05321 of var x7 (idx 1) in constr e49 (idx 44) is deemed risky
+ coeff -0.472127 of var x9 (idx 0) in constr e50 (idx 45) is deemed risky
+ coeff 2.47214 of var x10 (idx 1) in constr e50 (idx 45) is deemed risky
+ coeff 1.04913 of var x12 (idx 0) in constr e51 (idx 46) is deemed risky
+ coeff 1.60416 of var x13 (idx 1) in constr e51 (idx 46) is deemed risky
+ coeff 1.59481 of var x3 (idx 0) in constr e52 (idx 47) is deemed risky
+ coeff -4.40522 of var x4 (idx 1) in constr e52 (idx 47) is deemed risky
+ coeff -1.69606 of var x6 (idx 0) in constr e53 (idx 48) is deemed risky
+ coeff 0.196788 of var x7 (idx 1) in constr e53 (idx 48) is deemed risky
+ coeff 1.52787 of var x9 (idx 0) in constr e54 (idx 49) is deemed risky
+ coeff 3.47214 of var x10 (idx 1) in constr e54 (idx 49) is deemed risky
+ coeff 1.04913 of var x12 (idx 0) in constr e55 (idx 50) is deemed risky
+ coeff -3.14749 of var x13 (idx 1) in constr e55 (idx 50) is deemed risky
+ coeff 1.52787 of var x9 (idx 0) in constr e56 (idx 51) is deemed risky
+ coeff -1.52786 of var x10 (idx 1) in constr e56 (idx 51) is deemed risky
Stored linear constraints with code 0.
Storing quadratic constraints; 154 in total.
+ coeff -2 of var (x5,x8) (idx 1) in constr e61 (idx 52) is deemed risky
+ coeff -2 of var (x15,x16) (idx 4) in constr e61 (idx 52) is deemed risky
+ coeff -2 of var (x5,x11) (idx 1) in constr e62 (idx 53) is deemed risky
+ coeff -2 of var (x15,x17) (idx 4) in constr e62 (idx 53) is deemed risky
+ coeff -2 of var (x5,x14) (idx 1) in constr e63 (idx 54) is deemed risky
+ coeff -2 of var (x15,x18) (idx 4) in constr e63 (idx 54) is deemed risky
+ coeff -4.52362 of var (x5,x6) (idx 1) in constr e64 (idx 55) is deemed risky
+ coeff -1.06783 of var (x5,x7) (idx 2) in constr e64 (idx 55) is deemed risky
+ coeff -2 of var (x5,x8) (idx 3) in constr e64 (idx 55) is deemed risky
+ coeff 5.40085 of var (x6,x6) (idx 4) in constr e64 (idx 55) is deemed risky
+ coeff 4.52362 of var (x6,x8) (idx 5) in constr e64 (idx 55) is deemed risky
+ coeff 1.06783 of var (x6,x15) (idx 6) in constr e64 (idx 55) is deemed risky
+ coeff -1.06783 of var (x6,x16) (idx 7) in constr e64 (idx 55) is deemed risky
+ coeff 5.40085 of var (x7,x7) (idx 8) in constr e64 (idx 55) is deemed risky
+ coeff 1.06783 of var (x7,x8) (idx 9) in constr e64 (idx 55) is deemed risky
+ coeff -4.52362 of var (x7,x15) (idx 10) in constr e64 (idx 55) is deemed risky
+ coeff 4.52362 of var (x7,x16) (idx 11) in constr e64 (idx 55) is deemed risky
+ coeff -2 of var (x15,x16) (idx 14) in constr e64 (idx 55) is deemed risky
+ coeff 4.39148 of var (x5,x9) (idx 1) in constr e65 (idx 56) is deemed risky
+ coeff -1.47803 of var (x5,x10) (idx 2) in constr e65 (idx 56) is deemed risky
+ coeff -2 of var (x5,x11) (idx 3) in constr e65 (idx 56) is deemed risky
+ coeff 5.36741 of var (x9,x9) (idx 4) in constr e65 (idx 56) is deemed risky
+ coeff -4.39148 of var (x9,x11) (idx 5) in constr e65 (idx 56) is deemed risky
+ coeff 1.47803 of var (x9,x15) (idx 6) in constr e65 (idx 56) is deemed risky
+ coeff -1.47803 of var (x9,x17) (idx 7) in constr e65 (idx 56) is deemed risky
+ coeff 5.36741 of var (x10,x10) (idx 8) in constr e65 (idx 56) is deemed risky
+ coeff 1.47803 of var (x10,x11) (idx 9) in constr e65 (idx 56) is deemed risky
+ coeff 4.39148 of var (x10,x15) (idx 10) in constr e65 (idx 56) is deemed risky
+ coeff -4.39148 of var (x10,x17) (idx 11) in constr e65 (idx 56) is deemed risky
+ coeff -2 of var (x15,x17) (idx 14) in constr e65 (idx 56) is deemed risky
+ coeff -3.02493 of var (x5,x12) (idx 1) in constr e66 (idx 57) is deemed risky
+ coeff -1.00828 of var (x5,x13) (idx 2) in constr e66 (idx 57) is deemed risky
+ coeff -2 of var (x5,x14) (idx 3) in constr e66 (idx 57) is deemed risky
+ coeff 2.54171 of var (x12,x12) (idx 4) in constr e66 (idx 57) is deemed risky
+ coeff 3.02493 of var (x12,x14) (idx 5) in constr e66 (idx 57) is deemed risky
+ coeff 1.00828 of var (x12,x15) (idx 6) in constr e66 (idx 57) is deemed risky
+ coeff -1.00828 of var (x12,x18) (idx 7) in constr e66 (idx 57) is deemed risky
+ coeff 2.54171 of var (x13,x13) (idx 8) in constr e66 (idx 57) is deemed risky
+ coeff 1.00828 of var (x13,x14) (idx 9) in constr e66 (idx 57) is deemed risky
+ coeff -3.02493 of var (x13,x15) (idx 10) in constr e66 (idx 57) is deemed risky
+ coeff 3.02493 of var (x13,x18) (idx 11) in constr e66 (idx 57) is deemed risky
+ coeff -2 of var (x15,x18) (idx 14) in constr e66 (idx 57) is deemed risky
+ coeff 4.00955 of var (x5,x6) (idx 1) in constr e67 (idx 58) is deemed risky
+ coeff -1.45167 of var (x5,x7) (idx 2) in constr e67 (idx 58) is deemed risky
+ coeff -2 of var (x5,x8) (idx 3) in constr e67 (idx 58) is deemed risky
+ coeff 4.54596 of var (x6,x6) (idx 4) in constr e67 (idx 58) is deemed risky
+ coeff -4.00955 of var (x6,x8) (idx 5) in constr e67 (idx 58) is deemed risky
+ coeff 1.45167 of var (x6,x15) (idx 6) in constr e67 (idx 58) is deemed risky
+ coeff -1.45167 of var (x6,x16) (idx 7) in constr e67 (idx 58) is deemed risky
+ coeff 4.54596 of var (x7,x7) (idx 8) in constr e67 (idx 58) is deemed risky
+ coeff 1.45167 of var (x7,x8) (idx 9) in constr e67 (idx 58) is deemed risky
+ coeff 4.00955 of var (x7,x15) (idx 10) in constr e67 (idx 58) is deemed risky
+ coeff -4.00955 of var (x7,x16) (idx 11) in constr e67 (idx 58) is deemed risky
+ coeff -2 of var (x15,x16) (idx 14) in constr e67 (idx 58) is deemed risky
+ coeff -2.10592 of var (x5,x9) (idx 1) in constr e68 (idx 59) is deemed risky
+ coeff 3.40739 of var (x5,x10) (idx 2) in constr e68 (idx 59) is deemed risky
+ coeff -2 of var (x5,x11) (idx 3) in constr e68 (idx 59) is deemed risky
+ coeff 4.0113 of var (x9,x9) (idx 4) in constr e68 (idx 59) is deemed risky
+ coeff 2.10592 of var (x9,x11) (idx 5) in constr e68 (idx 59) is deemed risky
+ coeff -3.40739 of var (x9,x15) (idx 6) in constr e68 (idx 59) is deemed risky
+ coeff 3.40739 of var (x9,x17) (idx 7) in constr e68 (idx 59) is deemed risky
+ coeff 4.0113 of var (x10,x10) (idx 8) in constr e68 (idx 59) is deemed risky
+ coeff -3.40739 of var (x10,x11) (idx 9) in constr e68 (idx 59) is deemed risky
+ coeff -2.10592 of var (x10,x15) (idx 10) in constr e68 (idx 59) is deemed risky
+ coeff 2.10592 of var (x10,x17) (idx 11) in constr e68 (idx 59) is deemed risky
+ coeff -2 of var (x15,x17) (idx 14) in constr e68 (idx 59) is deemed risky
+ coeff 2.26963 of var (x5,x12) (idx 1) in constr e69 (idx 60) is deemed risky
+ coeff -1.48442 of var (x5,x13) (idx 2) in constr e69 (idx 60) is deemed risky
+ coeff -2 of var (x5,x14) (idx 3) in constr e69 (idx 60) is deemed risky
+ coeff 1.83868 of var (x12,x12) (idx 4) in constr e69 (idx 60) is deemed risky
+ coeff -2.26963 of var (x12,x14) (idx 5) in constr e69 (idx 60) is deemed risky
+ coeff 1.48442 of var (x12,x15) (idx 6) in constr e69 (idx 60) is deemed risky
+ coeff -1.48442 of var (x12,x18) (idx 7) in constr e69 (idx 60) is deemed risky
+ coeff 1.83868 of var (x13,x13) (idx 8) in constr e69 (idx 60) is deemed risky
+ coeff 1.48442 of var (x13,x14) (idx 9) in constr e69 (idx 60) is deemed risky
+ coeff 2.26963 of var (x13,x15) (idx 10) in constr e69 (idx 60) is deemed risky
+ coeff -2.26963 of var (x13,x18) (idx 11) in constr e69 (idx 60) is deemed risky
+ coeff -2 of var (x15,x18) (idx 14) in constr e69 (idx 60) is deemed risky
+ coeff -7.35708 of var (x5,x6) (idx 1) in constr e70 (idx 61) is deemed risky
+ coeff -1.73674 of var (x5,x7) (idx 2) in constr e70 (idx 61) is deemed risky
+ coeff -2 of var (x5,x8) (idx 3) in constr e70 (idx 61) is deemed risky
+ coeff 14.2857 of var (x6,x6) (idx 4) in constr e70 (idx 61) is deemed risky
+ coeff 7.35708 of var (x6,x8) (idx 5) in constr e70 (idx 61) is deemed risky
+ coeff 1.73674 of var (x6,x15) (idx 6) in constr e70 (idx 61) is deemed risky
+ coeff -1.73674 of var (x6,x16) (idx 7) in constr e70 (idx 61) is deemed risky
+ coeff 14.2857 of var (x7,x7) (idx 8) in constr e70 (idx 61) is deemed risky
+ coeff 1.73674 of var (x7,x8) (idx 9) in constr e70 (idx 61) is deemed risky
+ coeff -7.35708 of var (x7,x15) (idx 10) in constr e70 (idx 61) is deemed risky
+ coeff 7.35708 of var (x7,x16) (idx 11) in constr e70 (idx 61) is deemed risky
+ coeff -2 of var (x15,x16) (idx 14) in constr e70 (idx 61) is deemed risky
+ coeff 2.99767 of var (x5,x9) (idx 1) in constr e71 (idx 62) is deemed risky
+ coeff -0.70767 of var (x5,x10) (idx 2) in constr e71 (idx 62) is deemed risky
+ coeff -2 of var (x5,x11) (idx 3) in constr e71 (idx 62) is deemed risky
+ coeff 2.3717 of var (x9,x9) (idx 4) in constr e71 (idx 62) is deemed risky
+ coeff -2.99767 of var (x9,x11) (idx 5) in constr e71 (idx 62) is deemed risky
+ coeff 0.70767 of var (x9,x15) (idx 6) in constr e71 (idx 62) is deemed risky
+ coeff -0.70767 of var (x9,x17) (idx 7) in constr e71 (idx 62) is deemed risky
+ coeff 2.3717 of var (x10,x10) (idx 8) in constr e71 (idx 62) is deemed risky
+ coeff 0.70767 of var (x10,x11) (idx 9) in constr e71 (idx 62) is deemed risky
+ coeff 2.99767 of var (x10,x15) (idx 10) in constr e71 (idx 62) is deemed risky
+ coeff -2.99767 of var (x10,x17) (idx 11) in constr e71 (idx 62) is deemed risky
+ coeff -2 of var (x15,x17) (idx 14) in constr e71 (idx 62) is deemed risky
+ coeff -4.5962 of var (x5,x12) (idx 1) in constr e72 (idx 63) is deemed risky
+ coeff -1.53206 of var (x5,x13) (idx 2) in constr e72 (idx 63) is deemed risky
+ coeff -2 of var (x5,x14) (idx 3) in constr e72 (idx 63) is deemed risky
+ coeff 5.86805 of var (x12,x12) (idx 4) in constr e72 (idx 63) is deemed risky
+ coeff 4.5962 of var (x12,x14) (idx 5) in constr e72 (idx 63) is deemed risky
+ coeff 1.53206 of var (x12,x15) (idx 6) in constr e72 (idx 63) is deemed risky
+ coeff -1.53206 of var (x12,x18) (idx 7) in constr e72 (idx 63) is deemed risky
+ coeff 5.86805 of var (x13,x13) (idx 8) in constr e72 (idx 63) is deemed risky
+ coeff 1.53206 of var (x13,x14) (idx 9) in constr e72 (idx 63) is deemed risky
+ coeff -4.5962 of var (x13,x15) (idx 10) in constr e72 (idx 63) is deemed risky
+ coeff 4.5962 of var (x13,x18) (idx 11) in constr e72 (idx 63) is deemed risky
+ coeff -2 of var (x15,x18) (idx 14) in constr e72 (idx 63) is deemed risky
+ coeff -9.13177 of var (x5,x6) (idx 1) in constr e73 (idx 64) is deemed risky
+ coeff -2.15565 of var (x5,x7) (idx 2) in constr e73 (idx 64) is deemed risky
+ coeff -2 of var (x5,x8) (idx 3) in constr e73 (idx 64) is deemed risky
+ coeff 22.009 of var (x6,x6) (idx 4) in constr e73 (idx 64) is deemed risky
+ coeff 9.13177 of var (x6,x8) (idx 5) in constr e73 (idx 64) is deemed risky
+ coeff 2.15565 of var (x6,x15) (idx 6) in constr e73 (idx 64) is deemed risky
+ coeff -2.15565 of var (x6,x16) (idx 7) in constr e73 (idx 64) is deemed risky
+ coeff 22.009 of var (x7,x7) (idx 8) in constr e73 (idx 64) is deemed risky
+ coeff 2.15565 of var (x7,x8) (idx 9) in constr e73 (idx 64) is deemed risky
+ coeff -9.13177 of var (x7,x15) (idx 10) in constr e73 (idx 64) is deemed risky
+ coeff 9.13177 of var (x7,x16) (idx 11) in constr e73 (idx 64) is deemed risky
+ coeff -2 of var (x15,x16) (idx 14) in constr e73 (idx 64) is deemed risky
+ coeff -2.53143 of var (x5,x9) (idx 1) in constr e74 (idx 65) is deemed risky
+ coeff -2.53149 of var (x5,x10) (idx 2) in constr e74 (idx 65) is deemed risky
+ coeff -2 of var (x5,x11) (idx 3) in constr e74 (idx 65) is deemed risky
+ coeff 3.20415 of var (x9,x9) (idx 4) in constr e74 (idx 65) is deemed risky
+ coeff 2.53143 of var (x9,x11) (idx 5) in constr e74 (idx 65) is deemed risky
+ coeff 2.53149 of var (x9,x15) (idx 6) in constr e74 (idx 65) is deemed risky
+ coeff -2.53149 of var (x9,x17) (idx 7) in constr e74 (idx 65) is deemed risky
+ coeff 3.20415 of var (x10,x10) (idx 8) in constr e74 (idx 65) is deemed risky
+ coeff 2.53149 of var (x10,x11) (idx 9) in constr e74 (idx 65) is deemed risky
+ coeff -2.53143 of var (x10,x15) (idx 10) in constr e74 (idx 65) is deemed risky
+ coeff 2.53143 of var (x10,x17) (idx 11) in constr e74 (idx 65) is deemed risky
+ coeff -2 of var (x15,x17) (idx 14) in constr e74 (idx 65) is deemed risky
+ coeff 0.659161 of var (x5,x12) (idx 1) in constr e75 (idx 66) is deemed risky
+ coeff 2.50376 of var (x5,x13) (idx 2) in constr e75 (idx 66) is deemed risky
+ coeff -2 of var (x5,x14) (idx 3) in constr e75 (idx 66) is deemed risky
+ coeff 1.67582 of var (x12,x12) (idx 4) in constr e75 (idx 66) is deemed risky
+ coeff -0.659161 of var (x12,x14) (idx 5) in constr e75 (idx 66) is deemed risky
+ coeff -2.50376 of var (x12,x15) (idx 6) in constr e75 (idx 66) is deemed risky
+ coeff 2.50376 of var (x12,x18) (idx 7) in constr e75 (idx 66) is deemed risky
+ coeff 1.67582 of var (x13,x13) (idx 8) in constr e75 (idx 66) is deemed risky
+ coeff -2.50376 of var (x13,x14) (idx 9) in constr e75 (idx 66) is deemed risky
+ coeff 0.659161 of var (x13,x15) (idx 10) in constr e75 (idx 66) is deemed risky
+ coeff -0.659161 of var (x13,x18) (idx 11) in constr e75 (idx 66) is deemed risky
+ coeff -2 of var (x15,x18) (idx 14) in constr e75 (idx 66) is deemed risky
+ coeff -2 of var (x8,x11) (idx 1) in constr e76 (idx 67) is deemed risky
+ coeff -2 of var (x16,x17) (idx 4) in constr e76 (idx 67) is deemed risky
+ coeff -2 of var (x8,x14) (idx 1) in constr e77 (idx 68) is deemed risky
+ coeff -2 of var (x16,x18) (idx 4) in constr e77 (idx 68) is deemed risky
+ coeff 4.39148 of var (x8,x9) (idx 1) in constr e78 (idx 69) is deemed risky
+ coeff -1.47803 of var (x8,x10) (idx 2) in constr e78 (idx 69) is deemed risky
+ coeff -2 of var (x8,x11) (idx 3) in constr e78 (idx 69) is deemed risky
+ coeff 5.36741 of var (x9,x9) (idx 4) in constr e78 (idx 69) is deemed risky
+ coeff -4.39148 of var (x9,x11) (idx 5) in constr e78 (idx 69) is deemed risky
+ coeff 1.47803 of var (x9,x16) (idx 6) in constr e78 (idx 69) is deemed risky
+ coeff -1.47803 of var (x9,x17) (idx 7) in constr e78 (idx 69) is deemed risky
+ coeff 5.36741 of var (x10,x10) (idx 8) in constr e78 (idx 69) is deemed risky
+ coeff 1.47803 of var (x10,x11) (idx 9) in constr e78 (idx 69) is deemed risky
+ coeff 4.39148 of var (x10,x16) (idx 10) in constr e78 (idx 69) is deemed risky
+ coeff -4.39148 of var (x10,x17) (idx 11) in constr e78 (idx 69) is deemed risky
+ coeff -2 of var (x16,x17) (idx 14) in constr e78 (idx 69) is deemed risky
+ coeff -3.02493 of var (x8,x12) (idx 1) in constr e79 (idx 70) is deemed risky
+ coeff -1.00828 of var (x8,x13) (idx 2) in constr e79 (idx 70) is deemed risky
+ coeff -2 of var (x8,x14) (idx 3) in constr e79 (idx 70) is deemed risky
+ coeff 2.54171 of var (x12,x12) (idx 4) in constr e79 (idx 70) is deemed risky
+ coeff 3.02493 of var (x12,x14) (idx 5) in constr e79 (idx 70) is deemed risky
+ coeff 1.00828 of var (x12,x16) (idx 6) in constr e79 (idx 70) is deemed risky
+ coeff -1.00828 of var (x12,x18) (idx 7) in constr e79 (idx 70) is deemed risky
+ coeff 2.54171 of var (x13,x13) (idx 8) in constr e79 (idx 70) is deemed risky
+ coeff 1.00828 of var (x13,x14) (idx 9) in constr e79 (idx 70) is deemed risky
+ coeff -3.02493 of var (x13,x16) (idx 10) in constr e79 (idx 70) is deemed risky
+ coeff 3.02493 of var (x13,x18) (idx 11) in constr e79 (idx 70) is deemed risky
+ coeff -2 of var (x16,x18) (idx 14) in constr e79 (idx 70) is deemed risky
+ coeff -2.10592 of var (x8,x9) (idx 1) in constr e80 (idx 71) is deemed risky
+ coeff 3.40739 of var (x8,x10) (idx 2) in constr e80 (idx 71) is deemed risky
+ coeff -2 of var (x8,x11) (idx 3) in constr e80 (idx 71) is deemed risky
+ coeff 4.0113 of var (x9,x9) (idx 4) in constr e80 (idx 71) is deemed risky
+ coeff 2.10592 of var (x9,x11) (idx 5) in constr e80 (idx 71) is deemed risky
+ coeff -3.40739 of var (x9,x16) (idx 6) in constr e80 (idx 71) is deemed risky
+ coeff 3.40739 of var (x9,x17) (idx 7) in constr e80 (idx 71) is deemed risky
+ coeff 4.0113 of var (x10,x10) (idx 8) in constr e80 (idx 71) is deemed risky
+ coeff -3.40739 of var (x10,x11) (idx 9) in constr e80 (idx 71) is deemed risky
+ coeff -2.10592 of var (x10,x16) (idx 10) in constr e80 (idx 71) is deemed risky
+ coeff 2.10592 of var (x10,x17) (idx 11) in constr e80 (idx 71) is deemed risky
+ coeff -2 of var (x16,x17) (idx 14) in constr e80 (idx 71) is deemed risky
+ coeff 2.26963 of var (x8,x12) (idx 1) in constr e81 (idx 72) is deemed risky
+ coeff -1.48442 of var (x8,x13) (idx 2) in constr e81 (idx 72) is deemed risky
+ coeff -2 of var (x8,x14) (idx 3) in constr e81 (idx 72) is deemed risky
+ coeff 1.83868 of var (x12,x12) (idx 4) in constr e81 (idx 72) is deemed risky
+ coeff -2.26963 of var (x12,x14) (idx 5) in constr e81 (idx 72) is deemed risky
+ coeff 1.48442 of var (x12,x16) (idx 6) in constr e81 (idx 72) is deemed risky
+ coeff -1.48442 of var (x12,x18) (idx 7) in constr e81 (idx 72) is deemed risky
+ coeff 1.83868 of var (x13,x13) (idx 8) in constr e81 (idx 72) is deemed risky
+ coeff 1.48442 of var (x13,x14) (idx 9) in constr e81 (idx 72) is deemed risky
+ coeff 2.26963 of var (x13,x16) (idx 10) in constr e81 (idx 72) is deemed risky
+ coeff -2.26963 of var (x13,x18) (idx 11) in constr e81 (idx 72) is deemed risky
+ coeff -2 of var (x16,x18) (idx 14) in constr e81 (idx 72) is deemed risky
+ coeff 2.99767 of var (x8,x9) (idx 1) in constr e82 (idx 73) is deemed risky
+ coeff -0.70767 of var (x8,x10) (idx 2) in constr e82 (idx 73) is deemed risky
+ coeff -2 of var (x8,x11) (idx 3) in constr e82 (idx 73) is deemed risky
+ coeff 2.3717 of var (x9,x9) (idx 4) in constr e82 (idx 73) is deemed risky
+ coeff -2.99767 of var (x9,x11) (idx 5) in constr e82 (idx 73) is deemed risky
+ coeff 0.70767 of var (x9,x16) (idx 6) in constr e82 (idx 73) is deemed risky
+ coeff -0.70767 of var (x9,x17) (idx 7) in constr e82 (idx 73) is deemed risky
+ coeff 2.3717 of var (x10,x10) (idx 8) in constr e82 (idx 73) is deemed risky
+ coeff 0.70767 of var (x10,x11) (idx 9) in constr e82 (idx 73) is deemed risky
+ coeff 2.99767 of var (x10,x16) (idx 10) in constr e82 (idx 73) is deemed risky
+ coeff -2.99767 of var (x10,x17) (idx 11) in constr e82 (idx 73) is deemed risky
+ coeff -2 of var (x16,x17) (idx 14) in constr e82 (idx 73) is deemed risky
+ coeff -4.5962 of var (x8,x12) (idx 1) in constr e83 (idx 74) is deemed risky
+ coeff -1.53206 of var (x8,x13) (idx 2) in constr e83 (idx 74) is deemed risky
+ coeff -2 of var (x8,x14) (idx 3) in constr e83 (idx 74) is deemed risky
+ coeff 5.86805 of var (x12,x12) (idx 4) in constr e83 (idx 74) is deemed risky
+ coeff 4.5962 of var (x12,x14) (idx 5) in constr e83 (idx 74) is deemed risky
+ coeff 1.53206 of var (x12,x16) (idx 6) in constr e83 (idx 74) is deemed risky
+ coeff -1.53206 of var (x12,x18) (idx 7) in constr e83 (idx 74) is deemed risky
+ coeff 5.86805 of var (x13,x13) (idx 8) in constr e83 (idx 74) is deemed risky
+ coeff 1.53206 of var (x13,x14) (idx 9) in constr e83 (idx 74) is deemed risky
+ coeff -4.5962 of var (x13,x16) (idx 10) in constr e83 (idx 74) is deemed risky
+ coeff 4.5962 of var (x13,x18) (idx 11) in constr e83 (idx 74) is deemed risky
+ coeff -2 of var (x16,x18) (idx 14) in constr e83 (idx 74) is deemed risky
+ coeff -2.53143 of var (x8,x9) (idx 1) in constr e84 (idx 75) is deemed risky
+ coeff -2.53149 of var (x8,x10) (idx 2) in constr e84 (idx 75) is deemed risky
+ coeff -2 of var (x8,x11) (idx 3) in constr e84 (idx 75) is deemed risky
+ coeff 3.20415 of var (x9,x9) (idx 4) in constr e84 (idx 75) is deemed risky
+ coeff 2.53143 of var (x9,x11) (idx 5) in constr e84 (idx 75) is deemed risky
+ coeff 2.53149 of var (x9,x16) (idx 6) in constr e84 (idx 75) is deemed risky
+ coeff -2.53149 of var (x9,x17) (idx 7) in constr e84 (idx 75) is deemed risky
+ coeff 3.20415 of var (x10,x10) (idx 8) in constr e84 (idx 75) is deemed risky
+ coeff 2.53149 of var (x10,x11) (idx 9) in constr e84 (idx 75) is deemed risky
+ coeff -2.53143 of var (x10,x16) (idx 10) in constr e84 (idx 75) is deemed risky
+ coeff 2.53143 of var (x10,x17) (idx 11) in constr e84 (idx 75) is deemed risky
+ coeff -2 of var (x16,x17) (idx 14) in constr e84 (idx 75) is deemed risky
+ coeff 0.659161 of var (x8,x12) (idx 1) in constr e85 (idx 76) is deemed risky
+ coeff 2.50376 of var (x8,x13) (idx 2) in constr e85 (idx 76) is deemed risky
+ coeff -2 of var (x8,x14) (idx 3) in constr e85 (idx 76) is deemed risky
+ coeff 1.67582 of var (x12,x12) (idx 4) in constr e85 (idx 76) is deemed risky
+ coeff -0.659161 of var (x12,x14) (idx 5) in constr e85 (idx 76) is deemed risky
+ coeff -2.50376 of var (x12,x16) (idx 6) in constr e85 (idx 76) is deemed risky
+ coeff 2.50376 of var (x12,x18) (idx 7) in constr e85 (idx 76) is deemed risky
+ coeff 1.67582 of var (x13,x13) (idx 8) in constr e85 (idx 76) is deemed risky
+ coeff -2.50376 of var (x13,x14) (idx 9) in constr e85 (idx 76) is deemed risky
+ coeff 0.659161 of var (x13,x16) (idx 10) in constr e85 (idx 76) is deemed risky
+ coeff -0.659161 of var (x13,x18) (idx 11) in constr e85 (idx 76) is deemed risky
+ coeff -2 of var (x16,x18) (idx 14) in constr e85 (idx 76) is deemed risky
+ coeff -2 of var (x11,x14) (idx 1) in constr e86 (idx 77) is deemed risky
+ coeff -2 of var (x17,x18) (idx 4) in constr e86 (idx 77) is deemed risky
+ coeff -3.02493 of var (x11,x12) (idx 1) in constr e87 (idx 78) is deemed risky
+ coeff -1.00828 of var (x11,x13) (idx 2) in constr e87 (idx 78) is deemed risky
+ coeff -2 of var (x11,x14) (idx 3) in constr e87 (idx 78) is deemed risky
+ coeff 2.54171 of var (x12,x12) (idx 4) in constr e87 (idx 78) is deemed risky
+ coeff 3.02493 of var (x12,x14) (idx 5) in constr e87 (idx 78) is deemed risky
+ coeff 1.00828 of var (x12,x17) (idx 6) in constr e87 (idx 78) is deemed risky
+ coeff -1.00828 of var (x12,x18) (idx 7) in constr e87 (idx 78) is deemed risky
+ coeff 2.54171 of var (x13,x13) (idx 8) in constr e87 (idx 78) is deemed risky
+ coeff 1.00828 of var (x13,x14) (idx 9) in constr e87 (idx 78) is deemed risky
+ coeff -3.02493 of var (x13,x17) (idx 10) in constr e87 (idx 78) is deemed risky
+ coeff 3.02493 of var (x13,x18) (idx 11) in constr e87 (idx 78) is deemed risky
+ coeff -2 of var (x17,x18) (idx 14) in constr e87 (idx 78) is deemed risky
+ coeff 2.26963 of var (x11,x12) (idx 1) in constr e88 (idx 79) is deemed risky
+ coeff -1.48442 of var (x11,x13) (idx 2) in constr e88 (idx 79) is deemed risky
+ coeff -2 of var (x11,x14) (idx 3) in constr e88 (idx 79) is deemed risky
+ coeff 1.83868 of var (x12,x12) (idx 4) in constr e88 (idx 79) is deemed risky
+ coeff -2.26963 of var (x12,x14) (idx 5) in constr e88 (idx 79) is deemed risky
+ coeff 1.48442 of var (x12,x17) (idx 6) in constr e88 (idx 79) is deemed risky
+ coeff -1.48442 of var (x12,x18) (idx 7) in constr e88 (idx 79) is deemed risky
+ coeff 1.83868 of var (x13,x13) (idx 8) in constr e88 (idx 79) is deemed risky
+ coeff 1.48442 of var (x13,x14) (idx 9) in constr e88 (idx 79) is deemed risky
+ coeff 2.26963 of var (x13,x17) (idx 10) in constr e88 (idx 79) is deemed risky
+ coeff -2.26963 of var (x13,x18) (idx 11) in constr e88 (idx 79) is deemed risky
+ coeff -2 of var (x17,x18) (idx 14) in constr e88 (idx 79) is deemed risky
+ coeff -4.5962 of var (x11,x12) (idx 1) in constr e89 (idx 80) is deemed risky
+ coeff -1.53206 of var (x11,x13) (idx 2) in constr e89 (idx 80) is deemed risky
+ coeff -2 of var (x11,x14) (idx 3) in constr e89 (idx 80) is deemed risky
+ coeff 5.86805 of var (x12,x12) (idx 4) in constr e89 (idx 80) is deemed risky
+ coeff 4.5962 of var (x12,x14) (idx 5) in constr e89 (idx 80) is deemed risky
+ coeff 1.53206 of var (x12,x17) (idx 6) in constr e89 (idx 80) is deemed risky
+ coeff -1.53206 of var (x12,x18) (idx 7) in constr e89 (idx 80) is deemed risky
+ coeff 5.86805 of var (x13,x13) (idx 8) in constr e89 (idx 80) is deemed risky
+ coeff 1.53206 of var (x13,x14) (idx 9) in constr e89 (idx 80) is deemed risky
+ coeff -4.5962 of var (x13,x17) (idx 10) in constr e89 (idx 80) is deemed risky
+ coeff 4.5962 of var (x13,x18) (idx 11) in constr e89 (idx 80) is deemed risky
+ coeff -2 of var (x17,x18) (idx 14) in constr e89 (idx 80) is deemed risky
+ coeff 0.659161 of var (x11,x12) (idx 1) in constr e90 (idx 81) is deemed risky
+ coeff 2.50376 of var (x11,x13) (idx 2) in constr e90 (idx 81) is deemed risky
+ coeff -2 of var (x11,x14) (idx 3) in constr e90 (idx 81) is deemed risky
+ coeff 1.67582 of var (x12,x12) (idx 4) in constr e90 (idx 81) is deemed risky
+ coeff -0.659161 of var (x12,x14) (idx 5) in constr e90 (idx 81) is deemed risky
+ coeff -2.50376 of var (x12,x17) (idx 6) in constr e90 (idx 81) is deemed risky
+ coeff 2.50376 of var (x12,x18) (idx 7) in constr e90 (idx 81) is deemed risky
+ coeff 1.67582 of var (x13,x13) (idx 8) in constr e90 (idx 81) is deemed risky
+ coeff -2.50376 of var (x13,x14) (idx 9) in constr e90 (idx 81) is deemed risky
+ coeff 0.659161 of var (x13,x17) (idx 10) in constr e90 (idx 81) is deemed risky
+ coeff -0.659161 of var (x13,x18) (idx 11) in constr e90 (idx 81) is deemed risky
+ coeff -2 of var (x17,x18) (idx 14) in constr e90 (idx 81) is deemed risky
+ coeff 5.66273 of var (x3,x3) (idx 0) in constr e91 (idx 82) is deemed risky
+ coeff 4.4751 of var (x3,x5) (idx 1) in constr e91 (idx 82) is deemed risky
+ coeff -4.4751 of var (x3,x8) (idx 2) in constr e91 (idx 82) is deemed risky
+ coeff -1.62 of var (x3,x15) (idx 3) in constr e91 (idx 82) is deemed risky
+ coeff 1.62 of var (x3,x16) (idx 4) in constr e91 (idx 82) is deemed risky
+ coeff 5.66273 of var (x4,x4) (idx 5) in constr e91 (idx 82) is deemed risky
+ coeff 1.62 of var (x4,x5) (idx 6) in constr e91 (idx 82) is deemed risky
+ coeff -1.62 of var (x4,x8) (idx 7) in constr e91 (idx 82) is deemed risky
+ coeff 4.4751 of var (x4,x15) (idx 8) in constr e91 (idx 82) is deemed risky
+ coeff -4.4751 of var (x4,x16) (idx 9) in constr e91 (idx 82) is deemed risky
+ coeff -2 of var (x5,x8) (idx 11) in constr e91 (idx 82) is deemed risky
+ coeff -2 of var (x15,x16) (idx 14) in constr e91 (idx 82) is deemed risky
+ coeff 5.66273 of var (x3,x3) (idx 0) in constr e92 (idx 83) is deemed risky
+ coeff 4.4751 of var (x3,x5) (idx 1) in constr e92 (idx 83) is deemed risky
+ coeff -4.4751 of var (x3,x11) (idx 2) in constr e92 (idx 83) is deemed risky
+ coeff -1.62 of var (x3,x15) (idx 3) in constr e92 (idx 83) is deemed risky
+ coeff 1.62 of var (x3,x17) (idx 4) in constr e92 (idx 83) is deemed risky
+ coeff 5.66273 of var (x4,x4) (idx 5) in constr e92 (idx 83) is deemed risky
+ coeff 1.62 of var (x4,x5) (idx 6) in constr e92 (idx 83) is deemed risky
+ coeff -1.62 of var (x4,x11) (idx 7) in constr e92 (idx 83) is deemed risky
+ coeff 4.4751 of var (x4,x15) (idx 8) in constr e92 (idx 83) is deemed risky
+ coeff -4.4751 of var (x4,x17) (idx 9) in constr e92 (idx 83) is deemed risky
+ coeff -2 of var (x5,x11) (idx 11) in constr e92 (idx 83) is deemed risky
+ coeff -2 of var (x15,x17) (idx 14) in constr e92 (idx 83) is deemed risky
+ coeff 5.66273 of var (x3,x3) (idx 0) in constr e93 (idx 84) is deemed risky
+ coeff 4.4751 of var (x3,x5) (idx 1) in constr e93 (idx 84) is deemed risky
+ coeff -4.4751 of var (x3,x14) (idx 2) in constr e93 (idx 84) is deemed risky
+ coeff -1.62 of var (x3,x15) (idx 3) in constr e93 (idx 84) is deemed risky
+ coeff 1.62 of var (x3,x18) (idx 4) in constr e93 (idx 84) is deemed risky
+ coeff 5.66273 of var (x4,x4) (idx 5) in constr e93 (idx 84) is deemed risky
+ coeff 1.62 of var (x4,x5) (idx 6) in constr e93 (idx 84) is deemed risky
+ coeff -1.62 of var (x4,x14) (idx 7) in constr e93 (idx 84) is deemed risky
+ coeff 4.4751 of var (x4,x15) (idx 8) in constr e93 (idx 84) is deemed risky
+ coeff -4.4751 of var (x4,x18) (idx 9) in constr e93 (idx 84) is deemed risky
+ coeff -2 of var (x5,x14) (idx 11) in constr e93 (idx 84) is deemed risky
+ coeff -2 of var (x15,x18) (idx 14) in constr e93 (idx 84) is deemed risky
+ coeff 5.66273 of var (x3,x3) (idx 0) in constr e94 (idx 85) is deemed risky
+ coeff 4.4751 of var (x3,x5) (idx 1) in constr e94 (idx 85) is deemed risky
+ coeff -10.9868 of var (x3,x6) (idx 2) in constr e94 (idx 85) is deemed risky
+ coeff 1.27481 of var (x3,x7) (idx 3) in constr e94 (idx 85) is deemed risky
+ coeff -4.4751 of var (x3,x8) (idx 4) in constr e94 (idx 85) is deemed risky
+ coeff -1.62 of var (x3,x15) (idx 5) in constr e94 (idx 85) is deemed risky
+ coeff 1.62 of var (x3,x16) (idx 6) in constr e94 (idx 85) is deemed risky
+ coeff 5.66273 of var (x4,x4) (idx 7) in constr e94 (idx 85) is deemed risky
+ coeff 1.62 of var (x4,x5) (idx 8) in constr e94 (idx 85) is deemed risky
+ coeff -1.27481 of var (x4,x6) (idx 9) in constr e94 (idx 85) is deemed risky
+ coeff -10.9868 of var (x4,x7) (idx 10) in constr e94 (idx 85) is deemed risky
+ coeff -1.62 of var (x4,x8) (idx 11) in constr e94 (idx 85) is deemed risky
+ coeff 4.4751 of var (x4,x15) (idx 12) in constr e94 (idx 85) is deemed risky
+ coeff -4.4751 of var (x4,x16) (idx 13) in constr e94 (idx 85) is deemed risky
+ coeff -4.52362 of var (x5,x6) (idx 15) in constr e94 (idx 85) is deemed risky
+ coeff -1.06783 of var (x5,x7) (idx 16) in constr e94 (idx 85) is deemed risky
+ coeff -2 of var (x5,x8) (idx 17) in constr e94 (idx 85) is deemed risky
+ coeff 5.40085 of var (x6,x6) (idx 18) in constr e94 (idx 85) is deemed risky
+ coeff 4.52362 of var (x6,x8) (idx 19) in constr e94 (idx 85) is deemed risky
+ coeff 1.06783 of var (x6,x15) (idx 20) in constr e94 (idx 85) is deemed risky
+ coeff -1.06783 of var (x6,x16) (idx 21) in constr e94 (idx 85) is deemed risky
+ coeff 5.40085 of var (x7,x7) (idx 22) in constr e94 (idx 85) is deemed risky
+ coeff 1.06783 of var (x7,x8) (idx 23) in constr e94 (idx 85) is deemed risky
+ coeff -4.52362 of var (x7,x15) (idx 24) in constr e94 (idx 85) is deemed risky
+ coeff 4.52362 of var (x7,x16) (idx 25) in constr e94 (idx 85) is deemed risky
+ coeff -2 of var (x15,x16) (idx 28) in constr e94 (idx 85) is deemed risky
+ coeff 5.66273 of var (x3,x3) (idx 0) in constr e95 (idx 86) is deemed risky
+ coeff 4.4751 of var (x3,x5) (idx 1) in constr e95 (idx 86) is deemed risky
+ coeff 8.62895 of var (x3,x9) (idx 2) in constr e95 (idx 86) is deemed risky
+ coeff -6.86425 of var (x3,x10) (idx 3) in constr e95 (idx 86) is deemed risky
+ coeff -4.4751 of var (x3,x11) (idx 4) in constr e95 (idx 86) is deemed risky
+ coeff -1.62 of var (x3,x15) (idx 5) in constr e95 (idx 86) is deemed risky
+ coeff 1.62 of var (x3,x17) (idx 6) in constr e95 (idx 86) is deemed risky
+ coeff 5.66273 of var (x4,x4) (idx 7) in constr e95 (idx 86) is deemed risky
+ coeff 1.62 of var (x4,x5) (idx 8) in constr e95 (idx 86) is deemed risky
+ coeff 6.86425 of var (x4,x9) (idx 9) in constr e95 (idx 86) is deemed risky
+ coeff 8.62895 of var (x4,x10) (idx 10) in constr e95 (idx 86) is deemed risky
+ coeff -1.62 of var (x4,x11) (idx 11) in constr e95 (idx 86) is deemed risky
+ coeff 4.4751 of var (x4,x15) (idx 12) in constr e95 (idx 86) is deemed risky
+ coeff -4.4751 of var (x4,x17) (idx 13) in constr e95 (idx 86) is deemed risky
+ coeff 4.39148 of var (x5,x9) (idx 15) in constr e95 (idx 86) is deemed risky
+ coeff -1.47803 of var (x5,x10) (idx 16) in constr e95 (idx 86) is deemed risky
+ coeff -2 of var (x5,x11) (idx 17) in constr e95 (idx 86) is deemed risky
+ coeff 5.36741 of var (x9,x9) (idx 18) in constr e95 (idx 86) is deemed risky
+ coeff -4.39148 of var (x9,x11) (idx 19) in constr e95 (idx 86) is deemed risky
+ coeff 1.47803 of var (x9,x15) (idx 20) in constr e95 (idx 86) is deemed risky
+ coeff -1.47803 of var (x9,x17) (idx 21) in constr e95 (idx 86) is deemed risky
+ coeff 5.36741 of var (x10,x10) (idx 22) in constr e95 (idx 86) is deemed risky
+ coeff 1.47803 of var (x10,x11) (idx 23) in constr e95 (idx 86) is deemed risky
+ coeff 4.39148 of var (x10,x15) (idx 24) in constr e95 (idx 86) is deemed risky
+ coeff -4.39148 of var (x10,x17) (idx 25) in constr e95 (idx 86) is deemed risky
+ coeff -2 of var (x15,x17) (idx 28) in constr e95 (idx 86) is deemed risky
+ coeff 5.66273 of var (x3,x3) (idx 0) in constr e96 (idx 87) is deemed risky
+ coeff 4.4751 of var (x3,x5) (idx 1) in constr e96 (idx 87) is deemed risky
+ coeff -7.58513 of var (x3,x12) (idx 2) in constr e96 (idx 87) is deemed risky
+ coeff 0.194118 of var (x3,x13) (idx 3) in constr e96 (idx 87) is deemed risky
+ coeff -4.4751 of var (x3,x14) (idx 4) in constr e96 (idx 87) is deemed risky
+ coeff -1.62 of var (x3,x15) (idx 5) in constr e96 (idx 87) is deemed risky
+ coeff 1.62 of var (x3,x18) (idx 6) in constr e96 (idx 87) is deemed risky
+ coeff 5.66273 of var (x4,x4) (idx 7) in constr e96 (idx 87) is deemed risky
+ coeff 1.62 of var (x4,x5) (idx 8) in constr e96 (idx 87) is deemed risky
+ coeff -0.194118 of var (x4,x12) (idx 9) in constr e96 (idx 87) is deemed risky
+ coeff -7.58513 of var (x4,x13) (idx 10) in constr e96 (idx 87) is deemed risky
+ coeff -1.62 of var (x4,x14) (idx 11) in constr e96 (idx 87) is deemed risky
+ coeff 4.4751 of var (x4,x15) (idx 12) in constr e96 (idx 87) is deemed risky
+ coeff -4.4751 of var (x4,x18) (idx 13) in constr e96 (idx 87) is deemed risky
+ coeff -3.02493 of var (x5,x12) (idx 15) in constr e96 (idx 87) is deemed risky
+ coeff -1.00828 of var (x5,x13) (idx 16) in constr e96 (idx 87) is deemed risky
+ coeff -2 of var (x5,x14) (idx 17) in constr e96 (idx 87) is deemed risky
+ coeff 2.54171 of var (x12,x12) (idx 18) in constr e96 (idx 87) is deemed risky
+ coeff 3.02493 of var (x12,x14) (idx 19) in constr e96 (idx 87) is deemed risky
+ coeff 1.00828 of var (x12,x15) (idx 20) in constr e96 (idx 87) is deemed risky
+ coeff -1.00828 of var (x12,x18) (idx 21) in constr e96 (idx 87) is deemed risky
+ coeff 2.54171 of var (x13,x13) (idx 22) in constr e96 (idx 87) is deemed risky
+ coeff 1.00828 of var (x13,x14) (idx 23) in constr e96 (idx 87) is deemed risky
+ coeff -3.02493 of var (x13,x15) (idx 24) in constr e96 (idx 87) is deemed risky
+ coeff 3.02493 of var (x13,x18) (idx 25) in constr e96 (idx 87) is deemed risky
+ coeff -2 of var (x15,x18) (idx 28) in constr e96 (idx 87) is deemed risky
+ coeff 5.66273 of var (x3,x3) (idx 0) in constr e97 (idx 88) is deemed risky
+ coeff 4.4751 of var (x3,x5) (idx 1) in constr e97 (idx 88) is deemed risky
+ coeff 7.79572 of var (x3,x6) (idx 2) in constr e97 (idx 88) is deemed risky
+ coeff -6.49591 of var (x3,x7) (idx 3) in constr e97 (idx 88) is deemed risky
+ coeff -4.4751 of var (x3,x8) (idx 4) in constr e97 (idx 88) is deemed risky
+ coeff -1.62 of var (x3,x15) (idx 5) in constr e97 (idx 88) is deemed risky
+ coeff 1.62 of var (x3,x16) (idx 6) in constr e97 (idx 88) is deemed risky
+ coeff 5.66273 of var (x4,x4) (idx 7) in constr e97 (idx 88) is deemed risky
+ coeff 1.62 of var (x4,x5) (idx 8) in constr e97 (idx 88) is deemed risky
+ coeff 6.49591 of var (x4,x6) (idx 9) in constr e97 (idx 88) is deemed risky
+ coeff 7.79572 of var (x4,x7) (idx 10) in constr e97 (idx 88) is deemed risky
+ coeff -1.62 of var (x4,x8) (idx 11) in constr e97 (idx 88) is deemed risky
+ coeff 4.4751 of var (x4,x15) (idx 12) in constr e97 (idx 88) is deemed risky
+ coeff -4.4751 of var (x4,x16) (idx 13) in constr e97 (idx 88) is deemed risky
+ coeff 4.00955 of var (x5,x6) (idx 15) in constr e97 (idx 88) is deemed risky
+ coeff -1.45167 of var (x5,x7) (idx 16) in constr e97 (idx 88) is deemed risky
+ coeff -2 of var (x5,x8) (idx 17) in constr e97 (idx 88) is deemed risky
+ coeff 4.54596 of var (x6,x6) (idx 18) in constr e97 (idx 88) is deemed risky
+ coeff -4.00955 of var (x6,x8) (idx 19) in constr e97 (idx 88) is deemed risky
+ coeff 1.45167 of var (x6,x15) (idx 20) in constr e97 (idx 88) is deemed risky
+ coeff -1.45167 of var (x6,x16) (idx 21) in constr e97 (idx 88) is deemed risky
+ coeff 4.54596 of var (x7,x7) (idx 22) in constr e97 (idx 88) is deemed risky
+ coeff 1.45167 of var (x7,x8) (idx 23) in constr e97 (idx 88) is deemed risky
+ coeff 4.00955 of var (x7,x15) (idx 24) in constr e97 (idx 88) is deemed risky
+ coeff -4.00955 of var (x7,x16) (idx 25) in constr e97 (idx 88) is deemed risky
+ coeff -2 of var (x15,x16) (idx 28) in constr e97 (idx 88) is deemed risky
+ coeff 5.66273 of var (x3,x3) (idx 0) in constr e98 (idx 89) is deemed risky
+ coeff 4.4751 of var (x3,x5) (idx 1) in constr e98 (idx 89) is deemed risky
+ coeff -1.95211 of var (x3,x9) (idx 2) in constr e98 (idx 89) is deemed risky
+ coeff 9.32999 of var (x3,x10) (idx 3) in constr e98 (idx 89) is deemed risky
+ coeff -4.4751 of var (x3,x11) (idx 4) in constr e98 (idx 89) is deemed risky
+ coeff -1.62 of var (x3,x15) (idx 5) in constr e98 (idx 89) is deemed risky
+ coeff 1.62 of var (x3,x17) (idx 6) in constr e98 (idx 89) is deemed risky
+ coeff 5.66273 of var (x4,x4) (idx 7) in constr e98 (idx 89) is deemed risky
+ coeff 1.62 of var (x4,x5) (idx 8) in constr e98 (idx 89) is deemed risky
+ coeff -9.32999 of var (x4,x9) (idx 9) in constr e98 (idx 89) is deemed risky
+ coeff -1.95211 of var (x4,x10) (idx 10) in constr e98 (idx 89) is deemed risky
+ coeff -1.62 of var (x4,x11) (idx 11) in constr e98 (idx 89) is deemed risky
+ coeff 4.4751 of var (x4,x15) (idx 12) in constr e98 (idx 89) is deemed risky
+ coeff -4.4751 of var (x4,x17) (idx 13) in constr e98 (idx 89) is deemed risky
+ coeff -2.10592 of var (x5,x9) (idx 15) in constr e98 (idx 89) is deemed risky
+ coeff 3.40739 of var (x5,x10) (idx 16) in constr e98 (idx 89) is deemed risky
+ coeff -2 of var (x5,x11) (idx 17) in constr e98 (idx 89) is deemed risky
+ coeff 4.0113 of var (x9,x9) (idx 18) in constr e98 (idx 89) is deemed risky
+ coeff 2.10592 of var (x9,x11) (idx 19) in constr e98 (idx 89) is deemed risky
+ coeff -3.40739 of var (x9,x15) (idx 20) in constr e98 (idx 89) is deemed risky
+ coeff 3.40739 of var (x9,x17) (idx 21) in constr e98 (idx 89) is deemed risky
+ coeff 4.0113 of var (x10,x10) (idx 22) in constr e98 (idx 89) is deemed risky
+ coeff -3.40739 of var (x10,x11) (idx 23) in constr e98 (idx 89) is deemed risky
+ coeff -2.10592 of var (x10,x15) (idx 24) in constr e98 (idx 89) is deemed risky
+ coeff 2.10592 of var (x10,x17) (idx 25) in constr e98 (idx 89) is deemed risky
+ coeff -2 of var (x15,x17) (idx 28) in constr e98 (idx 89) is deemed risky
+ coeff 5.66273 of var (x3,x3) (idx 0) in constr e99 (idx 90) is deemed risky
+ coeff 4.4751 of var (x3,x5) (idx 1) in constr e99 (idx 90) is deemed risky
+ coeff 3.87602 of var (x3,x12) (idx 2) in constr e99 (idx 90) is deemed risky
+ coeff -5.15987 of var (x3,x13) (idx 3) in constr e99 (idx 90) is deemed risky
+ coeff -4.4751 of var (x3,x14) (idx 4) in constr e99 (idx 90) is deemed risky
+ coeff -1.62 of var (x3,x15) (idx 5) in constr e99 (idx 90) is deemed risky
+ coeff 1.62 of var (x3,x18) (idx 6) in constr e99 (idx 90) is deemed risky
+ coeff 5.66273 of var (x4,x4) (idx 7) in constr e99 (idx 90) is deemed risky
+ coeff 1.62 of var (x4,x5) (idx 8) in constr e99 (idx 90) is deemed risky
+ coeff 5.15987 of var (x4,x12) (idx 9) in constr e99 (idx 90) is deemed risky
+ coeff 3.87602 of var (x4,x13) (idx 10) in constr e99 (idx 90) is deemed risky
+ coeff -1.62 of var (x4,x14) (idx 11) in constr e99 (idx 90) is deemed risky
+ coeff 4.4751 of var (x4,x15) (idx 12) in constr e99 (idx 90) is deemed risky
+ coeff -4.4751 of var (x4,x18) (idx 13) in constr e99 (idx 90) is deemed risky
+ coeff 2.26963 of var (x5,x12) (idx 15) in constr e99 (idx 90) is deemed risky
+ coeff -1.48442 of var (x5,x13) (idx 16) in constr e99 (idx 90) is deemed risky
+ coeff -2 of var (x5,x14) (idx 17) in constr e99 (idx 90) is deemed risky
+ coeff 1.83868 of var (x12,x12) (idx 18) in constr e99 (idx 90) is deemed risky
+ coeff -2.26963 of var (x12,x14) (idx 19) in constr e99 (idx 90) is deemed risky
+ coeff 1.48442 of var (x12,x15) (idx 20) in constr e99 (idx 90) is deemed risky
+ coeff -1.48442 of var (x12,x18) (idx 21) in constr e99 (idx 90) is deemed risky
+ coeff 1.83868 of var (x13,x13) (idx 22) in constr e99 (idx 90) is deemed risky
+ coeff 1.48442 of var (x13,x14) (idx 23) in constr e99 (idx 90) is deemed risky
+ coeff 2.26963 of var (x13,x15) (idx 24) in constr e99 (idx 90) is deemed risky
+ coeff -2.26963 of var (x13,x18) (idx 25) in constr e99 (idx 90) is deemed risky
+ coeff -2 of var (x15,x18) (idx 28) in constr e99 (idx 90) is deemed risky
+ coeff 5.66273 of var (x3,x3) (idx 0) in constr e100 (idx 91) is deemed risky
+ coeff 4.4751 of var (x3,x5) (idx 1) in constr e100 (idx 91) is deemed risky
+ coeff -17.8686 of var (x3,x6) (idx 2) in constr e100 (idx 91) is deemed risky
+ coeff 2.07319 of var (x3,x7) (idx 3) in constr e100 (idx 91) is deemed risky
+ coeff -4.4751 of var (x3,x8) (idx 4) in constr e100 (idx 91) is deemed risky
+ coeff -1.62 of var (x3,x15) (idx 5) in constr e100 (idx 91) is deemed risky
+ coeff 1.62 of var (x3,x16) (idx 6) in constr e100 (idx 91) is deemed risky
+ coeff 5.66273 of var (x4,x4) (idx 7) in constr e100 (idx 91) is deemed risky
+ coeff 1.62 of var (x4,x5) (idx 8) in constr e100 (idx 91) is deemed risky
+ coeff -2.07319 of var (x4,x6) (idx 9) in constr e100 (idx 91) is deemed risky
+ coeff -17.8686 of var (x4,x7) (idx 10) in constr e100 (idx 91) is deemed risky
+ coeff -1.62 of var (x4,x8) (idx 11) in constr e100 (idx 91) is deemed risky
+ coeff 4.4751 of var (x4,x15) (idx 12) in constr e100 (idx 91) is deemed risky
+ coeff -4.4751 of var (x4,x16) (idx 13) in constr e100 (idx 91) is deemed risky
+ coeff -7.35708 of var (x5,x6) (idx 15) in constr e100 (idx 91) is deemed risky
+ coeff -1.73674 of var (x5,x7) (idx 16) in constr e100 (idx 91) is deemed risky
+ coeff -2 of var (x5,x8) (idx 17) in constr e100 (idx 91) is deemed risky
+ coeff 14.2857 of var (x6,x6) (idx 18) in constr e100 (idx 91) is deemed risky
+ coeff 7.35708 of var (x6,x8) (idx 19) in constr e100 (idx 91) is deemed risky
+ coeff 1.73674 of var (x6,x15) (idx 20) in constr e100 (idx 91) is deemed risky
+ coeff -1.73674 of var (x6,x16) (idx 21) in constr e100 (idx 91) is deemed risky
+ coeff 14.2857 of var (x7,x7) (idx 22) in constr e100 (idx 91) is deemed risky
+ coeff 1.73674 of var (x7,x8) (idx 23) in constr e100 (idx 91) is deemed risky
+ coeff -7.35708 of var (x7,x15) (idx 24) in constr e100 (idx 91) is deemed risky
+ coeff 7.35708 of var (x7,x16) (idx 25) in constr e100 (idx 91) is deemed risky
+ coeff -2 of var (x15,x16) (idx 28) in constr e100 (idx 91) is deemed risky
+ coeff 5.66273 of var (x3,x3) (idx 0) in constr e101 (idx 92) is deemed risky
+ coeff 4.4751 of var (x3,x5) (idx 1) in constr e101 (idx 92) is deemed risky
+ coeff 6.13422 of var (x3,x9) (idx 2) in constr e101 (idx 92) is deemed risky
+ coeff -4.01155 of var (x3,x10) (idx 3) in constr e101 (idx 92) is deemed risky
+ coeff -4.4751 of var (x3,x11) (idx 4) in constr e101 (idx 92) is deemed risky
+ coeff -1.62 of var (x3,x15) (idx 5) in constr e101 (idx 92) is deemed risky
+ coeff 1.62 of var (x3,x17) (idx 6) in constr e101 (idx 92) is deemed risky
+ coeff 5.66273 of var (x4,x4) (idx 7) in constr e101 (idx 92) is deemed risky
+ coeff 1.62 of var (x4,x5) (idx 8) in constr e101 (idx 92) is deemed risky
+ coeff 4.01155 of var (x4,x9) (idx 9) in constr e101 (idx 92) is deemed risky
+ coeff 6.13422 of var (x4,x10) (idx 10) in constr e101 (idx 92) is deemed risky
+ coeff -1.62 of var (x4,x11) (idx 11) in constr e101 (idx 92) is deemed risky
+ coeff 4.4751 of var (x4,x15) (idx 12) in constr e101 (idx 92) is deemed risky
+ coeff -4.4751 of var (x4,x17) (idx 13) in constr e101 (idx 92) is deemed risky
+ coeff 2.99767 of var (x5,x9) (idx 15) in constr e101 (idx 92) is deemed risky
+ coeff -0.70767 of var (x5,x10) (idx 16) in constr e101 (idx 92) is deemed risky
+ coeff -2 of var (x5,x11) (idx 17) in constr e101 (idx 92) is deemed risky
+ coeff 2.3717 of var (x9,x9) (idx 18) in constr e101 (idx 92) is deemed risky
+ coeff -2.99767 of var (x9,x11) (idx 19) in constr e101 (idx 92) is deemed risky
+ coeff 0.70767 of var (x9,x15) (idx 20) in constr e101 (idx 92) is deemed risky
+ coeff -0.70767 of var (x9,x17) (idx 21) in constr e101 (idx 92) is deemed risky
+ coeff 2.3717 of var (x10,x10) (idx 22) in constr e101 (idx 92) is deemed risky
+ coeff 0.70767 of var (x10,x11) (idx 23) in constr e101 (idx 92) is deemed risky
+ coeff 2.99767 of var (x10,x15) (idx 24) in constr e101 (idx 92) is deemed risky
+ coeff -2.99767 of var (x10,x17) (idx 25) in constr e101 (idx 92) is deemed risky
+ coeff -2 of var (x15,x17) (idx 28) in constr e101 (idx 92) is deemed risky
+ coeff 5.66273 of var (x3,x3) (idx 0) in constr e102 (idx 93) is deemed risky
+ coeff 4.4751 of var (x3,x5) (idx 1) in constr e102 (idx 93) is deemed risky
+ coeff -11.5252 of var (x3,x12) (idx 2) in constr e102 (idx 93) is deemed risky
+ coeff 0.294862 of var (x3,x13) (idx 3) in constr e102 (idx 93) is deemed risky
+ coeff -4.4751 of var (x3,x14) (idx 4) in constr e102 (idx 93) is deemed risky
+ coeff -1.62 of var (x3,x15) (idx 5) in constr e102 (idx 93) is deemed risky
+ coeff 1.62 of var (x3,x18) (idx 6) in constr e102 (idx 93) is deemed risky
+ coeff 5.66273 of var (x4,x4) (idx 7) in constr e102 (idx 93) is deemed risky
+ coeff 1.62 of var (x4,x5) (idx 8) in constr e102 (idx 93) is deemed risky
+ coeff -0.294862 of var (x4,x12) (idx 9) in constr e102 (idx 93) is deemed risky
+ coeff -11.5252 of var (x4,x13) (idx 10) in constr e102 (idx 93) is deemed risky
+ coeff -1.62 of var (x4,x14) (idx 11) in constr e102 (idx 93) is deemed risky
+ coeff 4.4751 of var (x4,x15) (idx 12) in constr e102 (idx 93) is deemed risky
+ coeff -4.4751 of var (x4,x18) (idx 13) in constr e102 (idx 93) is deemed risky
+ coeff -4.5962 of var (x5,x12) (idx 15) in constr e102 (idx 93) is deemed risky
+ coeff -1.53206 of var (x5,x13) (idx 16) in constr e102 (idx 93) is deemed risky
+ coeff -2 of var (x5,x14) (idx 17) in constr e102 (idx 93) is deemed risky
+ coeff 5.86805 of var (x12,x12) (idx 18) in constr e102 (idx 93) is deemed risky
+ coeff 4.5962 of var (x12,x14) (idx 19) in constr e102 (idx 93) is deemed risky
+ coeff 1.53206 of var (x12,x15) (idx 20) in constr e102 (idx 93) is deemed risky
+ coeff -1.53206 of var (x12,x18) (idx 21) in constr e102 (idx 93) is deemed risky
+ coeff 5.86805 of var (x13,x13) (idx 22) in constr e102 (idx 93) is deemed risky
+ coeff 1.53206 of var (x13,x14) (idx 23) in constr e102 (idx 93) is deemed risky
+ coeff -4.5962 of var (x13,x15) (idx 24) in constr e102 (idx 93) is deemed risky
+ coeff 4.5962 of var (x13,x18) (idx 25) in constr e102 (idx 93) is deemed risky
+ coeff -2 of var (x15,x18) (idx 28) in constr e102 (idx 93) is deemed risky
+ coeff 5.66273 of var (x3,x3) (idx 0) in constr e103 (idx 94) is deemed risky
+ coeff 4.4751 of var (x3,x5) (idx 1) in constr e103 (idx 94) is deemed risky
+ coeff -22.1789 of var (x3,x6) (idx 2) in constr e103 (idx 94) is deemed risky
+ coeff 2.57335 of var (x3,x7) (idx 3) in constr e103 (idx 94) is deemed risky
+ coeff -4.4751 of var (x3,x8) (idx 4) in constr e103 (idx 94) is deemed risky
+ coeff -1.62 of var (x3,x15) (idx 5) in constr e103 (idx 94) is deemed risky
+ coeff 1.62 of var (x3,x16) (idx 6) in constr e103 (idx 94) is deemed risky
+ coeff 5.66273 of var (x4,x4) (idx 7) in constr e103 (idx 94) is deemed risky
+ coeff 1.62 of var (x4,x5) (idx 8) in constr e103 (idx 94) is deemed risky
+ coeff -2.57335 of var (x4,x6) (idx 9) in constr e103 (idx 94) is deemed risky
+ coeff -22.1789 of var (x4,x7) (idx 10) in constr e103 (idx 94) is deemed risky
+ coeff -1.62 of var (x4,x8) (idx 11) in constr e103 (idx 94) is deemed risky
+ coeff 4.4751 of var (x4,x15) (idx 12) in constr e103 (idx 94) is deemed risky
+ coeff -4.4751 of var (x4,x16) (idx 13) in constr e103 (idx 94) is deemed risky
+ coeff -9.13177 of var (x5,x6) (idx 15) in constr e103 (idx 94) is deemed risky
+ coeff -2.15565 of var (x5,x7) (idx 16) in constr e103 (idx 94) is deemed risky
+ coeff -2 of var (x5,x8) (idx 17) in constr e103 (idx 94) is deemed risky
+ coeff 22.009 of var (x6,x6) (idx 18) in constr e103 (idx 94) is deemed risky
+ coeff 9.13177 of var (x6,x8) (idx 19) in constr e103 (idx 94) is deemed risky
+ coeff 2.15565 of var (x6,x15) (idx 20) in constr e103 (idx 94) is deemed risky
+ coeff -2.15565 of var (x6,x16) (idx 21) in constr e103 (idx 94) is deemed risky
+ coeff 22.009 of var (x7,x7) (idx 22) in constr e103 (idx 94) is deemed risky
+ coeff 2.15565 of var (x7,x8) (idx 23) in constr e103 (idx 94) is deemed risky
+ coeff -9.13177 of var (x7,x15) (idx 24) in constr e103 (idx 94) is deemed risky
+ coeff 9.13177 of var (x7,x16) (idx 25) in constr e103 (idx 94) is deemed risky
+ coeff -2 of var (x15,x16) (idx 28) in constr e103 (idx 94) is deemed risky
+ coeff 5.66273 of var (x3,x3) (idx 0) in constr e104 (idx 95) is deemed risky
+ coeff 4.4751 of var (x3,x5) (idx 1) in constr e104 (idx 95) is deemed risky
+ coeff -7.71471 of var (x3,x9) (idx 2) in constr e104 (idx 95) is deemed risky
+ coeff -3.61389 of var (x3,x10) (idx 3) in constr e104 (idx 95) is deemed risky
+ coeff -4.4751 of var (x3,x11) (idx 4) in constr e104 (idx 95) is deemed risky
+ coeff -1.62 of var (x3,x15) (idx 5) in constr e104 (idx 95) is deemed risky
+ coeff 1.62 of var (x3,x17) (idx 6) in constr e104 (idx 95) is deemed risky
+ coeff 5.66273 of var (x4,x4) (idx 7) in constr e104 (idx 95) is deemed risky
+ coeff 1.62 of var (x4,x5) (idx 8) in constr e104 (idx 95) is deemed risky
+ coeff 3.61389 of var (x4,x9) (idx 9) in constr e104 (idx 95) is deemed risky
+ coeff -7.71471 of var (x4,x10) (idx 10) in constr e104 (idx 95) is deemed risky
+ coeff -1.62 of var (x4,x11) (idx 11) in constr e104 (idx 95) is deemed risky
+ coeff 4.4751 of var (x4,x15) (idx 12) in constr e104 (idx 95) is deemed risky
+ coeff -4.4751 of var (x4,x17) (idx 13) in constr e104 (idx 95) is deemed risky
+ coeff -2.53143 of var (x5,x9) (idx 15) in constr e104 (idx 95) is deemed risky
+ coeff -2.53149 of var (x5,x10) (idx 16) in constr e104 (idx 95) is deemed risky
+ coeff -2 of var (x5,x11) (idx 17) in constr e104 (idx 95) is deemed risky
+ coeff 3.20415 of var (x9,x9) (idx 18) in constr e104 (idx 95) is deemed risky
+ coeff 2.53143 of var (x9,x11) (idx 19) in constr e104 (idx 95) is deemed risky
+ coeff 2.53149 of var (x9,x15) (idx 20) in constr e104 (idx 95) is deemed risky
+ coeff -2.53149 of var (x9,x17) (idx 21) in constr e104 (idx 95) is deemed risky
+ coeff 3.20415 of var (x10,x10) (idx 22) in constr e104 (idx 95) is deemed risky
+ coeff 2.53149 of var (x10,x11) (idx 23) in constr e104 (idx 95) is deemed risky
+ coeff -2.53143 of var (x10,x15) (idx 24) in constr e104 (idx 95) is deemed risky
+ coeff 2.53143 of var (x10,x17) (idx 25) in constr e104 (idx 95) is deemed risky
+ coeff -2 of var (x15,x17) (idx 28) in constr e104 (idx 95) is deemed risky
+ coeff 5.66273 of var (x3,x3) (idx 0) in constr e105 (idx 96) is deemed risky
+ coeff 4.4751 of var (x3,x5) (idx 1) in constr e105 (idx 96) is deemed risky
+ coeff 3.50295 of var (x3,x12) (idx 2) in constr e105 (idx 96) is deemed risky
+ coeff 5.06836 of var (x3,x13) (idx 3) in constr e105 (idx 96) is deemed risky
+ coeff -4.4751 of var (x3,x14) (idx 4) in constr e105 (idx 96) is deemed risky
+ coeff -1.62 of var (x3,x15) (idx 5) in constr e105 (idx 96) is deemed risky
+ coeff 1.62 of var (x3,x18) (idx 6) in constr e105 (idx 96) is deemed risky
+ coeff 5.66273 of var (x4,x4) (idx 7) in constr e105 (idx 96) is deemed risky
+ coeff 1.62 of var (x4,x5) (idx 8) in constr e105 (idx 96) is deemed risky
+ coeff -5.06836 of var (x4,x12) (idx 9) in constr e105 (idx 96) is deemed risky
+ coeff 3.50295 of var (x4,x13) (idx 10) in constr e105 (idx 96) is deemed risky
+ coeff -1.62 of var (x4,x14) (idx 11) in constr e105 (idx 96) is deemed risky
+ coeff 4.4751 of var (x4,x15) (idx 12) in constr e105 (idx 96) is deemed risky
+ coeff -4.4751 of var (x4,x18) (idx 13) in constr e105 (idx 96) is deemed risky
+ coeff 0.659161 of var (x5,x12) (idx 15) in constr e105 (idx 96) is deemed risky
+ coeff 2.50376 of var (x5,x13) (idx 16) in constr e105 (idx 96) is deemed risky
+ coeff -2 of var (x5,x14) (idx 17) in constr e105 (idx 96) is deemed risky
+ coeff 1.67582 of var (x12,x12) (idx 18) in constr e105 (idx 96) is deemed risky
+ coeff -0.659161 of var (x12,x14) (idx 19) in constr e105 (idx 96) is deemed risky
+ coeff -2.50376 of var (x12,x15) (idx 20) in constr e105 (idx 96) is deemed risky
+ coeff 2.50376 of var (x12,x18) (idx 21) in constr e105 (idx 96) is deemed risky
+ coeff 1.67582 of var (x13,x13) (idx 22) in constr e105 (idx 96) is deemed risky
+ coeff -2.50376 of var (x13,x14) (idx 23) in constr e105 (idx 96) is deemed risky
+ coeff 0.659161 of var (x13,x15) (idx 24) in constr e105 (idx 96) is deemed risky
+ coeff -0.659161 of var (x13,x18) (idx 25) in constr e105 (idx 96) is deemed risky
+ coeff -2 of var (x15,x18) (idx 28) in constr e105 (idx 96) is deemed risky
+ coeff 5.40085 of var (x6,x6) (idx 0) in constr e106 (idx 97) is deemed risky
+ coeff 4.52362 of var (x6,x8) (idx 1) in constr e106 (idx 97) is deemed risky
+ coeff -4.52362 of var (x6,x11) (idx 2) in constr e106 (idx 97) is deemed risky
+ coeff -1.06783 of var (x6,x16) (idx 3) in constr e106 (idx 97) is deemed risky
+ coeff 1.06783 of var (x6,x17) (idx 4) in constr e106 (idx 97) is deemed risky
+ coeff 5.40085 of var (x7,x7) (idx 5) in constr e106 (idx 97) is deemed risky
+ coeff 1.06783 of var (x7,x8) (idx 6) in constr e106 (idx 97) is deemed risky
+ coeff -1.06783 of var (x7,x11) (idx 7) in constr e106 (idx 97) is deemed risky
+ coeff 4.52362 of var (x7,x16) (idx 8) in constr e106 (idx 97) is deemed risky
+ coeff -4.52362 of var (x7,x17) (idx 9) in constr e106 (idx 97) is deemed risky
+ coeff -2 of var (x8,x11) (idx 11) in constr e106 (idx 97) is deemed risky
+ coeff -2 of var (x16,x17) (idx 14) in constr e106 (idx 97) is deemed risky
+ coeff 5.40085 of var (x6,x6) (idx 0) in constr e107 (idx 98) is deemed risky
+ coeff 4.52362 of var (x6,x8) (idx 1) in constr e107 (idx 98) is deemed risky
+ coeff -4.52362 of var (x6,x14) (idx 2) in constr e107 (idx 98) is deemed risky
+ coeff -1.06783 of var (x6,x16) (idx 3) in constr e107 (idx 98) is deemed risky
+ coeff 1.06783 of var (x6,x18) (idx 4) in constr e107 (idx 98) is deemed risky
+ coeff 5.40085 of var (x7,x7) (idx 5) in constr e107 (idx 98) is deemed risky
+ coeff 1.06783 of var (x7,x8) (idx 6) in constr e107 (idx 98) is deemed risky
+ coeff -1.06783 of var (x7,x14) (idx 7) in constr e107 (idx 98) is deemed risky
+ coeff 4.52362 of var (x7,x16) (idx 8) in constr e107 (idx 98) is deemed risky
+ coeff -4.52362 of var (x7,x18) (idx 9) in constr e107 (idx 98) is deemed risky
+ coeff -2 of var (x8,x14) (idx 11) in constr e107 (idx 98) is deemed risky
+ coeff -2 of var (x16,x18) (idx 14) in constr e107 (idx 98) is deemed risky
+ coeff 5.40085 of var (x6,x6) (idx 0) in constr e108 (idx 99) is deemed risky
+ coeff 4.52362 of var (x6,x8) (idx 1) in constr e108 (idx 99) is deemed risky
+ coeff 9.14355 of var (x6,x9) (idx 2) in constr e108 (idx 99) is deemed risky
+ coeff -5.68769 of var (x6,x10) (idx 3) in constr e108 (idx 99) is deemed risky
+ coeff -4.52362 of var (x6,x11) (idx 4) in constr e108 (idx 99) is deemed risky
+ coeff -1.06783 of var (x6,x16) (idx 5) in constr e108 (idx 99) is deemed risky
+ coeff 1.06783 of var (x6,x17) (idx 6) in constr e108 (idx 99) is deemed risky
+ coeff 5.40085 of var (x7,x7) (idx 7) in constr e108 (idx 99) is deemed risky
+ coeff 1.06783 of var (x7,x8) (idx 8) in constr e108 (idx 99) is deemed risky
+ coeff 5.68769 of var (x7,x9) (idx 9) in constr e108 (idx 99) is deemed risky
+ coeff 9.14355 of var (x7,x10) (idx 10) in constr e108 (idx 99) is deemed risky
+ coeff -1.06783 of var (x7,x11) (idx 11) in constr e108 (idx 99) is deemed risky
+ coeff 4.52362 of var (x7,x16) (idx 12) in constr e108 (idx 99) is deemed risky
+ coeff -4.52362 of var (x7,x17) (idx 13) in constr e108 (idx 99) is deemed risky
+ coeff 4.39148 of var (x8,x9) (idx 15) in constr e108 (idx 99) is deemed risky
+ coeff -1.47803 of var (x8,x10) (idx 16) in constr e108 (idx 99) is deemed risky
+ coeff -2 of var (x8,x11) (idx 17) in constr e108 (idx 99) is deemed risky
+ coeff 5.36741 of var (x9,x9) (idx 18) in constr e108 (idx 99) is deemed risky
+ coeff -4.39148 of var (x9,x11) (idx 19) in constr e108 (idx 99) is deemed risky
+ coeff 1.47803 of var (x9,x16) (idx 20) in constr e108 (idx 99) is deemed risky
+ coeff -1.47803 of var (x9,x17) (idx 21) in constr e108 (idx 99) is deemed risky
+ coeff 5.36741 of var (x10,x10) (idx 22) in constr e108 (idx 99) is deemed risky
+ coeff 1.47803 of var (x10,x11) (idx 23) in constr e108 (idx 99) is deemed risky
+ coeff 4.39148 of var (x10,x16) (idx 24) in constr e108 (idx 99) is deemed risky
+ coeff -4.39148 of var (x10,x17) (idx 25) in constr e108 (idx 99) is deemed risky
+ coeff -2 of var (x16,x17) (idx 28) in constr e108 (idx 99) is deemed risky
+ coeff 5.40085 of var (x6,x6) (idx 0) in constr e109 (idx 100) is deemed risky
+ coeff 4.52362 of var (x6,x8) (idx 1) in constr e109 (idx 100) is deemed risky
+ coeff -7.38015 of var (x6,x12) (idx 2) in constr e109 (idx 100) is deemed risky
+ coeff -0.665479 of var (x6,x13) (idx 3) in constr e109 (idx 100) is deemed risky
+ coeff -4.52362 of var (x6,x14) (idx 4) in constr e109 (idx 100) is deemed risky
+ coeff -1.06783 of var (x6,x16) (idx 5) in constr e109 (idx 100) is deemed risky
+ coeff 1.06783 of var (x6,x18) (idx 6) in constr e109 (idx 100) is deemed risky
+ coeff 5.40085 of var (x7,x7) (idx 7) in constr e109 (idx 100) is deemed risky
+ coeff 1.06783 of var (x7,x8) (idx 8) in constr e109 (idx 100) is deemed risky
+ coeff 0.665479 of var (x7,x12) (idx 9) in constr e109 (idx 100) is deemed risky
+ coeff -7.38015 of var (x7,x13) (idx 10) in constr e109 (idx 100) is deemed risky
+ coeff -1.06783 of var (x7,x14) (idx 11) in constr e109 (idx 100) is deemed risky
+ coeff 4.52362 of var (x7,x16) (idx 12) in constr e109 (idx 100) is deemed risky
+ coeff -4.52362 of var (x7,x18) (idx 13) in constr e109 (idx 100) is deemed risky
+ coeff -3.02493 of var (x8,x12) (idx 15) in constr e109 (idx 100) is deemed risky
+ coeff -1.00828 of var (x8,x13) (idx 16) in constr e109 (idx 100) is deemed risky
+ coeff -2 of var (x8,x14) (idx 17) in constr e109 (idx 100) is deemed risky
+ coeff 2.54171 of var (x12,x12) (idx 18) in constr e109 (idx 100) is deemed risky
+ coeff 3.02493 of var (x12,x14) (idx 19) in constr e109 (idx 100) is deemed risky
+ coeff 1.00828 of var (x12,x16) (idx 20) in constr e109 (idx 100) is deemed risky
+ coeff -1.00828 of var (x12,x18) (idx 21) in constr e109 (idx 100) is deemed risky
+ coeff 2.54171 of var (x13,x13) (idx 22) in constr e109 (idx 100) is deemed risky
+ coeff 1.00828 of var (x13,x14) (idx 23) in constr e109 (idx 100) is deemed risky
+ coeff -3.02493 of var (x13,x16) (idx 24) in constr e109 (idx 100) is deemed risky
+ coeff 3.02493 of var (x13,x18) (idx 25) in constr e109 (idx 100) is deemed risky
+ coeff -2 of var (x16,x18) (idx 28) in constr e109 (idx 100) is deemed risky
+ coeff 5.40085 of var (x6,x6) (idx 0) in constr e110 (idx 101) is deemed risky
+ coeff 4.52362 of var (x6,x8) (idx 1) in constr e110 (idx 101) is deemed risky
+ coeff -2.94393 of var (x6,x9) (idx 2) in constr e110 (idx 101) is deemed risky
+ coeff 8.83125 of var (x6,x10) (idx 3) in constr e110 (idx 101) is deemed risky
+ coeff -4.52362 of var (x6,x11) (idx 4) in constr e110 (idx 101) is deemed risky
+ coeff -1.06783 of var (x6,x16) (idx 5) in constr e110 (idx 101) is deemed risky
+ coeff 1.06783 of var (x6,x17) (idx 6) in constr e110 (idx 101) is deemed risky
+ coeff 5.40085 of var (x7,x7) (idx 7) in constr e110 (idx 101) is deemed risky
+ coeff 1.06783 of var (x7,x8) (idx 8) in constr e110 (idx 101) is deemed risky
+ coeff -8.83125 of var (x7,x9) (idx 9) in constr e110 (idx 101) is deemed risky
+ coeff -2.94393 of var (x7,x10) (idx 10) in constr e110 (idx 101) is deemed risky
+ coeff -1.06783 of var (x7,x11) (idx 11) in constr e110 (idx 101) is deemed risky
+ coeff 4.52362 of var (x7,x16) (idx 12) in constr e110 (idx 101) is deemed risky
+ coeff -4.52362 of var (x7,x17) (idx 13) in constr e110 (idx 101) is deemed risky
+ coeff -2.10592 of var (x8,x9) (idx 15) in constr e110 (idx 101) is deemed risky
+ coeff 3.40739 of var (x8,x10) (idx 16) in constr e110 (idx 101) is deemed risky
+ coeff -2 of var (x8,x11) (idx 17) in constr e110 (idx 101) is deemed risky
+ coeff 4.0113 of var (x9,x9) (idx 18) in constr e110 (idx 101) is deemed risky
+ coeff 2.10592 of var (x9,x11) (idx 19) in constr e110 (idx 101) is deemed risky
+ coeff -3.40739 of var (x9,x16) (idx 20) in constr e110 (idx 101) is deemed risky
+ coeff 3.40739 of var (x9,x17) (idx 21) in constr e110 (idx 101) is deemed risky
+ coeff 4.0113 of var (x10,x10) (idx 22) in constr e110 (idx 101) is deemed risky
+ coeff -3.40739 of var (x10,x11) (idx 23) in constr e110 (idx 101) is deemed risky
+ coeff -2.10592 of var (x10,x16) (idx 24) in constr e110 (idx 101) is deemed risky
+ coeff 2.10592 of var (x10,x17) (idx 25) in constr e110 (idx 101) is deemed risky
+ coeff -2 of var (x16,x17) (idx 28) in constr e110 (idx 101) is deemed risky
+ coeff 5.40085 of var (x6,x6) (idx 0) in constr e111 (idx 102) is deemed risky
+ coeff 4.52362 of var (x6,x8) (idx 1) in constr e111 (idx 102) is deemed risky
+ coeff 4.34091 of var (x6,x12) (idx 2) in constr e111 (idx 102) is deemed risky
+ coeff -4.56927 of var (x6,x13) (idx 3) in constr e111 (idx 102) is deemed risky
+ coeff -4.52362 of var (x6,x14) (idx 4) in constr e111 (idx 102) is deemed risky
+ coeff -1.06783 of var (x6,x16) (idx 5) in constr e111 (idx 102) is deemed risky
+ coeff 1.06783 of var (x6,x18) (idx 6) in constr e111 (idx 102) is deemed risky
+ coeff 5.40085 of var (x7,x7) (idx 7) in constr e111 (idx 102) is deemed risky
+ coeff 1.06783 of var (x7,x8) (idx 8) in constr e111 (idx 102) is deemed risky
+ coeff 4.56927 of var (x7,x12) (idx 9) in constr e111 (idx 102) is deemed risky
+ coeff 4.34091 of var (x7,x13) (idx 10) in constr e111 (idx 102) is deemed risky
+ coeff -1.06783 of var (x7,x14) (idx 11) in constr e111 (idx 102) is deemed risky
+ coeff 4.52362 of var (x7,x16) (idx 12) in constr e111 (idx 102) is deemed risky
+ coeff -4.52362 of var (x7,x18) (idx 13) in constr e111 (idx 102) is deemed risky
+ coeff 2.26963 of var (x8,x12) (idx 15) in constr e111 (idx 102) is deemed risky
+ coeff -1.48442 of var (x8,x13) (idx 16) in constr e111 (idx 102) is deemed risky
+ coeff -2 of var (x8,x14) (idx 17) in constr e111 (idx 102) is deemed risky
+ coeff 1.83868 of var (x12,x12) (idx 18) in constr e111 (idx 102) is deemed risky
+ coeff -2.26963 of var (x12,x14) (idx 19) in constr e111 (idx 102) is deemed risky
+ coeff 1.48442 of var (x12,x16) (idx 20) in constr e111 (idx 102) is deemed risky
+ coeff -1.48442 of var (x12,x18) (idx 21) in constr e111 (idx 102) is deemed risky
+ coeff 1.83868 of var (x13,x13) (idx 22) in constr e111 (idx 102) is deemed risky
+ coeff 1.48442 of var (x13,x14) (idx 23) in constr e111 (idx 102) is deemed risky
+ coeff 2.26963 of var (x13,x16) (idx 24) in constr e111 (idx 102) is deemed risky
+ coeff -2.26963 of var (x13,x18) (idx 25) in constr e111 (idx 102) is deemed risky
+ coeff -2 of var (x16,x18) (idx 28) in constr e111 (idx 102) is deemed risky
+ coeff 5.40085 of var (x6,x6) (idx 0) in constr e112 (idx 103) is deemed risky
+ coeff 4.52362 of var (x6,x8) (idx 1) in constr e112 (idx 103) is deemed risky
+ coeff 6.40232 of var (x6,x9) (idx 2) in constr e112 (idx 103) is deemed risky
+ coeff -3.20111 of var (x6,x10) (idx 3) in constr e112 (idx 103) is deemed risky
+ coeff -4.52362 of var (x6,x11) (idx 4) in constr e112 (idx 103) is deemed risky
+ coeff -1.06783 of var (x6,x16) (idx 5) in constr e112 (idx 103) is deemed risky
+ coeff 1.06783 of var (x6,x17) (idx 6) in constr e112 (idx 103) is deemed risky
+ coeff 5.40085 of var (x7,x7) (idx 7) in constr e112 (idx 103) is deemed risky
+ coeff 1.06783 of var (x7,x8) (idx 8) in constr e112 (idx 103) is deemed risky
+ coeff 3.20111 of var (x7,x9) (idx 9) in constr e112 (idx 103) is deemed risky
+ coeff 6.40232 of var (x7,x10) (idx 10) in constr e112 (idx 103) is deemed risky
+ coeff -1.06783 of var (x7,x11) (idx 11) in constr e112 (idx 103) is deemed risky
+ coeff 4.52362 of var (x7,x16) (idx 12) in constr e112 (idx 103) is deemed risky
+ coeff -4.52362 of var (x7,x17) (idx 13) in constr e112 (idx 103) is deemed risky
+ coeff 2.99767 of var (x8,x9) (idx 15) in constr e112 (idx 103) is deemed risky
+ coeff -0.70767 of var (x8,x10) (idx 16) in constr e112 (idx 103) is deemed risky
+ coeff -2 of var (x8,x11) (idx 17) in constr e112 (idx 103) is deemed risky
+ coeff 2.3717 of var (x9,x9) (idx 18) in constr e112 (idx 103) is deemed risky
+ coeff -2.99767 of var (x9,x11) (idx 19) in constr e112 (idx 103) is deemed risky
+ coeff 0.70767 of var (x9,x16) (idx 20) in constr e112 (idx 103) is deemed risky
+ coeff -0.70767 of var (x9,x17) (idx 21) in constr e112 (idx 103) is deemed risky
+ coeff 2.3717 of var (x10,x10) (idx 22) in constr e112 (idx 103) is deemed risky
+ coeff 0.70767 of var (x10,x11) (idx 23) in constr e112 (idx 103) is deemed risky
+ coeff 2.99767 of var (x10,x16) (idx 24) in constr e112 (idx 103) is deemed risky
+ coeff -2.99767 of var (x10,x17) (idx 25) in constr e112 (idx 103) is deemed risky
+ coeff -2 of var (x16,x17) (idx 28) in constr e112 (idx 103) is deemed risky
+ coeff 5.40085 of var (x6,x6) (idx 0) in constr e113 (idx 104) is deemed risky
+ coeff 4.52362 of var (x6,x8) (idx 1) in constr e113 (idx 104) is deemed risky
+ coeff -11.2137 of var (x6,x12) (idx 2) in constr e113 (idx 104) is deemed risky
+ coeff -1.01124 of var (x6,x13) (idx 3) in constr e113 (idx 104) is deemed risky
+ coeff -4.52362 of var (x6,x14) (idx 4) in constr e113 (idx 104) is deemed risky
+ coeff -1.06783 of var (x6,x16) (idx 5) in constr e113 (idx 104) is deemed risky
+ coeff 1.06783 of var (x6,x18) (idx 6) in constr e113 (idx 104) is deemed risky
+ coeff 5.40085 of var (x7,x7) (idx 7) in constr e113 (idx 104) is deemed risky
+ coeff 1.06783 of var (x7,x8) (idx 8) in constr e113 (idx 104) is deemed risky
+ coeff 1.01124 of var (x7,x12) (idx 9) in constr e113 (idx 104) is deemed risky
+ coeff -11.2137 of var (x7,x13) (idx 10) in constr e113 (idx 104) is deemed risky
+ coeff -1.06783 of var (x7,x14) (idx 11) in constr e113 (idx 104) is deemed risky
+ coeff 4.52362 of var (x7,x16) (idx 12) in constr e113 (idx 104) is deemed risky
+ coeff -4.52362 of var (x7,x18) (idx 13) in constr e113 (idx 104) is deemed risky
+ coeff -4.5962 of var (x8,x12) (idx 15) in constr e113 (idx 104) is deemed risky
+ coeff -1.53206 of var (x8,x13) (idx 16) in constr e113 (idx 104) is deemed risky
+ coeff -2 of var (x8,x14) (idx 17) in constr e113 (idx 104) is deemed risky
+ coeff 5.86805 of var (x12,x12) (idx 18) in constr e113 (idx 104) is deemed risky
+ coeff 4.5962 of var (x12,x14) (idx 19) in constr e113 (idx 104) is deemed risky
+ coeff 1.53206 of var (x12,x16) (idx 20) in constr e113 (idx 104) is deemed risky
+ coeff -1.53206 of var (x12,x18) (idx 21) in constr e113 (idx 104) is deemed risky
+ coeff 5.86805 of var (x13,x13) (idx 22) in constr e113 (idx 104) is deemed risky
+ coeff 1.53206 of var (x13,x14) (idx 23) in constr e113 (idx 104) is deemed risky
+ coeff -4.5962 of var (x13,x16) (idx 24) in constr e113 (idx 104) is deemed risky
+ coeff 4.5962 of var (x13,x18) (idx 25) in constr e113 (idx 104) is deemed risky
+ coeff -2 of var (x16,x18) (idx 28) in constr e113 (idx 104) is deemed risky
+ coeff 5.40085 of var (x6,x6) (idx 0) in constr e114 (idx 105) is deemed risky
+ coeff 4.52362 of var (x6,x8) (idx 1) in constr e114 (idx 105) is deemed risky
+ coeff -7.07722 of var (x6,x9) (idx 2) in constr e114 (idx 105) is deemed risky
+ coeff -4.37419 of var (x6,x10) (idx 3) in constr e114 (idx 105) is deemed risky
+ coeff -4.52362 of var (x6,x11) (idx 4) in constr e114 (idx 105) is deemed risky
+ coeff -1.06783 of var (x6,x16) (idx 5) in constr e114 (idx 105) is deemed risky
+ coeff 1.06783 of var (x6,x17) (idx 6) in constr e114 (idx 105) is deemed risky
+ coeff 5.40085 of var (x7,x7) (idx 7) in constr e114 (idx 105) is deemed risky
+ coeff 1.06783 of var (x7,x8) (idx 8) in constr e114 (idx 105) is deemed risky
+ coeff 4.37419 of var (x7,x9) (idx 9) in constr e114 (idx 105) is deemed risky
+ coeff -7.07722 of var (x7,x10) (idx 10) in constr e114 (idx 105) is deemed risky
+ coeff -1.06783 of var (x7,x11) (idx 11) in constr e114 (idx 105) is deemed risky
+ coeff 4.52362 of var (x7,x16) (idx 12) in constr e114 (idx 105) is deemed risky
+ coeff -4.52362 of var (x7,x17) (idx 13) in constr e114 (idx 105) is deemed risky
+ coeff -2.53143 of var (x8,x9) (idx 15) in constr e114 (idx 105) is deemed risky
+ coeff -2.53149 of var (x8,x10) (idx 16) in constr e114 (idx 105) is deemed risky
+ coeff -2 of var (x8,x11) (idx 17) in constr e114 (idx 105) is deemed risky
+ coeff 3.20415 of var (x9,x9) (idx 18) in constr e114 (idx 105) is deemed risky
+ coeff 2.53143 of var (x9,x11) (idx 19) in constr e114 (idx 105) is deemed risky
+ coeff 2.53149 of var (x9,x16) (idx 20) in constr e114 (idx 105) is deemed risky
+ coeff -2.53149 of var (x9,x17) (idx 21) in constr e114 (idx 105) is deemed risky
+ coeff 3.20415 of var (x10,x10) (idx 22) in constr e114 (idx 105) is deemed risky
+ coeff 2.53149 of var (x10,x11) (idx 23) in constr e114 (idx 105) is deemed risky
+ coeff -2.53143 of var (x10,x16) (idx 24) in constr e114 (idx 105) is deemed risky
+ coeff 2.53143 of var (x10,x17) (idx 25) in constr e114 (idx 105) is deemed risky
+ coeff -2 of var (x16,x17) (idx 28) in constr e114 (idx 105) is deemed risky
+ coeff 5.40085 of var (x6,x6) (idx 0) in constr e115 (idx 106) is deemed risky
+ coeff 4.52362 of var (x6,x8) (idx 1) in constr e115 (idx 106) is deemed risky
+ coeff 2.82769 of var (x6,x12) (idx 2) in constr e115 (idx 106) is deemed risky
+ coeff 5.31109 of var (x6,x13) (idx 3) in constr e115 (idx 106) is deemed risky
+ coeff -4.52362 of var (x6,x14) (idx 4) in constr e115 (idx 106) is deemed risky
+ coeff -1.06783 of var (x6,x16) (idx 5) in constr e115 (idx 106) is deemed risky
+ coeff 1.06783 of var (x6,x18) (idx 6) in constr e115 (idx 106) is deemed risky
+ coeff 5.40085 of var (x7,x7) (idx 7) in constr e115 (idx 106) is deemed risky
+ coeff 1.06783 of var (x7,x8) (idx 8) in constr e115 (idx 106) is deemed risky
+ coeff -5.31109 of var (x7,x12) (idx 9) in constr e115 (idx 106) is deemed risky
+ coeff 2.82769 of var (x7,x13) (idx 10) in constr e115 (idx 106) is deemed risky
+ coeff -1.06783 of var (x7,x14) (idx 11) in constr e115 (idx 106) is deemed risky
+ coeff 4.52362 of var (x7,x16) (idx 12) in constr e115 (idx 106) is deemed risky
+ coeff -4.52362 of var (x7,x18) (idx 13) in constr e115 (idx 106) is deemed risky
+ coeff 0.659161 of var (x8,x12) (idx 15) in constr e115 (idx 106) is deemed risky
+ coeff 2.50376 of var (x8,x13) (idx 16) in constr e115 (idx 106) is deemed risky
+ coeff -2 of var (x8,x14) (idx 17) in constr e115 (idx 106) is deemed risky
+ coeff 1.67582 of var (x12,x12) (idx 18) in constr e115 (idx 106) is deemed risky
+ coeff -0.659161 of var (x12,x14) (idx 19) in constr e115 (idx 106) is deemed risky
+ coeff -2.50376 of var (x12,x16) (idx 20) in constr e115 (idx 106) is deemed risky
+ coeff 2.50376 of var (x12,x18) (idx 21) in constr e115 (idx 106) is deemed risky
+ coeff 1.67582 of var (x13,x13) (idx 22) in constr e115 (idx 106) is deemed risky
+ coeff -2.50376 of var (x13,x14) (idx 23) in constr e115 (idx 106) is deemed risky
+ coeff 0.659161 of var (x13,x16) (idx 24) in constr e115 (idx 106) is deemed risky
+ coeff -0.659161 of var (x13,x18) (idx 25) in constr e115 (idx 106) is deemed risky
+ coeff -2 of var (x16,x18) (idx 28) in constr e115 (idx 106) is deemed risky
+ coeff 5.36741 of var (x9,x9) (idx 0) in constr e116 (idx 107) is deemed risky
+ coeff -4.39148 of var (x9,x11) (idx 1) in constr e116 (idx 107) is deemed risky
+ coeff 4.39148 of var (x9,x14) (idx 2) in constr e116 (idx 107) is deemed risky
+ coeff -1.47803 of var (x9,x17) (idx 3) in constr e116 (idx 107) is deemed risky
+ coeff 1.47803 of var (x9,x18) (idx 4) in constr e116 (idx 107) is deemed risky
+ coeff 5.36741 of var (x10,x10) (idx 5) in constr e116 (idx 107) is deemed risky
+ coeff 1.47803 of var (x10,x11) (idx 6) in constr e116 (idx 107) is deemed risky
+ coeff -1.47803 of var (x10,x14) (idx 7) in constr e116 (idx 107) is deemed risky
+ coeff -4.39148 of var (x10,x17) (idx 8) in constr e116 (idx 107) is deemed risky
+ coeff 4.39148 of var (x10,x18) (idx 9) in constr e116 (idx 107) is deemed risky
+ coeff -2 of var (x11,x14) (idx 11) in constr e116 (idx 107) is deemed risky
+ coeff -2 of var (x17,x18) (idx 14) in constr e116 (idx 107) is deemed risky
+ coeff 5.36741 of var (x9,x9) (idx 0) in constr e117 (idx 108) is deemed risky
+ coeff -4.39148 of var (x9,x11) (idx 1) in constr e117 (idx 108) is deemed risky
+ coeff 5.89683 of var (x9,x12) (idx 2) in constr e117 (idx 108) is deemed risky
+ coeff 4.44938 of var (x9,x13) (idx 3) in constr e117 (idx 108) is deemed risky
+ coeff 4.39148 of var (x9,x14) (idx 4) in constr e117 (idx 108) is deemed risky
+ coeff -1.47803 of var (x9,x17) (idx 5) in constr e117 (idx 108) is deemed risky
+ coeff 1.47803 of var (x9,x18) (idx 6) in constr e117 (idx 108) is deemed risky
+ coeff 5.36741 of var (x10,x10) (idx 7) in constr e117 (idx 108) is deemed risky
+ coeff 1.47803 of var (x10,x11) (idx 8) in constr e117 (idx 108) is deemed risky
+ coeff -4.44938 of var (x10,x12) (idx 9) in constr e117 (idx 108) is deemed risky
+ coeff 5.89683 of var (x10,x13) (idx 10) in constr e117 (idx 108) is deemed risky
+ coeff -1.47803 of var (x10,x14) (idx 11) in constr e117 (idx 108) is deemed risky
+ coeff -4.39148 of var (x10,x17) (idx 12) in constr e117 (idx 108) is deemed risky
+ coeff 4.39148 of var (x10,x18) (idx 13) in constr e117 (idx 108) is deemed risky
+ coeff -3.02493 of var (x11,x12) (idx 15) in constr e117 (idx 108) is deemed risky
+ coeff -1.00828 of var (x11,x13) (idx 16) in constr e117 (idx 108) is deemed risky
+ coeff -2 of var (x11,x14) (idx 17) in constr e117 (idx 108) is deemed risky
+ coeff 2.54171 of var (x12,x12) (idx 18) in constr e117 (idx 108) is deemed risky
+ coeff 3.02493 of var (x12,x14) (idx 19) in constr e117 (idx 108) is deemed risky
+ coeff 1.00828 of var (x12,x17) (idx 20) in constr e117 (idx 108) is deemed risky
+ coeff -1.00828 of var (x12,x18) (idx 21) in constr e117 (idx 108) is deemed risky
+ coeff 2.54171 of var (x13,x13) (idx 22) in constr e117 (idx 108) is deemed risky
+ coeff 1.00828 of var (x13,x14) (idx 23) in constr e117 (idx 108) is deemed risky
+ coeff -3.02493 of var (x13,x17) (idx 24) in constr e117 (idx 108) is deemed risky
+ coeff 3.02493 of var (x13,x18) (idx 25) in constr e117 (idx 108) is deemed risky
+ coeff -2 of var (x17,x18) (idx 28) in constr e117 (idx 108) is deemed risky
+ coeff 5.36741 of var (x9,x9) (idx 0) in constr e118 (idx 109) is deemed risky
+ coeff -4.39148 of var (x9,x11) (idx 1) in constr e118 (idx 109) is deemed risky
+ coeff -6.08052 of var (x9,x12) (idx 2) in constr e118 (idx 109) is deemed risky
+ coeff 1.58212 of var (x9,x13) (idx 3) in constr e118 (idx 109) is deemed risky
+ coeff 4.39148 of var (x9,x14) (idx 4) in constr e118 (idx 109) is deemed risky
+ coeff -1.47803 of var (x9,x17) (idx 5) in constr e118 (idx 109) is deemed risky
+ coeff 1.47803 of var (x9,x18) (idx 6) in constr e118 (idx 109) is deemed risky
+ coeff 5.36741 of var (x10,x10) (idx 7) in constr e118 (idx 109) is deemed risky
+ coeff 1.47803 of var (x10,x11) (idx 8) in constr e118 (idx 109) is deemed risky
+ coeff -1.58212 of var (x10,x12) (idx 9) in constr e118 (idx 109) is deemed risky
+ coeff -6.08052 of var (x10,x13) (idx 10) in constr e118 (idx 109) is deemed risky
+ coeff -1.47803 of var (x10,x14) (idx 11) in constr e118 (idx 109) is deemed risky
+ coeff -4.39148 of var (x10,x17) (idx 12) in constr e118 (idx 109) is deemed risky
+ coeff 4.39148 of var (x10,x18) (idx 13) in constr e118 (idx 109) is deemed risky
+ coeff 2.26963 of var (x11,x12) (idx 15) in constr e118 (idx 109) is deemed risky
+ coeff -1.48442 of var (x11,x13) (idx 16) in constr e118 (idx 109) is deemed risky
+ coeff -2 of var (x11,x14) (idx 17) in constr e118 (idx 109) is deemed risky
+ coeff 1.83868 of var (x12,x12) (idx 18) in constr e118 (idx 109) is deemed risky
+ coeff -2.26963 of var (x12,x14) (idx 19) in constr e118 (idx 109) is deemed risky
+ coeff 1.48442 of var (x12,x17) (idx 20) in constr e118 (idx 109) is deemed risky
+ coeff -1.48442 of var (x12,x18) (idx 21) in constr e118 (idx 109) is deemed risky
+ coeff 1.83868 of var (x13,x13) (idx 22) in constr e118 (idx 109) is deemed risky
+ coeff 1.48442 of var (x13,x14) (idx 23) in constr e118 (idx 109) is deemed risky
+ coeff 2.26963 of var (x13,x17) (idx 24) in constr e118 (idx 109) is deemed risky
+ coeff -2.26963 of var (x13,x18) (idx 25) in constr e118 (idx 109) is deemed risky
+ coeff -2 of var (x17,x18) (idx 28) in constr e118 (idx 109) is deemed risky
+ coeff 5.36741 of var (x9,x9) (idx 0) in constr e119 (idx 110) is deemed risky
+ coeff -4.39148 of var (x9,x11) (idx 1) in constr e119 (idx 110) is deemed risky
+ coeff 8.95984 of var (x9,x12) (idx 2) in constr e119 (idx 110) is deemed risky
+ coeff 6.76065 of var (x9,x13) (idx 3) in constr e119 (idx 110) is deemed risky
+ coeff 4.39148 of var (x9,x14) (idx 4) in constr e119 (idx 110) is deemed risky
+ coeff -1.47803 of var (x9,x17) (idx 5) in constr e119 (idx 110) is deemed risky
+ coeff 1.47803 of var (x9,x18) (idx 6) in constr e119 (idx 110) is deemed risky
+ coeff 5.36741 of var (x10,x10) (idx 7) in constr e119 (idx 110) is deemed risky
+ coeff 1.47803 of var (x10,x11) (idx 8) in constr e119 (idx 110) is deemed risky
+ coeff -6.76065 of var (x10,x12) (idx 9) in constr e119 (idx 110) is deemed risky
+ coeff 8.95984 of var (x10,x13) (idx 10) in constr e119 (idx 110) is deemed risky
+ coeff -1.47803 of var (x10,x14) (idx 11) in constr e119 (idx 110) is deemed risky
+ coeff -4.39148 of var (x10,x17) (idx 12) in constr e119 (idx 110) is deemed risky
+ coeff 4.39148 of var (x10,x18) (idx 13) in constr e119 (idx 110) is deemed risky
+ coeff -4.5962 of var (x11,x12) (idx 15) in constr e119 (idx 110) is deemed risky
+ coeff -1.53206 of var (x11,x13) (idx 16) in constr e119 (idx 110) is deemed risky
+ coeff -2 of var (x11,x14) (idx 17) in constr e119 (idx 110) is deemed risky
+ coeff 5.86805 of var (x12,x12) (idx 18) in constr e119 (idx 110) is deemed risky
+ coeff 4.5962 of var (x12,x14) (idx 19) in constr e119 (idx 110) is deemed risky
+ coeff 1.53206 of var (x12,x17) (idx 20) in constr e119 (idx 110) is deemed risky
+ coeff -1.53206 of var (x12,x18) (idx 21) in constr e119 (idx 110) is deemed risky
+ coeff 5.86805 of var (x13,x13) (idx 22) in constr e119 (idx 110) is deemed risky
+ coeff 1.53206 of var (x13,x14) (idx 23) in constr e119 (idx 110) is deemed risky
+ coeff -4.5962 of var (x13,x17) (idx 24) in constr e119 (idx 110) is deemed risky
+ coeff 4.5962 of var (x13,x18) (idx 25) in constr e119 (idx 110) is deemed risky
+ coeff -2 of var (x17,x18) (idx 28) in constr e119 (idx 110) is deemed risky
+ coeff 5.36741 of var (x9,x9) (idx 0) in constr e120 (idx 111) is deemed risky
+ coeff -4.39148 of var (x9,x11) (idx 1) in constr e120 (idx 111) is deemed risky
+ coeff 0.402965 of var (x9,x12) (idx 2) in constr e120 (idx 111) is deemed risky
+ coeff -5.98473 of var (x9,x13) (idx 3) in constr e120 (idx 111) is deemed risky
+ coeff 4.39148 of var (x9,x14) (idx 4) in constr e120 (idx 111) is deemed risky
+ coeff -1.47803 of var (x9,x17) (idx 5) in constr e120 (idx 111) is deemed risky
+ coeff 1.47803 of var (x9,x18) (idx 6) in constr e120 (idx 111) is deemed risky
+ coeff 5.36741 of var (x10,x10) (idx 7) in constr e120 (idx 111) is deemed risky
+ coeff 1.47803 of var (x10,x11) (idx 8) in constr e120 (idx 111) is deemed risky
+ coeff 5.98473 of var (x10,x12) (idx 9) in constr e120 (idx 111) is deemed risky
+ coeff 0.402965 of var (x10,x13) (idx 10) in constr e120 (idx 111) is deemed risky
+ coeff -1.47803 of var (x10,x14) (idx 11) in constr e120 (idx 111) is deemed risky
+ coeff -4.39148 of var (x10,x17) (idx 12) in constr e120 (idx 111) is deemed risky
+ coeff 4.39148 of var (x10,x18) (idx 13) in constr e120 (idx 111) is deemed risky
+ coeff 0.659161 of var (x11,x12) (idx 15) in constr e120 (idx 111) is deemed risky
+ coeff 2.50376 of var (x11,x13) (idx 16) in constr e120 (idx 111) is deemed risky
+ coeff -2 of var (x11,x14) (idx 17) in constr e120 (idx 111) is deemed risky
+ coeff 1.67582 of var (x12,x12) (idx 18) in constr e120 (idx 111) is deemed risky
+ coeff -0.659161 of var (x12,x14) (idx 19) in constr e120 (idx 111) is deemed risky
+ coeff -2.50376 of var (x12,x17) (idx 20) in constr e120 (idx 111) is deemed risky
+ coeff 2.50376 of var (x12,x18) (idx 21) in constr e120 (idx 111) is deemed risky
+ coeff 1.67582 of var (x13,x13) (idx 22) in constr e120 (idx 111) is deemed risky
+ coeff -2.50376 of var (x13,x14) (idx 23) in constr e120 (idx 111) is deemed risky
+ coeff 0.659161 of var (x13,x17) (idx 24) in constr e120 (idx 111) is deemed risky
+ coeff -0.659161 of var (x13,x18) (idx 25) in constr e120 (idx 111) is deemed risky
+ coeff -2 of var (x17,x18) (idx 28) in constr e120 (idx 111) is deemed risky
+ coeff 5.01621 of var (x3,x3) (idx 0) in constr e121 (idx 112) is deemed risky
+ coeff -4.05648 of var (x3,x5) (idx 1) in constr e121 (idx 112) is deemed risky
+ coeff 4.05648 of var (x3,x8) (idx 2) in constr e121 (idx 112) is deemed risky
+ coeff -1.89996 of var (x3,x15) (idx 3) in constr e121 (idx 112) is deemed risky
+ coeff 1.89996 of var (x3,x16) (idx 4) in constr e121 (idx 112) is deemed risky
+ coeff 5.01621 of var (x4,x4) (idx 5) in constr e121 (idx 112) is deemed risky
+ coeff 1.89996 of var (x4,x5) (idx 6) in constr e121 (idx 112) is deemed risky
+ coeff -1.89996 of var (x4,x8) (idx 7) in constr e121 (idx 112) is deemed risky
+ coeff -4.05648 of var (x4,x15) (idx 8) in constr e121 (idx 112) is deemed risky
+ coeff 4.05648 of var (x4,x16) (idx 9) in constr e121 (idx 112) is deemed risky
+ coeff -2 of var (x5,x8) (idx 11) in constr e121 (idx 112) is deemed risky
+ coeff -2 of var (x15,x16) (idx 14) in constr e121 (idx 112) is deemed risky
+ coeff 5.01621 of var (x3,x3) (idx 0) in constr e122 (idx 113) is deemed risky
+ coeff -4.05648 of var (x3,x5) (idx 1) in constr e122 (idx 113) is deemed risky
+ coeff 4.05648 of var (x3,x11) (idx 2) in constr e122 (idx 113) is deemed risky
+ coeff -1.89996 of var (x3,x15) (idx 3) in constr e122 (idx 113) is deemed risky
+ coeff 1.89996 of var (x3,x17) (idx 4) in constr e122 (idx 113) is deemed risky
+ coeff 5.01621 of var (x4,x4) (idx 5) in constr e122 (idx 113) is deemed risky
+ coeff 1.89996 of var (x4,x5) (idx 6) in constr e122 (idx 113) is deemed risky
+ coeff -1.89996 of var (x4,x11) (idx 7) in constr e122 (idx 113) is deemed risky
+ coeff -4.05648 of var (x4,x15) (idx 8) in constr e122 (idx 113) is deemed risky
+ coeff 4.05648 of var (x4,x17) (idx 9) in constr e122 (idx 113) is deemed risky
+ coeff -2 of var (x5,x11) (idx 11) in constr e122 (idx 113) is deemed risky
+ coeff -2 of var (x15,x17) (idx 14) in constr e122 (idx 113) is deemed risky
+ coeff 5.01621 of var (x3,x3) (idx 0) in constr e123 (idx 114) is deemed risky
+ coeff -4.05648 of var (x3,x5) (idx 1) in constr e123 (idx 114) is deemed risky
+ coeff 4.05648 of var (x3,x14) (idx 2) in constr e123 (idx 114) is deemed risky
+ coeff -1.89996 of var (x3,x15) (idx 3) in constr e123 (idx 114) is deemed risky
+ coeff 1.89996 of var (x3,x18) (idx 4) in constr e123 (idx 114) is deemed risky
+ coeff 5.01621 of var (x4,x4) (idx 5) in constr e123 (idx 114) is deemed risky
+ coeff 1.89996 of var (x4,x5) (idx 6) in constr e123 (idx 114) is deemed risky
+ coeff -1.89996 of var (x4,x14) (idx 7) in constr e123 (idx 114) is deemed risky
+ coeff -4.05648 of var (x4,x15) (idx 8) in constr e123 (idx 114) is deemed risky
+ coeff 4.05648 of var (x4,x18) (idx 9) in constr e123 (idx 114) is deemed risky
+ coeff -2 of var (x5,x14) (idx 11) in constr e123 (idx 114) is deemed risky
+ coeff -2 of var (x15,x18) (idx 14) in constr e123 (idx 114) is deemed risky
+ coeff 5.01621 of var (x3,x3) (idx 0) in constr e124 (idx 115) is deemed risky
+ coeff -4.05648 of var (x3,x5) (idx 1) in constr e124 (idx 115) is deemed risky
+ coeff 8.16056 of var (x3,x6) (idx 2) in constr e124 (idx 115) is deemed risky
+ coeff 6.46316 of var (x3,x7) (idx 3) in constr e124 (idx 115) is deemed risky
+ coeff 4.05648 of var (x3,x8) (idx 4) in constr e124 (idx 115) is deemed risky
+ coeff -1.89996 of var (x3,x15) (idx 5) in constr e124 (idx 115) is deemed risky
+ coeff 1.89996 of var (x3,x16) (idx 6) in constr e124 (idx 115) is deemed risky
+ coeff 5.01621 of var (x4,x4) (idx 7) in constr e124 (idx 115) is deemed risky
+ coeff 1.89996 of var (x4,x5) (idx 8) in constr e124 (idx 115) is deemed risky
+ coeff -6.46316 of var (x4,x6) (idx 9) in constr e124 (idx 115) is deemed risky
+ coeff 8.16056 of var (x4,x7) (idx 10) in constr e124 (idx 115) is deemed risky
+ coeff -1.89996 of var (x4,x8) (idx 11) in constr e124 (idx 115) is deemed risky
+ coeff -4.05648 of var (x4,x15) (idx 12) in constr e124 (idx 115) is deemed risky
+ coeff 4.05648 of var (x4,x16) (idx 13) in constr e124 (idx 115) is deemed risky
+ coeff -4.52362 of var (x5,x6) (idx 15) in constr e124 (idx 115) is deemed risky
+ coeff -1.06783 of var (x5,x7) (idx 16) in constr e124 (idx 115) is deemed risky
+ coeff -2 of var (x5,x8) (idx 17) in constr e124 (idx 115) is deemed risky
+ coeff 5.40085 of var (x6,x6) (idx 18) in constr e124 (idx 115) is deemed risky
+ coeff 4.52362 of var (x6,x8) (idx 19) in constr e124 (idx 115) is deemed risky
+ coeff 1.06783 of var (x6,x15) (idx 20) in constr e124 (idx 115) is deemed risky
+ coeff -1.06783 of var (x6,x16) (idx 21) in constr e124 (idx 115) is deemed risky
+ coeff 5.40085 of var (x7,x7) (idx 22) in constr e124 (idx 115) is deemed risky
+ coeff 1.06783 of var (x7,x8) (idx 23) in constr e124 (idx 115) is deemed risky
+ coeff -4.52362 of var (x7,x15) (idx 24) in constr e124 (idx 115) is deemed risky
+ coeff 4.52362 of var (x7,x16) (idx 25) in constr e124 (idx 115) is deemed risky
+ coeff -2 of var (x15,x16) (idx 28) in constr e124 (idx 115) is deemed risky
+ coeff 5.01621 of var (x3,x3) (idx 0) in constr e125 (idx 116) is deemed risky
+ coeff -4.05648 of var (x3,x5) (idx 1) in constr e125 (idx 116) is deemed risky
+ coeff -10.3111 of var (x3,x9) (idx 2) in constr e125 (idx 116) is deemed risky
+ coeff -1.17403 of var (x3,x10) (idx 3) in constr e125 (idx 116) is deemed risky
+ coeff 4.05648 of var (x3,x11) (idx 4) in constr e125 (idx 116) is deemed risky
+ coeff -1.89996 of var (x3,x15) (idx 5) in constr e125 (idx 116) is deemed risky
+ coeff 1.89996 of var (x3,x17) (idx 6) in constr e125 (idx 116) is deemed risky
+ coeff 5.01621 of var (x4,x4) (idx 7) in constr e125 (idx 116) is deemed risky
+ coeff 1.89996 of var (x4,x5) (idx 8) in constr e125 (idx 116) is deemed risky
+ coeff 1.17403 of var (x4,x9) (idx 9) in constr e125 (idx 116) is deemed risky
+ coeff -10.3111 of var (x4,x10) (idx 10) in constr e125 (idx 116) is deemed risky
+ coeff -1.89996 of var (x4,x11) (idx 11) in constr e125 (idx 116) is deemed risky
+ coeff -4.05648 of var (x4,x15) (idx 12) in constr e125 (idx 116) is deemed risky
+ coeff 4.05648 of var (x4,x17) (idx 13) in constr e125 (idx 116) is deemed risky
+ coeff 4.39148 of var (x5,x9) (idx 15) in constr e125 (idx 116) is deemed risky
+ coeff -1.47803 of var (x5,x10) (idx 16) in constr e125 (idx 116) is deemed risky
+ coeff -2 of var (x5,x11) (idx 17) in constr e125 (idx 116) is deemed risky
+ coeff 5.36741 of var (x9,x9) (idx 18) in constr e125 (idx 116) is deemed risky
+ coeff -4.39148 of var (x9,x11) (idx 19) in constr e125 (idx 116) is deemed risky
+ coeff 1.47803 of var (x9,x15) (idx 20) in constr e125 (idx 116) is deemed risky
+ coeff -1.47803 of var (x9,x17) (idx 21) in constr e125 (idx 116) is deemed risky
+ coeff 5.36741 of var (x10,x10) (idx 22) in constr e125 (idx 116) is deemed risky
+ coeff 1.47803 of var (x10,x11) (idx 23) in constr e125 (idx 116) is deemed risky
+ coeff 4.39148 of var (x10,x15) (idx 24) in constr e125 (idx 116) is deemed risky
+ coeff -4.39148 of var (x10,x17) (idx 25) in constr e125 (idx 116) is deemed risky
+ coeff -2 of var (x15,x17) (idx 28) in constr e125 (idx 116) is deemed risky
+ coeff 5.01621 of var (x3,x3) (idx 0) in constr e126 (idx 117) is deemed risky
+ coeff -4.05648 of var (x3,x5) (idx 1) in constr e126 (idx 117) is deemed risky
+ coeff 5.17743 of var (x3,x12) (idx 2) in constr e126 (idx 117) is deemed risky
+ coeff 4.91865 of var (x3,x13) (idx 3) in constr e126 (idx 117) is deemed risky
+ coeff 4.05648 of var (x3,x14) (idx 4) in constr e126 (idx 117) is deemed risky
+ coeff -1.89996 of var (x3,x15) (idx 5) in constr e126 (idx 117) is deemed risky
+ coeff 1.89996 of var (x3,x18) (idx 6) in constr e126 (idx 117) is deemed risky
+ coeff 5.01621 of var (x4,x4) (idx 7) in constr e126 (idx 117) is deemed risky
+ coeff 1.89996 of var (x4,x5) (idx 8) in constr e126 (idx 117) is deemed risky
+ coeff -4.91865 of var (x4,x12) (idx 9) in constr e126 (idx 117) is deemed risky
+ coeff 5.17743 of var (x4,x13) (idx 10) in constr e126 (idx 117) is deemed risky
+ coeff -1.89996 of var (x4,x14) (idx 11) in constr e126 (idx 117) is deemed risky
+ coeff -4.05648 of var (x4,x15) (idx 12) in constr e126 (idx 117) is deemed risky
+ coeff 4.05648 of var (x4,x18) (idx 13) in constr e126 (idx 117) is deemed risky
+ coeff -3.02493 of var (x5,x12) (idx 15) in constr e126 (idx 117) is deemed risky
+ coeff -1.00828 of var (x5,x13) (idx 16) in constr e126 (idx 117) is deemed risky
+ coeff -2 of var (x5,x14) (idx 17) in constr e126 (idx 117) is deemed risky
+ coeff 2.54171 of var (x12,x12) (idx 18) in constr e126 (idx 117) is deemed risky
+ coeff 3.02493 of var (x12,x14) (idx 19) in constr e126 (idx 117) is deemed risky
+ coeff 1.00828 of var (x12,x15) (idx 20) in constr e126 (idx 117) is deemed risky
+ coeff -1.00828 of var (x12,x18) (idx 21) in constr e126 (idx 117) is deemed risky
+ coeff 2.54171 of var (x13,x13) (idx 22) in constr e126 (idx 117) is deemed risky
+ coeff 1.00828 of var (x13,x14) (idx 23) in constr e126 (idx 117) is deemed risky
+ coeff -3.02493 of var (x13,x15) (idx 24) in constr e126 (idx 117) is deemed risky
+ coeff 3.02493 of var (x13,x18) (idx 25) in constr e126 (idx 117) is deemed risky
+ coeff -2 of var (x15,x18) (idx 28) in constr e126 (idx 117) is deemed risky
+ coeff 5.01621 of var (x3,x3) (idx 0) in constr e127 (idx 118) is deemed risky
+ coeff -4.05648 of var (x3,x5) (idx 1) in constr e127 (idx 118) is deemed risky
+ coeff -9.51138 of var (x3,x6) (idx 2) in constr e127 (idx 118) is deemed risky
+ coeff -0.86467 of var (x3,x7) (idx 3) in constr e127 (idx 118) is deemed risky
+ coeff 4.05648 of var (x3,x8) (idx 4) in constr e127 (idx 118) is deemed risky
+ coeff -1.89996 of var (x3,x15) (idx 5) in constr e127 (idx 118) is deemed risky
+ coeff 1.89996 of var (x3,x16) (idx 6) in constr e127 (idx 118) is deemed risky
+ coeff 5.01621 of var (x4,x4) (idx 7) in constr e127 (idx 118) is deemed risky
+ coeff 1.89996 of var (x4,x5) (idx 8) in constr e127 (idx 118) is deemed risky
+ coeff 0.86467 of var (x4,x6) (idx 9) in constr e127 (idx 118) is deemed risky
+ coeff -9.51138 of var (x4,x7) (idx 10) in constr e127 (idx 118) is deemed risky
+ coeff -1.89996 of var (x4,x8) (idx 11) in constr e127 (idx 118) is deemed risky
+ coeff -4.05648 of var (x4,x15) (idx 12) in constr e127 (idx 118) is deemed risky
+ coeff 4.05648 of var (x4,x16) (idx 13) in constr e127 (idx 118) is deemed risky
+ coeff 4.00955 of var (x5,x6) (idx 15) in constr e127 (idx 118) is deemed risky
+ coeff -1.45167 of var (x5,x7) (idx 16) in constr e127 (idx 118) is deemed risky
+ coeff -2 of var (x5,x8) (idx 17) in constr e127 (idx 118) is deemed risky
+ coeff 4.54596 of var (x6,x6) (idx 18) in constr e127 (idx 118) is deemed risky
+ coeff -4.00955 of var (x6,x8) (idx 19) in constr e127 (idx 118) is deemed risky
+ coeff 1.45167 of var (x6,x15) (idx 20) in constr e127 (idx 118) is deemed risky
+ coeff -1.45167 of var (x6,x16) (idx 21) in constr e127 (idx 118) is deemed risky
+ coeff 4.54596 of var (x7,x7) (idx 22) in constr e127 (idx 118) is deemed risky
+ coeff 1.45167 of var (x7,x8) (idx 23) in constr e127 (idx 118) is deemed risky
+ coeff 4.00955 of var (x7,x15) (idx 24) in constr e127 (idx 118) is deemed risky
+ coeff -4.00955 of var (x7,x16) (idx 25) in constr e127 (idx 118) is deemed risky
+ coeff -2 of var (x15,x16) (idx 28) in constr e127 (idx 118) is deemed risky
+ coeff 5.01621 of var (x3,x3) (idx 0) in constr e128 (idx 119) is deemed risky
+ coeff -4.05648 of var (x3,x5) (idx 1) in constr e128 (idx 119) is deemed risky
+ coeff 7.50825 of var (x3,x9) (idx 2) in constr e128 (idx 119) is deemed risky
+ coeff -4.91042 of var (x3,x10) (idx 3) in constr e128 (idx 119) is deemed risky
+ coeff 4.05648 of var (x3,x11) (idx 4) in constr e128 (idx 119) is deemed risky
+ coeff -1.89996 of var (x3,x15) (idx 5) in constr e128 (idx 119) is deemed risky
+ coeff 1.89996 of var (x3,x17) (idx 6) in constr e128 (idx 119) is deemed risky
+ coeff 5.01621 of var (x4,x4) (idx 7) in constr e128 (idx 119) is deemed risky
+ coeff 1.89996 of var (x4,x5) (idx 8) in constr e128 (idx 119) is deemed risky
+ coeff 4.91042 of var (x4,x9) (idx 9) in constr e128 (idx 119) is deemed risky
+ coeff 7.50825 of var (x4,x10) (idx 10) in constr e128 (idx 119) is deemed risky
+ coeff -1.89996 of var (x4,x11) (idx 11) in constr e128 (idx 119) is deemed risky
+ coeff -4.05648 of var (x4,x15) (idx 12) in constr e128 (idx 119) is deemed risky
+ coeff 4.05648 of var (x4,x17) (idx 13) in constr e128 (idx 119) is deemed risky
+ coeff -2.10592 of var (x5,x9) (idx 15) in constr e128 (idx 119) is deemed risky
+ coeff 3.40739 of var (x5,x10) (idx 16) in constr e128 (idx 119) is deemed risky
+ coeff -2 of var (x5,x11) (idx 17) in constr e128 (idx 119) is deemed risky
+ coeff 4.0113 of var (x9,x9) (idx 18) in constr e128 (idx 119) is deemed risky
+ coeff 2.10592 of var (x9,x11) (idx 19) in constr e128 (idx 119) is deemed risky
+ coeff -3.40739 of var (x9,x15) (idx 20) in constr e128 (idx 119) is deemed risky
+ coeff 3.40739 of var (x9,x17) (idx 21) in constr e128 (idx 119) is deemed risky
+ coeff 4.0113 of var (x10,x10) (idx 22) in constr e128 (idx 119) is deemed risky
+ coeff -3.40739 of var (x10,x11) (idx 23) in constr e128 (idx 119) is deemed risky
+ coeff -2.10592 of var (x10,x15) (idx 24) in constr e128 (idx 119) is deemed risky
+ coeff 2.10592 of var (x10,x17) (idx 25) in constr e128 (idx 119) is deemed risky
+ coeff -2 of var (x15,x17) (idx 28) in constr e128 (idx 119) is deemed risky
+ coeff 5.01621 of var (x3,x3) (idx 0) in constr e129 (idx 120) is deemed risky
+ coeff -4.05648 of var (x3,x5) (idx 1) in constr e129 (idx 120) is deemed risky
+ coeff -6.01352 of var (x3,x12) (idx 2) in constr e129 (idx 120) is deemed risky
+ coeff 0.854665 of var (x3,x13) (idx 3) in constr e129 (idx 120) is deemed risky
+ coeff 4.05648 of var (x3,x14) (idx 4) in constr e129 (idx 120) is deemed risky
+ coeff -1.89996 of var (x3,x15) (idx 5) in constr e129 (idx 120) is deemed risky
+ coeff 1.89996 of var (x3,x18) (idx 6) in constr e129 (idx 120) is deemed risky
+ coeff 5.01621 of var (x4,x4) (idx 7) in constr e129 (idx 120) is deemed risky
+ coeff 1.89996 of var (x4,x5) (idx 8) in constr e129 (idx 120) is deemed risky
+ coeff -0.854665 of var (x4,x12) (idx 9) in constr e129 (idx 120) is deemed risky
+ coeff -6.01352 of var (x4,x13) (idx 10) in constr e129 (idx 120) is deemed risky
+ coeff -1.89996 of var (x4,x14) (idx 11) in constr e129 (idx 120) is deemed risky
+ coeff -4.05648 of var (x4,x15) (idx 12) in constr e129 (idx 120) is deemed risky
+ coeff 4.05648 of var (x4,x18) (idx 13) in constr e129 (idx 120) is deemed risky
+ coeff 2.26963 of var (x5,x12) (idx 15) in constr e129 (idx 120) is deemed risky
+ coeff -1.48442 of var (x5,x13) (idx 16) in constr e129 (idx 120) is deemed risky
+ coeff -2 of var (x5,x14) (idx 17) in constr e129 (idx 120) is deemed risky
+ coeff 1.83868 of var (x12,x12) (idx 18) in constr e129 (idx 120) is deemed risky
+ coeff -2.26963 of var (x12,x14) (idx 19) in constr e129 (idx 120) is deemed risky
+ coeff 1.48442 of var (x12,x15) (idx 20) in constr e129 (idx 120) is deemed risky
+ coeff -1.48442 of var (x12,x18) (idx 21) in constr e129 (idx 120) is deemed risky
+ coeff 1.83868 of var (x13,x13) (idx 22) in constr e129 (idx 120) is deemed risky
+ coeff 1.48442 of var (x13,x14) (idx 23) in constr e129 (idx 120) is deemed risky
+ coeff 2.26963 of var (x13,x15) (idx 24) in constr e129 (idx 120) is deemed risky
+ coeff -2.26963 of var (x13,x18) (idx 25) in constr e129 (idx 120) is deemed risky
+ coeff -2 of var (x15,x18) (idx 28) in constr e129 (idx 120) is deemed risky
+ coeff 5.01621 of var (x3,x3) (idx 0) in constr e130 (idx 121) is deemed risky
+ coeff -4.05648 of var (x3,x5) (idx 1) in constr e130 (idx 121) is deemed risky
+ coeff 13.272 of var (x3,x6) (idx 2) in constr e130 (idx 121) is deemed risky
+ coeff 10.5116 of var (x3,x7) (idx 3) in constr e130 (idx 121) is deemed risky
+ coeff 4.05648 of var (x3,x8) (idx 4) in constr e130 (idx 121) is deemed risky
+ coeff -1.89996 of var (x3,x15) (idx 5) in constr e130 (idx 121) is deemed risky
+ coeff 1.89996 of var (x3,x16) (idx 6) in constr e130 (idx 121) is deemed risky
+ coeff 5.01621 of var (x4,x4) (idx 7) in constr e130 (idx 121) is deemed risky
+ coeff 1.89996 of var (x4,x5) (idx 8) in constr e130 (idx 121) is deemed risky
+ coeff -10.5116 of var (x4,x6) (idx 9) in constr e130 (idx 121) is deemed risky
+ coeff 13.272 of var (x4,x7) (idx 10) in constr e130 (idx 121) is deemed risky
+ coeff -1.89996 of var (x4,x8) (idx 11) in constr e130 (idx 121) is deemed risky
+ coeff -4.05648 of var (x4,x15) (idx 12) in constr e130 (idx 121) is deemed risky
+ coeff 4.05648 of var (x4,x16) (idx 13) in constr e130 (idx 121) is deemed risky
+ coeff -7.35708 of var (x5,x6) (idx 15) in constr e130 (idx 121) is deemed risky
+ coeff -1.73674 of var (x5,x7) (idx 16) in constr e130 (idx 121) is deemed risky
+ coeff -2 of var (x5,x8) (idx 17) in constr e130 (idx 121) is deemed risky
+ coeff 14.2857 of var (x6,x6) (idx 18) in constr e130 (idx 121) is deemed risky
+ coeff 7.35708 of var (x6,x8) (idx 19) in constr e130 (idx 121) is deemed risky
+ coeff 1.73674 of var (x6,x15) (idx 20) in constr e130 (idx 121) is deemed risky
+ coeff -1.73674 of var (x6,x16) (idx 21) in constr e130 (idx 121) is deemed risky
+ coeff 14.2857 of var (x7,x7) (idx 22) in constr e130 (idx 121) is deemed risky
+ coeff 1.73674 of var (x7,x8) (idx 23) in constr e130 (idx 121) is deemed risky
+ coeff -7.35708 of var (x7,x15) (idx 24) in constr e130 (idx 121) is deemed risky
+ coeff 7.35708 of var (x7,x16) (idx 25) in constr e130 (idx 121) is deemed risky
+ coeff -2 of var (x15,x16) (idx 28) in constr e130 (idx 121) is deemed risky
+ coeff 5.01621 of var (x3,x3) (idx 0) in constr e131 (idx 122) is deemed risky
+ coeff -4.05648 of var (x3,x5) (idx 1) in constr e131 (idx 122) is deemed risky
+ coeff -6.75226 of var (x3,x9) (idx 2) in constr e131 (idx 122) is deemed risky
+ coeff -1.4124 of var (x3,x10) (idx 3) in constr e131 (idx 122) is deemed risky
+ coeff 4.05648 of var (x3,x11) (idx 4) in constr e131 (idx 122) is deemed risky
+ coeff -1.89996 of var (x3,x15) (idx 5) in constr e131 (idx 122) is deemed risky
+ coeff 1.89996 of var (x3,x17) (idx 6) in constr e131 (idx 122) is deemed risky
+ coeff 5.01621 of var (x4,x4) (idx 7) in constr e131 (idx 122) is deemed risky
+ coeff 1.89996 of var (x4,x5) (idx 8) in constr e131 (idx 122) is deemed risky
+ coeff 1.4124 of var (x4,x9) (idx 9) in constr e131 (idx 122) is deemed risky
+ coeff -6.75226 of var (x4,x10) (idx 10) in constr e131 (idx 122) is deemed risky
+ coeff -1.89996 of var (x4,x11) (idx 11) in constr e131 (idx 122) is deemed risky
+ coeff -4.05648 of var (x4,x15) (idx 12) in constr e131 (idx 122) is deemed risky
+ coeff 4.05648 of var (x4,x17) (idx 13) in constr e131 (idx 122) is deemed risky
+ coeff 2.99767 of var (x5,x9) (idx 15) in constr e131 (idx 122) is deemed risky
+ coeff -0.70767 of var (x5,x10) (idx 16) in constr e131 (idx 122) is deemed risky
+ coeff -2 of var (x5,x11) (idx 17) in constr e131 (idx 122) is deemed risky
+ coeff 2.3717 of var (x9,x9) (idx 18) in constr e131 (idx 122) is deemed risky
+ coeff -2.99767 of var (x9,x11) (idx 19) in constr e131 (idx 122) is deemed risky
+ coeff 0.70767 of var (x9,x15) (idx 20) in constr e131 (idx 122) is deemed risky
+ coeff -0.70767 of var (x9,x17) (idx 21) in constr e131 (idx 122) is deemed risky
+ coeff 2.3717 of var (x10,x10) (idx 22) in constr e131 (idx 122) is deemed risky
+ coeff 0.70767 of var (x10,x11) (idx 23) in constr e131 (idx 122) is deemed risky
+ coeff 2.99767 of var (x10,x15) (idx 24) in constr e131 (idx 122) is deemed risky
+ coeff -2.99767 of var (x10,x17) (idx 25) in constr e131 (idx 122) is deemed risky
+ coeff -2 of var (x15,x17) (idx 28) in constr e131 (idx 122) is deemed risky
+ coeff 5.01621 of var (x3,x3) (idx 0) in constr e132 (idx 123) is deemed risky
+ coeff -4.05648 of var (x3,x5) (idx 1) in constr e132 (idx 123) is deemed risky
+ coeff 7.86676 of var (x3,x12) (idx 2) in constr e132 (idx 123) is deemed risky
+ coeff 7.47367 of var (x3,x13) (idx 3) in constr e132 (idx 123) is deemed risky
+ coeff 4.05648 of var (x3,x14) (idx 4) in constr e132 (idx 123) is deemed risky
+ coeff -1.89996 of var (x3,x15) (idx 5) in constr e132 (idx 123) is deemed risky
+ coeff 1.89996 of var (x3,x18) (idx 6) in constr e132 (idx 123) is deemed risky
+ coeff 5.01621 of var (x4,x4) (idx 7) in constr e132 (idx 123) is deemed risky
+ coeff 1.89996 of var (x4,x5) (idx 8) in constr e132 (idx 123) is deemed risky
+ coeff -7.47367 of var (x4,x12) (idx 9) in constr e132 (idx 123) is deemed risky
+ coeff 7.86676 of var (x4,x13) (idx 10) in constr e132 (idx 123) is deemed risky
+ coeff -1.89996 of var (x4,x14) (idx 11) in constr e132 (idx 123) is deemed risky
+ coeff -4.05648 of var (x4,x15) (idx 12) in constr e132 (idx 123) is deemed risky
+ coeff 4.05648 of var (x4,x18) (idx 13) in constr e132 (idx 123) is deemed risky
+ coeff -4.5962 of var (x5,x12) (idx 15) in constr e132 (idx 123) is deemed risky
+ coeff -1.53206 of var (x5,x13) (idx 16) in constr e132 (idx 123) is deemed risky
+ coeff -2 of var (x5,x14) (idx 17) in constr e132 (idx 123) is deemed risky
+ coeff 5.86805 of var (x12,x12) (idx 18) in constr e132 (idx 123) is deemed risky
+ coeff 4.5962 of var (x12,x14) (idx 19) in constr e132 (idx 123) is deemed risky
+ coeff 1.53206 of var (x12,x15) (idx 20) in constr e132 (idx 123) is deemed risky
+ coeff -1.53206 of var (x12,x18) (idx 21) in constr e132 (idx 123) is deemed risky
+ coeff 5.86805 of var (x13,x13) (idx 22) in constr e132 (idx 123) is deemed risky
+ coeff 1.53206 of var (x13,x14) (idx 23) in constr e132 (idx 123) is deemed risky
+ coeff -4.5962 of var (x13,x15) (idx 24) in constr e132 (idx 123) is deemed risky
+ coeff 4.5962 of var (x13,x18) (idx 25) in constr e132 (idx 123) is deemed risky
+ coeff -2 of var (x15,x18) (idx 28) in constr e132 (idx 123) is deemed risky
+ coeff 5.01621 of var (x3,x3) (idx 0) in constr e133 (idx 124) is deemed risky
+ coeff -4.05648 of var (x3,x5) (idx 1) in constr e133 (idx 124) is deemed risky
+ coeff 16.4736 of var (x3,x6) (idx 2) in constr e133 (idx 124) is deemed risky
+ coeff 13.0472 of var (x3,x7) (idx 3) in constr e133 (idx 124) is deemed risky
+ coeff 4.05648 of var (x3,x8) (idx 4) in constr e133 (idx 124) is deemed risky
+ coeff -1.89996 of var (x3,x15) (idx 5) in constr e133 (idx 124) is deemed risky
+ coeff 1.89996 of var (x3,x16) (idx 6) in constr e133 (idx 124) is deemed risky
+ coeff 5.01621 of var (x4,x4) (idx 7) in constr e133 (idx 124) is deemed risky
+ coeff 1.89996 of var (x4,x5) (idx 8) in constr e133 (idx 124) is deemed risky
+ coeff -13.0472 of var (x4,x6) (idx 9) in constr e133 (idx 124) is deemed risky
+ coeff 16.4736 of var (x4,x7) (idx 10) in constr e133 (idx 124) is deemed risky
+ coeff -1.89996 of var (x4,x8) (idx 11) in constr e133 (idx 124) is deemed risky
+ coeff -4.05648 of var (x4,x15) (idx 12) in constr e133 (idx 124) is deemed risky
+ coeff 4.05648 of var (x4,x16) (idx 13) in constr e133 (idx 124) is deemed risky
+ coeff -9.13177 of var (x5,x6) (idx 15) in constr e133 (idx 124) is deemed risky
+ coeff -2.15565 of var (x5,x7) (idx 16) in constr e133 (idx 124) is deemed risky
+ coeff -2 of var (x5,x8) (idx 17) in constr e133 (idx 124) is deemed risky
+ coeff 22.009 of var (x6,x6) (idx 18) in constr e133 (idx 124) is deemed risky
+ coeff 9.13177 of var (x6,x8) (idx 19) in constr e133 (idx 124) is deemed risky
+ coeff 2.15565 of var (x6,x15) (idx 20) in constr e133 (idx 124) is deemed risky
+ coeff -2.15565 of var (x6,x16) (idx 21) in constr e133 (idx 124) is deemed risky
+ coeff 22.009 of var (x7,x7) (idx 22) in constr e133 (idx 124) is deemed risky
+ coeff 2.15565 of var (x7,x8) (idx 23) in constr e133 (idx 124) is deemed risky
+ coeff -9.13177 of var (x7,x15) (idx 24) in constr e133 (idx 124) is deemed risky
+ coeff 9.13177 of var (x7,x16) (idx 25) in constr e133 (idx 124) is deemed risky
+ coeff -2 of var (x15,x16) (idx 28) in constr e133 (idx 124) is deemed risky
+ coeff 5.01621 of var (x3,x3) (idx 0) in constr e134 (idx 125) is deemed risky
+ coeff -4.05648 of var (x3,x5) (idx 1) in constr e134 (idx 125) is deemed risky
+ coeff 2.72948 of var (x3,x9) (idx 2) in constr e134 (idx 125) is deemed risky
+ coeff 7.53929 of var (x3,x10) (idx 3) in constr e134 (idx 125) is deemed risky
+ coeff 4.05648 of var (x3,x11) (idx 4) in constr e134 (idx 125) is deemed risky
+ coeff -1.89996 of var (x3,x15) (idx 5) in constr e134 (idx 125) is deemed risky
+ coeff 1.89996 of var (x3,x17) (idx 6) in constr e134 (idx 125) is deemed risky
+ coeff 5.01621 of var (x4,x4) (idx 7) in constr e134 (idx 125) is deemed risky
+ coeff 1.89996 of var (x4,x5) (idx 8) in constr e134 (idx 125) is deemed risky
+ coeff -7.53929 of var (x4,x9) (idx 9) in constr e134 (idx 125) is deemed risky
+ coeff 2.72948 of var (x4,x10) (idx 10) in constr e134 (idx 125) is deemed risky
+ coeff -1.89996 of var (x4,x11) (idx 11) in constr e134 (idx 125) is deemed risky
+ coeff -4.05648 of var (x4,x15) (idx 12) in constr e134 (idx 125) is deemed risky
+ coeff 4.05648 of var (x4,x17) (idx 13) in constr e134 (idx 125) is deemed risky
+ coeff -2.53143 of var (x5,x9) (idx 15) in constr e134 (idx 125) is deemed risky
+ coeff -2.53149 of var (x5,x10) (idx 16) in constr e134 (idx 125) is deemed risky
+ coeff -2 of var (x5,x11) (idx 17) in constr e134 (idx 125) is deemed risky
+ coeff 3.20415 of var (x9,x9) (idx 18) in constr e134 (idx 125) is deemed risky
+ coeff 2.53143 of var (x9,x11) (idx 19) in constr e134 (idx 125) is deemed risky
+ coeff 2.53149 of var (x9,x15) (idx 20) in constr e134 (idx 125) is deemed risky
+ coeff -2.53149 of var (x9,x17) (idx 21) in constr e134 (idx 125) is deemed risky
+ coeff 3.20415 of var (x10,x10) (idx 22) in constr e134 (idx 125) is deemed risky
+ coeff 2.53149 of var (x10,x11) (idx 23) in constr e134 (idx 125) is deemed risky
+ coeff -2.53143 of var (x10,x15) (idx 24) in constr e134 (idx 125) is deemed risky
+ coeff 2.53143 of var (x10,x17) (idx 25) in constr e134 (idx 125) is deemed risky
+ coeff -2 of var (x15,x17) (idx 28) in constr e134 (idx 125) is deemed risky
+ coeff 5.01621 of var (x3,x3) (idx 0) in constr e135 (idx 126) is deemed risky
+ coeff -4.05648 of var (x3,x5) (idx 1) in constr e135 (idx 126) is deemed risky
+ coeff 1.04159 of var (x3,x12) (idx 2) in constr e135 (idx 126) is deemed risky
+ coeff -5.70441 of var (x3,x13) (idx 3) in constr e135 (idx 126) is deemed risky
+ coeff 4.05648 of var (x3,x14) (idx 4) in constr e135 (idx 126) is deemed risky
+ coeff -1.89996 of var (x3,x15) (idx 5) in constr e135 (idx 126) is deemed risky
+ coeff 1.89996 of var (x3,x18) (idx 6) in constr e135 (idx 126) is deemed risky
+ coeff 5.01621 of var (x4,x4) (idx 7) in constr e135 (idx 126) is deemed risky
+ coeff 1.89996 of var (x4,x5) (idx 8) in constr e135 (idx 126) is deemed risky
+ coeff 5.70441 of var (x4,x12) (idx 9) in constr e135 (idx 126) is deemed risky
+ coeff 1.04159 of var (x4,x13) (idx 10) in constr e135 (idx 126) is deemed risky
+ coeff -1.89996 of var (x4,x14) (idx 11) in constr e135 (idx 126) is deemed risky
+ coeff -4.05648 of var (x4,x15) (idx 12) in constr e135 (idx 126) is deemed risky
+ coeff 4.05648 of var (x4,x18) (idx 13) in constr e135 (idx 126) is deemed risky
+ coeff 0.659161 of var (x5,x12) (idx 15) in constr e135 (idx 126) is deemed risky
+ coeff 2.50376 of var (x5,x13) (idx 16) in constr e135 (idx 126) is deemed risky
+ coeff -2 of var (x5,x14) (idx 17) in constr e135 (idx 126) is deemed risky
+ coeff 1.67582 of var (x12,x12) (idx 18) in constr e135 (idx 126) is deemed risky
+ coeff -0.659161 of var (x12,x14) (idx 19) in constr e135 (idx 126) is deemed risky
+ coeff -2.50376 of var (x12,x15) (idx 20) in constr e135 (idx 126) is deemed risky
+ coeff 2.50376 of var (x12,x18) (idx 21) in constr e135 (idx 126) is deemed risky
+ coeff 1.67582 of var (x13,x13) (idx 22) in constr e135 (idx 126) is deemed risky
+ coeff -2.50376 of var (x13,x14) (idx 23) in constr e135 (idx 126) is deemed risky
+ coeff 0.659161 of var (x13,x15) (idx 24) in constr e135 (idx 126) is deemed risky
+ coeff -0.659161 of var (x13,x18) (idx 25) in constr e135 (idx 126) is deemed risky
+ coeff -2 of var (x15,x18) (idx 28) in constr e135 (idx 126) is deemed risky
+ coeff 4.54596 of var (x6,x6) (idx 0) in constr e136 (idx 127) is deemed risky
+ coeff -4.00955 of var (x6,x8) (idx 1) in constr e136 (idx 127) is deemed risky
+ coeff 4.00955 of var (x6,x11) (idx 2) in constr e136 (idx 127) is deemed risky
+ coeff -1.45167 of var (x6,x16) (idx 3) in constr e136 (idx 127) is deemed risky
+ coeff 1.45167 of var (x6,x17) (idx 4) in constr e136 (idx 127) is deemed risky
+ coeff 4.54596 of var (x7,x7) (idx 5) in constr e136 (idx 127) is deemed risky
+ coeff 1.45167 of var (x7,x8) (idx 6) in constr e136 (idx 127) is deemed risky
+ coeff -1.45167 of var (x7,x11) (idx 7) in constr e136 (idx 127) is deemed risky
+ coeff -4.00955 of var (x7,x16) (idx 8) in constr e136 (idx 127) is deemed risky
+ coeff 4.00955 of var (x7,x17) (idx 9) in constr e136 (idx 127) is deemed risky
+ coeff -2 of var (x8,x11) (idx 11) in constr e136 (idx 127) is deemed risky
+ coeff -2 of var (x16,x17) (idx 14) in constr e136 (idx 127) is deemed risky
+ coeff 4.54596 of var (x6,x6) (idx 0) in constr e137 (idx 128) is deemed risky
+ coeff -4.00955 of var (x6,x8) (idx 1) in constr e137 (idx 128) is deemed risky
+ coeff 4.00955 of var (x6,x14) (idx 2) in constr e137 (idx 128) is deemed risky
+ coeff -1.45167 of var (x6,x16) (idx 3) in constr e137 (idx 128) is deemed risky
+ coeff 1.45167 of var (x6,x18) (idx 4) in constr e137 (idx 128) is deemed risky
+ coeff 4.54596 of var (x7,x7) (idx 5) in constr e137 (idx 128) is deemed risky
+ coeff 1.45167 of var (x7,x8) (idx 6) in constr e137 (idx 128) is deemed risky
+ coeff -1.45167 of var (x7,x14) (idx 7) in constr e137 (idx 128) is deemed risky
+ coeff -4.00955 of var (x7,x16) (idx 8) in constr e137 (idx 128) is deemed risky
+ coeff 4.00955 of var (x7,x18) (idx 9) in constr e137 (idx 128) is deemed risky
+ coeff -2 of var (x8,x14) (idx 11) in constr e137 (idx 128) is deemed risky
+ coeff -2 of var (x16,x18) (idx 14) in constr e137 (idx 128) is deemed risky
+ coeff 4.54596 of var (x6,x6) (idx 0) in constr e138 (idx 129) is deemed risky
+ coeff -4.00955 of var (x6,x8) (idx 1) in constr e138 (idx 129) is deemed risky
+ coeff -9.87673 of var (x6,x9) (idx 2) in constr e138 (idx 129) is deemed risky
+ coeff -0.22437 of var (x6,x10) (idx 3) in constr e138 (idx 129) is deemed risky
+ coeff 4.00955 of var (x6,x11) (idx 4) in constr e138 (idx 129) is deemed risky
+ coeff -1.45167 of var (x6,x16) (idx 5) in constr e138 (idx 129) is deemed risky
+ coeff 1.45167 of var (x6,x17) (idx 6) in constr e138 (idx 129) is deemed risky
+ coeff 4.54596 of var (x7,x7) (idx 7) in constr e138 (idx 129) is deemed risky
+ coeff 1.45167 of var (x7,x8) (idx 8) in constr e138 (idx 129) is deemed risky
+ coeff 0.22437 of var (x7,x9) (idx 9) in constr e138 (idx 129) is deemed risky
+ coeff -9.87673 of var (x7,x10) (idx 10) in constr e138 (idx 129) is deemed risky
+ coeff -1.45167 of var (x7,x11) (idx 11) in constr e138 (idx 129) is deemed risky
+ coeff -4.00955 of var (x7,x16) (idx 12) in constr e138 (idx 129) is deemed risky
+ coeff 4.00955 of var (x7,x17) (idx 13) in constr e138 (idx 129) is deemed risky
+ coeff 4.39148 of var (x8,x9) (idx 15) in constr e138 (idx 129) is deemed risky
+ coeff -1.47803 of var (x8,x10) (idx 16) in constr e138 (idx 129) is deemed risky
+ coeff -2 of var (x8,x11) (idx 17) in constr e138 (idx 129) is deemed risky
+ coeff 5.36741 of var (x9,x9) (idx 18) in constr e138 (idx 129) is deemed risky
+ coeff -4.39148 of var (x9,x11) (idx 19) in constr e138 (idx 129) is deemed risky
+ coeff 1.47803 of var (x9,x16) (idx 20) in constr e138 (idx 129) is deemed risky
+ coeff -1.47803 of var (x9,x17) (idx 21) in constr e138 (idx 129) is deemed risky
+ coeff 5.36741 of var (x10,x10) (idx 22) in constr e138 (idx 129) is deemed risky
+ coeff 1.47803 of var (x10,x11) (idx 23) in constr e138 (idx 129) is deemed risky
+ coeff 4.39148 of var (x10,x16) (idx 24) in constr e138 (idx 129) is deemed risky
+ coeff -4.39148 of var (x10,x17) (idx 25) in constr e138 (idx 129) is deemed risky
+ coeff -2 of var (x16,x17) (idx 28) in constr e138 (idx 129) is deemed risky
+ coeff 4.54596 of var (x6,x6) (idx 0) in constr e139 (idx 130) is deemed risky
+ coeff -4.00955 of var (x6,x8) (idx 1) in constr e139 (idx 130) is deemed risky
+ coeff 5.33246 of var (x6,x12) (idx 2) in constr e139 (idx 130) is deemed risky
+ coeff 4.21697 of var (x6,x13) (idx 3) in constr e139 (idx 130) is deemed risky
+ coeff 4.00955 of var (x6,x14) (idx 4) in constr e139 (idx 130) is deemed risky
+ coeff -1.45167 of var (x6,x16) (idx 5) in constr e139 (idx 130) is deemed risky
+ coeff 1.45167 of var (x6,x18) (idx 6) in constr e139 (idx 130) is deemed risky
+ coeff 4.54596 of var (x7,x7) (idx 7) in constr e139 (idx 130) is deemed risky
+ coeff 1.45167 of var (x7,x8) (idx 8) in constr e139 (idx 130) is deemed risky
+ coeff -4.21697 of var (x7,x12) (idx 9) in constr e139 (idx 130) is deemed risky
+ coeff 5.33246 of var (x7,x13) (idx 10) in constr e139 (idx 130) is deemed risky
+ coeff -1.45167 of var (x7,x14) (idx 11) in constr e139 (idx 130) is deemed risky
+ coeff -4.00955 of var (x7,x16) (idx 12) in constr e139 (idx 130) is deemed risky
+ coeff 4.00955 of var (x7,x18) (idx 13) in constr e139 (idx 130) is deemed risky
+ coeff -3.02493 of var (x8,x12) (idx 15) in constr e139 (idx 130) is deemed risky
+ coeff -1.00828 of var (x8,x13) (idx 16) in constr e139 (idx 130) is deemed risky
+ coeff -2 of var (x8,x14) (idx 17) in constr e139 (idx 130) is deemed risky
+ coeff 2.54171 of var (x12,x12) (idx 18) in constr e139 (idx 130) is deemed risky
+ coeff 3.02493 of var (x12,x14) (idx 19) in constr e139 (idx 130) is deemed risky
+ coeff 1.00828 of var (x12,x16) (idx 20) in constr e139 (idx 130) is deemed risky
+ coeff -1.00828 of var (x12,x18) (idx 21) in constr e139 (idx 130) is deemed risky
+ coeff 2.54171 of var (x13,x13) (idx 22) in constr e139 (idx 130) is deemed risky
+ coeff 1.00828 of var (x13,x14) (idx 23) in constr e139 (idx 130) is deemed risky
+ coeff -3.02493 of var (x13,x16) (idx 24) in constr e139 (idx 130) is deemed risky
+ coeff 3.02493 of var (x13,x18) (idx 25) in constr e139 (idx 130) is deemed risky
+ coeff -2 of var (x16,x18) (idx 28) in constr e139 (idx 130) is deemed risky
+ coeff 4.54596 of var (x6,x6) (idx 0) in constr e140 (idx 131) is deemed risky
+ coeff -4.00955 of var (x6,x8) (idx 1) in constr e140 (idx 131) is deemed risky
+ coeff 6.69509 of var (x6,x9) (idx 2) in constr e140 (idx 131) is deemed risky
+ coeff -5.30251 of var (x6,x10) (idx 3) in constr e140 (idx 131) is deemed risky
+ coeff 4.00955 of var (x6,x11) (idx 4) in constr e140 (idx 131) is deemed risky
+ coeff -1.45167 of var (x6,x16) (idx 5) in constr e140 (idx 131) is deemed risky
+ coeff 1.45167 of var (x6,x17) (idx 6) in constr e140 (idx 131) is deemed risky
+ coeff 4.54596 of var (x7,x7) (idx 7) in constr e140 (idx 131) is deemed risky
+ coeff 1.45167 of var (x7,x8) (idx 8) in constr e140 (idx 131) is deemed risky
+ coeff 5.30251 of var (x7,x9) (idx 9) in constr e140 (idx 131) is deemed risky
+ coeff 6.69509 of var (x7,x10) (idx 10) in constr e140 (idx 131) is deemed risky
+ coeff -1.45167 of var (x7,x11) (idx 11) in constr e140 (idx 131) is deemed risky
+ coeff -4.00955 of var (x7,x16) (idx 12) in constr e140 (idx 131) is deemed risky
+ coeff 4.00955 of var (x7,x17) (idx 13) in constr e140 (idx 131) is deemed risky
+ coeff -2.10592 of var (x8,x9) (idx 15) in constr e140 (idx 131) is deemed risky
+ coeff 3.40739 of var (x8,x10) (idx 16) in constr e140 (idx 131) is deemed risky
+ coeff -2 of var (x8,x11) (idx 17) in constr e140 (idx 131) is deemed risky
+ coeff 4.0113 of var (x9,x9) (idx 18) in constr e140 (idx 131) is deemed risky
+ coeff 2.10592 of var (x9,x11) (idx 19) in constr e140 (idx 131) is deemed risky
+ coeff -3.40739 of var (x9,x16) (idx 20) in constr e140 (idx 131) is deemed risky
+ coeff 3.40739 of var (x9,x17) (idx 21) in constr e140 (idx 131) is deemed risky
+ coeff 4.0113 of var (x10,x10) (idx 22) in constr e140 (idx 131) is deemed risky
+ coeff -3.40739 of var (x10,x11) (idx 23) in constr e140 (idx 131) is deemed risky
+ coeff -2.10592 of var (x10,x16) (idx 24) in constr e140 (idx 131) is deemed risky
+ coeff 2.10592 of var (x10,x17) (idx 25) in constr e140 (idx 131) is deemed risky
+ coeff -2 of var (x16,x17) (idx 28) in constr e140 (idx 131) is deemed risky
+ coeff 4.54596 of var (x6,x6) (idx 0) in constr e141 (idx 132) is deemed risky
+ coeff -4.00955 of var (x6,x8) (idx 1) in constr e141 (idx 132) is deemed risky
+ coeff -5.62754 of var (x6,x12) (idx 2) in constr e141 (idx 132) is deemed risky
+ coeff 1.32857 of var (x6,x13) (idx 3) in constr e141 (idx 132) is deemed risky
+ coeff 4.00955 of var (x6,x14) (idx 4) in constr e141 (idx 132) is deemed risky
+ coeff -1.45167 of var (x6,x16) (idx 5) in constr e141 (idx 132) is deemed risky
+ coeff 1.45167 of var (x6,x18) (idx 6) in constr e141 (idx 132) is deemed risky
+ coeff 4.54596 of var (x7,x7) (idx 7) in constr e141 (idx 132) is deemed risky
+ coeff 1.45167 of var (x7,x8) (idx 8) in constr e141 (idx 132) is deemed risky
+ coeff -1.32857 of var (x7,x12) (idx 9) in constr e141 (idx 132) is deemed risky
+ coeff -5.62754 of var (x7,x13) (idx 10) in constr e141 (idx 132) is deemed risky
+ coeff -1.45167 of var (x7,x14) (idx 11) in constr e141 (idx 132) is deemed risky
+ coeff -4.00955 of var (x7,x16) (idx 12) in constr e141 (idx 132) is deemed risky
+ coeff 4.00955 of var (x7,x18) (idx 13) in constr e141 (idx 132) is deemed risky
+ coeff 2.26963 of var (x8,x12) (idx 15) in constr e141 (idx 132) is deemed risky
+ coeff -1.48442 of var (x8,x13) (idx 16) in constr e141 (idx 132) is deemed risky
+ coeff -2 of var (x8,x14) (idx 17) in constr e141 (idx 132) is deemed risky
+ coeff 1.83868 of var (x12,x12) (idx 18) in constr e141 (idx 132) is deemed risky
+ coeff -2.26963 of var (x12,x14) (idx 19) in constr e141 (idx 132) is deemed risky
+ coeff 1.48442 of var (x12,x16) (idx 20) in constr e141 (idx 132) is deemed risky
+ coeff -1.48442 of var (x12,x18) (idx 21) in constr e141 (idx 132) is deemed risky
+ coeff 1.83868 of var (x13,x13) (idx 22) in constr e141 (idx 132) is deemed risky
+ coeff 1.48442 of var (x13,x14) (idx 23) in constr e141 (idx 132) is deemed risky
+ coeff 2.26963 of var (x13,x16) (idx 24) in constr e141 (idx 132) is deemed risky
+ coeff -2.26963 of var (x13,x18) (idx 25) in constr e141 (idx 132) is deemed risky
+ coeff -2 of var (x16,x18) (idx 28) in constr e141 (idx 132) is deemed risky
+ coeff 4.54596 of var (x6,x6) (idx 0) in constr e142 (idx 133) is deemed risky
+ coeff -4.00955 of var (x6,x8) (idx 1) in constr e142 (idx 133) is deemed risky
+ coeff -6.5233 of var (x6,x9) (idx 2) in constr e142 (idx 133) is deemed risky
+ coeff -0.757088 of var (x6,x10) (idx 3) in constr e142 (idx 133) is deemed risky
+ coeff 4.00955 of var (x6,x11) (idx 4) in constr e142 (idx 133) is deemed risky
+ coeff -1.45167 of var (x6,x16) (idx 5) in constr e142 (idx 133) is deemed risky
+ coeff 1.45167 of var (x6,x17) (idx 6) in constr e142 (idx 133) is deemed risky
+ coeff 4.54596 of var (x7,x7) (idx 7) in constr e142 (idx 133) is deemed risky
+ coeff 1.45167 of var (x7,x8) (idx 8) in constr e142 (idx 133) is deemed risky
+ coeff 0.757088 of var (x7,x9) (idx 9) in constr e142 (idx 133) is deemed risky
+ coeff -6.5233 of var (x7,x10) (idx 10) in constr e142 (idx 133) is deemed risky
+ coeff -1.45167 of var (x7,x11) (idx 11) in constr e142 (idx 133) is deemed risky
+ coeff -4.00955 of var (x7,x16) (idx 12) in constr e142 (idx 133) is deemed risky
+ coeff 4.00955 of var (x7,x17) (idx 13) in constr e142 (idx 133) is deemed risky
+ coeff 2.99767 of var (x8,x9) (idx 15) in constr e142 (idx 133) is deemed risky
+ coeff -0.70767 of var (x8,x10) (idx 16) in constr e142 (idx 133) is deemed risky
+ coeff -2 of var (x8,x11) (idx 17) in constr e142 (idx 133) is deemed risky
+ coeff 2.3717 of var (x9,x9) (idx 18) in constr e142 (idx 133) is deemed risky
+ coeff -2.99767 of var (x9,x11) (idx 19) in constr e142 (idx 133) is deemed risky
+ coeff 0.70767 of var (x9,x16) (idx 20) in constr e142 (idx 133) is deemed risky
+ coeff -0.70767 of var (x9,x17) (idx 21) in constr e142 (idx 133) is deemed risky
+ coeff 2.3717 of var (x10,x10) (idx 22) in constr e142 (idx 133) is deemed risky
+ coeff 0.70767 of var (x10,x11) (idx 23) in constr e142 (idx 133) is deemed risky
+ coeff 2.99767 of var (x10,x16) (idx 24) in constr e142 (idx 133) is deemed risky
+ coeff -2.99767 of var (x10,x17) (idx 25) in constr e142 (idx 133) is deemed risky
+ coeff -2 of var (x16,x17) (idx 28) in constr e142 (idx 133) is deemed risky
+ coeff 4.54596 of var (x6,x6) (idx 0) in constr e143 (idx 134) is deemed risky
+ coeff -4.00955 of var (x6,x8) (idx 1) in constr e143 (idx 134) is deemed risky
+ coeff 8.10232 of var (x6,x12) (idx 2) in constr e143 (idx 134) is deemed risky
+ coeff 6.4075 of var (x6,x13) (idx 3) in constr e143 (idx 134) is deemed risky
+ coeff 4.00955 of var (x6,x14) (idx 4) in constr e143 (idx 134) is deemed risky
+ coeff -1.45167 of var (x6,x16) (idx 5) in constr e143 (idx 134) is deemed risky
+ coeff 1.45167 of var (x6,x18) (idx 6) in constr e143 (idx 134) is deemed risky
+ coeff 4.54596 of var (x7,x7) (idx 7) in constr e143 (idx 134) is deemed risky
+ coeff 1.45167 of var (x7,x8) (idx 8) in constr e143 (idx 134) is deemed risky
+ coeff -6.4075 of var (x7,x12) (idx 9) in constr e143 (idx 134) is deemed risky
+ coeff 8.10232 of var (x7,x13) (idx 10) in constr e143 (idx 134) is deemed risky
+ coeff -1.45167 of var (x7,x14) (idx 11) in constr e143 (idx 134) is deemed risky
+ coeff -4.00955 of var (x7,x16) (idx 12) in constr e143 (idx 134) is deemed risky
+ coeff 4.00955 of var (x7,x18) (idx 13) in constr e143 (idx 134) is deemed risky
+ coeff -4.5962 of var (x8,x12) (idx 15) in constr e143 (idx 134) is deemed risky
+ coeff -1.53206 of var (x8,x13) (idx 16) in constr e143 (idx 134) is deemed risky
+ coeff -2 of var (x8,x14) (idx 17) in constr e143 (idx 134) is deemed risky
+ coeff 5.86805 of var (x12,x12) (idx 18) in constr e143 (idx 134) is deemed risky
+ coeff 4.5962 of var (x12,x14) (idx 19) in constr e143 (idx 134) is deemed risky
+ coeff 1.53206 of var (x12,x16) (idx 20) in constr e143 (idx 134) is deemed risky
+ coeff -1.53206 of var (x12,x18) (idx 21) in constr e143 (idx 134) is deemed risky
+ coeff 5.86805 of var (x13,x13) (idx 22) in constr e143 (idx 134) is deemed risky
+ coeff 1.53206 of var (x13,x14) (idx 23) in constr e143 (idx 134) is deemed risky
+ coeff -4.5962 of var (x13,x16) (idx 24) in constr e143 (idx 134) is deemed risky
+ coeff 4.5962 of var (x13,x18) (idx 25) in constr e143 (idx 134) is deemed risky
+ coeff -2 of var (x16,x18) (idx 28) in constr e143 (idx 134) is deemed risky
+ coeff 4.54596 of var (x6,x6) (idx 0) in constr e144 (idx 135) is deemed risky
+ coeff -4.00955 of var (x6,x8) (idx 1) in constr e144 (idx 135) is deemed risky
+ coeff 3.23751 of var (x6,x9) (idx 2) in constr e144 (idx 135) is deemed risky
+ coeff 6.91248 of var (x6,x10) (idx 3) in constr e144 (idx 135) is deemed risky
+ coeff 4.00955 of var (x6,x11) (idx 4) in constr e144 (idx 135) is deemed risky
+ coeff -1.45167 of var (x6,x16) (idx 5) in constr e144 (idx 135) is deemed risky
+ coeff 1.45167 of var (x6,x17) (idx 6) in constr e144 (idx 135) is deemed risky
+ coeff 4.54596 of var (x7,x7) (idx 7) in constr e144 (idx 135) is deemed risky
+ coeff 1.45167 of var (x7,x8) (idx 8) in constr e144 (idx 135) is deemed risky
+ coeff -6.91248 of var (x7,x9) (idx 9) in constr e144 (idx 135) is deemed risky
+ coeff 3.23751 of var (x7,x10) (idx 10) in constr e144 (idx 135) is deemed risky
+ coeff -1.45167 of var (x7,x11) (idx 11) in constr e144 (idx 135) is deemed risky
+ coeff -4.00955 of var (x7,x16) (idx 12) in constr e144 (idx 135) is deemed risky
+ coeff 4.00955 of var (x7,x17) (idx 13) in constr e144 (idx 135) is deemed risky
+ coeff -2.53143 of var (x8,x9) (idx 15) in constr e144 (idx 135) is deemed risky
+ coeff -2.53149 of var (x8,x10) (idx 16) in constr e144 (idx 135) is deemed risky
+ coeff -2 of var (x8,x11) (idx 17) in constr e144 (idx 135) is deemed risky
+ coeff 3.20415 of var (x9,x9) (idx 18) in constr e144 (idx 135) is deemed risky
+ coeff 2.53143 of var (x9,x11) (idx 19) in constr e144 (idx 135) is deemed risky
+ coeff 2.53149 of var (x9,x16) (idx 20) in constr e144 (idx 135) is deemed risky
+ coeff -2.53149 of var (x9,x17) (idx 21) in constr e144 (idx 135) is deemed risky
+ coeff 3.20415 of var (x10,x10) (idx 22) in constr e144 (idx 135) is deemed risky
+ coeff 2.53149 of var (x10,x11) (idx 23) in constr e144 (idx 135) is deemed risky
+ coeff -2.53143 of var (x10,x16) (idx 24) in constr e144 (idx 135) is deemed risky
+ coeff 2.53143 of var (x10,x17) (idx 25) in constr e144 (idx 135) is deemed risky
+ coeff -2 of var (x16,x17) (idx 28) in constr e144 (idx 135) is deemed risky
+ coeff 4.54596 of var (x6,x6) (idx 0) in constr e145 (idx 136) is deemed risky
+ coeff -4.00955 of var (x6,x8) (idx 1) in constr e145 (idx 136) is deemed risky
+ coeff 0.495841 of var (x6,x12) (idx 2) in constr e145 (idx 136) is deemed risky
+ coeff -5.49791 of var (x6,x13) (idx 3) in constr e145 (idx 136) is deemed risky
+ coeff 4.00955 of var (x6,x14) (idx 4) in constr e145 (idx 136) is deemed risky
+ coeff -1.45167 of var (x6,x16) (idx 5) in constr e145 (idx 136) is deemed risky
+ coeff 1.45167 of var (x6,x18) (idx 6) in constr e145 (idx 136) is deemed risky
+ coeff 4.54596 of var (x7,x7) (idx 7) in constr e145 (idx 136) is deemed risky
+ coeff 1.45167 of var (x7,x8) (idx 8) in constr e145 (idx 136) is deemed risky
+ coeff 5.49791 of var (x7,x12) (idx 9) in constr e145 (idx 136) is deemed risky
+ coeff 0.495841 of var (x7,x13) (idx 10) in constr e145 (idx 136) is deemed risky
+ coeff -1.45167 of var (x7,x14) (idx 11) in constr e145 (idx 136) is deemed risky
+ coeff -4.00955 of var (x7,x16) (idx 12) in constr e145 (idx 136) is deemed risky
+ coeff 4.00955 of var (x7,x18) (idx 13) in constr e145 (idx 136) is deemed risky
+ coeff 0.659161 of var (x8,x12) (idx 15) in constr e145 (idx 136) is deemed risky
+ coeff 2.50376 of var (x8,x13) (idx 16) in constr e145 (idx 136) is deemed risky
+ coeff -2 of var (x8,x14) (idx 17) in constr e145 (idx 136) is deemed risky
+ coeff 1.67582 of var (x12,x12) (idx 18) in constr e145 (idx 136) is deemed risky
+ coeff -0.659161 of var (x12,x14) (idx 19) in constr e145 (idx 136) is deemed risky
+ coeff -2.50376 of var (x12,x16) (idx 20) in constr e145 (idx 136) is deemed risky
+ coeff 2.50376 of var (x12,x18) (idx 21) in constr e145 (idx 136) is deemed risky
+ coeff 1.67582 of var (x13,x13) (idx 22) in constr e145 (idx 136) is deemed risky
+ coeff -2.50376 of var (x13,x14) (idx 23) in constr e145 (idx 136) is deemed risky
+ coeff 0.659161 of var (x13,x16) (idx 24) in constr e145 (idx 136) is deemed risky
+ coeff -0.659161 of var (x13,x18) (idx 25) in constr e145 (idx 136) is deemed risky
+ coeff -2 of var (x16,x18) (idx 28) in constr e145 (idx 136) is deemed risky
+ coeff 4.0113 of var (x9,x9) (idx 0) in constr e146 (idx 137) is deemed risky
+ coeff 2.10592 of var (x9,x11) (idx 1) in constr e146 (idx 137) is deemed risky
+ coeff -2.10592 of var (x9,x14) (idx 2) in constr e146 (idx 137) is deemed risky
+ coeff 3.40739 of var (x9,x17) (idx 3) in constr e146 (idx 137) is deemed risky
+ coeff -3.40739 of var (x9,x18) (idx 4) in constr e146 (idx 137) is deemed risky
+ coeff 4.0113 of var (x10,x10) (idx 5) in constr e146 (idx 137) is deemed risky
+ coeff -3.40739 of var (x10,x11) (idx 6) in constr e146 (idx 137) is deemed risky
+ coeff 3.40739 of var (x10,x14) (idx 7) in constr e146 (idx 137) is deemed risky
+ coeff 2.10592 of var (x10,x17) (idx 8) in constr e146 (idx 137) is deemed risky
+ coeff -2.10592 of var (x10,x18) (idx 9) in constr e146 (idx 137) is deemed risky
+ coeff -2 of var (x11,x14) (idx 11) in constr e146 (idx 137) is deemed risky
+ coeff -2 of var (x17,x18) (idx 14) in constr e146 (idx 137) is deemed risky
+ coeff 4.0113 of var (x9,x9) (idx 0) in constr e147 (idx 138) is deemed risky
+ coeff 2.10592 of var (x9,x11) (idx 1) in constr e147 (idx 138) is deemed risky
+ coeff -1.46733 of var (x9,x12) (idx 2) in constr e147 (idx 138) is deemed risky
+ coeff -6.21523 of var (x9,x13) (idx 3) in constr e147 (idx 138) is deemed risky
+ coeff -2.10592 of var (x9,x14) (idx 4) in constr e147 (idx 138) is deemed risky
+ coeff 3.40739 of var (x9,x17) (idx 5) in constr e147 (idx 138) is deemed risky
+ coeff -3.40739 of var (x9,x18) (idx 6) in constr e147 (idx 138) is deemed risky
+ coeff 4.0113 of var (x10,x10) (idx 7) in constr e147 (idx 138) is deemed risky
+ coeff -3.40739 of var (x10,x11) (idx 8) in constr e147 (idx 138) is deemed risky
+ coeff 6.21523 of var (x10,x12) (idx 9) in constr e147 (idx 138) is deemed risky
+ coeff -1.46733 of var (x10,x13) (idx 10) in constr e147 (idx 138) is deemed risky
+ coeff 3.40739 of var (x10,x14) (idx 11) in constr e147 (idx 138) is deemed risky
+ coeff 2.10592 of var (x10,x17) (idx 12) in constr e147 (idx 138) is deemed risky
+ coeff -2.10592 of var (x10,x18) (idx 13) in constr e147 (idx 138) is deemed risky
+ coeff -3.02493 of var (x11,x12) (idx 15) in constr e147 (idx 138) is deemed risky
+ coeff -1.00828 of var (x11,x13) (idx 16) in constr e147 (idx 138) is deemed risky
+ coeff -2 of var (x11,x14) (idx 17) in constr e147 (idx 138) is deemed risky
+ coeff 2.54171 of var (x12,x12) (idx 18) in constr e147 (idx 138) is deemed risky
+ coeff 3.02493 of var (x12,x14) (idx 19) in constr e147 (idx 138) is deemed risky
+ coeff 1.00828 of var (x12,x17) (idx 20) in constr e147 (idx 138) is deemed risky
+ coeff -1.00828 of var (x12,x18) (idx 21) in constr e147 (idx 138) is deemed risky
+ coeff 2.54171 of var (x13,x13) (idx 22) in constr e147 (idx 138) is deemed risky
+ coeff 1.00828 of var (x13,x14) (idx 23) in constr e147 (idx 138) is deemed risky
+ coeff -3.02493 of var (x13,x17) (idx 24) in constr e147 (idx 138) is deemed risky
+ coeff 3.02493 of var (x13,x18) (idx 25) in constr e147 (idx 138) is deemed risky
+ coeff -2 of var (x17,x18) (idx 28) in constr e147 (idx 138) is deemed risky
+ coeff 4.0113 of var (x9,x9) (idx 0) in constr e148 (idx 139) is deemed risky
+ coeff 2.10592 of var (x9,x11) (idx 1) in constr e148 (idx 139) is deemed risky
+ coeff 4.91883 of var (x9,x12) (idx 2) in constr e148 (idx 139) is deemed risky
+ coeff 2.30372 of var (x9,x13) (idx 3) in constr e148 (idx 139) is deemed risky
+ coeff -2.10592 of var (x9,x14) (idx 4) in constr e148 (idx 139) is deemed risky
+ coeff 3.40739 of var (x9,x17) (idx 5) in constr e148 (idx 139) is deemed risky
+ coeff -3.40739 of var (x9,x18) (idx 6) in constr e148 (idx 139) is deemed risky
+ coeff 4.0113 of var (x10,x10) (idx 7) in constr e148 (idx 139) is deemed risky
+ coeff -3.40739 of var (x10,x11) (idx 8) in constr e148 (idx 139) is deemed risky
+ coeff -2.30372 of var (x10,x12) (idx 9) in constr e148 (idx 139) is deemed risky
+ coeff 4.91883 of var (x10,x13) (idx 10) in constr e148 (idx 139) is deemed risky
+ coeff 3.40739 of var (x10,x14) (idx 11) in constr e148 (idx 139) is deemed risky
+ coeff 2.10592 of var (x10,x17) (idx 12) in constr e148 (idx 139) is deemed risky
+ coeff -2.10592 of var (x10,x18) (idx 13) in constr e148 (idx 139) is deemed risky
+ coeff 2.26963 of var (x11,x12) (idx 15) in constr e148 (idx 139) is deemed risky
+ coeff -1.48442 of var (x11,x13) (idx 16) in constr e148 (idx 139) is deemed risky
+ coeff -2 of var (x11,x14) (idx 17) in constr e148 (idx 139) is deemed risky
+ coeff 1.83868 of var (x12,x12) (idx 18) in constr e148 (idx 139) is deemed risky
+ coeff -2.26963 of var (x12,x14) (idx 19) in constr e148 (idx 139) is deemed risky
+ coeff 1.48442 of var (x12,x17) (idx 20) in constr e148 (idx 139) is deemed risky
+ coeff -1.48442 of var (x12,x18) (idx 21) in constr e148 (idx 139) is deemed risky
+ coeff 1.83868 of var (x13,x13) (idx 22) in constr e148 (idx 139) is deemed risky
+ coeff 1.48442 of var (x13,x14) (idx 23) in constr e148 (idx 139) is deemed risky
+ coeff 2.26963 of var (x13,x17) (idx 24) in constr e148 (idx 139) is deemed risky
+ coeff -2.26963 of var (x13,x18) (idx 25) in constr e148 (idx 139) is deemed risky
+ coeff -2 of var (x17,x18) (idx 28) in constr e148 (idx 139) is deemed risky
+ coeff 4.0113 of var (x9,x9) (idx 0) in constr e149 (idx 140) is deemed risky
+ coeff 2.10592 of var (x9,x11) (idx 1) in constr e149 (idx 140) is deemed risky
+ coeff -2.22945 of var (x9,x12) (idx 2) in constr e149 (idx 140) is deemed risky
+ coeff -9.4437 of var (x9,x13) (idx 3) in constr e149 (idx 140) is deemed risky
+ coeff -2.10592 of var (x9,x14) (idx 4) in constr e149 (idx 140) is deemed risky
+ coeff 3.40739 of var (x9,x17) (idx 5) in constr e149 (idx 140) is deemed risky
+ coeff -3.40739 of var (x9,x18) (idx 6) in constr e149 (idx 140) is deemed risky
+ coeff 4.0113 of var (x10,x10) (idx 7) in constr e149 (idx 140) is deemed risky
+ coeff -3.40739 of var (x10,x11) (idx 8) in constr e149 (idx 140) is deemed risky
+ coeff 9.4437 of var (x10,x12) (idx 9) in constr e149 (idx 140) is deemed risky
+ coeff -2.22945 of var (x10,x13) (idx 10) in constr e149 (idx 140) is deemed risky
+ coeff 3.40739 of var (x10,x14) (idx 11) in constr e149 (idx 140) is deemed risky
+ coeff 2.10592 of var (x10,x17) (idx 12) in constr e149 (idx 140) is deemed risky
+ coeff -2.10592 of var (x10,x18) (idx 13) in constr e149 (idx 140) is deemed risky
+ coeff -4.5962 of var (x11,x12) (idx 15) in constr e149 (idx 140) is deemed risky
+ coeff -1.53206 of var (x11,x13) (idx 16) in constr e149 (idx 140) is deemed risky
+ coeff -2 of var (x11,x14) (idx 17) in constr e149 (idx 140) is deemed risky
+ coeff 5.86805 of var (x12,x12) (idx 18) in constr e149 (idx 140) is deemed risky
+ coeff 4.5962 of var (x12,x14) (idx 19) in constr e149 (idx 140) is deemed risky
+ coeff 1.53206 of var (x12,x17) (idx 20) in constr e149 (idx 140) is deemed risky
+ coeff -1.53206 of var (x12,x18) (idx 21) in constr e149 (idx 140) is deemed risky
+ coeff 5.86805 of var (x13,x13) (idx 22) in constr e149 (idx 140) is deemed risky
+ coeff 1.53206 of var (x13,x14) (idx 23) in constr e149 (idx 140) is deemed risky
+ coeff -4.5962 of var (x13,x17) (idx 24) in constr e149 (idx 140) is deemed risky
+ coeff 4.5962 of var (x13,x18) (idx 25) in constr e149 (idx 140) is deemed risky
+ coeff -2 of var (x17,x18) (idx 28) in constr e149 (idx 140) is deemed risky
+ coeff 4.0113 of var (x9,x9) (idx 0) in constr e150 (idx 141) is deemed risky
+ coeff 2.10592 of var (x9,x11) (idx 1) in constr e150 (idx 141) is deemed risky
+ coeff -3.57157 of var (x9,x12) (idx 2) in constr e150 (idx 141) is deemed risky
+ coeff 3.75936 of var (x9,x13) (idx 3) in constr e150 (idx 141) is deemed risky
+ coeff -2.10592 of var (x9,x14) (idx 4) in constr e150 (idx 141) is deemed risky
+ coeff 3.40739 of var (x9,x17) (idx 5) in constr e150 (idx 141) is deemed risky
+ coeff -3.40739 of var (x9,x18) (idx 6) in constr e150 (idx 141) is deemed risky
+ coeff 4.0113 of var (x10,x10) (idx 7) in constr e150 (idx 141) is deemed risky
+ coeff -3.40739 of var (x10,x11) (idx 8) in constr e150 (idx 141) is deemed risky
+ coeff -3.75936 of var (x10,x12) (idx 9) in constr e150 (idx 141) is deemed risky
+ coeff -3.57157 of var (x10,x13) (idx 10) in constr e150 (idx 141) is deemed risky
+ coeff 3.40739 of var (x10,x14) (idx 11) in constr e150 (idx 141) is deemed risky
+ coeff 2.10592 of var (x10,x17) (idx 12) in constr e150 (idx 141) is deemed risky
+ coeff -2.10592 of var (x10,x18) (idx 13) in constr e150 (idx 141) is deemed risky
+ coeff 0.659161 of var (x11,x12) (idx 15) in constr e150 (idx 141) is deemed risky
+ coeff 2.50376 of var (x11,x13) (idx 16) in constr e150 (idx 141) is deemed risky
+ coeff -2 of var (x11,x14) (idx 17) in constr e150 (idx 141) is deemed risky
+ coeff 1.67582 of var (x12,x12) (idx 18) in constr e150 (idx 141) is deemed risky
+ coeff -0.659161 of var (x12,x14) (idx 19) in constr e150 (idx 141) is deemed risky
+ coeff -2.50376 of var (x12,x17) (idx 20) in constr e150 (idx 141) is deemed risky
+ coeff 2.50376 of var (x12,x18) (idx 21) in constr e150 (idx 141) is deemed risky
+ coeff 1.67582 of var (x13,x13) (idx 22) in constr e150 (idx 141) is deemed risky
+ coeff -2.50376 of var (x13,x14) (idx 23) in constr e150 (idx 141) is deemed risky
+ coeff 0.659161 of var (x13,x17) (idx 24) in constr e150 (idx 141) is deemed risky
+ coeff -0.659161 of var (x13,x18) (idx 25) in constr e150 (idx 141) is deemed risky
+ coeff -2 of var (x17,x18) (idx 28) in constr e150 (idx 141) is deemed risky
+ coeff 12.6071 of var (x3,x3) (idx 0) in constr e151 (idx 142) is deemed risky
+ coeff 6.67721 of var (x3,x5) (idx 1) in constr e151 (idx 142) is deemed risky
+ coeff -6.67721 of var (x3,x8) (idx 2) in constr e151 (idx 142) is deemed risky
+ coeff -2.4173 of var (x3,x15) (idx 3) in constr e151 (idx 142) is deemed risky
+ coeff 2.4173 of var (x3,x16) (idx 4) in constr e151 (idx 142) is deemed risky
+ coeff 12.6071 of var (x4,x4) (idx 5) in constr e151 (idx 142) is deemed risky
+ coeff 2.4173 of var (x4,x5) (idx 6) in constr e151 (idx 142) is deemed risky
+ coeff -2.4173 of var (x4,x8) (idx 7) in constr e151 (idx 142) is deemed risky
+ coeff 6.67721 of var (x4,x15) (idx 8) in constr e151 (idx 142) is deemed risky
+ coeff -6.67721 of var (x4,x16) (idx 9) in constr e151 (idx 142) is deemed risky
+ coeff -2 of var (x5,x8) (idx 11) in constr e151 (idx 142) is deemed risky
+ coeff -2 of var (x15,x16) (idx 14) in constr e151 (idx 142) is deemed risky
+ coeff 12.6071 of var (x3,x3) (idx 0) in constr e152 (idx 143) is deemed risky
+ coeff 6.67721 of var (x3,x5) (idx 1) in constr e152 (idx 143) is deemed risky
+ coeff -6.67721 of var (x3,x11) (idx 2) in constr e152 (idx 143) is deemed risky
+ coeff -2.4173 of var (x3,x15) (idx 3) in constr e152 (idx 143) is deemed risky
+ coeff 2.4173 of var (x3,x17) (idx 4) in constr e152 (idx 143) is deemed risky
+ coeff 12.6071 of var (x4,x4) (idx 5) in constr e152 (idx 143) is deemed risky
+ coeff 2.4173 of var (x4,x5) (idx 6) in constr e152 (idx 143) is deemed risky
+ coeff -2.4173 of var (x4,x11) (idx 7) in constr e152 (idx 143) is deemed risky
+ coeff 6.67721 of var (x4,x15) (idx 8) in constr e152 (idx 143) is deemed risky
+ coeff -6.67721 of var (x4,x17) (idx 9) in constr e152 (idx 143) is deemed risky
+ coeff -2 of var (x5,x11) (idx 11) in constr e152 (idx 143) is deemed risky
+ coeff -2 of var (x15,x17) (idx 14) in constr e152 (idx 143) is deemed risky
+ coeff 12.6071 of var (x3,x3) (idx 0) in constr e153 (idx 144) is deemed risky
+ coeff 6.67721 of var (x3,x5) (idx 1) in constr e153 (idx 144) is deemed risky
+ coeff -6.67721 of var (x3,x14) (idx 2) in constr e153 (idx 144) is deemed risky
+ coeff -2.4173 of var (x3,x15) (idx 3) in constr e153 (idx 144) is deemed risky
+ coeff 2.4173 of var (x3,x18) (idx 4) in constr e153 (idx 144) is deemed risky
+ coeff 12.6071 of var (x4,x4) (idx 5) in constr e153 (idx 144) is deemed risky
+ coeff 2.4173 of var (x4,x5) (idx 6) in constr e153 (idx 144) is deemed risky
+ coeff -2.4173 of var (x4,x14) (idx 7) in constr e153 (idx 144) is deemed risky
+ coeff 6.67721 of var (x4,x15) (idx 8) in constr e153 (idx 144) is deemed risky
+ coeff -6.67721 of var (x4,x18) (idx 9) in constr e153 (idx 144) is deemed risky
+ coeff -2 of var (x5,x14) (idx 11) in constr e153 (idx 144) is deemed risky
+ coeff -2 of var (x15,x18) (idx 14) in constr e153 (idx 144) is deemed risky
+ coeff 12.6071 of var (x3,x3) (idx 0) in constr e154 (idx 145) is deemed risky
+ coeff 6.67721 of var (x3,x5) (idx 1) in constr e154 (idx 145) is deemed risky
+ coeff -16.3932 of var (x3,x6) (idx 2) in constr e154 (idx 145) is deemed risky
+ coeff 1.90241 of var (x3,x7) (idx 3) in constr e154 (idx 145) is deemed risky
+ coeff -6.67721 of var (x3,x8) (idx 4) in constr e154 (idx 145) is deemed risky
+ coeff -2.4173 of var (x3,x15) (idx 5) in constr e154 (idx 145) is deemed risky
+ coeff 2.4173 of var (x3,x16) (idx 6) in constr e154 (idx 145) is deemed risky
+ coeff 12.6071 of var (x4,x4) (idx 7) in constr e154 (idx 145) is deemed risky
+ coeff 2.4173 of var (x4,x5) (idx 8) in constr e154 (idx 145) is deemed risky
+ coeff -1.90241 of var (x4,x6) (idx 9) in constr e154 (idx 145) is deemed risky
+ coeff -16.3932 of var (x4,x7) (idx 10) in constr e154 (idx 145) is deemed risky
+ coeff -2.4173 of var (x4,x8) (idx 11) in constr e154 (idx 145) is deemed risky
+ coeff 6.67721 of var (x4,x15) (idx 12) in constr e154 (idx 145) is deemed risky
+ coeff -6.67721 of var (x4,x16) (idx 13) in constr e154 (idx 145) is deemed risky
+ coeff -4.52362 of var (x5,x6) (idx 15) in constr e154 (idx 145) is deemed risky
+ coeff -1.06783 of var (x5,x7) (idx 16) in constr e154 (idx 145) is deemed risky
+ coeff -2 of var (x5,x8) (idx 17) in constr e154 (idx 145) is deemed risky
+ coeff 5.40085 of var (x6,x6) (idx 18) in constr e154 (idx 145) is deemed risky
+ coeff 4.52362 of var (x6,x8) (idx 19) in constr e154 (idx 145) is deemed risky
+ coeff 1.06783 of var (x6,x15) (idx 20) in constr e154 (idx 145) is deemed risky
+ coeff -1.06783 of var (x6,x16) (idx 21) in constr e154 (idx 145) is deemed risky
+ coeff 5.40085 of var (x7,x7) (idx 22) in constr e154 (idx 145) is deemed risky
+ coeff 1.06783 of var (x7,x8) (idx 23) in constr e154 (idx 145) is deemed risky
+ coeff -4.52362 of var (x7,x15) (idx 24) in constr e154 (idx 145) is deemed risky
+ coeff 4.52362 of var (x7,x16) (idx 25) in constr e154 (idx 145) is deemed risky
+ coeff -2 of var (x15,x16) (idx 28) in constr e154 (idx 145) is deemed risky
+ coeff 12.6071 of var (x3,x3) (idx 0) in constr e155 (idx 146) is deemed risky
+ coeff 6.67721 of var (x3,x5) (idx 1) in constr e155 (idx 146) is deemed risky
+ coeff 12.875 of var (x3,x9) (idx 2) in constr e155 (idx 146) is deemed risky
+ coeff -10.2423 of var (x3,x10) (idx 3) in constr e155 (idx 146) is deemed risky
+ coeff -6.67721 of var (x3,x11) (idx 4) in constr e155 (idx 146) is deemed risky
+ coeff -2.4173 of var (x3,x15) (idx 5) in constr e155 (idx 146) is deemed risky
+ coeff 2.4173 of var (x3,x17) (idx 6) in constr e155 (idx 146) is deemed risky
+ coeff 12.6071 of var (x4,x4) (idx 7) in constr e155 (idx 146) is deemed risky
+ coeff 2.4173 of var (x4,x5) (idx 8) in constr e155 (idx 146) is deemed risky
+ coeff 10.2423 of var (x4,x9) (idx 9) in constr e155 (idx 146) is deemed risky
+ coeff 12.875 of var (x4,x10) (idx 10) in constr e155 (idx 146) is deemed risky
+ coeff -2.4173 of var (x4,x11) (idx 11) in constr e155 (idx 146) is deemed risky
+ coeff 6.67721 of var (x4,x15) (idx 12) in constr e155 (idx 146) is deemed risky
+ coeff -6.67721 of var (x4,x17) (idx 13) in constr e155 (idx 146) is deemed risky
+ coeff 4.39148 of var (x5,x9) (idx 15) in constr e155 (idx 146) is deemed risky
+ coeff -1.47803 of var (x5,x10) (idx 16) in constr e155 (idx 146) is deemed risky
+ coeff -2 of var (x5,x11) (idx 17) in constr e155 (idx 146) is deemed risky
+ coeff 5.36741 of var (x9,x9) (idx 18) in constr e155 (idx 146) is deemed risky
+ coeff -4.39148 of var (x9,x11) (idx 19) in constr e155 (idx 146) is deemed risky
+ coeff 1.47803 of var (x9,x15) (idx 20) in constr e155 (idx 146) is deemed risky
+ coeff -1.47803 of var (x9,x17) (idx 21) in constr e155 (idx 146) is deemed risky
+ coeff 5.36741 of var (x10,x10) (idx 22) in constr e155 (idx 146) is deemed risky
+ coeff 1.47803 of var (x10,x11) (idx 23) in constr e155 (idx 146) is deemed risky
+ coeff 4.39148 of var (x10,x15) (idx 24) in constr e155 (idx 146) is deemed risky
+ coeff -4.39148 of var (x10,x17) (idx 25) in constr e155 (idx 146) is deemed risky
+ coeff -2 of var (x15,x17) (idx 28) in constr e155 (idx 146) is deemed risky
+ coeff 12.6071 of var (x3,x3) (idx 0) in constr e156 (idx 147) is deemed risky
+ coeff 6.67721 of var (x3,x5) (idx 1) in constr e156 (idx 147) is deemed risky
+ coeff -11.3177 of var (x3,x12) (idx 2) in constr e156 (idx 147) is deemed risky
+ coeff 0.289835 of var (x3,x13) (idx 3) in constr e156 (idx 147) is deemed risky
+ coeff -6.67721 of var (x3,x14) (idx 4) in constr e156 (idx 147) is deemed risky
+ coeff -2.4173 of var (x3,x15) (idx 5) in constr e156 (idx 147) is deemed risky
+ coeff 2.4173 of var (x3,x18) (idx 6) in constr e156 (idx 147) is deemed risky
+ coeff 12.6071 of var (x4,x4) (idx 7) in constr e156 (idx 147) is deemed risky
+ coeff 2.4173 of var (x4,x5) (idx 8) in constr e156 (idx 147) is deemed risky
+ coeff -0.289835 of var (x4,x12) (idx 9) in constr e156 (idx 147) is deemed risky
+ coeff -11.3177 of var (x4,x13) (idx 10) in constr e156 (idx 147) is deemed risky
+ coeff -2.4173 of var (x4,x14) (idx 11) in constr e156 (idx 147) is deemed risky
+ coeff 6.67721 of var (x4,x15) (idx 12) in constr e156 (idx 147) is deemed risky
+ coeff -6.67721 of var (x4,x18) (idx 13) in constr e156 (idx 147) is deemed risky
+ coeff -3.02493 of var (x5,x12) (idx 15) in constr e156 (idx 147) is deemed risky
+ coeff -1.00828 of var (x5,x13) (idx 16) in constr e156 (idx 147) is deemed risky
+ coeff -2 of var (x5,x14) (idx 17) in constr e156 (idx 147) is deemed risky
+ coeff 2.54171 of var (x12,x12) (idx 18) in constr e156 (idx 147) is deemed risky
+ coeff 3.02493 of var (x12,x14) (idx 19) in constr e156 (idx 147) is deemed risky
+ coeff 1.00828 of var (x12,x15) (idx 20) in constr e156 (idx 147) is deemed risky
+ coeff -1.00828 of var (x12,x18) (idx 21) in constr e156 (idx 147) is deemed risky
+ coeff 2.54171 of var (x13,x13) (idx 22) in constr e156 (idx 147) is deemed risky
+ coeff 1.00828 of var (x13,x14) (idx 23) in constr e156 (idx 147) is deemed risky
+ coeff -3.02493 of var (x13,x15) (idx 24) in constr e156 (idx 147) is deemed risky
+ coeff 3.02493 of var (x13,x18) (idx 25) in constr e156 (idx 147) is deemed risky
+ coeff -2 of var (x15,x18) (idx 28) in constr e156 (idx 147) is deemed risky
+ coeff 12.6071 of var (x3,x3) (idx 0) in constr e157 (idx 148) is deemed risky
+ coeff 6.67721 of var (x3,x5) (idx 1) in constr e157 (idx 148) is deemed risky
+ coeff 11.6318 of var (x3,x6) (idx 2) in constr e157 (idx 148) is deemed risky
+ coeff -9.69269 of var (x3,x7) (idx 3) in constr e157 (idx 148) is deemed risky
+ coeff -6.67721 of var (x3,x8) (idx 4) in constr e157 (idx 148) is deemed risky
+ coeff -2.4173 of var (x3,x15) (idx 5) in constr e157 (idx 148) is deemed risky
+ coeff 2.4173 of var (x3,x16) (idx 6) in constr e157 (idx 148) is deemed risky
+ coeff 12.6071 of var (x4,x4) (idx 7) in constr e157 (idx 148) is deemed risky
+ coeff 2.4173 of var (x4,x5) (idx 8) in constr e157 (idx 148) is deemed risky
+ coeff 9.69269 of var (x4,x6) (idx 9) in constr e157 (idx 148) is deemed risky
+ coeff 11.6318 of var (x4,x7) (idx 10) in constr e157 (idx 148) is deemed risky
+ coeff -2.4173 of var (x4,x8) (idx 11) in constr e157 (idx 148) is deemed risky
+ coeff 6.67721 of var (x4,x15) (idx 12) in constr e157 (idx 148) is deemed risky
+ coeff -6.67721 of var (x4,x16) (idx 13) in constr e157 (idx 148) is deemed risky
+ coeff 4.00955 of var (x5,x6) (idx 15) in constr e157 (idx 148) is deemed risky
+ coeff -1.45167 of var (x5,x7) (idx 16) in constr e157 (idx 148) is deemed risky
+ coeff -2 of var (x5,x8) (idx 17) in constr e157 (idx 148) is deemed risky
+ coeff 4.54596 of var (x6,x6) (idx 18) in constr e157 (idx 148) is deemed risky
+ coeff -4.00955 of var (x6,x8) (idx 19) in constr e157 (idx 148) is deemed risky
+ coeff 1.45167 of var (x6,x15) (idx 20) in constr e157 (idx 148) is deemed risky
+ coeff -1.45167 of var (x6,x16) (idx 21) in constr e157 (idx 148) is deemed risky
+ coeff 4.54596 of var (x7,x7) (idx 22) in constr e157 (idx 148) is deemed risky
+ coeff 1.45167 of var (x7,x8) (idx 23) in constr e157 (idx 148) is deemed risky
+ coeff 4.00955 of var (x7,x15) (idx 24) in constr e157 (idx 148) is deemed risky
+ coeff -4.00955 of var (x7,x16) (idx 25) in constr e157 (idx 148) is deemed risky
+ coeff -2 of var (x15,x16) (idx 28) in constr e157 (idx 148) is deemed risky
+ coeff 12.6071 of var (x3,x3) (idx 0) in constr e158 (idx 149) is deemed risky
+ coeff 6.67721 of var (x3,x5) (idx 1) in constr e158 (idx 149) is deemed risky
+ coeff -2.91249 of var (x3,x9) (idx 2) in constr e158 (idx 149) is deemed risky
+ coeff 13.9212 of var (x3,x10) (idx 3) in constr e158 (idx 149) is deemed risky
+ coeff -6.67721 of var (x3,x11) (idx 4) in constr e158 (idx 149) is deemed risky
+ coeff -2.4173 of var (x3,x15) (idx 5) in constr e158 (idx 149) is deemed risky
+ coeff 2.4173 of var (x3,x17) (idx 6) in constr e158 (idx 149) is deemed risky
+ coeff 12.6071 of var (x4,x4) (idx 7) in constr e158 (idx 149) is deemed risky
+ coeff 2.4173 of var (x4,x5) (idx 8) in constr e158 (idx 149) is deemed risky
+ coeff -13.9212 of var (x4,x9) (idx 9) in constr e158 (idx 149) is deemed risky
+ coeff -2.91249 of var (x4,x10) (idx 10) in constr e158 (idx 149) is deemed risky
+ coeff -2.4173 of var (x4,x11) (idx 11) in constr e158 (idx 149) is deemed risky
+ coeff 6.67721 of var (x4,x15) (idx 12) in constr e158 (idx 149) is deemed risky
+ coeff -6.67721 of var (x4,x17) (idx 13) in constr e158 (idx 149) is deemed risky
+ coeff -2.10592 of var (x5,x9) (idx 15) in constr e158 (idx 149) is deemed risky
+ coeff 3.40739 of var (x5,x10) (idx 16) in constr e158 (idx 149) is deemed risky
+ coeff -2 of var (x5,x11) (idx 17) in constr e158 (idx 149) is deemed risky
+ coeff 4.0113 of var (x9,x9) (idx 18) in constr e158 (idx 149) is deemed risky
+ coeff 2.10592 of var (x9,x11) (idx 19) in constr e158 (idx 149) is deemed risky
+ coeff -3.40739 of var (x9,x15) (idx 20) in constr e158 (idx 149) is deemed risky
+ coeff 3.40739 of var (x9,x17) (idx 21) in constr e158 (idx 149) is deemed risky
+ coeff 4.0113 of var (x10,x10) (idx 22) in constr e158 (idx 149) is deemed risky
+ coeff -3.40739 of var (x10,x11) (idx 23) in constr e158 (idx 149) is deemed risky
+ coeff -2.10592 of var (x10,x15) (idx 24) in constr e158 (idx 149) is deemed risky
+ coeff 2.10592 of var (x10,x17) (idx 25) in constr e158 (idx 149) is deemed risky
+ coeff -2 of var (x15,x17) (idx 28) in constr e158 (idx 149) is deemed risky
+ coeff 12.6071 of var (x3,x3) (idx 0) in constr e159 (idx 150) is deemed risky
+ coeff 6.67721 of var (x3,x5) (idx 1) in constr e159 (idx 150) is deemed risky
+ coeff 5.78325 of var (x3,x12) (idx 2) in constr e159 (idx 150) is deemed risky
+ coeff -7.69909 of var (x3,x13) (idx 3) in constr e159 (idx 150) is deemed risky
+ coeff -6.67721 of var (x3,x14) (idx 4) in constr e159 (idx 150) is deemed risky
+ coeff -2.4173 of var (x3,x15) (idx 5) in constr e159 (idx 150) is deemed risky
+ coeff 2.4173 of var (x3,x18) (idx 6) in constr e159 (idx 150) is deemed risky
+ coeff 12.6071 of var (x4,x4) (idx 7) in constr e159 (idx 150) is deemed risky
+ coeff 2.4173 of var (x4,x5) (idx 8) in constr e159 (idx 150) is deemed risky
+ coeff 7.69909 of var (x4,x12) (idx 9) in constr e159 (idx 150) is deemed risky
+ coeff 5.78325 of var (x4,x13) (idx 10) in constr e159 (idx 150) is deemed risky
+ coeff -2.4173 of var (x4,x14) (idx 11) in constr e159 (idx 150) is deemed risky
+ coeff 6.67721 of var (x4,x15) (idx 12) in constr e159 (idx 150) is deemed risky
+ coeff -6.67721 of var (x4,x18) (idx 13) in constr e159 (idx 150) is deemed risky
+ coeff 2.26963 of var (x5,x12) (idx 15) in constr e159 (idx 150) is deemed risky
+ coeff -1.48442 of var (x5,x13) (idx 16) in constr e159 (idx 150) is deemed risky
+ coeff -2 of var (x5,x14) (idx 17) in constr e159 (idx 150) is deemed risky
+ coeff 1.83868 of var (x12,x12) (idx 18) in constr e159 (idx 150) is deemed risky
+ coeff -2.26963 of var (x12,x14) (idx 19) in constr e159 (idx 150) is deemed risky
+ coeff 1.48442 of var (x12,x15) (idx 20) in constr e159 (idx 150) is deemed risky
+ coeff -1.48442 of var (x12,x18) (idx 21) in constr e159 (idx 150) is deemed risky
+ coeff 1.83868 of var (x13,x13) (idx 22) in constr e159 (idx 150) is deemed risky
+ coeff 1.48442 of var (x13,x14) (idx 23) in constr e159 (idx 150) is deemed risky
+ coeff 2.26963 of var (x13,x15) (idx 24) in constr e159 (idx 150) is deemed risky
+ coeff -2.26963 of var (x13,x18) (idx 25) in constr e159 (idx 150) is deemed risky
+ coeff -2 of var (x15,x18) (idx 28) in constr e159 (idx 150) is deemed risky
+ coeff 12.6071 of var (x3,x3) (idx 0) in constr e160 (idx 151) is deemed risky
+ coeff 6.67721 of var (x3,x5) (idx 1) in constr e160 (idx 151) is deemed risky
+ coeff -26.6615 of var (x3,x6) (idx 2) in constr e160 (idx 151) is deemed risky
+ coeff 3.09384 of var (x3,x7) (idx 3) in constr e160 (idx 151) is deemed risky
+ coeff -6.67721 of var (x3,x8) (idx 4) in constr e160 (idx 151) is deemed risky
+ coeff -2.4173 of var (x3,x15) (idx 5) in constr e160 (idx 151) is deemed risky
+ coeff 2.4173 of var (x3,x16) (idx 6) in constr e160 (idx 151) is deemed risky
+ coeff 12.6071 of var (x4,x4) (idx 7) in constr e160 (idx 151) is deemed risky
+ coeff 2.4173 of var (x4,x5) (idx 8) in constr e160 (idx 151) is deemed risky
+ coeff -3.09384 of var (x4,x6) (idx 9) in constr e160 (idx 151) is deemed risky
+ coeff -26.6615 of var (x4,x7) (idx 10) in constr e160 (idx 151) is deemed risky
+ coeff -2.4173 of var (x4,x8) (idx 11) in constr e160 (idx 151) is deemed risky
+ coeff 6.67721 of var (x4,x15) (idx 12) in constr e160 (idx 151) is deemed risky
+ coeff -6.67721 of var (x4,x16) (idx 13) in constr e160 (idx 151) is deemed risky
+ coeff -7.35708 of var (x5,x6) (idx 15) in constr e160 (idx 151) is deemed risky
+ coeff -1.73674 of var (x5,x7) (idx 16) in constr e160 (idx 151) is deemed risky
+ coeff -2 of var (x5,x8) (idx 17) in constr e160 (idx 151) is deemed risky
+ coeff 14.2857 of var (x6,x6) (idx 18) in constr e160 (idx 151) is deemed risky
+ coeff 7.35708 of var (x6,x8) (idx 19) in constr e160 (idx 151) is deemed risky
+ coeff 1.73674 of var (x6,x15) (idx 20) in constr e160 (idx 151) is deemed risky
+ coeff -1.73674 of var (x6,x16) (idx 21) in constr e160 (idx 151) is deemed risky
+ coeff 14.2857 of var (x7,x7) (idx 22) in constr e160 (idx 151) is deemed risky
+ coeff 1.73674 of var (x7,x8) (idx 23) in constr e160 (idx 151) is deemed risky
+ coeff -7.35708 of var (x7,x15) (idx 24) in constr e160 (idx 151) is deemed risky
+ coeff 7.35708 of var (x7,x16) (idx 25) in constr e160 (idx 151) is deemed risky
+ coeff -2 of var (x15,x16) (idx 28) in constr e160 (idx 151) is deemed risky
+ coeff 12.6071 of var (x3,x3) (idx 0) in constr e161 (idx 152) is deemed risky
+ coeff 6.67721 of var (x3,x5) (idx 1) in constr e161 (idx 152) is deemed risky
+ coeff 9.15271 of var (x3,x9) (idx 2) in constr e161 (idx 152) is deemed risky
+ coeff -5.98576 of var (x3,x10) (idx 3) in constr e161 (idx 152) is deemed risky
+ coeff -6.67721 of var (x3,x11) (idx 4) in constr e161 (idx 152) is deemed risky
+ coeff -2.4173 of var (x3,x15) (idx 5) in constr e161 (idx 152) is deemed risky
+ coeff 2.4173 of var (x3,x17) (idx 6) in constr e161 (idx 152) is deemed risky
+ coeff 12.6071 of var (x4,x4) (idx 7) in constr e161 (idx 152) is deemed risky
+ coeff 2.4173 of var (x4,x5) (idx 8) in constr e161 (idx 152) is deemed risky
+ coeff 5.98576 of var (x4,x9) (idx 9) in constr e161 (idx 152) is deemed risky
+ coeff 9.15271 of var (x4,x10) (idx 10) in constr e161 (idx 152) is deemed risky
+ coeff -2.4173 of var (x4,x11) (idx 11) in constr e161 (idx 152) is deemed risky
+ coeff 6.67721 of var (x4,x15) (idx 12) in constr e161 (idx 152) is deemed risky
+ coeff -6.67721 of var (x4,x17) (idx 13) in constr e161 (idx 152) is deemed risky
+ coeff 2.99767 of var (x5,x9) (idx 15) in constr e161 (idx 152) is deemed risky
+ coeff -0.70767 of var (x5,x10) (idx 16) in constr e161 (idx 152) is deemed risky
+ coeff -2 of var (x5,x11) (idx 17) in constr e161 (idx 152) is deemed risky
+ coeff 2.3717 of var (x9,x9) (idx 18) in constr e161 (idx 152) is deemed risky
+ coeff -2.99767 of var (x9,x11) (idx 19) in constr e161 (idx 152) is deemed risky
+ coeff 0.70767 of var (x9,x15) (idx 20) in constr e161 (idx 152) is deemed risky
+ coeff -0.70767 of var (x9,x17) (idx 21) in constr e161 (idx 152) is deemed risky
+ coeff 2.3717 of var (x10,x10) (idx 22) in constr e161 (idx 152) is deemed risky
+ coeff 0.70767 of var (x10,x11) (idx 23) in constr e161 (idx 152) is deemed risky
+ coeff 2.99767 of var (x10,x15) (idx 24) in constr e161 (idx 152) is deemed risky
+ coeff -2.99767 of var (x10,x17) (idx 25) in constr e161 (idx 152) is deemed risky
+ coeff -2 of var (x15,x17) (idx 28) in constr e161 (idx 152) is deemed risky
+ coeff 12.6071 of var (x3,x3) (idx 0) in constr e162 (idx 153) is deemed risky
+ coeff 6.67721 of var (x3,x5) (idx 1) in constr e162 (idx 153) is deemed risky
+ coeff -17.1966 of var (x3,x12) (idx 2) in constr e162 (idx 153) is deemed risky
+ coeff 0.440254 of var (x3,x13) (idx 3) in constr e162 (idx 153) is deemed risky
+ coeff -6.67721 of var (x3,x14) (idx 4) in constr e162 (idx 153) is deemed risky
+ coeff -2.4173 of var (x3,x15) (idx 5) in constr e162 (idx 153) is deemed risky
+ coeff 2.4173 of var (x3,x18) (idx 6) in constr e162 (idx 153) is deemed risky
+ coeff 12.6071 of var (x4,x4) (idx 7) in constr e162 (idx 153) is deemed risky
+ coeff 2.4173 of var (x4,x5) (idx 8) in constr e162 (idx 153) is deemed risky
+ coeff -0.440254 of var (x4,x12) (idx 9) in constr e162 (idx 153) is deemed risky
+ coeff -17.1966 of var (x4,x13) (idx 10) in constr e162 (idx 153) is deemed risky
+ coeff -2.4173 of var (x4,x14) (idx 11) in constr e162 (idx 153) is deemed risky
+ coeff 6.67721 of var (x4,x15) (idx 12) in constr e162 (idx 153) is deemed risky
+ coeff -6.67721 of var (x4,x18) (idx 13) in constr e162 (idx 153) is deemed risky
+ coeff -4.5962 of var (x5,x12) (idx 15) in constr e162 (idx 153) is deemed risky
+ coeff -1.53206 of var (x5,x13) (idx 16) in constr e162 (idx 153) is deemed risky
+ coeff -2 of var (x5,x14) (idx 17) in constr e162 (idx 153) is deemed risky
+ coeff 5.86805 of var (x12,x12) (idx 18) in constr e162 (idx 153) is deemed risky
+ coeff 4.5962 of var (x12,x14) (idx 19) in constr e162 (idx 153) is deemed risky
+ coeff 1.53206 of var (x12,x15) (idx 20) in constr e162 (idx 153) is deemed risky
+ coeff -1.53206 of var (x12,x18) (idx 21) in constr e162 (idx 153) is deemed risky
+ coeff 5.86805 of var (x13,x13) (idx 22) in constr e162 (idx 153) is deemed risky
+ coeff 1.53206 of var (x13,x14) (idx 23) in constr e162 (idx 153) is deemed risky
+ coeff -4.5962 of var (x13,x15) (idx 24) in constr e162 (idx 153) is deemed risky
+ coeff 4.5962 of var (x13,x18) (idx 25) in constr e162 (idx 153) is deemed risky
+ coeff -2 of var (x15,x18) (idx 28) in constr e162 (idx 153) is deemed risky
+ coeff 12.6071 of var (x3,x3) (idx 0) in constr e163 (idx 154) is deemed risky
+ coeff 6.67721 of var (x3,x5) (idx 1) in constr e163 (idx 154) is deemed risky
+ coeff -33.0928 of var (x3,x6) (idx 2) in constr e163 (idx 154) is deemed risky
+ coeff 3.84023 of var (x3,x7) (idx 3) in constr e163 (idx 154) is deemed risky
+ coeff -6.67721 of var (x3,x8) (idx 4) in constr e163 (idx 154) is deemed risky
+ coeff -2.4173 of var (x3,x15) (idx 5) in constr e163 (idx 154) is deemed risky
+ coeff 2.4173 of var (x3,x16) (idx 6) in constr e163 (idx 154) is deemed risky
+ coeff 12.6071 of var (x4,x4) (idx 7) in constr e163 (idx 154) is deemed risky
+ coeff 2.4173 of var (x4,x5) (idx 8) in constr e163 (idx 154) is deemed risky
+ coeff -3.84023 of var (x4,x6) (idx 9) in constr e163 (idx 154) is deemed risky
+ coeff -33.0928 of var (x4,x7) (idx 10) in constr e163 (idx 154) is deemed risky
+ coeff -2.4173 of var (x4,x8) (idx 11) in constr e163 (idx 154) is deemed risky
+ coeff 6.67721 of var (x4,x15) (idx 12) in constr e163 (idx 154) is deemed risky
+ coeff -6.67721 of var (x4,x16) (idx 13) in constr e163 (idx 154) is deemed risky
+ coeff -9.13177 of var (x5,x6) (idx 15) in constr e163 (idx 154) is deemed risky
+ coeff -2.15565 of var (x5,x7) (idx 16) in constr e163 (idx 154) is deemed risky
+ coeff -2 of var (x5,x8) (idx 17) in constr e163 (idx 154) is deemed risky
+ coeff 22.009 of var (x6,x6) (idx 18) in constr e163 (idx 154) is deemed risky
+ coeff 9.13177 of var (x6,x8) (idx 19) in constr e163 (idx 154) is deemed risky
+ coeff 2.15565 of var (x6,x15) (idx 20) in constr e163 (idx 154) is deemed risky
+ coeff -2.15565 of var (x6,x16) (idx 21) in constr e163 (idx 154) is deemed risky
+ coeff 22.009 of var (x7,x7) (idx 22) in constr e163 (idx 154) is deemed risky
+ coeff 2.15565 of var (x7,x8) (idx 23) in constr e163 (idx 154) is deemed risky
+ coeff -9.13177 of var (x7,x15) (idx 24) in constr e163 (idx 154) is deemed risky
+ coeff 9.13177 of var (x7,x16) (idx 25) in constr e163 (idx 154) is deemed risky
+ coeff -2 of var (x15,x16) (idx 28) in constr e163 (idx 154) is deemed risky
+ coeff 12.6071 of var (x3,x3) (idx 0) in constr e164 (idx 155) is deemed risky
+ coeff 6.67721 of var (x3,x5) (idx 1) in constr e164 (idx 155) is deemed risky
+ coeff -11.5111 of var (x3,x9) (idx 2) in constr e164 (idx 155) is deemed risky
+ coeff -5.39205 of var (x3,x10) (idx 3) in constr e164 (idx 155) is deemed risky
+ coeff -6.67721 of var (x3,x11) (idx 4) in constr e164 (idx 155) is deemed risky
+ coeff -2.4173 of var (x3,x15) (idx 5) in constr e164 (idx 155) is deemed risky
+ coeff 2.4173 of var (x3,x17) (idx 6) in constr e164 (idx 155) is deemed risky
+ coeff 12.6071 of var (x4,x4) (idx 7) in constr e164 (idx 155) is deemed risky
+ coeff 2.4173 of var (x4,x5) (idx 8) in constr e164 (idx 155) is deemed risky
+ coeff 5.39205 of var (x4,x9) (idx 9) in constr e164 (idx 155) is deemed risky
+ coeff -11.5111 of var (x4,x10) (idx 10) in constr e164 (idx 155) is deemed risky
+ coeff -2.4173 of var (x4,x11) (idx 11) in constr e164 (idx 155) is deemed risky
+ coeff 6.67721 of var (x4,x15) (idx 12) in constr e164 (idx 155) is deemed risky
+ coeff -6.67721 of var (x4,x17) (idx 13) in constr e164 (idx 155) is deemed risky
+ coeff -2.53143 of var (x5,x9) (idx 15) in constr e164 (idx 155) is deemed risky
+ coeff -2.53149 of var (x5,x10) (idx 16) in constr e164 (idx 155) is deemed risky
+ coeff -2 of var (x5,x11) (idx 17) in constr e164 (idx 155) is deemed risky
+ coeff 3.20415 of var (x9,x9) (idx 18) in constr e164 (idx 155) is deemed risky
+ coeff 2.53143 of var (x9,x11) (idx 19) in constr e164 (idx 155) is deemed risky
+ coeff 2.53149 of var (x9,x15) (idx 20) in constr e164 (idx 155) is deemed risky
+ coeff -2.53149 of var (x9,x17) (idx 21) in constr e164 (idx 155) is deemed risky
+ coeff 3.20415 of var (x10,x10) (idx 22) in constr e164 (idx 155) is deemed risky
+ coeff 2.53149 of var (x10,x11) (idx 23) in constr e164 (idx 155) is deemed risky
+ coeff -2.53143 of var (x10,x15) (idx 24) in constr e164 (idx 155) is deemed risky
+ coeff 2.53143 of var (x10,x17) (idx 25) in constr e164 (idx 155) is deemed risky
+ coeff -2 of var (x15,x17) (idx 28) in constr e164 (idx 155) is deemed risky
+ coeff 12.6071 of var (x3,x3) (idx 0) in constr e165 (idx 156) is deemed risky
+ coeff 6.67721 of var (x3,x5) (idx 1) in constr e165 (idx 156) is deemed risky
+ coeff 5.22684 of var (x3,x12) (idx 2) in constr e165 (idx 156) is deemed risky
+ coeff 7.56237 of var (x3,x13) (idx 3) in constr e165 (idx 156) is deemed risky
+ coeff -6.67721 of var (x3,x14) (idx 4) in constr e165 (idx 156) is deemed risky
+ coeff -2.4173 of var (x3,x15) (idx 5) in constr e165 (idx 156) is deemed risky
+ coeff 2.4173 of var (x3,x18) (idx 6) in constr e165 (idx 156) is deemed risky
+ coeff 12.6071 of var (x4,x4) (idx 7) in constr e165 (idx 156) is deemed risky
+ coeff 2.4173 of var (x4,x5) (idx 8) in constr e165 (idx 156) is deemed risky
+ coeff -7.56237 of var (x4,x12) (idx 9) in constr e165 (idx 156) is deemed risky
+ coeff 5.22684 of var (x4,x13) (idx 10) in constr e165 (idx 156) is deemed risky
+ coeff -2.4173 of var (x4,x14) (idx 11) in constr e165 (idx 156) is deemed risky
+ coeff 6.67721 of var (x4,x15) (idx 12) in constr e165 (idx 156) is deemed risky
+ coeff -6.67721 of var (x4,x18) (idx 13) in constr e165 (idx 156) is deemed risky
+ coeff 0.659161 of var (x5,x12) (idx 15) in constr e165 (idx 156) is deemed risky
+ coeff 2.50376 of var (x5,x13) (idx 16) in constr e165 (idx 156) is deemed risky
+ coeff -2 of var (x5,x14) (idx 17) in constr e165 (idx 156) is deemed risky
+ coeff 1.67582 of var (x12,x12) (idx 18) in constr e165 (idx 156) is deemed risky
+ coeff -0.659161 of var (x12,x14) (idx 19) in constr e165 (idx 156) is deemed risky
+ coeff -2.50376 of var (x12,x15) (idx 20) in constr e165 (idx 156) is deemed risky
+ coeff 2.50376 of var (x12,x18) (idx 21) in constr e165 (idx 156) is deemed risky
+ coeff 1.67582 of var (x13,x13) (idx 22) in constr e165 (idx 156) is deemed risky
+ coeff -2.50376 of var (x13,x14) (idx 23) in constr e165 (idx 156) is deemed risky
+ coeff 0.659161 of var (x13,x15) (idx 24) in constr e165 (idx 156) is deemed risky
+ coeff -0.659161 of var (x13,x18) (idx 25) in constr e165 (idx 156) is deemed risky
+ coeff -2 of var (x15,x18) (idx 28) in constr e165 (idx 156) is deemed risky
+ coeff 14.2857 of var (x6,x6) (idx 0) in constr e166 (idx 157) is deemed risky
+ coeff 7.35708 of var (x6,x8) (idx 1) in constr e166 (idx 157) is deemed risky
+ coeff -7.35708 of var (x6,x11) (idx 2) in constr e166 (idx 157) is deemed risky
+ coeff -1.73674 of var (x6,x16) (idx 3) in constr e166 (idx 157) is deemed risky
+ coeff 1.73674 of var (x6,x17) (idx 4) in constr e166 (idx 157) is deemed risky
+ coeff 14.2857 of var (x7,x7) (idx 5) in constr e166 (idx 157) is deemed risky
+ coeff 1.73674 of var (x7,x8) (idx 6) in constr e166 (idx 157) is deemed risky
+ coeff -1.73674 of var (x7,x11) (idx 7) in constr e166 (idx 157) is deemed risky
+ coeff 7.35708 of var (x7,x16) (idx 8) in constr e166 (idx 157) is deemed risky
+ coeff -7.35708 of var (x7,x17) (idx 9) in constr e166 (idx 157) is deemed risky
+ coeff -2 of var (x8,x11) (idx 11) in constr e166 (idx 157) is deemed risky
+ coeff -2 of var (x16,x17) (idx 14) in constr e166 (idx 157) is deemed risky
+ coeff 14.2857 of var (x6,x6) (idx 0) in constr e167 (idx 158) is deemed risky
+ coeff 7.35708 of var (x6,x8) (idx 1) in constr e167 (idx 158) is deemed risky
+ coeff -7.35708 of var (x6,x14) (idx 2) in constr e167 (idx 158) is deemed risky
+ coeff -1.73674 of var (x6,x16) (idx 3) in constr e167 (idx 158) is deemed risky
+ coeff 1.73674 of var (x6,x18) (idx 4) in constr e167 (idx 158) is deemed risky
+ coeff 14.2857 of var (x7,x7) (idx 5) in constr e167 (idx 158) is deemed risky
+ coeff 1.73674 of var (x7,x8) (idx 6) in constr e167 (idx 158) is deemed risky
+ coeff -1.73674 of var (x7,x14) (idx 7) in constr e167 (idx 158) is deemed risky
+ coeff 7.35708 of var (x7,x16) (idx 8) in constr e167 (idx 158) is deemed risky
+ coeff -7.35708 of var (x7,x18) (idx 9) in constr e167 (idx 158) is deemed risky
+ coeff -2 of var (x8,x14) (idx 11) in constr e167 (idx 158) is deemed risky
+ coeff -2 of var (x16,x18) (idx 14) in constr e167 (idx 158) is deemed risky
+ coeff 14.2857 of var (x6,x6) (idx 0) in constr e168 (idx 159) is deemed risky
+ coeff 7.35708 of var (x6,x8) (idx 1) in constr e168 (idx 159) is deemed risky
+ coeff 14.8708 of var (x6,x9) (idx 2) in constr e168 (idx 159) is deemed risky
+ coeff -9.2504 of var (x6,x10) (idx 3) in constr e168 (idx 159) is deemed risky
+ coeff -7.35708 of var (x6,x11) (idx 4) in constr e168 (idx 159) is deemed risky
+ coeff -1.73674 of var (x6,x16) (idx 5) in constr e168 (idx 159) is deemed risky
+ coeff 1.73674 of var (x6,x17) (idx 6) in constr e168 (idx 159) is deemed risky
+ coeff 14.2857 of var (x7,x7) (idx 7) in constr e168 (idx 159) is deemed risky
+ coeff 1.73674 of var (x7,x8) (idx 8) in constr e168 (idx 159) is deemed risky
+ coeff 9.2504 of var (x7,x9) (idx 9) in constr e168 (idx 159) is deemed risky
+ coeff 14.8708 of var (x7,x10) (idx 10) in constr e168 (idx 159) is deemed risky
+ coeff -1.73674 of var (x7,x11) (idx 11) in constr e168 (idx 159) is deemed risky
+ coeff 7.35708 of var (x7,x16) (idx 12) in constr e168 (idx 159) is deemed risky
+ coeff -7.35708 of var (x7,x17) (idx 13) in constr e168 (idx 159) is deemed risky
+ coeff 4.39148 of var (x8,x9) (idx 15) in constr e168 (idx 159) is deemed risky
+ coeff -1.47803 of var (x8,x10) (idx 16) in constr e168 (idx 159) is deemed risky
+ coeff -2 of var (x8,x11) (idx 17) in constr e168 (idx 159) is deemed risky
+ coeff 5.36741 of var (x9,x9) (idx 18) in constr e168 (idx 159) is deemed risky
+ coeff -4.39148 of var (x9,x11) (idx 19) in constr e168 (idx 159) is deemed risky
+ coeff 1.47803 of var (x9,x16) (idx 20) in constr e168 (idx 159) is deemed risky
+ coeff -1.47803 of var (x9,x17) (idx 21) in constr e168 (idx 159) is deemed risky
+ coeff 5.36741 of var (x10,x10) (idx 22) in constr e168 (idx 159) is deemed risky
+ coeff 1.47803 of var (x10,x11) (idx 23) in constr e168 (idx 159) is deemed risky
+ coeff 4.39148 of var (x10,x16) (idx 24) in constr e168 (idx 159) is deemed risky
+ coeff -4.39148 of var (x10,x17) (idx 25) in constr e168 (idx 159) is deemed risky
+ coeff -2 of var (x16,x17) (idx 28) in constr e168 (idx 159) is deemed risky
+ coeff 14.2857 of var (x6,x6) (idx 0) in constr e169 (idx 160) is deemed risky
+ coeff 7.35708 of var (x6,x8) (idx 1) in constr e169 (idx 160) is deemed risky
+ coeff -12.0029 of var (x6,x12) (idx 2) in constr e169 (idx 160) is deemed risky
+ coeff -1.08224 of var (x6,x13) (idx 3) in constr e169 (idx 160) is deemed risky
+ coeff -7.35708 of var (x6,x14) (idx 4) in constr e169 (idx 160) is deemed risky
+ coeff -1.73674 of var (x6,x16) (idx 5) in constr e169 (idx 160) is deemed risky
+ coeff 1.73674 of var (x6,x18) (idx 6) in constr e169 (idx 160) is deemed risky
+ coeff 14.2857 of var (x7,x7) (idx 7) in constr e169 (idx 160) is deemed risky
+ coeff 1.73674 of var (x7,x8) (idx 8) in constr e169 (idx 160) is deemed risky
+ coeff 1.08224 of var (x7,x12) (idx 9) in constr e169 (idx 160) is deemed risky
+ coeff -12.0029 of var (x7,x13) (idx 10) in constr e169 (idx 160) is deemed risky
+ coeff -1.73674 of var (x7,x14) (idx 11) in constr e169 (idx 160) is deemed risky
+ coeff 7.35708 of var (x7,x16) (idx 12) in constr e169 (idx 160) is deemed risky
+ coeff -7.35708 of var (x7,x18) (idx 13) in constr e169 (idx 160) is deemed risky
+ coeff -3.02493 of var (x8,x12) (idx 15) in constr e169 (idx 160) is deemed risky
+ coeff -1.00828 of var (x8,x13) (idx 16) in constr e169 (idx 160) is deemed risky
+ coeff -2 of var (x8,x14) (idx 17) in constr e169 (idx 160) is deemed risky
+ coeff 2.54171 of var (x12,x12) (idx 18) in constr e169 (idx 160) is deemed risky
+ coeff 3.02493 of var (x12,x14) (idx 19) in constr e169 (idx 160) is deemed risky
+ coeff 1.00828 of var (x12,x16) (idx 20) in constr e169 (idx 160) is deemed risky
+ coeff -1.00828 of var (x12,x18) (idx 21) in constr e169 (idx 160) is deemed risky
+ coeff 2.54171 of var (x13,x13) (idx 22) in constr e169 (idx 160) is deemed risky
+ coeff 1.00828 of var (x13,x14) (idx 23) in constr e169 (idx 160) is deemed risky
+ coeff -3.02493 of var (x13,x16) (idx 24) in constr e169 (idx 160) is deemed risky
+ coeff 3.02493 of var (x13,x18) (idx 25) in constr e169 (idx 160) is deemed risky
+ coeff -2 of var (x16,x18) (idx 28) in constr e169 (idx 160) is deemed risky
+ coeff 14.2857 of var (x6,x6) (idx 0) in constr e170 (idx 161) is deemed risky
+ coeff 7.35708 of var (x6,x8) (idx 1) in constr e170 (idx 161) is deemed risky
+ coeff -4.78782 of var (x6,x9) (idx 2) in constr e170 (idx 161) is deemed risky
+ coeff 14.3629 of var (x6,x10) (idx 3) in constr e170 (idx 161) is deemed risky
+ coeff -7.35708 of var (x6,x11) (idx 4) in constr e170 (idx 161) is deemed risky
+ coeff -1.73674 of var (x6,x16) (idx 5) in constr e170 (idx 161) is deemed risky
+ coeff 1.73674 of var (x6,x17) (idx 6) in constr e170 (idx 161) is deemed risky
+ coeff 14.2857 of var (x7,x7) (idx 7) in constr e170 (idx 161) is deemed risky
+ coeff 1.73674 of var (x7,x8) (idx 8) in constr e170 (idx 161) is deemed risky
+ coeff -14.3629 of var (x7,x9) (idx 9) in constr e170 (idx 161) is deemed risky
+ coeff -4.78782 of var (x7,x10) (idx 10) in constr e170 (idx 161) is deemed risky
+ coeff -1.73674 of var (x7,x11) (idx 11) in constr e170 (idx 161) is deemed risky
+ coeff 7.35708 of var (x7,x16) (idx 12) in constr e170 (idx 161) is deemed risky
+ coeff -7.35708 of var (x7,x17) (idx 13) in constr e170 (idx 161) is deemed risky
+ coeff -2.10592 of var (x8,x9) (idx 15) in constr e170 (idx 161) is deemed risky
+ coeff 3.40739 of var (x8,x10) (idx 16) in constr e170 (idx 161) is deemed risky
+ coeff -2 of var (x8,x11) (idx 17) in constr e170 (idx 161) is deemed risky
+ coeff 4.0113 of var (x9,x9) (idx 18) in constr e170 (idx 161) is deemed risky
+ coeff 2.10592 of var (x9,x11) (idx 19) in constr e170 (idx 161) is deemed risky
+ coeff -3.40739 of var (x9,x16) (idx 20) in constr e170 (idx 161) is deemed risky
+ coeff 3.40739 of var (x9,x17) (idx 21) in constr e170 (idx 161) is deemed risky
+ coeff 4.0113 of var (x10,x10) (idx 22) in constr e170 (idx 161) is deemed risky
+ coeff -3.40739 of var (x10,x11) (idx 23) in constr e170 (idx 161) is deemed risky
+ coeff -2.10592 of var (x10,x16) (idx 24) in constr e170 (idx 161) is deemed risky
+ coeff 2.10592 of var (x10,x17) (idx 25) in constr e170 (idx 161) is deemed risky
+ coeff -2 of var (x16,x17) (idx 28) in constr e170 (idx 161) is deemed risky
+ coeff 14.2857 of var (x6,x6) (idx 0) in constr e171 (idx 162) is deemed risky
+ coeff 7.35708 of var (x6,x8) (idx 1) in constr e171 (idx 162) is deemed risky
+ coeff 7.05988 of var (x6,x12) (idx 2) in constr e171 (idx 162) is deemed risky
+ coeff -7.43139 of var (x6,x13) (idx 3) in constr e171 (idx 162) is deemed risky
+ coeff -7.35708 of var (x6,x14) (idx 4) in constr e171 (idx 162) is deemed risky
+ coeff -1.73674 of var (x6,x16) (idx 5) in constr e171 (idx 162) is deemed risky
+ coeff 1.73674 of var (x6,x18) (idx 6) in constr e171 (idx 162) is deemed risky
+ coeff 14.2857 of var (x7,x7) (idx 7) in constr e171 (idx 162) is deemed risky
+ coeff 1.73674 of var (x7,x8) (idx 8) in constr e171 (idx 162) is deemed risky
+ coeff 7.43139 of var (x7,x12) (idx 9) in constr e171 (idx 162) is deemed risky
+ coeff 7.05988 of var (x7,x13) (idx 10) in constr e171 (idx 162) is deemed risky
+ coeff -1.73674 of var (x7,x14) (idx 11) in constr e171 (idx 162) is deemed risky
+ coeff 7.35708 of var (x7,x16) (idx 12) in constr e171 (idx 162) is deemed risky
+ coeff -7.35708 of var (x7,x18) (idx 13) in constr e171 (idx 162) is deemed risky
+ coeff 2.26963 of var (x8,x12) (idx 15) in constr e171 (idx 162) is deemed risky
+ coeff -1.48442 of var (x8,x13) (idx 16) in constr e171 (idx 162) is deemed risky
+ coeff -2 of var (x8,x14) (idx 17) in constr e171 (idx 162) is deemed risky
+ coeff 1.83868 of var (x12,x12) (idx 18) in constr e171 (idx 162) is deemed risky
+ coeff -2.26963 of var (x12,x14) (idx 19) in constr e171 (idx 162) is deemed risky
+ coeff 1.48442 of var (x12,x16) (idx 20) in constr e171 (idx 162) is deemed risky
+ coeff -1.48442 of var (x12,x18) (idx 21) in constr e171 (idx 162) is deemed risky
+ coeff 1.83868 of var (x13,x13) (idx 22) in constr e171 (idx 162) is deemed risky
+ coeff 1.48442 of var (x13,x14) (idx 23) in constr e171 (idx 162) is deemed risky
+ coeff 2.26963 of var (x13,x16) (idx 24) in constr e171 (idx 162) is deemed risky
+ coeff -2.26963 of var (x13,x18) (idx 25) in constr e171 (idx 162) is deemed risky
+ coeff -2 of var (x16,x18) (idx 28) in constr e171 (idx 162) is deemed risky
+ coeff 14.2857 of var (x6,x6) (idx 0) in constr e172 (idx 163) is deemed risky
+ coeff 7.35708 of var (x6,x8) (idx 1) in constr e172 (idx 163) is deemed risky
+ coeff 10.4125 of var (x6,x9) (idx 2) in constr e172 (idx 163) is deemed risky
+ coeff -5.20627 of var (x6,x10) (idx 3) in constr e172 (idx 163) is deemed risky
+ coeff -7.35708 of var (x6,x11) (idx 4) in constr e172 (idx 163) is deemed risky
+ coeff -1.73674 of var (x6,x16) (idx 5) in constr e172 (idx 163) is deemed risky
+ coeff 1.73674 of var (x6,x17) (idx 6) in constr e172 (idx 163) is deemed risky
+ coeff 14.2857 of var (x7,x7) (idx 7) in constr e172 (idx 163) is deemed risky
+ coeff 1.73674 of var (x7,x8) (idx 8) in constr e172 (idx 163) is deemed risky
+ coeff 5.20627 of var (x7,x9) (idx 9) in constr e172 (idx 163) is deemed risky
+ coeff 10.4125 of var (x7,x10) (idx 10) in constr e172 (idx 163) is deemed risky
+ coeff -1.73674 of var (x7,x11) (idx 11) in constr e172 (idx 163) is deemed risky
+ coeff 7.35708 of var (x7,x16) (idx 12) in constr e172 (idx 163) is deemed risky
+ coeff -7.35708 of var (x7,x17) (idx 13) in constr e172 (idx 163) is deemed risky
+ coeff 2.99767 of var (x8,x9) (idx 15) in constr e172 (idx 163) is deemed risky
+ coeff -0.70767 of var (x8,x10) (idx 16) in constr e172 (idx 163) is deemed risky
+ coeff -2 of var (x8,x11) (idx 17) in constr e172 (idx 163) is deemed risky
+ coeff 2.3717 of var (x9,x9) (idx 18) in constr e172 (idx 163) is deemed risky
+ coeff -2.99767 of var (x9,x11) (idx 19) in constr e172 (idx 163) is deemed risky
+ coeff 0.70767 of var (x9,x16) (idx 20) in constr e172 (idx 163) is deemed risky
+ coeff -0.70767 of var (x9,x17) (idx 21) in constr e172 (idx 163) is deemed risky
+ coeff 2.3717 of var (x10,x10) (idx 22) in constr e172 (idx 163) is deemed risky
+ coeff 0.70767 of var (x10,x11) (idx 23) in constr e172 (idx 163) is deemed risky
+ coeff 2.99767 of var (x10,x16) (idx 24) in constr e172 (idx 163) is deemed risky
+ coeff -2.99767 of var (x10,x17) (idx 25) in constr e172 (idx 163) is deemed risky
+ coeff -2 of var (x16,x17) (idx 28) in constr e172 (idx 163) is deemed risky
+ coeff 14.2857 of var (x6,x6) (idx 0) in constr e173 (idx 164) is deemed risky
+ coeff 7.35708 of var (x6,x8) (idx 1) in constr e173 (idx 164) is deemed risky
+ coeff -18.2377 of var (x6,x12) (idx 2) in constr e173 (idx 164) is deemed risky
+ coeff -1.64454 of var (x6,x13) (idx 3) in constr e173 (idx 164) is deemed risky
+ coeff -7.35708 of var (x6,x14) (idx 4) in constr e173 (idx 164) is deemed risky
+ coeff -1.73674 of var (x6,x16) (idx 5) in constr e173 (idx 164) is deemed risky
+ coeff 1.73674 of var (x6,x18) (idx 6) in constr e173 (idx 164) is deemed risky
+ coeff 14.2857 of var (x7,x7) (idx 7) in constr e173 (idx 164) is deemed risky
+ coeff 1.73674 of var (x7,x8) (idx 8) in constr e173 (idx 164) is deemed risky
+ coeff 1.64454 of var (x7,x12) (idx 9) in constr e173 (idx 164) is deemed risky
+ coeff -18.2377 of var (x7,x13) (idx 10) in constr e173 (idx 164) is deemed risky
+ coeff -1.73674 of var (x7,x14) (idx 11) in constr e173 (idx 164) is deemed risky
+ coeff 7.35708 of var (x7,x16) (idx 12) in constr e173 (idx 164) is deemed risky
+ coeff -7.35708 of var (x7,x18) (idx 13) in constr e173 (idx 164) is deemed risky
+ coeff -4.5962 of var (x8,x12) (idx 15) in constr e173 (idx 164) is deemed risky
+ coeff -1.53206 of var (x8,x13) (idx 16) in constr e173 (idx 164) is deemed risky
+ coeff -2 of var (x8,x14) (idx 17) in constr e173 (idx 164) is deemed risky
+ coeff 5.86805 of var (x12,x12) (idx 18) in constr e173 (idx 164) is deemed risky
+ coeff 4.5962 of var (x12,x14) (idx 19) in constr e173 (idx 164) is deemed risky
+ coeff 1.53206 of var (x12,x16) (idx 20) in constr e173 (idx 164) is deemed risky
+ coeff -1.53206 of var (x12,x18) (idx 21) in constr e173 (idx 164) is deemed risky
+ coeff 5.86805 of var (x13,x13) (idx 22) in constr e173 (idx 164) is deemed risky
+ coeff 1.53206 of var (x13,x14) (idx 23) in constr e173 (idx 164) is deemed risky
+ coeff -4.5962 of var (x13,x16) (idx 24) in constr e173 (idx 164) is deemed risky
+ coeff 4.5962 of var (x13,x18) (idx 25) in constr e173 (idx 164) is deemed risky
+ coeff -2 of var (x16,x18) (idx 28) in constr e173 (idx 164) is deemed risky
+ coeff 14.2857 of var (x6,x6) (idx 0) in constr e174 (idx 165) is deemed risky
+ coeff 7.35708 of var (x6,x8) (idx 1) in constr e174 (idx 165) is deemed risky
+ coeff -11.5102 of var (x6,x9) (idx 2) in constr e174 (idx 165) is deemed risky
+ coeff -7.11398 of var (x6,x10) (idx 3) in constr e174 (idx 165) is deemed risky
+ coeff -7.35708 of var (x6,x11) (idx 4) in constr e174 (idx 165) is deemed risky
+ coeff -1.73674 of var (x6,x16) (idx 5) in constr e174 (idx 165) is deemed risky
+ coeff 1.73674 of var (x6,x17) (idx 6) in constr e174 (idx 165) is deemed risky
+ coeff 14.2857 of var (x7,x7) (idx 7) in constr e174 (idx 165) is deemed risky
+ coeff 1.73674 of var (x7,x8) (idx 8) in constr e174 (idx 165) is deemed risky
+ coeff 7.11398 of var (x7,x9) (idx 9) in constr e174 (idx 165) is deemed risky
+ coeff -11.5102 of var (x7,x10) (idx 10) in constr e174 (idx 165) is deemed risky
+ coeff -1.73674 of var (x7,x11) (idx 11) in constr e174 (idx 165) is deemed risky
+ coeff 7.35708 of var (x7,x16) (idx 12) in constr e174 (idx 165) is deemed risky
+ coeff -7.35708 of var (x7,x17) (idx 13) in constr e174 (idx 165) is deemed risky
+ coeff -2.53143 of var (x8,x9) (idx 15) in constr e174 (idx 165) is deemed risky
+ coeff -2.53149 of var (x8,x10) (idx 16) in constr e174 (idx 165) is deemed risky
+ coeff -2 of var (x8,x11) (idx 17) in constr e174 (idx 165) is deemed risky
+ coeff 3.20415 of var (x9,x9) (idx 18) in constr e174 (idx 165) is deemed risky
+ coeff 2.53143 of var (x9,x11) (idx 19) in constr e174 (idx 165) is deemed risky
+ coeff 2.53149 of var (x9,x16) (idx 20) in constr e174 (idx 165) is deemed risky
+ coeff -2.53149 of var (x9,x17) (idx 21) in constr e174 (idx 165) is deemed risky
+ coeff 3.20415 of var (x10,x10) (idx 22) in constr e174 (idx 165) is deemed risky
+ coeff 2.53149 of var (x10,x11) (idx 23) in constr e174 (idx 165) is deemed risky
+ coeff -2.53143 of var (x10,x16) (idx 24) in constr e174 (idx 165) is deemed risky
+ coeff 2.53143 of var (x10,x17) (idx 25) in constr e174 (idx 165) is deemed risky
+ coeff -2 of var (x16,x17) (idx 28) in constr e174 (idx 165) is deemed risky
+ coeff 14.2857 of var (x6,x6) (idx 0) in constr e175 (idx 166) is deemed risky
+ coeff 7.35708 of var (x6,x8) (idx 1) in constr e175 (idx 166) is deemed risky
+ coeff 4.59893 of var (x6,x12) (idx 2) in constr e175 (idx 166) is deemed risky
+ coeff 8.63777 of var (x6,x13) (idx 3) in constr e175 (idx 166) is deemed risky
+ coeff -7.35708 of var (x6,x14) (idx 4) in constr e175 (idx 166) is deemed risky
+ coeff -1.73674 of var (x6,x16) (idx 5) in constr e175 (idx 166) is deemed risky
+ coeff 1.73674 of var (x6,x18) (idx 6) in constr e175 (idx 166) is deemed risky
+ coeff 14.2857 of var (x7,x7) (idx 7) in constr e175 (idx 166) is deemed risky
+ coeff 1.73674 of var (x7,x8) (idx 8) in constr e175 (idx 166) is deemed risky
+ coeff -8.63777 of var (x7,x12) (idx 9) in constr e175 (idx 166) is deemed risky
+ coeff 4.59893 of var (x7,x13) (idx 10) in constr e175 (idx 166) is deemed risky
+ coeff -1.73674 of var (x7,x14) (idx 11) in constr e175 (idx 166) is deemed risky
+ coeff 7.35708 of var (x7,x16) (idx 12) in constr e175 (idx 166) is deemed risky
+ coeff -7.35708 of var (x7,x18) (idx 13) in constr e175 (idx 166) is deemed risky
+ coeff 0.659161 of var (x8,x12) (idx 15) in constr e175 (idx 166) is deemed risky
+ coeff 2.50376 of var (x8,x13) (idx 16) in constr e175 (idx 166) is deemed risky
+ coeff -2 of var (x8,x14) (idx 17) in constr e175 (idx 166) is deemed risky
+ coeff 1.67582 of var (x12,x12) (idx 18) in constr e175 (idx 166) is deemed risky
+ coeff -0.659161 of var (x12,x14) (idx 19) in constr e175 (idx 166) is deemed risky
+ coeff -2.50376 of var (x12,x16) (idx 20) in constr e175 (idx 166) is deemed risky
+ coeff 2.50376 of var (x12,x18) (idx 21) in constr e175 (idx 166) is deemed risky
+ coeff 1.67582 of var (x13,x13) (idx 22) in constr e175 (idx 166) is deemed risky
+ coeff -2.50376 of var (x13,x14) (idx 23) in constr e175 (idx 166) is deemed risky
+ coeff 0.659161 of var (x13,x16) (idx 24) in constr e175 (idx 166) is deemed risky
+ coeff -0.659161 of var (x13,x18) (idx 25) in constr e175 (idx 166) is deemed risky
+ coeff -2 of var (x16,x18) (idx 28) in constr e175 (idx 166) is deemed risky
+ coeff 2.3717 of var (x9,x9) (idx 0) in constr e176 (idx 167) is deemed risky
+ coeff -2.99767 of var (x9,x11) (idx 1) in constr e176 (idx 167) is deemed risky
+ coeff 2.99767 of var (x9,x14) (idx 2) in constr e176 (idx 167) is deemed risky
+ coeff -0.70767 of var (x9,x17) (idx 3) in constr e176 (idx 167) is deemed risky
+ coeff 0.70767 of var (x9,x18) (idx 4) in constr e176 (idx 167) is deemed risky
+ coeff 2.3717 of var (x10,x10) (idx 5) in constr e176 (idx 167) is deemed risky
+ coeff 0.70767 of var (x10,x11) (idx 6) in constr e176 (idx 167) is deemed risky
+ coeff -0.70767 of var (x10,x14) (idx 7) in constr e176 (idx 167) is deemed risky
+ coeff -2.99767 of var (x10,x17) (idx 8) in constr e176 (idx 167) is deemed risky
+ coeff 2.99767 of var (x10,x18) (idx 9) in constr e176 (idx 167) is deemed risky
+ coeff -2 of var (x11,x14) (idx 11) in constr e176 (idx 167) is deemed risky
+ coeff -2 of var (x17,x18) (idx 14) in constr e176 (idx 167) is deemed risky
+ coeff 2.3717 of var (x9,x9) (idx 0) in constr e177 (idx 168) is deemed risky
+ coeff -2.99767 of var (x9,x11) (idx 1) in constr e177 (idx 168) is deemed risky
+ coeff 4.1771 of var (x9,x12) (idx 2) in constr e177 (idx 168) is deemed risky
+ coeff 2.58157 of var (x9,x13) (idx 3) in constr e177 (idx 168) is deemed risky
+ coeff 2.99767 of var (x9,x14) (idx 4) in constr e177 (idx 168) is deemed risky
+ coeff -0.70767 of var (x9,x17) (idx 5) in constr e177 (idx 168) is deemed risky
+ coeff 0.70767 of var (x9,x18) (idx 6) in constr e177 (idx 168) is deemed risky
+ coeff 2.3717 of var (x10,x10) (idx 7) in constr e177 (idx 168) is deemed risky
+ coeff 0.70767 of var (x10,x11) (idx 8) in constr e177 (idx 168) is deemed risky
+ coeff -2.58157 of var (x10,x12) (idx 9) in constr e177 (idx 168) is deemed risky
+ coeff 4.1771 of var (x10,x13) (idx 10) in constr e177 (idx 168) is deemed risky
+ coeff -0.70767 of var (x10,x14) (idx 11) in constr e177 (idx 168) is deemed risky
+ coeff -2.99767 of var (x10,x17) (idx 12) in constr e177 (idx 168) is deemed risky
+ coeff 2.99767 of var (x10,x18) (idx 13) in constr e177 (idx 168) is deemed risky
+ coeff -3.02493 of var (x11,x12) (idx 15) in constr e177 (idx 168) is deemed risky
+ coeff -1.00828 of var (x11,x13) (idx 16) in constr e177 (idx 168) is deemed risky
+ coeff -2 of var (x11,x14) (idx 17) in constr e177 (idx 168) is deemed risky
+ coeff 2.54171 of var (x12,x12) (idx 18) in constr e177 (idx 168) is deemed risky
+ coeff 3.02493 of var (x12,x14) (idx 19) in constr e177 (idx 168) is deemed risky
+ coeff 1.00828 of var (x12,x17) (idx 20) in constr e177 (idx 168) is deemed risky
+ coeff -1.00828 of var (x12,x18) (idx 21) in constr e177 (idx 168) is deemed risky
+ coeff 2.54171 of var (x13,x13) (idx 22) in constr e177 (idx 168) is deemed risky
+ coeff 1.00828 of var (x13,x14) (idx 23) in constr e177 (idx 168) is deemed risky
+ coeff -3.02493 of var (x13,x17) (idx 24) in constr e177 (idx 168) is deemed risky
+ coeff 3.02493 of var (x13,x18) (idx 25) in constr e177 (idx 168) is deemed risky
+ coeff -2 of var (x17,x18) (idx 28) in constr e177 (idx 168) is deemed risky
+ coeff 2.3717 of var (x9,x9) (idx 0) in constr e178 (idx 169) is deemed risky
+ coeff -2.99767 of var (x9,x11) (idx 1) in constr e178 (idx 169) is deemed risky
+ coeff -3.92703 of var (x9,x12) (idx 2) in constr e178 (idx 169) is deemed risky
+ coeff 1.42183 of var (x9,x13) (idx 3) in constr e178 (idx 169) is deemed risky
+ coeff 2.99767 of var (x9,x14) (idx 4) in constr e178 (idx 169) is deemed risky
+ coeff -0.70767 of var (x9,x17) (idx 5) in constr e178 (idx 169) is deemed risky
+ coeff 0.70767 of var (x9,x18) (idx 6) in constr e178 (idx 169) is deemed risky
+ coeff 2.3717 of var (x10,x10) (idx 7) in constr e178 (idx 169) is deemed risky
+ coeff 0.70767 of var (x10,x11) (idx 8) in constr e178 (idx 169) is deemed risky
+ coeff -1.42183 of var (x10,x12) (idx 9) in constr e178 (idx 169) is deemed risky
+ coeff -3.92703 of var (x10,x13) (idx 10) in constr e178 (idx 169) is deemed risky
+ coeff -0.70767 of var (x10,x14) (idx 11) in constr e178 (idx 169) is deemed risky
+ coeff -2.99767 of var (x10,x17) (idx 12) in constr e178 (idx 169) is deemed risky
+ coeff 2.99767 of var (x10,x18) (idx 13) in constr e178 (idx 169) is deemed risky
+ coeff 2.26963 of var (x11,x12) (idx 15) in constr e178 (idx 169) is deemed risky
+ coeff -1.48442 of var (x11,x13) (idx 16) in constr e178 (idx 169) is deemed risky
+ coeff -2 of var (x11,x14) (idx 17) in constr e178 (idx 169) is deemed risky
+ coeff 1.83868 of var (x12,x12) (idx 18) in constr e178 (idx 169) is deemed risky
+ coeff -2.26963 of var (x12,x14) (idx 19) in constr e178 (idx 169) is deemed risky
+ coeff 1.48442 of var (x12,x17) (idx 20) in constr e178 (idx 169) is deemed risky
+ coeff -1.48442 of var (x12,x18) (idx 21) in constr e178 (idx 169) is deemed risky
+ coeff 1.83868 of var (x13,x13) (idx 22) in constr e178 (idx 169) is deemed risky
+ coeff 1.48442 of var (x13,x14) (idx 23) in constr e178 (idx 169) is deemed risky
+ coeff 2.26963 of var (x13,x17) (idx 24) in constr e178 (idx 169) is deemed risky
+ coeff -2.26963 of var (x13,x18) (idx 25) in constr e178 (idx 169) is deemed risky
+ coeff -2 of var (x17,x18) (idx 28) in constr e178 (idx 169) is deemed risky
+ coeff 2.3717 of var (x9,x9) (idx 0) in constr e179 (idx 170) is deemed risky
+ coeff -2.99767 of var (x9,x11) (idx 1) in constr e179 (idx 170) is deemed risky
+ coeff 6.34684 of var (x9,x12) (idx 2) in constr e179 (idx 170) is deemed risky
+ coeff 3.92259 of var (x9,x13) (idx 3) in constr e179 (idx 170) is deemed risky
+ coeff 2.99767 of var (x9,x14) (idx 4) in constr e179 (idx 170) is deemed risky
+ coeff -0.70767 of var (x9,x17) (idx 5) in constr e179 (idx 170) is deemed risky
+ coeff 0.70767 of var (x9,x18) (idx 6) in constr e179 (idx 170) is deemed risky
+ coeff 2.3717 of var (x10,x10) (idx 7) in constr e179 (idx 170) is deemed risky
+ coeff 0.70767 of var (x10,x11) (idx 8) in constr e179 (idx 170) is deemed risky
+ coeff -3.92259 of var (x10,x12) (idx 9) in constr e179 (idx 170) is deemed risky
+ coeff 6.34684 of var (x10,x13) (idx 10) in constr e179 (idx 170) is deemed risky
+ coeff -0.70767 of var (x10,x14) (idx 11) in constr e179 (idx 170) is deemed risky
+ coeff -2.99767 of var (x10,x17) (idx 12) in constr e179 (idx 170) is deemed risky
+ coeff 2.99767 of var (x10,x18) (idx 13) in constr e179 (idx 170) is deemed risky
+ coeff -4.5962 of var (x11,x12) (idx 15) in constr e179 (idx 170) is deemed risky
+ coeff -1.53206 of var (x11,x13) (idx 16) in constr e179 (idx 170) is deemed risky
+ coeff -2 of var (x11,x14) (idx 17) in constr e179 (idx 170) is deemed risky
+ coeff 5.86805 of var (x12,x12) (idx 18) in constr e179 (idx 170) is deemed risky
+ coeff 4.5962 of var (x12,x14) (idx 19) in constr e179 (idx 170) is deemed risky
+ coeff 1.53206 of var (x12,x17) (idx 20) in constr e179 (idx 170) is deemed risky
+ coeff -1.53206 of var (x12,x18) (idx 21) in constr e179 (idx 170) is deemed risky
+ coeff 5.86805 of var (x13,x13) (idx 22) in constr e179 (idx 170) is deemed risky
+ coeff 1.53206 of var (x13,x14) (idx 23) in constr e179 (idx 170) is deemed risky
+ coeff -4.5962 of var (x13,x17) (idx 24) in constr e179 (idx 170) is deemed risky
+ coeff 4.5962 of var (x13,x18) (idx 25) in constr e179 (idx 170) is deemed risky
+ coeff -2 of var (x17,x18) (idx 28) in constr e179 (idx 170) is deemed risky
+ coeff 2.3717 of var (x9,x9) (idx 0) in constr e180 (idx 171) is deemed risky
+ coeff -2.99767 of var (x9,x11) (idx 1) in constr e180 (idx 171) is deemed risky
+ coeff -0.102056 of var (x9,x12) (idx 2) in constr e180 (idx 171) is deemed risky
+ coeff -3.98595 of var (x9,x13) (idx 3) in constr e180 (idx 171) is deemed risky
+ coeff 2.99767 of var (x9,x14) (idx 4) in constr e180 (idx 171) is deemed risky
+ coeff -0.70767 of var (x9,x17) (idx 5) in constr e180 (idx 171) is deemed risky
+ coeff 0.70767 of var (x9,x18) (idx 6) in constr e180 (idx 171) is deemed risky
+ coeff 2.3717 of var (x10,x10) (idx 7) in constr e180 (idx 171) is deemed risky
+ coeff 0.70767 of var (x10,x11) (idx 8) in constr e180 (idx 171) is deemed risky
+ coeff 3.98595 of var (x10,x12) (idx 9) in constr e180 (idx 171) is deemed risky
+ coeff -0.102056 of var (x10,x13) (idx 10) in constr e180 (idx 171) is deemed risky
+ coeff -0.70767 of var (x10,x14) (idx 11) in constr e180 (idx 171) is deemed risky
+ coeff -2.99767 of var (x10,x17) (idx 12) in constr e180 (idx 171) is deemed risky
+ coeff 2.99767 of var (x10,x18) (idx 13) in constr e180 (idx 171) is deemed risky
+ coeff 0.659161 of var (x11,x12) (idx 15) in constr e180 (idx 171) is deemed risky
+ coeff 2.50376 of var (x11,x13) (idx 16) in constr e180 (idx 171) is deemed risky
+ coeff -2 of var (x11,x14) (idx 17) in constr e180 (idx 171) is deemed risky
+ coeff 1.67582 of var (x12,x12) (idx 18) in constr e180 (idx 171) is deemed risky
+ coeff -0.659161 of var (x12,x14) (idx 19) in constr e180 (idx 171) is deemed risky
+ coeff -2.50376 of var (x12,x17) (idx 20) in constr e180 (idx 171) is deemed risky
+ coeff 2.50376 of var (x12,x18) (idx 21) in constr e180 (idx 171) is deemed risky
+ coeff 1.67582 of var (x13,x13) (idx 22) in constr e180 (idx 171) is deemed risky
+ coeff -2.50376 of var (x13,x14) (idx 23) in constr e180 (idx 171) is deemed risky
+ coeff 0.659161 of var (x13,x17) (idx 24) in constr e180 (idx 171) is deemed risky
+ coeff -0.659161 of var (x13,x18) (idx 25) in constr e180 (idx 171) is deemed risky
+ coeff -2 of var (x17,x18) (idx 28) in constr e180 (idx 171) is deemed risky
+ coeff 3.49134 of var (x3,x3) (idx 0) in constr e181 (idx 172) is deemed risky
+ coeff -0.338139 of var (x3,x5) (idx 1) in constr e181 (idx 172) is deemed risky
+ coeff 0.338139 of var (x3,x8) (idx 2) in constr e181 (idx 172) is deemed risky
+ coeff 3.7217 of var (x3,x15) (idx 3) in constr e181 (idx 172) is deemed risky
+ coeff -3.7217 of var (x3,x16) (idx 4) in constr e181 (idx 172) is deemed risky
+ coeff 3.49134 of var (x4,x4) (idx 5) in constr e181 (idx 172) is deemed risky
+ coeff -3.7217 of var (x4,x5) (idx 6) in constr e181 (idx 172) is deemed risky
+ coeff 3.7217 of var (x4,x8) (idx 7) in constr e181 (idx 172) is deemed risky
+ coeff -0.338139 of var (x4,x15) (idx 8) in constr e181 (idx 172) is deemed risky
+ coeff 0.338139 of var (x4,x16) (idx 9) in constr e181 (idx 172) is deemed risky
+ coeff -2 of var (x5,x8) (idx 11) in constr e181 (idx 172) is deemed risky
+ coeff -2 of var (x15,x16) (idx 14) in constr e181 (idx 172) is deemed risky
+ coeff 3.49134 of var (x3,x3) (idx 0) in constr e182 (idx 173) is deemed risky
+ coeff -0.338139 of var (x3,x5) (idx 1) in constr e182 (idx 173) is deemed risky
+ coeff 0.338139 of var (x3,x11) (idx 2) in constr e182 (idx 173) is deemed risky
+ coeff 3.7217 of var (x3,x15) (idx 3) in constr e182 (idx 173) is deemed risky
+ coeff -3.7217 of var (x3,x17) (idx 4) in constr e182 (idx 173) is deemed risky
+ coeff 3.49134 of var (x4,x4) (idx 5) in constr e182 (idx 173) is deemed risky
+ coeff -3.7217 of var (x4,x5) (idx 6) in constr e182 (idx 173) is deemed risky
+ coeff 3.7217 of var (x4,x11) (idx 7) in constr e182 (idx 173) is deemed risky
+ coeff -0.338139 of var (x4,x15) (idx 8) in constr e182 (idx 173) is deemed risky
+ coeff 0.338139 of var (x4,x17) (idx 9) in constr e182 (idx 173) is deemed risky
+ coeff -2 of var (x5,x11) (idx 11) in constr e182 (idx 173) is deemed risky
+ coeff -2 of var (x15,x17) (idx 14) in constr e182 (idx 173) is deemed risky
+ coeff 3.49134 of var (x3,x3) (idx 0) in constr e183 (idx 174) is deemed risky
+ coeff -0.338139 of var (x3,x5) (idx 1) in constr e183 (idx 174) is deemed risky
+ coeff 0.338139 of var (x3,x14) (idx 2) in constr e183 (idx 174) is deemed risky
+ coeff 3.7217 of var (x3,x15) (idx 3) in constr e183 (idx 174) is deemed risky
+ coeff -3.7217 of var (x3,x18) (idx 4) in constr e183 (idx 174) is deemed risky
+ coeff 3.49134 of var (x4,x4) (idx 5) in constr e183 (idx 174) is deemed risky
+ coeff -3.7217 of var (x4,x5) (idx 6) in constr e183 (idx 174) is deemed risky
+ coeff 3.7217 of var (x4,x14) (idx 7) in constr e183 (idx 174) is deemed risky
+ coeff -0.338139 of var (x4,x15) (idx 8) in constr e183 (idx 174) is deemed risky
+ coeff 0.338139 of var (x4,x18) (idx 9) in constr e183 (idx 174) is deemed risky
+ coeff -2 of var (x5,x14) (idx 11) in constr e183 (idx 174) is deemed risky
+ coeff -2 of var (x15,x18) (idx 14) in constr e183 (idx 174) is deemed risky
+ coeff 3.49134 of var (x3,x3) (idx 0) in constr e184 (idx 175) is deemed risky
+ coeff -0.338139 of var (x3,x5) (idx 1) in constr e184 (idx 175) is deemed risky
+ coeff 2.75187 of var (x3,x6) (idx 2) in constr e184 (idx 175) is deemed risky
+ coeff -8.23724 of var (x3,x7) (idx 3) in constr e184 (idx 175) is deemed risky
+ coeff 0.338139 of var (x3,x8) (idx 4) in constr e184 (idx 175) is deemed risky
+ coeff 3.7217 of var (x3,x15) (idx 5) in constr e184 (idx 175) is deemed risky
+ coeff -3.7217 of var (x3,x16) (idx 6) in constr e184 (idx 175) is deemed risky
+ coeff 3.49134 of var (x4,x4) (idx 7) in constr e184 (idx 175) is deemed risky
+ coeff -3.7217 of var (x4,x5) (idx 8) in constr e184 (idx 175) is deemed risky
+ coeff 8.23724 of var (x4,x6) (idx 9) in constr e184 (idx 175) is deemed risky
+ coeff 2.75187 of var (x4,x7) (idx 10) in constr e184 (idx 175) is deemed risky
+ coeff 3.7217 of var (x4,x8) (idx 11) in constr e184 (idx 175) is deemed risky
+ coeff -0.338139 of var (x4,x15) (idx 12) in constr e184 (idx 175) is deemed risky
+ coeff 0.338139 of var (x4,x16) (idx 13) in constr e184 (idx 175) is deemed risky
+ coeff -4.52362 of var (x5,x6) (idx 15) in constr e184 (idx 175) is deemed risky
+ coeff -1.06783 of var (x5,x7) (idx 16) in constr e184 (idx 175) is deemed risky
+ coeff -2 of var (x5,x8) (idx 17) in constr e184 (idx 175) is deemed risky
+ coeff 5.40085 of var (x6,x6) (idx 18) in constr e184 (idx 175) is deemed risky
+ coeff 4.52362 of var (x6,x8) (idx 19) in constr e184 (idx 175) is deemed risky
+ coeff 1.06783 of var (x6,x15) (idx 20) in constr e184 (idx 175) is deemed risky
+ coeff -1.06783 of var (x6,x16) (idx 21) in constr e184 (idx 175) is deemed risky
+ coeff 5.40085 of var (x7,x7) (idx 22) in constr e184 (idx 175) is deemed risky
+ coeff 1.06783 of var (x7,x8) (idx 23) in constr e184 (idx 175) is deemed risky
+ coeff -4.52362 of var (x7,x15) (idx 24) in constr e184 (idx 175) is deemed risky
+ coeff 4.52362 of var (x7,x16) (idx 25) in constr e184 (idx 175) is deemed risky
+ coeff -2 of var (x15,x16) (idx 28) in constr e184 (idx 175) is deemed risky
+ coeff 3.49134 of var (x3,x3) (idx 0) in constr e185 (idx 176) is deemed risky
+ coeff -0.338139 of var (x3,x5) (idx 1) in constr e185 (idx 176) is deemed risky
+ coeff 2.00792 of var (x3,x9) (idx 2) in constr e185 (idx 176) is deemed risky
+ coeff 8.42177 of var (x3,x10) (idx 3) in constr e185 (idx 176) is deemed risky
+ coeff 0.338139 of var (x3,x11) (idx 4) in constr e185 (idx 176) is deemed risky
+ coeff 3.7217 of var (x3,x15) (idx 5) in constr e185 (idx 176) is deemed risky
+ coeff -3.7217 of var (x3,x17) (idx 6) in constr e185 (idx 176) is deemed risky
+ coeff 3.49134 of var (x4,x4) (idx 7) in constr e185 (idx 176) is deemed risky
+ coeff -3.7217 of var (x4,x5) (idx 8) in constr e185 (idx 176) is deemed risky
+ coeff -8.42177 of var (x4,x9) (idx 9) in constr e185 (idx 176) is deemed risky
+ coeff 2.00792 of var (x4,x10) (idx 10) in constr e185 (idx 176) is deemed risky
+ coeff 3.7217 of var (x4,x11) (idx 11) in constr e185 (idx 176) is deemed risky
+ coeff -0.338139 of var (x4,x15) (idx 12) in constr e185 (idx 176) is deemed risky
+ coeff 0.338139 of var (x4,x17) (idx 13) in constr e185 (idx 176) is deemed risky
+ coeff 4.39148 of var (x5,x9) (idx 15) in constr e185 (idx 176) is deemed risky
+ coeff -1.47803 of var (x5,x10) (idx 16) in constr e185 (idx 176) is deemed risky
+ coeff -2 of var (x5,x11) (idx 17) in constr e185 (idx 176) is deemed risky
+ coeff 5.36741 of var (x9,x9) (idx 18) in constr e185 (idx 176) is deemed risky
+ coeff -4.39148 of var (x9,x11) (idx 19) in constr e185 (idx 176) is deemed risky
+ coeff 1.47803 of var (x9,x15) (idx 20) in constr e185 (idx 176) is deemed risky
+ coeff -1.47803 of var (x9,x17) (idx 21) in constr e185 (idx 176) is deemed risky
+ coeff 5.36741 of var (x10,x10) (idx 22) in constr e185 (idx 176) is deemed risky
+ coeff 1.47803 of var (x10,x11) (idx 23) in constr e185 (idx 176) is deemed risky
+ coeff 4.39148 of var (x10,x15) (idx 24) in constr e185 (idx 176) is deemed risky
+ coeff -4.39148 of var (x10,x17) (idx 25) in constr e185 (idx 176) is deemed risky
+ coeff -2 of var (x15,x17) (idx 28) in constr e185 (idx 176) is deemed risky
+ coeff 3.49134 of var (x3,x3) (idx 0) in constr e186 (idx 177) is deemed risky
+ coeff -0.338139 of var (x3,x5) (idx 1) in constr e186 (idx 177) is deemed risky
+ coeff 2.38768 of var (x3,x12) (idx 2) in constr e186 (idx 177) is deemed risky
+ coeff -5.45847 of var (x3,x13) (idx 3) in constr e186 (idx 177) is deemed risky
+ coeff 0.338139 of var (x3,x14) (idx 4) in constr e186 (idx 177) is deemed risky
+ coeff 3.7217 of var (x3,x15) (idx 5) in constr e186 (idx 177) is deemed risky
+ coeff -3.7217 of var (x3,x18) (idx 6) in constr e186 (idx 177) is deemed risky
+ coeff 3.49134 of var (x4,x4) (idx 7) in constr e186 (idx 177) is deemed risky
+ coeff -3.7217 of var (x4,x5) (idx 8) in constr e186 (idx 177) is deemed risky
+ coeff 5.45847 of var (x4,x12) (idx 9) in constr e186 (idx 177) is deemed risky
+ coeff 2.38768 of var (x4,x13) (idx 10) in constr e186 (idx 177) is deemed risky
+ coeff 3.7217 of var (x4,x14) (idx 11) in constr e186 (idx 177) is deemed risky
+ coeff -0.338139 of var (x4,x15) (idx 12) in constr e186 (idx 177) is deemed risky
+ coeff 0.338139 of var (x4,x18) (idx 13) in constr e186 (idx 177) is deemed risky
+ coeff -3.02493 of var (x5,x12) (idx 15) in constr e186 (idx 177) is deemed risky
+ coeff -1.00828 of var (x5,x13) (idx 16) in constr e186 (idx 177) is deemed risky
+ coeff -2 of var (x5,x14) (idx 17) in constr e186 (idx 177) is deemed risky
+ coeff 2.54171 of var (x12,x12) (idx 18) in constr e186 (idx 177) is deemed risky
+ coeff 3.02493 of var (x12,x14) (idx 19) in constr e186 (idx 177) is deemed risky
+ coeff 1.00828 of var (x12,x15) (idx 20) in constr e186 (idx 177) is deemed risky
+ coeff -1.00828 of var (x12,x18) (idx 21) in constr e186 (idx 177) is deemed risky
+ coeff 2.54171 of var (x13,x13) (idx 22) in constr e186 (idx 177) is deemed risky
+ coeff 1.00828 of var (x13,x14) (idx 23) in constr e186 (idx 177) is deemed risky
+ coeff -3.02493 of var (x13,x15) (idx 24) in constr e186 (idx 177) is deemed risky
+ coeff 3.02493 of var (x13,x18) (idx 25) in constr e186 (idx 177) is deemed risky
+ coeff -2 of var (x15,x18) (idx 28) in constr e186 (idx 177) is deemed risky
+ coeff 3.49134 of var (x3,x3) (idx 0) in constr e187 (idx 178) is deemed risky
+ coeff -0.338139 of var (x3,x5) (idx 1) in constr e187 (idx 178) is deemed risky
+ coeff 2.02344 of var (x3,x6) (idx 2) in constr e187 (idx 178) is deemed risky
+ coeff 7.7066 of var (x3,x7) (idx 3) in constr e187 (idx 178) is deemed risky
+ coeff 0.338139 of var (x3,x8) (idx 4) in constr e187 (idx 178) is deemed risky
+ coeff 3.7217 of var (x3,x15) (idx 5) in constr e187 (idx 178) is deemed risky
+ coeff -3.7217 of var (x3,x16) (idx 6) in constr e187 (idx 178) is deemed risky
+ coeff 3.49134 of var (x4,x4) (idx 7) in constr e187 (idx 178) is deemed risky
+ coeff -3.7217 of var (x4,x5) (idx 8) in constr e187 (idx 178) is deemed risky
+ coeff -7.7066 of var (x4,x6) (idx 9) in constr e187 (idx 178) is deemed risky
+ coeff 2.02344 of var (x4,x7) (idx 10) in constr e187 (idx 178) is deemed risky
+ coeff 3.7217 of var (x4,x8) (idx 11) in constr e187 (idx 178) is deemed risky
+ coeff -0.338139 of var (x4,x15) (idx 12) in constr e187 (idx 178) is deemed risky
+ coeff 0.338139 of var (x4,x16) (idx 13) in constr e187 (idx 178) is deemed risky
+ coeff 4.00955 of var (x5,x6) (idx 15) in constr e187 (idx 178) is deemed risky
+ coeff -1.45167 of var (x5,x7) (idx 16) in constr e187 (idx 178) is deemed risky
+ coeff -2 of var (x5,x8) (idx 17) in constr e187 (idx 178) is deemed risky
+ coeff 4.54596 of var (x6,x6) (idx 18) in constr e187 (idx 178) is deemed risky
+ coeff -4.00955 of var (x6,x8) (idx 19) in constr e187 (idx 178) is deemed risky
+ coeff 1.45167 of var (x6,x15) (idx 20) in constr e187 (idx 178) is deemed risky
+ coeff -1.45167 of var (x6,x16) (idx 21) in constr e187 (idx 178) is deemed risky
+ coeff 4.54596 of var (x7,x7) (idx 22) in constr e187 (idx 178) is deemed risky
+ coeff 1.45167 of var (x7,x8) (idx 23) in constr e187 (idx 178) is deemed risky
+ coeff 4.00955 of var (x7,x15) (idx 24) in constr e187 (idx 178) is deemed risky
+ coeff -4.00955 of var (x7,x16) (idx 25) in constr e187 (idx 178) is deemed risky
+ coeff -2 of var (x15,x16) (idx 28) in constr e187 (idx 178) is deemed risky
+ coeff 3.49134 of var (x3,x3) (idx 0) in constr e188 (idx 179) is deemed risky
+ coeff -0.338139 of var (x3,x5) (idx 1) in constr e188 (idx 179) is deemed risky
+ coeff -5.98459 of var (x3,x9) (idx 2) in constr e188 (idx 179) is deemed risky
+ coeff -4.49488 of var (x3,x10) (idx 3) in constr e188 (idx 179) is deemed risky
+ coeff 0.338139 of var (x3,x11) (idx 4) in constr e188 (idx 179) is deemed risky
+ coeff 3.7217 of var (x3,x15) (idx 5) in constr e188 (idx 179) is deemed risky
+ coeff -3.7217 of var (x3,x17) (idx 6) in constr e188 (idx 179) is deemed risky
+ coeff 3.49134 of var (x4,x4) (idx 7) in constr e188 (idx 179) is deemed risky
+ coeff -3.7217 of var (x4,x5) (idx 8) in constr e188 (idx 179) is deemed risky
+ coeff 4.49488 of var (x4,x9) (idx 9) in constr e188 (idx 179) is deemed risky
+ coeff -5.98459 of var (x4,x10) (idx 10) in constr e188 (idx 179) is deemed risky
+ coeff 3.7217 of var (x4,x11) (idx 11) in constr e188 (idx 179) is deemed risky
+ coeff -0.338139 of var (x4,x15) (idx 12) in constr e188 (idx 179) is deemed risky
+ coeff 0.338139 of var (x4,x17) (idx 13) in constr e188 (idx 179) is deemed risky
+ coeff -2.10592 of var (x5,x9) (idx 15) in constr e188 (idx 179) is deemed risky
+ coeff 3.40739 of var (x5,x10) (idx 16) in constr e188 (idx 179) is deemed risky
+ coeff -2 of var (x5,x11) (idx 17) in constr e188 (idx 179) is deemed risky
+ coeff 4.0113 of var (x9,x9) (idx 18) in constr e188 (idx 179) is deemed risky
+ coeff 2.10592 of var (x9,x11) (idx 19) in constr e188 (idx 179) is deemed risky
+ coeff -3.40739 of var (x9,x15) (idx 20) in constr e188 (idx 179) is deemed risky
+ coeff 3.40739 of var (x9,x17) (idx 21) in constr e188 (idx 179) is deemed risky
+ coeff 4.0113 of var (x10,x10) (idx 22) in constr e188 (idx 179) is deemed risky
+ coeff -3.40739 of var (x10,x11) (idx 23) in constr e188 (idx 179) is deemed risky
+ coeff -2.10592 of var (x10,x15) (idx 24) in constr e188 (idx 179) is deemed risky
+ coeff 2.10592 of var (x10,x17) (idx 25) in constr e188 (idx 179) is deemed risky
+ coeff -2 of var (x15,x17) (idx 28) in constr e188 (idx 179) is deemed risky
+ coeff 3.49134 of var (x3,x3) (idx 0) in constr e189 (idx 180) is deemed risky
+ coeff -0.338139 of var (x3,x5) (idx 1) in constr e189 (idx 180) is deemed risky
+ coeff 2.37856 of var (x3,x12) (idx 2) in constr e189 (idx 180) is deemed risky
+ coeff 4.4744 of var (x3,x13) (idx 3) in constr e189 (idx 180) is deemed risky
+ coeff 0.338139 of var (x3,x14) (idx 4) in constr e189 (idx 180) is deemed risky
+ coeff 3.7217 of var (x3,x15) (idx 5) in constr e189 (idx 180) is deemed risky
+ coeff -3.7217 of var (x3,x18) (idx 6) in constr e189 (idx 180) is deemed risky
+ coeff 3.49134 of var (x4,x4) (idx 7) in constr e189 (idx 180) is deemed risky
+ coeff -3.7217 of var (x4,x5) (idx 8) in constr e189 (idx 180) is deemed risky
+ coeff -4.4744 of var (x4,x12) (idx 9) in constr e189 (idx 180) is deemed risky
+ coeff 2.37856 of var (x4,x13) (idx 10) in constr e189 (idx 180) is deemed risky
+ coeff 3.7217 of var (x4,x14) (idx 11) in constr e189 (idx 180) is deemed risky
+ coeff -0.338139 of var (x4,x15) (idx 12) in constr e189 (idx 180) is deemed risky
+ coeff 0.338139 of var (x4,x18) (idx 13) in constr e189 (idx 180) is deemed risky
+ coeff 2.26963 of var (x5,x12) (idx 15) in constr e189 (idx 180) is deemed risky
+ coeff -1.48442 of var (x5,x13) (idx 16) in constr e189 (idx 180) is deemed risky
+ coeff -2 of var (x5,x14) (idx 17) in constr e189 (idx 180) is deemed risky
+ coeff 1.83868 of var (x12,x12) (idx 18) in constr e189 (idx 180) is deemed risky
+ coeff -2.26963 of var (x12,x14) (idx 19) in constr e189 (idx 180) is deemed risky
+ coeff 1.48442 of var (x12,x15) (idx 20) in constr e189 (idx 180) is deemed risky
+ coeff -1.48442 of var (x12,x18) (idx 21) in constr e189 (idx 180) is deemed risky
+ coeff 1.83868 of var (x13,x13) (idx 22) in constr e189 (idx 180) is deemed risky
+ coeff 1.48442 of var (x13,x14) (idx 23) in constr e189 (idx 180) is deemed risky
+ coeff 2.26963 of var (x13,x15) (idx 24) in constr e189 (idx 180) is deemed risky
+ coeff -2.26963 of var (x13,x18) (idx 25) in constr e189 (idx 180) is deemed risky
+ coeff -2 of var (x15,x18) (idx 28) in constr e189 (idx 180) is deemed risky
+ coeff 3.49134 of var (x3,x3) (idx 0) in constr e190 (idx 181) is deemed risky
+ coeff -0.338139 of var (x3,x5) (idx 1) in constr e190 (idx 181) is deemed risky
+ coeff 4.47566 of var (x3,x6) (idx 2) in constr e190 (idx 181) is deemed risky
+ coeff -13.3968 of var (x3,x7) (idx 3) in constr e190 (idx 181) is deemed risky
+ coeff 0.338139 of var (x3,x8) (idx 4) in constr e190 (idx 181) is deemed risky
+ coeff 3.7217 of var (x3,x15) (idx 5) in constr e190 (idx 181) is deemed risky
+ coeff -3.7217 of var (x3,x16) (idx 6) in constr e190 (idx 181) is deemed risky
+ coeff 3.49134 of var (x4,x4) (idx 7) in constr e190 (idx 181) is deemed risky
+ coeff -3.7217 of var (x4,x5) (idx 8) in constr e190 (idx 181) is deemed risky
+ coeff 13.3968 of var (x4,x6) (idx 9) in constr e190 (idx 181) is deemed risky
+ coeff 4.47566 of var (x4,x7) (idx 10) in constr e190 (idx 181) is deemed risky
+ coeff 3.7217 of var (x4,x8) (idx 11) in constr e190 (idx 181) is deemed risky
+ coeff -0.338139 of var (x4,x15) (idx 12) in constr e190 (idx 181) is deemed risky
+ coeff 0.338139 of var (x4,x16) (idx 13) in constr e190 (idx 181) is deemed risky
+ coeff -7.35708 of var (x5,x6) (idx 15) in constr e190 (idx 181) is deemed risky
+ coeff -1.73674 of var (x5,x7) (idx 16) in constr e190 (idx 181) is deemed risky
+ coeff -2 of var (x5,x8) (idx 17) in constr e190 (idx 181) is deemed risky
+ coeff 14.2857 of var (x6,x6) (idx 18) in constr e190 (idx 181) is deemed risky
+ coeff 7.35708 of var (x6,x8) (idx 19) in constr e190 (idx 181) is deemed risky
+ coeff 1.73674 of var (x6,x15) (idx 20) in constr e190 (idx 181) is deemed risky
+ coeff -1.73674 of var (x6,x16) (idx 21) in constr e190 (idx 181) is deemed risky
+ coeff 14.2857 of var (x7,x7) (idx 22) in constr e190 (idx 181) is deemed risky
+ coeff 1.73674 of var (x7,x8) (idx 23) in constr e190 (idx 181) is deemed risky
+ coeff -7.35708 of var (x7,x15) (idx 24) in constr e190 (idx 181) is deemed risky
+ coeff 7.35708 of var (x7,x16) (idx 25) in constr e190 (idx 181) is deemed risky
+ coeff -2 of var (x15,x16) (idx 28) in constr e190 (idx 181) is deemed risky
+ coeff 3.49134 of var (x3,x3) (idx 0) in constr e191 (idx 182) is deemed risky
+ coeff -0.338139 of var (x3,x5) (idx 1) in constr e191 (idx 182) is deemed risky
+ coeff 0.810052 of var (x3,x9) (idx 2) in constr e191 (idx 182) is deemed risky
+ coeff 5.69785 of var (x3,x10) (idx 3) in constr e191 (idx 182) is deemed risky
+ coeff 0.338139 of var (x3,x11) (idx 4) in constr e191 (idx 182) is deemed risky
+ coeff 3.7217 of var (x3,x15) (idx 5) in constr e191 (idx 182) is deemed risky
+ coeff -3.7217 of var (x3,x17) (idx 6) in constr e191 (idx 182) is deemed risky
+ coeff 3.49134 of var (x4,x4) (idx 7) in constr e191 (idx 182) is deemed risky
+ coeff -3.7217 of var (x4,x5) (idx 8) in constr e191 (idx 182) is deemed risky
+ coeff -5.69785 of var (x4,x9) (idx 9) in constr e191 (idx 182) is deemed risky
+ coeff 0.810052 of var (x4,x10) (idx 10) in constr e191 (idx 182) is deemed risky
+ coeff 3.7217 of var (x4,x11) (idx 11) in constr e191 (idx 182) is deemed risky
+ coeff -0.338139 of var (x4,x15) (idx 12) in constr e191 (idx 182) is deemed risky
+ coeff 0.338139 of var (x4,x17) (idx 13) in constr e191 (idx 182) is deemed risky
+ coeff 2.99767 of var (x5,x9) (idx 15) in constr e191 (idx 182) is deemed risky
+ coeff -0.70767 of var (x5,x10) (idx 16) in constr e191 (idx 182) is deemed risky
+ coeff -2 of var (x5,x11) (idx 17) in constr e191 (idx 182) is deemed risky
+ coeff 2.3717 of var (x9,x9) (idx 18) in constr e191 (idx 182) is deemed risky
+ coeff -2.99767 of var (x9,x11) (idx 19) in constr e191 (idx 182) is deemed risky
+ coeff 0.70767 of var (x9,x15) (idx 20) in constr e191 (idx 182) is deemed risky
+ coeff -0.70767 of var (x9,x17) (idx 21) in constr e191 (idx 182) is deemed risky
+ coeff 2.3717 of var (x10,x10) (idx 22) in constr e191 (idx 182) is deemed risky
+ coeff 0.70767 of var (x10,x11) (idx 23) in constr e191 (idx 182) is deemed risky
+ coeff 2.99767 of var (x10,x15) (idx 24) in constr e191 (idx 182) is deemed risky
+ coeff -2.99767 of var (x10,x17) (idx 25) in constr e191 (idx 182) is deemed risky
+ coeff -2 of var (x15,x17) (idx 28) in constr e191 (idx 182) is deemed risky
+ coeff 3.49134 of var (x3,x3) (idx 0) in constr e192 (idx 183) is deemed risky
+ coeff -0.338139 of var (x3,x5) (idx 1) in constr e192 (idx 183) is deemed risky
+ coeff 3.628 of var (x3,x12) (idx 2) in constr e192 (idx 183) is deemed risky
+ coeff -8.2938 of var (x3,x13) (idx 3) in constr e192 (idx 183) is deemed risky
+ coeff 0.338139 of var (x3,x14) (idx 4) in constr e192 (idx 183) is deemed risky
+ coeff 3.7217 of var (x3,x15) (idx 5) in constr e192 (idx 183) is deemed risky
+ coeff -3.7217 of var (x3,x18) (idx 6) in constr e192 (idx 183) is deemed risky
+ coeff 3.49134 of var (x4,x4) (idx 7) in constr e192 (idx 183) is deemed risky
+ coeff -3.7217 of var (x4,x5) (idx 8) in constr e192 (idx 183) is deemed risky
+ coeff 8.2938 of var (x4,x12) (idx 9) in constr e192 (idx 183) is deemed risky
+ coeff 3.628 of var (x4,x13) (idx 10) in constr e192 (idx 183) is deemed risky
+ coeff 3.7217 of var (x4,x14) (idx 11) in constr e192 (idx 183) is deemed risky
+ coeff -0.338139 of var (x4,x15) (idx 12) in constr e192 (idx 183) is deemed risky
+ coeff 0.338139 of var (x4,x18) (idx 13) in constr e192 (idx 183) is deemed risky
+ coeff -4.5962 of var (x5,x12) (idx 15) in constr e192 (idx 183) is deemed risky
+ coeff -1.53206 of var (x5,x13) (idx 16) in constr e192 (idx 183) is deemed risky
+ coeff -2 of var (x5,x14) (idx 17) in constr e192 (idx 183) is deemed risky
+ coeff 5.86805 of var (x12,x12) (idx 18) in constr e192 (idx 183) is deemed risky
+ coeff 4.5962 of var (x12,x14) (idx 19) in constr e192 (idx 183) is deemed risky
+ coeff 1.53206 of var (x12,x15) (idx 20) in constr e192 (idx 183) is deemed risky
+ coeff -1.53206 of var (x12,x18) (idx 21) in constr e192 (idx 183) is deemed risky
+ coeff 5.86805 of var (x13,x13) (idx 22) in constr e192 (idx 183) is deemed risky
+ coeff 1.53206 of var (x13,x14) (idx 23) in constr e192 (idx 183) is deemed risky
+ coeff -4.5962 of var (x13,x15) (idx 24) in constr e192 (idx 183) is deemed risky
+ coeff 4.5962 of var (x13,x18) (idx 25) in constr e192 (idx 183) is deemed risky
+ coeff -2 of var (x15,x18) (idx 28) in constr e192 (idx 183) is deemed risky
+ coeff 3.49134 of var (x3,x3) (idx 0) in constr e193 (idx 184) is deemed risky
+ coeff -0.338139 of var (x3,x5) (idx 1) in constr e193 (idx 184) is deemed risky
+ coeff 5.55525 of var (x3,x6) (idx 2) in constr e193 (idx 184) is deemed risky
+ coeff -16.6284 of var (x3,x7) (idx 3) in constr e193 (idx 184) is deemed risky
+ coeff 0.338139 of var (x3,x8) (idx 4) in constr e193 (idx 184) is deemed risky
+ coeff 3.7217 of var (x3,x15) (idx 5) in constr e193 (idx 184) is deemed risky
+ coeff -3.7217 of var (x3,x16) (idx 6) in constr e193 (idx 184) is deemed risky
+ coeff 3.49134 of var (x4,x4) (idx 7) in constr e193 (idx 184) is deemed risky
+ coeff -3.7217 of var (x4,x5) (idx 8) in constr e193 (idx 184) is deemed risky
+ coeff 16.6284 of var (x4,x6) (idx 9) in constr e193 (idx 184) is deemed risky
+ coeff 5.55525 of var (x4,x7) (idx 10) in constr e193 (idx 184) is deemed risky
+ coeff 3.7217 of var (x4,x8) (idx 11) in constr e193 (idx 184) is deemed risky
+ coeff -0.338139 of var (x4,x15) (idx 12) in constr e193 (idx 184) is deemed risky
+ coeff 0.338139 of var (x4,x16) (idx 13) in constr e193 (idx 184) is deemed risky
+ coeff -9.13177 of var (x5,x6) (idx 15) in constr e193 (idx 184) is deemed risky
+ coeff -2.15565 of var (x5,x7) (idx 16) in constr e193 (idx 184) is deemed risky
+ coeff -2 of var (x5,x8) (idx 17) in constr e193 (idx 184) is deemed risky
+ coeff 22.009 of var (x6,x6) (idx 18) in constr e193 (idx 184) is deemed risky
+ coeff 9.13177 of var (x6,x8) (idx 19) in constr e193 (idx 184) is deemed risky
+ coeff 2.15565 of var (x6,x15) (idx 20) in constr e193 (idx 184) is deemed risky
+ coeff -2.15565 of var (x6,x16) (idx 21) in constr e193 (idx 184) is deemed risky
+ coeff 22.009 of var (x7,x7) (idx 22) in constr e193 (idx 184) is deemed risky
+ coeff 2.15565 of var (x7,x8) (idx 23) in constr e193 (idx 184) is deemed risky
+ coeff -9.13177 of var (x7,x15) (idx 24) in constr e193 (idx 184) is deemed risky
+ coeff 9.13177 of var (x7,x16) (idx 25) in constr e193 (idx 184) is deemed risky
+ coeff -2 of var (x15,x16) (idx 28) in constr e193 (idx 184) is deemed risky
+ coeff 3.49134 of var (x3,x3) (idx 0) in constr e194 (idx 185) is deemed risky
+ coeff -0.338139 of var (x3,x5) (idx 1) in constr e194 (idx 185) is deemed risky
+ coeff 5.13872 of var (x3,x9) (idx 2) in constr e194 (idx 185) is deemed risky
+ coeff -4.28261 of var (x3,x10) (idx 3) in constr e194 (idx 185) is deemed risky
+ coeff 0.338139 of var (x3,x11) (idx 4) in constr e194 (idx 185) is deemed risky
+ coeff 3.7217 of var (x3,x15) (idx 5) in constr e194 (idx 185) is deemed risky
+ coeff -3.7217 of var (x3,x17) (idx 6) in constr e194 (idx 185) is deemed risky
+ coeff 3.49134 of var (x4,x4) (idx 7) in constr e194 (idx 185) is deemed risky
+ coeff -3.7217 of var (x4,x5) (idx 8) in constr e194 (idx 185) is deemed risky
+ coeff 4.28261 of var (x4,x9) (idx 9) in constr e194 (idx 185) is deemed risky
+ coeff 5.13872 of var (x4,x10) (idx 10) in constr e194 (idx 185) is deemed risky
+ coeff 3.7217 of var (x4,x11) (idx 11) in constr e194 (idx 185) is deemed risky
+ coeff -0.338139 of var (x4,x15) (idx 12) in constr e194 (idx 185) is deemed risky
+ coeff 0.338139 of var (x4,x17) (idx 13) in constr e194 (idx 185) is deemed risky
+ coeff -2.53143 of var (x5,x9) (idx 15) in constr e194 (idx 185) is deemed risky
+ coeff -2.53149 of var (x5,x10) (idx 16) in constr e194 (idx 185) is deemed risky
+ coeff -2 of var (x5,x11) (idx 17) in constr e194 (idx 185) is deemed risky
+ coeff 3.20415 of var (x9,x9) (idx 18) in constr e194 (idx 185) is deemed risky
+ coeff 2.53143 of var (x9,x11) (idx 19) in constr e194 (idx 185) is deemed risky
+ coeff 2.53149 of var (x9,x15) (idx 20) in constr e194 (idx 185) is deemed risky
+ coeff -2.53149 of var (x9,x17) (idx 21) in constr e194 (idx 185) is deemed risky
+ coeff 3.20415 of var (x10,x10) (idx 22) in constr e194 (idx 185) is deemed risky
+ coeff 2.53149 of var (x10,x11) (idx 23) in constr e194 (idx 185) is deemed risky
+ coeff -2.53143 of var (x10,x15) (idx 24) in constr e194 (idx 185) is deemed risky
+ coeff 2.53143 of var (x10,x17) (idx 25) in constr e194 (idx 185) is deemed risky
+ coeff -2 of var (x15,x17) (idx 28) in constr e194 (idx 185) is deemed risky
+ coeff 3.49134 of var (x3,x3) (idx 0) in constr e195 (idx 186) is deemed risky
+ coeff -0.338139 of var (x3,x5) (idx 1) in constr e195 (idx 186) is deemed risky
+ coeff -4.77056 of var (x3,x12) (idx 2) in constr e195 (idx 186) is deemed risky
+ coeff 0.80329 of var (x3,x13) (idx 3) in constr e195 (idx 186) is deemed risky
+ coeff 0.338139 of var (x3,x14) (idx 4) in constr e195 (idx 186) is deemed risky
+ coeff 3.7217 of var (x3,x15) (idx 5) in constr e195 (idx 186) is deemed risky
+ coeff -3.7217 of var (x3,x18) (idx 6) in constr e195 (idx 186) is deemed risky
+ coeff 3.49134 of var (x4,x4) (idx 7) in constr e195 (idx 186) is deemed risky
+ coeff -3.7217 of var (x4,x5) (idx 8) in constr e195 (idx 186) is deemed risky
+ coeff -0.80329 of var (x4,x12) (idx 9) in constr e195 (idx 186) is deemed risky
+ coeff -4.77056 of var (x4,x13) (idx 10) in constr e195 (idx 186) is deemed risky
+ coeff 3.7217 of var (x4,x14) (idx 11) in constr e195 (idx 186) is deemed risky
+ coeff -0.338139 of var (x4,x15) (idx 12) in constr e195 (idx 186) is deemed risky
+ coeff 0.338139 of var (x4,x18) (idx 13) in constr e195 (idx 186) is deemed risky
+ coeff 0.659161 of var (x5,x12) (idx 15) in constr e195 (idx 186) is deemed risky
+ coeff 2.50376 of var (x5,x13) (idx 16) in constr e195 (idx 186) is deemed risky
+ coeff -2 of var (x5,x14) (idx 17) in constr e195 (idx 186) is deemed risky
+ coeff 1.67582 of var (x12,x12) (idx 18) in constr e195 (idx 186) is deemed risky
+ coeff -0.659161 of var (x12,x14) (idx 19) in constr e195 (idx 186) is deemed risky
+ coeff -2.50376 of var (x12,x15) (idx 20) in constr e195 (idx 186) is deemed risky
+ coeff 2.50376 of var (x12,x18) (idx 21) in constr e195 (idx 186) is deemed risky
+ coeff 1.67582 of var (x13,x13) (idx 22) in constr e195 (idx 186) is deemed risky
+ coeff -2.50376 of var (x13,x14) (idx 23) in constr e195 (idx 186) is deemed risky
+ coeff 0.659161 of var (x13,x15) (idx 24) in constr e195 (idx 186) is deemed risky
+ coeff -0.659161 of var (x13,x18) (idx 25) in constr e195 (idx 186) is deemed risky
+ coeff -2 of var (x15,x18) (idx 28) in constr e195 (idx 186) is deemed risky
+ coeff 22.009 of var (x6,x6) (idx 0) in constr e196 (idx 187) is deemed risky
+ coeff 9.13177 of var (x6,x8) (idx 1) in constr e196 (idx 187) is deemed risky
+ coeff -9.13177 of var (x6,x11) (idx 2) in constr e196 (idx 187) is deemed risky
+ coeff -2.15565 of var (x6,x16) (idx 3) in constr e196 (idx 187) is deemed risky
+ coeff 2.15565 of var (x6,x17) (idx 4) in constr e196 (idx 187) is deemed risky
+ coeff 22.009 of var (x7,x7) (idx 5) in constr e196 (idx 187) is deemed risky
+ coeff 2.15565 of var (x7,x8) (idx 6) in constr e196 (idx 187) is deemed risky
+ coeff -2.15565 of var (x7,x11) (idx 7) in constr e196 (idx 187) is deemed risky
+ coeff 9.13177 of var (x7,x16) (idx 8) in constr e196 (idx 187) is deemed risky
+ coeff -9.13177 of var (x7,x17) (idx 9) in constr e196 (idx 187) is deemed risky
+ coeff -2 of var (x8,x11) (idx 11) in constr e196 (idx 187) is deemed risky
+ coeff -2 of var (x16,x17) (idx 14) in constr e196 (idx 187) is deemed risky
+ coeff 22.009 of var (x6,x6) (idx 0) in constr e197 (idx 188) is deemed risky
+ coeff 9.13177 of var (x6,x8) (idx 1) in constr e197 (idx 188) is deemed risky
+ coeff -9.13177 of var (x6,x14) (idx 2) in constr e197 (idx 188) is deemed risky
+ coeff -2.15565 of var (x6,x16) (idx 3) in constr e197 (idx 188) is deemed risky
+ coeff 2.15565 of var (x6,x18) (idx 4) in constr e197 (idx 188) is deemed risky
+ coeff 22.009 of var (x7,x7) (idx 5) in constr e197 (idx 188) is deemed risky
+ coeff 2.15565 of var (x7,x8) (idx 6) in constr e197 (idx 188) is deemed risky
+ coeff -2.15565 of var (x7,x14) (idx 7) in constr e197 (idx 188) is deemed risky
+ coeff 9.13177 of var (x7,x16) (idx 8) in constr e197 (idx 188) is deemed risky
+ coeff -9.13177 of var (x7,x18) (idx 9) in constr e197 (idx 188) is deemed risky
+ coeff -2 of var (x8,x14) (idx 11) in constr e197 (idx 188) is deemed risky
+ coeff -2 of var (x16,x18) (idx 14) in constr e197 (idx 188) is deemed risky
+ coeff 22.009 of var (x6,x6) (idx 0) in constr e198 (idx 189) is deemed risky
+ coeff 9.13177 of var (x6,x8) (idx 1) in constr e198 (idx 189) is deemed risky
+ coeff 18.4579 of var (x6,x9) (idx 2) in constr e198 (idx 189) is deemed risky
+ coeff -11.4818 of var (x6,x10) (idx 3) in constr e198 (idx 189) is deemed risky
+ coeff -9.13177 of var (x6,x11) (idx 4) in constr e198 (idx 189) is deemed risky
+ coeff -2.15565 of var (x6,x16) (idx 5) in constr e198 (idx 189) is deemed risky
+ coeff 2.15565 of var (x6,x17) (idx 6) in constr e198 (idx 189) is deemed risky
+ coeff 22.009 of var (x7,x7) (idx 7) in constr e198 (idx 189) is deemed risky
+ coeff 2.15565 of var (x7,x8) (idx 8) in constr e198 (idx 189) is deemed risky
+ coeff 11.4818 of var (x7,x9) (idx 9) in constr e198 (idx 189) is deemed risky
+ coeff 18.4579 of var (x7,x10) (idx 10) in constr e198 (idx 189) is deemed risky
+ coeff -2.15565 of var (x7,x11) (idx 11) in constr e198 (idx 189) is deemed risky
+ coeff 9.13177 of var (x7,x16) (idx 12) in constr e198 (idx 189) is deemed risky
+ coeff -9.13177 of var (x7,x17) (idx 13) in constr e198 (idx 189) is deemed risky
+ coeff 4.39148 of var (x8,x9) (idx 15) in constr e198 (idx 189) is deemed risky
+ coeff -1.47803 of var (x8,x10) (idx 16) in constr e198 (idx 189) is deemed risky
+ coeff -2 of var (x8,x11) (idx 17) in constr e198 (idx 189) is deemed risky
+ coeff 5.36741 of var (x9,x9) (idx 18) in constr e198 (idx 189) is deemed risky
+ coeff -4.39148 of var (x9,x11) (idx 19) in constr e198 (idx 189) is deemed risky
+ coeff 1.47803 of var (x9,x16) (idx 20) in constr e198 (idx 189) is deemed risky
+ coeff -1.47803 of var (x9,x17) (idx 21) in constr e198 (idx 189) is deemed risky
+ coeff 5.36741 of var (x10,x10) (idx 22) in constr e198 (idx 189) is deemed risky
+ coeff 1.47803 of var (x10,x11) (idx 23) in constr e198 (idx 189) is deemed risky
+ coeff 4.39148 of var (x10,x16) (idx 24) in constr e198 (idx 189) is deemed risky
+ coeff -4.39148 of var (x10,x17) (idx 25) in constr e198 (idx 189) is deemed risky
+ coeff -2 of var (x16,x17) (idx 28) in constr e198 (idx 189) is deemed risky
+ coeff 22.009 of var (x6,x6) (idx 0) in constr e199 (idx 190) is deemed risky
+ coeff 9.13177 of var (x6,x8) (idx 1) in constr e199 (idx 190) is deemed risky
+ coeff -14.8982 of var (x6,x12) (idx 2) in constr e199 (idx 190) is deemed risky
+ coeff -1.34333 of var (x6,x13) (idx 3) in constr e199 (idx 190) is deemed risky
+ coeff -9.13177 of var (x6,x14) (idx 4) in constr e199 (idx 190) is deemed risky
+ coeff -2.15565 of var (x6,x16) (idx 5) in constr e199 (idx 190) is deemed risky
+ coeff 2.15565 of var (x6,x18) (idx 6) in constr e199 (idx 190) is deemed risky
+ coeff 22.009 of var (x7,x7) (idx 7) in constr e199 (idx 190) is deemed risky
+ coeff 2.15565 of var (x7,x8) (idx 8) in constr e199 (idx 190) is deemed risky
+ coeff 1.34333 of var (x7,x12) (idx 9) in constr e199 (idx 190) is deemed risky
+ coeff -14.8982 of var (x7,x13) (idx 10) in constr e199 (idx 190) is deemed risky
+ coeff -2.15565 of var (x7,x14) (idx 11) in constr e199 (idx 190) is deemed risky
+ coeff 9.13177 of var (x7,x16) (idx 12) in constr e199 (idx 190) is deemed risky
+ coeff -9.13177 of var (x7,x18) (idx 13) in constr e199 (idx 190) is deemed risky
+ coeff -3.02493 of var (x8,x12) (idx 15) in constr e199 (idx 190) is deemed risky
+ coeff -1.00828 of var (x8,x13) (idx 16) in constr e199 (idx 190) is deemed risky
+ coeff -2 of var (x8,x14) (idx 17) in constr e199 (idx 190) is deemed risky
+ coeff 2.54171 of var (x12,x12) (idx 18) in constr e199 (idx 190) is deemed risky
+ coeff 3.02493 of var (x12,x14) (idx 19) in constr e199 (idx 190) is deemed risky
+ coeff 1.00828 of var (x12,x16) (idx 20) in constr e199 (idx 190) is deemed risky
+ coeff -1.00828 of var (x12,x18) (idx 21) in constr e199 (idx 190) is deemed risky
+ coeff 2.54171 of var (x13,x13) (idx 22) in constr e199 (idx 190) is deemed risky
+ coeff 1.00828 of var (x13,x14) (idx 23) in constr e199 (idx 190) is deemed risky
+ coeff -3.02493 of var (x13,x16) (idx 24) in constr e199 (idx 190) is deemed risky
+ coeff 3.02493 of var (x13,x18) (idx 25) in constr e199 (idx 190) is deemed risky
+ coeff -2 of var (x16,x18) (idx 28) in constr e199 (idx 190) is deemed risky
+ coeff 22.009 of var (x6,x6) (idx 0) in constr e200 (idx 191) is deemed risky
+ coeff 9.13177 of var (x6,x8) (idx 1) in constr e200 (idx 191) is deemed risky
+ coeff -5.9428 of var (x6,x9) (idx 2) in constr e200 (idx 191) is deemed risky
+ coeff 17.8276 of var (x6,x10) (idx 3) in constr e200 (idx 191) is deemed risky
+ coeff -9.13177 of var (x6,x11) (idx 4) in constr e200 (idx 191) is deemed risky
+ coeff -2.15565 of var (x6,x16) (idx 5) in constr e200 (idx 191) is deemed risky
+ coeff 2.15565 of var (x6,x17) (idx 6) in constr e200 (idx 191) is deemed risky
+ coeff 22.009 of var (x7,x7) (idx 7) in constr e200 (idx 191) is deemed risky
+ coeff 2.15565 of var (x7,x8) (idx 8) in constr e200 (idx 191) is deemed risky
+ coeff -17.8276 of var (x7,x9) (idx 9) in constr e200 (idx 191) is deemed risky
+ coeff -5.9428 of var (x7,x10) (idx 10) in constr e200 (idx 191) is deemed risky
+ coeff -2.15565 of var (x7,x11) (idx 11) in constr e200 (idx 191) is deemed risky
+ coeff 9.13177 of var (x7,x16) (idx 12) in constr e200 (idx 191) is deemed risky
+ coeff -9.13177 of var (x7,x17) (idx 13) in constr e200 (idx 191) is deemed risky
+ coeff -2.10592 of var (x8,x9) (idx 15) in constr e200 (idx 191) is deemed risky
+ coeff 3.40739 of var (x8,x10) (idx 16) in constr e200 (idx 191) is deemed risky
+ coeff -2 of var (x8,x11) (idx 17) in constr e200 (idx 191) is deemed risky
+ coeff 4.0113 of var (x9,x9) (idx 18) in constr e200 (idx 191) is deemed risky
+ coeff 2.10592 of var (x9,x11) (idx 19) in constr e200 (idx 191) is deemed risky
+ coeff -3.40739 of var (x9,x16) (idx 20) in constr e200 (idx 191) is deemed risky
+ coeff 3.40739 of var (x9,x17) (idx 21) in constr e200 (idx 191) is deemed risky
+ coeff 4.0113 of var (x10,x10) (idx 22) in constr e200 (idx 191) is deemed risky
+ coeff -3.40739 of var (x10,x11) (idx 23) in constr e200 (idx 191) is deemed risky
+ coeff -2.10592 of var (x10,x16) (idx 24) in constr e200 (idx 191) is deemed risky
+ coeff 2.10592 of var (x10,x17) (idx 25) in constr e200 (idx 191) is deemed risky
+ coeff -2 of var (x16,x17) (idx 28) in constr e200 (idx 191) is deemed risky
+ coeff 22.009 of var (x6,x6) (idx 0) in constr e201 (idx 192) is deemed risky
+ coeff 9.13177 of var (x6,x8) (idx 1) in constr e201 (idx 192) is deemed risky
+ coeff 8.76291 of var (x6,x12) (idx 2) in constr e201 (idx 192) is deemed risky
+ coeff -9.22398 of var (x6,x13) (idx 3) in constr e201 (idx 192) is deemed risky
+ coeff -9.13177 of var (x6,x14) (idx 4) in constr e201 (idx 192) is deemed risky
+ coeff -2.15565 of var (x6,x16) (idx 5) in constr e201 (idx 192) is deemed risky
+ coeff 2.15565 of var (x6,x18) (idx 6) in constr e201 (idx 192) is deemed risky
+ coeff 22.009 of var (x7,x7) (idx 7) in constr e201 (idx 192) is deemed risky
+ coeff 2.15565 of var (x7,x8) (idx 8) in constr e201 (idx 192) is deemed risky
+ coeff 9.22398 of var (x7,x12) (idx 9) in constr e201 (idx 192) is deemed risky
+ coeff 8.76291 of var (x7,x13) (idx 10) in constr e201 (idx 192) is deemed risky
+ coeff -2.15565 of var (x7,x14) (idx 11) in constr e201 (idx 192) is deemed risky
+ coeff 9.13177 of var (x7,x16) (idx 12) in constr e201 (idx 192) is deemed risky
+ coeff -9.13177 of var (x7,x18) (idx 13) in constr e201 (idx 192) is deemed risky
+ coeff 2.26963 of var (x8,x12) (idx 15) in constr e201 (idx 192) is deemed risky
+ coeff -1.48442 of var (x8,x13) (idx 16) in constr e201 (idx 192) is deemed risky
+ coeff -2 of var (x8,x14) (idx 17) in constr e201 (idx 192) is deemed risky
+ coeff 1.83868 of var (x12,x12) (idx 18) in constr e201 (idx 192) is deemed risky
+ coeff -2.26963 of var (x12,x14) (idx 19) in constr e201 (idx 192) is deemed risky
+ coeff 1.48442 of var (x12,x16) (idx 20) in constr e201 (idx 192) is deemed risky
+ coeff -1.48442 of var (x12,x18) (idx 21) in constr e201 (idx 192) is deemed risky
+ coeff 1.83868 of var (x13,x13) (idx 22) in constr e201 (idx 192) is deemed risky
+ coeff 1.48442 of var (x13,x14) (idx 23) in constr e201 (idx 192) is deemed risky
+ coeff 2.26963 of var (x13,x16) (idx 24) in constr e201 (idx 192) is deemed risky
+ coeff -2.26963 of var (x13,x18) (idx 25) in constr e201 (idx 192) is deemed risky
+ coeff -2 of var (x16,x18) (idx 28) in constr e201 (idx 192) is deemed risky
+ coeff 22.009 of var (x6,x6) (idx 0) in constr e202 (idx 193) is deemed risky
+ coeff 9.13177 of var (x6,x8) (idx 1) in constr e202 (idx 193) is deemed risky
+ coeff 12.9243 of var (x6,x9) (idx 2) in constr e202 (idx 193) is deemed risky
+ coeff -6.46211 of var (x6,x10) (idx 3) in constr e202 (idx 193) is deemed risky
+ coeff -9.13177 of var (x6,x11) (idx 4) in constr e202 (idx 193) is deemed risky
+ coeff -2.15565 of var (x6,x16) (idx 5) in constr e202 (idx 193) is deemed risky
+ coeff 2.15565 of var (x6,x17) (idx 6) in constr e202 (idx 193) is deemed risky
+ coeff 22.009 of var (x7,x7) (idx 7) in constr e202 (idx 193) is deemed risky
+ coeff 2.15565 of var (x7,x8) (idx 8) in constr e202 (idx 193) is deemed risky
+ coeff 6.46211 of var (x7,x9) (idx 9) in constr e202 (idx 193) is deemed risky
+ coeff 12.9243 of var (x7,x10) (idx 10) in constr e202 (idx 193) is deemed risky
+ coeff -2.15565 of var (x7,x11) (idx 11) in constr e202 (idx 193) is deemed risky
+ coeff 9.13177 of var (x7,x16) (idx 12) in constr e202 (idx 193) is deemed risky
+ coeff -9.13177 of var (x7,x17) (idx 13) in constr e202 (idx 193) is deemed risky
+ coeff 2.99767 of var (x8,x9) (idx 15) in constr e202 (idx 193) is deemed risky
+ coeff -0.70767 of var (x8,x10) (idx 16) in constr e202 (idx 193) is deemed risky
+ coeff -2 of var (x8,x11) (idx 17) in constr e202 (idx 193) is deemed risky
+ coeff 2.3717 of var (x9,x9) (idx 18) in constr e202 (idx 193) is deemed risky
+ coeff -2.99767 of var (x9,x11) (idx 19) in constr e202 (idx 193) is deemed risky
+ coeff 0.70767 of var (x9,x16) (idx 20) in constr e202 (idx 193) is deemed risky
+ coeff -0.70767 of var (x9,x17) (idx 21) in constr e202 (idx 193) is deemed risky
+ coeff 2.3717 of var (x10,x10) (idx 22) in constr e202 (idx 193) is deemed risky
+ coeff 0.70767 of var (x10,x11) (idx 23) in constr e202 (idx 193) is deemed risky
+ coeff 2.99767 of var (x10,x16) (idx 24) in constr e202 (idx 193) is deemed risky
+ coeff -2.99767 of var (x10,x17) (idx 25) in constr e202 (idx 193) is deemed risky
+ coeff -2 of var (x16,x17) (idx 28) in constr e202 (idx 193) is deemed risky
+ coeff 22.009 of var (x6,x6) (idx 0) in constr e203 (idx 194) is deemed risky
+ coeff 9.13177 of var (x6,x8) (idx 1) in constr e203 (idx 194) is deemed risky
+ coeff -22.637 of var (x6,x12) (idx 2) in constr e203 (idx 194) is deemed risky
+ coeff -2.04129 of var (x6,x13) (idx 3) in constr e203 (idx 194) is deemed risky
+ coeff -9.13177 of var (x6,x14) (idx 4) in constr e203 (idx 194) is deemed risky
+ coeff -2.15565 of var (x6,x16) (idx 5) in constr e203 (idx 194) is deemed risky
+ coeff 2.15565 of var (x6,x18) (idx 6) in constr e203 (idx 194) is deemed risky
+ coeff 22.009 of var (x7,x7) (idx 7) in constr e203 (idx 194) is deemed risky
+ coeff 2.15565 of var (x7,x8) (idx 8) in constr e203 (idx 194) is deemed risky
+ coeff 2.04129 of var (x7,x12) (idx 9) in constr e203 (idx 194) is deemed risky
+ coeff -22.637 of var (x7,x13) (idx 10) in constr e203 (idx 194) is deemed risky
+ coeff -2.15565 of var (x7,x14) (idx 11) in constr e203 (idx 194) is deemed risky
+ coeff 9.13177 of var (x7,x16) (idx 12) in constr e203 (idx 194) is deemed risky
+ coeff -9.13177 of var (x7,x18) (idx 13) in constr e203 (idx 194) is deemed risky
+ coeff -4.5962 of var (x8,x12) (idx 15) in constr e203 (idx 194) is deemed risky
+ coeff -1.53206 of var (x8,x13) (idx 16) in constr e203 (idx 194) is deemed risky
+ coeff -2 of var (x8,x14) (idx 17) in constr e203 (idx 194) is deemed risky
+ coeff 5.86805 of var (x12,x12) (idx 18) in constr e203 (idx 194) is deemed risky
+ coeff 4.5962 of var (x12,x14) (idx 19) in constr e203 (idx 194) is deemed risky
+ coeff 1.53206 of var (x12,x16) (idx 20) in constr e203 (idx 194) is deemed risky
+ coeff -1.53206 of var (x12,x18) (idx 21) in constr e203 (idx 194) is deemed risky
+ coeff 5.86805 of var (x13,x13) (idx 22) in constr e203 (idx 194) is deemed risky
+ coeff 1.53206 of var (x13,x14) (idx 23) in constr e203 (idx 194) is deemed risky
+ coeff -4.5962 of var (x13,x16) (idx 24) in constr e203 (idx 194) is deemed risky
+ coeff 4.5962 of var (x13,x18) (idx 25) in constr e203 (idx 194) is deemed risky
+ coeff -2 of var (x16,x18) (idx 28) in constr e203 (idx 194) is deemed risky
+ coeff 22.009 of var (x6,x6) (idx 0) in constr e204 (idx 195) is deemed risky
+ coeff 9.13177 of var (x6,x8) (idx 1) in constr e204 (idx 195) is deemed risky
+ coeff -14.2868 of var (x6,x9) (idx 2) in constr e204 (idx 195) is deemed risky
+ coeff -8.83007 of var (x6,x10) (idx 3) in constr e204 (idx 195) is deemed risky
+ coeff -9.13177 of var (x6,x11) (idx 4) in constr e204 (idx 195) is deemed risky
+ coeff -2.15565 of var (x6,x16) (idx 5) in constr e204 (idx 195) is deemed risky
+ coeff 2.15565 of var (x6,x17) (idx 6) in constr e204 (idx 195) is deemed risky
+ coeff 22.009 of var (x7,x7) (idx 7) in constr e204 (idx 195) is deemed risky
+ coeff 2.15565 of var (x7,x8) (idx 8) in constr e204 (idx 195) is deemed risky
+ coeff 8.83007 of var (x7,x9) (idx 9) in constr e204 (idx 195) is deemed risky
+ coeff -14.2868 of var (x7,x10) (idx 10) in constr e204 (idx 195) is deemed risky
+ coeff -2.15565 of var (x7,x11) (idx 11) in constr e204 (idx 195) is deemed risky
+ coeff 9.13177 of var (x7,x16) (idx 12) in constr e204 (idx 195) is deemed risky
+ coeff -9.13177 of var (x7,x17) (idx 13) in constr e204 (idx 195) is deemed risky
+ coeff -2.53143 of var (x8,x9) (idx 15) in constr e204 (idx 195) is deemed risky
+ coeff -2.53149 of var (x8,x10) (idx 16) in constr e204 (idx 195) is deemed risky
+ coeff -2 of var (x8,x11) (idx 17) in constr e204 (idx 195) is deemed risky
+ coeff 3.20415 of var (x9,x9) (idx 18) in constr e204 (idx 195) is deemed risky
+ coeff 2.53143 of var (x9,x11) (idx 19) in constr e204 (idx 195) is deemed risky
+ coeff 2.53149 of var (x9,x16) (idx 20) in constr e204 (idx 195) is deemed risky
+ coeff -2.53149 of var (x9,x17) (idx 21) in constr e204 (idx 195) is deemed risky
+ coeff 3.20415 of var (x10,x10) (idx 22) in constr e204 (idx 195) is deemed risky
+ coeff 2.53149 of var (x10,x11) (idx 23) in constr e204 (idx 195) is deemed risky
+ coeff -2.53143 of var (x10,x16) (idx 24) in constr e204 (idx 195) is deemed risky
+ coeff 2.53143 of var (x10,x17) (idx 25) in constr e204 (idx 195) is deemed risky
+ coeff -2 of var (x16,x17) (idx 28) in constr e204 (idx 195) is deemed risky
+ coeff 22.009 of var (x6,x6) (idx 0) in constr e205 (idx 196) is deemed risky
+ coeff 9.13177 of var (x6,x8) (idx 1) in constr e205 (idx 196) is deemed risky
+ coeff 5.70827 of var (x6,x12) (idx 2) in constr e205 (idx 196) is deemed risky
+ coeff 10.7214 of var (x6,x13) (idx 3) in constr e205 (idx 196) is deemed risky
+ coeff -9.13177 of var (x6,x14) (idx 4) in constr e205 (idx 196) is deemed risky
+ coeff -2.15565 of var (x6,x16) (idx 5) in constr e205 (idx 196) is deemed risky
+ coeff 2.15565 of var (x6,x18) (idx 6) in constr e205 (idx 196) is deemed risky
+ coeff 22.009 of var (x7,x7) (idx 7) in constr e205 (idx 196) is deemed risky
+ coeff 2.15565 of var (x7,x8) (idx 8) in constr e205 (idx 196) is deemed risky
+ coeff -10.7214 of var (x7,x12) (idx 9) in constr e205 (idx 196) is deemed risky
+ coeff 5.70827 of var (x7,x13) (idx 10) in constr e205 (idx 196) is deemed risky
+ coeff -2.15565 of var (x7,x14) (idx 11) in constr e205 (idx 196) is deemed risky
+ coeff 9.13177 of var (x7,x16) (idx 12) in constr e205 (idx 196) is deemed risky
+ coeff -9.13177 of var (x7,x18) (idx 13) in constr e205 (idx 196) is deemed risky
+ coeff 0.659161 of var (x8,x12) (idx 15) in constr e205 (idx 196) is deemed risky
+ coeff 2.50376 of var (x8,x13) (idx 16) in constr e205 (idx 196) is deemed risky
+ coeff -2 of var (x8,x14) (idx 17) in constr e205 (idx 196) is deemed risky
+ coeff 1.67582 of var (x12,x12) (idx 18) in constr e205 (idx 196) is deemed risky
+ coeff -0.659161 of var (x12,x14) (idx 19) in constr e205 (idx 196) is deemed risky
+ coeff -2.50376 of var (x12,x16) (idx 20) in constr e205 (idx 196) is deemed risky
+ coeff 2.50376 of var (x12,x18) (idx 21) in constr e205 (idx 196) is deemed risky
+ coeff 1.67582 of var (x13,x13) (idx 22) in constr e205 (idx 196) is deemed risky
+ coeff -2.50376 of var (x13,x14) (idx 23) in constr e205 (idx 196) is deemed risky
+ coeff 0.659161 of var (x13,x16) (idx 24) in constr e205 (idx 196) is deemed risky
+ coeff -0.659161 of var (x13,x18) (idx 25) in constr e205 (idx 196) is deemed risky
+ coeff -2 of var (x16,x18) (idx 28) in constr e205 (idx 196) is deemed risky
+ coeff 3.20415 of var (x9,x9) (idx 0) in constr e206 (idx 197) is deemed risky
+ coeff 2.53143 of var (x9,x11) (idx 1) in constr e206 (idx 197) is deemed risky
+ coeff -2.53143 of var (x9,x14) (idx 2) in constr e206 (idx 197) is deemed risky
+ coeff -2.53149 of var (x9,x17) (idx 3) in constr e206 (idx 197) is deemed risky
+ coeff 2.53149 of var (x9,x18) (idx 4) in constr e206 (idx 197) is deemed risky
+ coeff 3.20415 of var (x10,x10) (idx 5) in constr e206 (idx 197) is deemed risky
+ coeff 2.53149 of var (x10,x11) (idx 6) in constr e206 (idx 197) is deemed risky
+ coeff -2.53149 of var (x10,x14) (idx 7) in constr e206 (idx 197) is deemed risky
+ coeff 2.53143 of var (x10,x17) (idx 8) in constr e206 (idx 197) is deemed risky
+ coeff -2.53143 of var (x10,x18) (idx 9) in constr e206 (idx 197) is deemed risky
+ coeff -2 of var (x11,x14) (idx 11) in constr e206 (idx 197) is deemed risky
+ coeff -2 of var (x17,x18) (idx 14) in constr e206 (idx 197) is deemed risky
+ coeff 3.20415 of var (x9,x9) (idx 0) in constr e207 (idx 198) is deemed risky
+ coeff 2.53143 of var (x9,x11) (idx 1) in constr e207 (idx 198) is deemed risky
+ coeff -5.10493 of var (x9,x12) (idx 2) in constr e207 (idx 198) is deemed risky
+ coeff 2.5526 of var (x9,x13) (idx 3) in constr e207 (idx 198) is deemed risky
+ coeff -2.53143 of var (x9,x14) (idx 4) in constr e207 (idx 198) is deemed risky
+ coeff -2.53149 of var (x9,x17) (idx 5) in constr e207 (idx 198) is deemed risky
+ coeff 2.53149 of var (x9,x18) (idx 6) in constr e207 (idx 198) is deemed risky
+ coeff 3.20415 of var (x10,x10) (idx 7) in constr e207 (idx 198) is deemed risky
+ coeff 2.53149 of var (x10,x11) (idx 8) in constr e207 (idx 198) is deemed risky
+ coeff -2.5526 of var (x10,x12) (idx 9) in constr e207 (idx 198) is deemed risky
+ coeff -5.10493 of var (x10,x13) (idx 10) in constr e207 (idx 198) is deemed risky
+ coeff -2.53149 of var (x10,x14) (idx 11) in constr e207 (idx 198) is deemed risky
+ coeff 2.53143 of var (x10,x17) (idx 12) in constr e207 (idx 198) is deemed risky
+ coeff -2.53143 of var (x10,x18) (idx 13) in constr e207 (idx 198) is deemed risky
+ coeff -3.02493 of var (x11,x12) (idx 15) in constr e207 (idx 198) is deemed risky
+ coeff -1.00828 of var (x11,x13) (idx 16) in constr e207 (idx 198) is deemed risky
+ coeff -2 of var (x11,x14) (idx 17) in constr e207 (idx 198) is deemed risky
+ coeff 2.54171 of var (x12,x12) (idx 18) in constr e207 (idx 198) is deemed risky
+ coeff 3.02493 of var (x12,x14) (idx 19) in constr e207 (idx 198) is deemed risky
+ coeff 1.00828 of var (x12,x17) (idx 20) in constr e207 (idx 198) is deemed risky
+ coeff -1.00828 of var (x12,x18) (idx 21) in constr e207 (idx 198) is deemed risky
+ coeff 2.54171 of var (x13,x13) (idx 22) in constr e207 (idx 198) is deemed risky
+ coeff 1.00828 of var (x13,x14) (idx 23) in constr e207 (idx 198) is deemed risky
+ coeff -3.02493 of var (x13,x17) (idx 24) in constr e207 (idx 198) is deemed risky
+ coeff 3.02493 of var (x13,x18) (idx 25) in constr e207 (idx 198) is deemed risky
+ coeff -2 of var (x17,x18) (idx 28) in constr e207 (idx 198) is deemed risky
+ coeff 3.20415 of var (x9,x9) (idx 0) in constr e208 (idx 199) is deemed risky
+ coeff 2.53143 of var (x9,x11) (idx 1) in constr e208 (idx 199) is deemed risky
+ coeff 0.993799 of var (x9,x12) (idx 2) in constr e208 (idx 199) is deemed risky
+ coeff -4.75164 of var (x9,x13) (idx 3) in constr e208 (idx 199) is deemed risky
+ coeff -2.53143 of var (x9,x14) (idx 4) in constr e208 (idx 199) is deemed risky
+ coeff -2.53149 of var (x9,x17) (idx 5) in constr e208 (idx 199) is deemed risky
+ coeff 2.53149 of var (x9,x18) (idx 6) in constr e208 (idx 199) is deemed risky
+ coeff 3.20415 of var (x10,x10) (idx 7) in constr e208 (idx 199) is deemed risky
+ coeff 2.53149 of var (x10,x11) (idx 8) in constr e208 (idx 199) is deemed risky
+ coeff 4.75164 of var (x10,x12) (idx 9) in constr e208 (idx 199) is deemed risky
+ coeff 0.993799 of var (x10,x13) (idx 10) in constr e208 (idx 199) is deemed risky
+ coeff -2.53149 of var (x10,x14) (idx 11) in constr e208 (idx 199) is deemed risky
+ coeff 2.53143 of var (x10,x17) (idx 12) in constr e208 (idx 199) is deemed risky
+ coeff -2.53143 of var (x10,x18) (idx 13) in constr e208 (idx 199) is deemed risky
+ coeff 2.26963 of var (x11,x12) (idx 15) in constr e208 (idx 199) is deemed risky
+ coeff -1.48442 of var (x11,x13) (idx 16) in constr e208 (idx 199) is deemed risky
+ coeff -2 of var (x11,x14) (idx 17) in constr e208 (idx 199) is deemed risky
+ coeff 1.83868 of var (x12,x12) (idx 18) in constr e208 (idx 199) is deemed risky
+ coeff -2.26963 of var (x12,x14) (idx 19) in constr e208 (idx 199) is deemed risky
+ coeff 1.48442 of var (x12,x17) (idx 20) in constr e208 (idx 199) is deemed risky
+ coeff -1.48442 of var (x12,x18) (idx 21) in constr e208 (idx 199) is deemed risky
+ coeff 1.83868 of var (x13,x13) (idx 22) in constr e208 (idx 199) is deemed risky
+ coeff 1.48442 of var (x13,x14) (idx 23) in constr e208 (idx 199) is deemed risky
+ coeff 2.26963 of var (x13,x17) (idx 24) in constr e208 (idx 199) is deemed risky
+ coeff -2.26963 of var (x13,x18) (idx 25) in constr e208 (idx 199) is deemed risky
+ coeff -2 of var (x17,x18) (idx 28) in constr e208 (idx 199) is deemed risky
+ coeff 3.20415 of var (x9,x9) (idx 0) in constr e209 (idx 200) is deemed risky
+ coeff 2.53143 of var (x9,x11) (idx 1) in constr e209 (idx 200) is deemed risky
+ coeff -7.75668 of var (x9,x12) (idx 2) in constr e209 (idx 200) is deemed risky
+ coeff 3.87847 of var (x9,x13) (idx 3) in constr e209 (idx 200) is deemed risky
+ coeff -2.53143 of var (x9,x14) (idx 4) in constr e209 (idx 200) is deemed risky
+ coeff -2.53149 of var (x9,x17) (idx 5) in constr e209 (idx 200) is deemed risky
+ coeff 2.53149 of var (x9,x18) (idx 6) in constr e209 (idx 200) is deemed risky
+ coeff 3.20415 of var (x10,x10) (idx 7) in constr e209 (idx 200) is deemed risky
+ coeff 2.53149 of var (x10,x11) (idx 8) in constr e209 (idx 200) is deemed risky
+ coeff -3.87847 of var (x10,x12) (idx 9) in constr e209 (idx 200) is deemed risky
+ coeff -7.75668 of var (x10,x13) (idx 10) in constr e209 (idx 200) is deemed risky
+ coeff -2.53149 of var (x10,x14) (idx 11) in constr e209 (idx 200) is deemed risky
+ coeff 2.53143 of var (x10,x17) (idx 12) in constr e209 (idx 200) is deemed risky
+ coeff -2.53143 of var (x10,x18) (idx 13) in constr e209 (idx 200) is deemed risky
+ coeff -4.5962 of var (x11,x12) (idx 15) in constr e209 (idx 200) is deemed risky
+ coeff -1.53206 of var (x11,x13) (idx 16) in constr e209 (idx 200) is deemed risky
+ coeff -2 of var (x11,x14) (idx 17) in constr e209 (idx 200) is deemed risky
+ coeff 5.86805 of var (x12,x12) (idx 18) in constr e209 (idx 200) is deemed risky
+ coeff 4.5962 of var (x12,x14) (idx 19) in constr e209 (idx 200) is deemed risky
+ coeff 1.53206 of var (x12,x17) (idx 20) in constr e209 (idx 200) is deemed risky
+ coeff -1.53206 of var (x12,x18) (idx 21) in constr e209 (idx 200) is deemed risky
+ coeff 5.86805 of var (x13,x13) (idx 22) in constr e209 (idx 200) is deemed risky
+ coeff 1.53206 of var (x13,x14) (idx 23) in constr e209 (idx 200) is deemed risky
+ coeff -4.5962 of var (x13,x17) (idx 24) in constr e209 (idx 200) is deemed risky
+ coeff 4.5962 of var (x13,x18) (idx 25) in constr e209 (idx 200) is deemed risky
+ coeff -2 of var (x17,x18) (idx 28) in constr e209 (idx 200) is deemed risky
+ coeff 3.20415 of var (x9,x9) (idx 0) in constr e210 (idx 201) is deemed risky
+ coeff 2.53143 of var (x9,x11) (idx 1) in constr e210 (idx 201) is deemed risky
+ coeff 4.00343 of var (x9,x12) (idx 2) in constr e210 (idx 201) is deemed risky
+ coeff 2.33472 of var (x9,x13) (idx 3) in constr e210 (idx 201) is deemed risky
+ coeff -2.53143 of var (x9,x14) (idx 4) in constr e210 (idx 201) is deemed risky
+ coeff -2.53149 of var (x9,x17) (idx 5) in constr e210 (idx 201) is deemed risky
+ coeff 2.53149 of var (x9,x18) (idx 6) in constr e210 (idx 201) is deemed risky
+ coeff 3.20415 of var (x10,x10) (idx 7) in constr e210 (idx 201) is deemed risky
+ coeff 2.53149 of var (x10,x11) (idx 8) in constr e210 (idx 201) is deemed risky
+ coeff -2.33472 of var (x10,x12) (idx 9) in constr e210 (idx 201) is deemed risky
+ coeff 4.00343 of var (x10,x13) (idx 10) in constr e210 (idx 201) is deemed risky
+ coeff -2.53149 of var (x10,x14) (idx 11) in constr e210 (idx 201) is deemed risky
+ coeff 2.53143 of var (x10,x17) (idx 12) in constr e210 (idx 201) is deemed risky
+ coeff -2.53143 of var (x10,x18) (idx 13) in constr e210 (idx 201) is deemed risky
+ coeff 0.659161 of var (x11,x12) (idx 15) in constr e210 (idx 201) is deemed risky
+ coeff 2.50376 of var (x11,x13) (idx 16) in constr e210 (idx 201) is deemed risky
+ coeff -2 of var (x11,x14) (idx 17) in constr e210 (idx 201) is deemed risky
+ coeff 1.67582 of var (x12,x12) (idx 18) in constr e210 (idx 201) is deemed risky
+ coeff -0.659161 of var (x12,x14) (idx 19) in constr e210 (idx 201) is deemed risky
+ coeff -2.50376 of var (x12,x17) (idx 20) in constr e210 (idx 201) is deemed risky
+ coeff 2.50376 of var (x12,x18) (idx 21) in constr e210 (idx 201) is deemed risky
+ coeff 1.67582 of var (x13,x13) (idx 22) in constr e210 (idx 201) is deemed risky
+ coeff -2.50376 of var (x13,x14) (idx 23) in constr e210 (idx 201) is deemed risky
+ coeff 0.659161 of var (x13,x17) (idx 24) in constr e210 (idx 201) is deemed risky
+ coeff -0.659161 of var (x13,x18) (idx 25) in constr e210 (idx 201) is deemed risky
+ coeff -2 of var (x17,x18) (idx 28) in constr e210 (idx 201) is deemed risky
Quad constraints read with code 0.
Reading parameter file drskparams.conf.
tol 0.01
maxits 20
lambda_hi 0.6
lambda_lo 0.59
xi 0.01
Running Algo1.
Solving Model
  variables = 17
  constraints = 55
 OPTIMAL. optimal value: 4.9999e+00 in time 3.5004e+00
Optimal objective = 4.99994
Optimal variable values:
x2 = 4.99994
x3 = -0.636506
x4 = 0.771272
x5 = 1.60259
x7 = 1
x8 = 3.571
x9 = -0.999987
x10 = -0.00501072
x11 = 1.5355
x12 = 0.455414
x13 = 0.89028
x14 = 1.65102
x15 = 1.61121
x16 = 3.94679
x17 = 8.44421
x18 = 5.67612
16 nonzero variables in solution
Writing solution to file form_0.sol.
Getting impact at iteration_cnt 0 using style 0-norm_per.
