Starting log: Fri May 29 18:24:13 2026.
Running on: jasper.local.

<Version 2025.May.28.110600@jasper>
Reading config file drsk.conf.
LPFILE ../data/qplib_2894.lp
LOUDCONSTRAINTS 0
STRUCTFILE implicit
PARAMFILE drskparams.conf
Reading LP ../data/qplib_2894.lp.
Number of variables = 17.
Done reading LP.
Now storing LP data.

Reading implicit structure.
Storing linear constraints; 55 in total.
+ coeff 0.204105 of var x3 (idx 0) in constr e2 (idx 0) is deemed risky
+ coeff 2.24629 of var x4 (idx 1) in constr e2 (idx 0) is deemed risky
+ coeff 3.94679 of var x6 (idx 0) in constr e3 (idx 1) is deemed risky
+ coeff -1.42894 of var x7 (idx 1) in constr e3 (idx 1) is deemed risky
+ coeff -1.52786 of var x9 (idx 0) in constr e4 (idx 2) is deemed risky
+ coeff 2.47213 of var x10 (idx 1) in constr e4 (idx 2) is deemed risky
+ coeff 0.430223 of var x12 (idx 0) in constr e5 (idx 3) is deemed risky
+ coeff 1.63416 of var x13 (idx 1) in constr e5 (idx 3) is deemed risky
+ coeff 3.40503 of var x3 (idx 0) in constr e6 (idx 4) is deemed risky
+ coeff -1.59481 of var x4 (idx 1) in constr e6 (idx 4) is deemed risky
+ coeff -6.05321 of var x6 (idx 0) in constr e7 (idx 5) is deemed risky
+ coeff -1.42894 of var x7 (idx 1) in constr e7 (idx 5) is deemed risky
+ coeff 2.47214 of var x9 (idx 0) in constr e8 (idx 6) is deemed risky
+ coeff 0.472127 of var x10 (idx 1) in constr e8 (idx 6) is deemed risky
+ coeff 1.60416 of var x12 (idx 0) in constr e9 (idx 7) is deemed risky
+ coeff -1.04913 of var x13 (idx 1) in constr e9 (idx 7) is deemed risky
+ coeff -4.40522 of var x3 (idx 0) in constr e10 (idx 8) is deemed risky
+ coeff -1.59481 of var x4 (idx 1) in constr e10 (idx 8) is deemed risky
+ coeff 0.196788 of var x6 (idx 0) in constr e11 (idx 9) is deemed risky
+ coeff 1.69606 of var x7 (idx 1) in constr e11 (idx 9) is deemed risky
+ coeff 3.47214 of var x9 (idx 0) in constr e12 (idx 10) is deemed risky
+ coeff -1.52787 of var x10 (idx 1) in constr e12 (idx 10) is deemed risky
+ coeff -3.14749 of var x12 (idx 0) in constr e13 (idx 11) is deemed risky
+ coeff -1.04913 of var x13 (idx 1) in constr e13 (idx 11) is deemed risky
+ coeff -1.52786 of var x9 (idx 0) in constr e14 (idx 12) is deemed risky
+ coeff -1.52787 of var x10 (idx 1) in constr e14 (idx 12) is deemed risky
+ coeff 0.204105 of var x3 (idx 1) in constr e15 (idx 13) is deemed risky
+ coeff 2.24629 of var x4 (idx 2) in constr e15 (idx 13) is deemed risky
+ coeff 3.94679 of var x6 (idx 1) in constr e16 (idx 14) is deemed risky
+ coeff -1.42894 of var x7 (idx 2) in constr e16 (idx 14) is deemed risky
+ coeff -1.52786 of var x9 (idx 1) in constr e17 (idx 15) is deemed risky
+ coeff 2.47213 of var x10 (idx 2) in constr e17 (idx 15) is deemed risky
+ coeff 0.430223 of var x12 (idx 1) in constr e18 (idx 16) is deemed risky
+ coeff 1.63416 of var x13 (idx 2) in constr e18 (idx 16) is deemed risky
+ coeff 3.40503 of var x3 (idx 1) in constr e19 (idx 17) is deemed risky
+ coeff -1.59481 of var x4 (idx 2) in constr e19 (idx 17) is deemed risky
+ coeff -6.05321 of var x6 (idx 1) in constr e20 (idx 18) is deemed risky
+ coeff -1.42894 of var x7 (idx 2) in constr e20 (idx 18) is deemed risky
+ coeff 2.47214 of var x9 (idx 1) in constr e21 (idx 19) is deemed risky
+ coeff 0.472127 of var x10 (idx 2) in constr e21 (idx 19) is deemed risky
+ coeff 1.60416 of var x12 (idx 1) in constr e22 (idx 20) is deemed risky
+ coeff -1.04913 of var x13 (idx 2) in constr e22 (idx 20) is deemed risky
+ coeff -4.40522 of var x3 (idx 1) in constr e23 (idx 21) is deemed risky
+ coeff -1.59481 of var x4 (idx 2) in constr e23 (idx 21) is deemed risky
+ coeff 0.196788 of var x6 (idx 1) in constr e24 (idx 22) is deemed risky
+ coeff 1.69606 of var x7 (idx 2) in constr e24 (idx 22) is deemed risky
+ coeff 3.47214 of var x9 (idx 1) in constr e25 (idx 23) is deemed risky
+ coeff -1.52787 of var x10 (idx 2) in constr e25 (idx 23) is deemed risky
+ coeff -3.14749 of var x12 (idx 1) in constr e26 (idx 24) is deemed risky
+ coeff -1.04913 of var x13 (idx 2) in constr e26 (idx 24) is deemed risky
+ coeff -1.52786 of var x9 (idx 1) in constr e29 (idx 25) is deemed risky
+ coeff -1.52787 of var x10 (idx 2) in constr e29 (idx 25) is deemed risky
+ coeff -2.24629 of var x3 (idx 0) in constr e31 (idx 26) is deemed risky
+ coeff 0.204105 of var x4 (idx 1) in constr e31 (idx 26) is deemed risky
+ coeff 1.42894 of var x6 (idx 0) in constr e32 (idx 27) is deemed risky
+ coeff 3.94679 of var x7 (idx 1) in constr e32 (idx 27) is deemed risky
+ coeff -2.47213 of var x9 (idx 0) in constr e33 (idx 28) is deemed risky
+ coeff -1.52786 of var x10 (idx 1) in constr e33 (idx 28) is deemed risky
+ coeff -1.63416 of var x12 (idx 0) in constr e34 (idx 29) is deemed risky
+ coeff 0.430223 of var x13 (idx 1) in constr e34 (idx 29) is deemed risky
+ coeff 1.59481 of var x3 (idx 0) in constr e35 (idx 30) is deemed risky
+ coeff 3.40503 of var x4 (idx 1) in constr e35 (idx 30) is deemed risky
+ coeff 1.42894 of var x6 (idx 0) in constr e36 (idx 31) is deemed risky
+ coeff -6.05321 of var x7 (idx 1) in constr e36 (idx 31) is deemed risky
+ coeff -0.472127 of var x9 (idx 0) in constr e37 (idx 32) is deemed risky
+ coeff 2.47214 of var x10 (idx 1) in constr e37 (idx 32) is deemed risky
+ coeff 1.04913 of var x12 (idx 0) in constr e38 (idx 33) is deemed risky
+ coeff 1.60416 of var x13 (idx 1) in constr e38 (idx 33) is deemed risky
+ coeff 1.59481 of var x3 (idx 0) in constr e39 (idx 34) is deemed risky
+ coeff -4.40522 of var x4 (idx 1) in constr e39 (idx 34) is deemed risky
+ coeff -1.69606 of var x6 (idx 0) in constr e40 (idx 35) is deemed risky
+ coeff 0.196788 of var x7 (idx 1) in constr e40 (idx 35) is deemed risky
+ coeff 1.52787 of var x9 (idx 0) in constr e41 (idx 36) is deemed risky
+ coeff 3.47214 of var x10 (idx 1) in constr e41 (idx 36) is deemed risky
+ coeff 1.04913 of var x12 (idx 0) in constr e42 (idx 37) is deemed risky
+ coeff -3.14749 of var x13 (idx 1) in constr e42 (idx 37) is deemed risky
+ coeff 1.52787 of var x9 (idx 0) in constr e43 (idx 38) is deemed risky
+ coeff -1.52786 of var x10 (idx 1) in constr e43 (idx 38) is deemed risky
+ coeff -2.24629 of var x3 (idx 0) in constr e44 (idx 39) is deemed risky
+ coeff 0.204105 of var x4 (idx 1) in constr e44 (idx 39) is deemed risky
+ coeff 1.42894 of var x6 (idx 0) in constr e45 (idx 40) is deemed risky
+ coeff 3.94679 of var x7 (idx 1) in constr e45 (idx 40) is deemed risky
+ coeff -2.47213 of var x9 (idx 0) in constr e46 (idx 41) is deemed risky
+ coeff -1.52786 of var x10 (idx 1) in constr e46 (idx 41) is deemed risky
+ coeff -1.63416 of var x12 (idx 0) in constr e47 (idx 42) is deemed risky
+ coeff 0.430223 of var x13 (idx 1) in constr e47 (idx 42) is deemed risky
+ coeff 1.59481 of var x3 (idx 0) in constr e48 (idx 43) is deemed risky
+ coeff 3.40503 of var x4 (idx 1) in constr e48 (idx 43) is deemed risky
+ coeff 1.42894 of var x6 (idx 0) in constr e49 (idx 44) is deemed risky
+ coeff -6.05321 of var x7 (idx 1) in constr e49 (idx 44) is deemed risky
+ coeff -0.472127 of var x9 (idx 0) in constr e50 (idx 45) is deemed risky
+ coeff 2.47214 of var x10 (idx 1) in constr e50 (idx 45) is deemed risky
+ coeff 1.04913 of var x12 (idx 0) in constr e51 (idx 46) is deemed risky
+ coeff 1.60416 of var x13 (idx 1) in constr e51 (idx 46) is deemed risky
+ coeff 1.59481 of var x3 (idx 0) in constr e52 (idx 47) is deemed risky
+ coeff -4.40522 of var x4 (idx 1) in constr e52 (idx 47) is deemed risky
+ coeff -1.69606 of var x6 (idx 0) in constr e53 (idx 48) is deemed risky
+ coeff 0.196788 of var x7 (idx 1) in constr e53 (idx 48) is deemed risky
+ coeff 1.52787 of var x9 (idx 0) in constr e54 (idx 49) is deemed risky
+ coeff 3.47214 of var x10 (idx 1) in constr e54 (idx 49) is deemed risky
+ coeff 1.04913 of var x12 (idx 0) in constr e55 (idx 50) is deemed risky
+ coeff -3.14749 of var x13 (idx 1) in constr e55 (idx 50) is deemed risky
+ coeff 1.52787 of var x9 (idx 0) in constr e56 (idx 51) is deemed risky
+ coeff -1.52786 of var x10 (idx 1) in constr e56 (idx 51) is deemed risky
Stored linear constraints with code 0.
Storing quadratic constraints; 154 in total.
+ coeff -4.52362 of var (x5,x6) (idx 1) in constr e64 (idx 52) is deemed risky
+ coeff -1.06783 of var (x5,x7) (idx 2) in constr e64 (idx 52) is deemed risky
+ coeff 5.40085 of var (x6,x6) (idx 4) in constr e64 (idx 52) is deemed risky
+ coeff 4.52362 of var (x6,x8) (idx 5) in constr e64 (idx 52) is deemed risky
+ coeff 1.06783 of var (x6,x15) (idx 6) in constr e64 (idx 52) is deemed risky
+ coeff -1.06783 of var (x6,x16) (idx 7) in constr e64 (idx 52) is deemed risky
+ coeff 5.40085 of var (x7,x7) (idx 8) in constr e64 (idx 52) is deemed risky
+ coeff 1.06783 of var (x7,x8) (idx 9) in constr e64 (idx 52) is deemed risky
+ coeff -4.52362 of var (x7,x15) (idx 10) in constr e64 (idx 52) is deemed risky
+ coeff 4.52362 of var (x7,x16) (idx 11) in constr e64 (idx 52) is deemed risky
+ coeff 4.39148 of var (x5,x9) (idx 1) in constr e65 (idx 53) is deemed risky
+ coeff -1.47803 of var (x5,x10) (idx 2) in constr e65 (idx 53) is deemed risky
+ coeff 5.36741 of var (x9,x9) (idx 4) in constr e65 (idx 53) is deemed risky
+ coeff -4.39148 of var (x9,x11) (idx 5) in constr e65 (idx 53) is deemed risky
+ coeff 1.47803 of var (x9,x15) (idx 6) in constr e65 (idx 53) is deemed risky
+ coeff -1.47803 of var (x9,x17) (idx 7) in constr e65 (idx 53) is deemed risky
+ coeff 5.36741 of var (x10,x10) (idx 8) in constr e65 (idx 53) is deemed risky
+ coeff 1.47803 of var (x10,x11) (idx 9) in constr e65 (idx 53) is deemed risky
+ coeff 4.39148 of var (x10,x15) (idx 10) in constr e65 (idx 53) is deemed risky
+ coeff -4.39148 of var (x10,x17) (idx 11) in constr e65 (idx 53) is deemed risky
+ coeff -3.02493 of var (x5,x12) (idx 1) in constr e66 (idx 54) is deemed risky
+ coeff -1.00828 of var (x5,x13) (idx 2) in constr e66 (idx 54) is deemed risky
+ coeff 2.54171 of var (x12,x12) (idx 4) in constr e66 (idx 54) is deemed risky
+ coeff 3.02493 of var (x12,x14) (idx 5) in constr e66 (idx 54) is deemed risky
+ coeff 1.00828 of var (x12,x15) (idx 6) in constr e66 (idx 54) is deemed risky
+ coeff -1.00828 of var (x12,x18) (idx 7) in constr e66 (idx 54) is deemed risky
+ coeff 2.54171 of var (x13,x13) (idx 8) in constr e66 (idx 54) is deemed risky
+ coeff 1.00828 of var (x13,x14) (idx 9) in constr e66 (idx 54) is deemed risky
+ coeff -3.02493 of var (x13,x15) (idx 10) in constr e66 (idx 54) is deemed risky
+ coeff 3.02493 of var (x13,x18) (idx 11) in constr e66 (idx 54) is deemed risky
+ coeff 4.00955 of var (x5,x6) (idx 1) in constr e67 (idx 55) is deemed risky
+ coeff -1.45167 of var (x5,x7) (idx 2) in constr e67 (idx 55) is deemed risky
+ coeff 4.54596 of var (x6,x6) (idx 4) in constr e67 (idx 55) is deemed risky
+ coeff -4.00955 of var (x6,x8) (idx 5) in constr e67 (idx 55) is deemed risky
+ coeff 1.45167 of var (x6,x15) (idx 6) in constr e67 (idx 55) is deemed risky
+ coeff -1.45167 of var (x6,x16) (idx 7) in constr e67 (idx 55) is deemed risky
+ coeff 4.54596 of var (x7,x7) (idx 8) in constr e67 (idx 55) is deemed risky
+ coeff 1.45167 of var (x7,x8) (idx 9) in constr e67 (idx 55) is deemed risky
+ coeff 4.00955 of var (x7,x15) (idx 10) in constr e67 (idx 55) is deemed risky
+ coeff -4.00955 of var (x7,x16) (idx 11) in constr e67 (idx 55) is deemed risky
+ coeff -2.10592 of var (x5,x9) (idx 1) in constr e68 (idx 56) is deemed risky
+ coeff 3.40739 of var (x5,x10) (idx 2) in constr e68 (idx 56) is deemed risky
+ coeff 4.0113 of var (x9,x9) (idx 4) in constr e68 (idx 56) is deemed risky
+ coeff 2.10592 of var (x9,x11) (idx 5) in constr e68 (idx 56) is deemed risky
+ coeff -3.40739 of var (x9,x15) (idx 6) in constr e68 (idx 56) is deemed risky
+ coeff 3.40739 of var (x9,x17) (idx 7) in constr e68 (idx 56) is deemed risky
+ coeff 4.0113 of var (x10,x10) (idx 8) in constr e68 (idx 56) is deemed risky
+ coeff -3.40739 of var (x10,x11) (idx 9) in constr e68 (idx 56) is deemed risky
+ coeff -2.10592 of var (x10,x15) (idx 10) in constr e68 (idx 56) is deemed risky
+ coeff 2.10592 of var (x10,x17) (idx 11) in constr e68 (idx 56) is deemed risky
+ coeff 2.26963 of var (x5,x12) (idx 1) in constr e69 (idx 57) is deemed risky
+ coeff -1.48442 of var (x5,x13) (idx 2) in constr e69 (idx 57) is deemed risky
+ coeff 1.83868 of var (x12,x12) (idx 4) in constr e69 (idx 57) is deemed risky
+ coeff -2.26963 of var (x12,x14) (idx 5) in constr e69 (idx 57) is deemed risky
+ coeff 1.48442 of var (x12,x15) (idx 6) in constr e69 (idx 57) is deemed risky
+ coeff -1.48442 of var (x12,x18) (idx 7) in constr e69 (idx 57) is deemed risky
+ coeff 1.83868 of var (x13,x13) (idx 8) in constr e69 (idx 57) is deemed risky
+ coeff 1.48442 of var (x13,x14) (idx 9) in constr e69 (idx 57) is deemed risky
+ coeff 2.26963 of var (x13,x15) (idx 10) in constr e69 (idx 57) is deemed risky
+ coeff -2.26963 of var (x13,x18) (idx 11) in constr e69 (idx 57) is deemed risky
+ coeff -7.35708 of var (x5,x6) (idx 1) in constr e70 (idx 58) is deemed risky
+ coeff -1.73674 of var (x5,x7) (idx 2) in constr e70 (idx 58) is deemed risky
+ coeff 14.2857 of var (x6,x6) (idx 4) in constr e70 (idx 58) is deemed risky
+ coeff 7.35708 of var (x6,x8) (idx 5) in constr e70 (idx 58) is deemed risky
+ coeff 1.73674 of var (x6,x15) (idx 6) in constr e70 (idx 58) is deemed risky
+ coeff -1.73674 of var (x6,x16) (idx 7) in constr e70 (idx 58) is deemed risky
+ coeff 14.2857 of var (x7,x7) (idx 8) in constr e70 (idx 58) is deemed risky
+ coeff 1.73674 of var (x7,x8) (idx 9) in constr e70 (idx 58) is deemed risky
+ coeff -7.35708 of var (x7,x15) (idx 10) in constr e70 (idx 58) is deemed risky
+ coeff 7.35708 of var (x7,x16) (idx 11) in constr e70 (idx 58) is deemed risky
+ coeff 2.99767 of var (x5,x9) (idx 1) in constr e71 (idx 59) is deemed risky
+ coeff -0.70767 of var (x5,x10) (idx 2) in constr e71 (idx 59) is deemed risky
+ coeff 2.3717 of var (x9,x9) (idx 4) in constr e71 (idx 59) is deemed risky
+ coeff -2.99767 of var (x9,x11) (idx 5) in constr e71 (idx 59) is deemed risky
+ coeff 0.70767 of var (x9,x15) (idx 6) in constr e71 (idx 59) is deemed risky
+ coeff -0.70767 of var (x9,x17) (idx 7) in constr e71 (idx 59) is deemed risky
+ coeff 2.3717 of var (x10,x10) (idx 8) in constr e71 (idx 59) is deemed risky
+ coeff 0.70767 of var (x10,x11) (idx 9) in constr e71 (idx 59) is deemed risky
+ coeff 2.99767 of var (x10,x15) (idx 10) in constr e71 (idx 59) is deemed risky
+ coeff -2.99767 of var (x10,x17) (idx 11) in constr e71 (idx 59) is deemed risky
+ coeff -4.5962 of var (x5,x12) (idx 1) in constr e72 (idx 60) is deemed risky
+ coeff -1.53206 of var (x5,x13) (idx 2) in constr e72 (idx 60) is deemed risky
+ coeff 5.86805 of var (x12,x12) (idx 4) in constr e72 (idx 60) is deemed risky
+ coeff 4.5962 of var (x12,x14) (idx 5) in constr e72 (idx 60) is deemed risky
+ coeff 1.53206 of var (x12,x15) (idx 6) in constr e72 (idx 60) is deemed risky
+ coeff -1.53206 of var (x12,x18) (idx 7) in constr e72 (idx 60) is deemed risky
+ coeff 5.86805 of var (x13,x13) (idx 8) in constr e72 (idx 60) is deemed risky
+ coeff 1.53206 of var (x13,x14) (idx 9) in constr e72 (idx 60) is deemed risky
+ coeff -4.5962 of var (x13,x15) (idx 10) in constr e72 (idx 60) is deemed risky
+ coeff 4.5962 of var (x13,x18) (idx 11) in constr e72 (idx 60) is deemed risky
+ coeff -9.13177 of var (x5,x6) (idx 1) in constr e73 (idx 61) is deemed risky
+ coeff -2.15565 of var (x5,x7) (idx 2) in constr e73 (idx 61) is deemed risky
+ coeff 22.009 of var (x6,x6) (idx 4) in constr e73 (idx 61) is deemed risky
+ coeff 9.13177 of var (x6,x8) (idx 5) in constr e73 (idx 61) is deemed risky
+ coeff 2.15565 of var (x6,x15) (idx 6) in constr e73 (idx 61) is deemed risky
+ coeff -2.15565 of var (x6,x16) (idx 7) in constr e73 (idx 61) is deemed risky
+ coeff 22.009 of var (x7,x7) (idx 8) in constr e73 (idx 61) is deemed risky
+ coeff 2.15565 of var (x7,x8) (idx 9) in constr e73 (idx 61) is deemed risky
+ coeff -9.13177 of var (x7,x15) (idx 10) in constr e73 (idx 61) is deemed risky
+ coeff 9.13177 of var (x7,x16) (idx 11) in constr e73 (idx 61) is deemed risky
+ coeff -2.53143 of var (x5,x9) (idx 1) in constr e74 (idx 62) is deemed risky
+ coeff -2.53149 of var (x5,x10) (idx 2) in constr e74 (idx 62) is deemed risky
+ coeff 3.20415 of var (x9,x9) (idx 4) in constr e74 (idx 62) is deemed risky
+ coeff 2.53143 of var (x9,x11) (idx 5) in constr e74 (idx 62) is deemed risky
+ coeff 2.53149 of var (x9,x15) (idx 6) in constr e74 (idx 62) is deemed risky
+ coeff -2.53149 of var (x9,x17) (idx 7) in constr e74 (idx 62) is deemed risky
+ coeff 3.20415 of var (x10,x10) (idx 8) in constr e74 (idx 62) is deemed risky
+ coeff 2.53149 of var (x10,x11) (idx 9) in constr e74 (idx 62) is deemed risky
+ coeff -2.53143 of var (x10,x15) (idx 10) in constr e74 (idx 62) is deemed risky
+ coeff 2.53143 of var (x10,x17) (idx 11) in constr e74 (idx 62) is deemed risky
+ coeff 0.659161 of var (x5,x12) (idx 1) in constr e75 (idx 63) is deemed risky
+ coeff 2.50376 of var (x5,x13) (idx 2) in constr e75 (idx 63) is deemed risky
+ coeff 1.67582 of var (x12,x12) (idx 4) in constr e75 (idx 63) is deemed risky
+ coeff -0.659161 of var (x12,x14) (idx 5) in constr e75 (idx 63) is deemed risky
+ coeff -2.50376 of var (x12,x15) (idx 6) in constr e75 (idx 63) is deemed risky
+ coeff 2.50376 of var (x12,x18) (idx 7) in constr e75 (idx 63) is deemed risky
+ coeff 1.67582 of var (x13,x13) (idx 8) in constr e75 (idx 63) is deemed risky
+ coeff -2.50376 of var (x13,x14) (idx 9) in constr e75 (idx 63) is deemed risky
+ coeff 0.659161 of var (x13,x15) (idx 10) in constr e75 (idx 63) is deemed risky
+ coeff -0.659161 of var (x13,x18) (idx 11) in constr e75 (idx 63) is deemed risky
+ coeff 4.39148 of var (x8,x9) (idx 1) in constr e78 (idx 64) is deemed risky
+ coeff -1.47803 of var (x8,x10) (idx 2) in constr e78 (idx 64) is deemed risky
+ coeff 5.36741 of var (x9,x9) (idx 4) in constr e78 (idx 64) is deemed risky
+ coeff -4.39148 of var (x9,x11) (idx 5) in constr e78 (idx 64) is deemed risky
+ coeff 1.47803 of var (x9,x16) (idx 6) in constr e78 (idx 64) is deemed risky
+ coeff -1.47803 of var (x9,x17) (idx 7) in constr e78 (idx 64) is deemed risky
+ coeff 5.36741 of var (x10,x10) (idx 8) in constr e78 (idx 64) is deemed risky
+ coeff 1.47803 of var (x10,x11) (idx 9) in constr e78 (idx 64) is deemed risky
+ coeff 4.39148 of var (x10,x16) (idx 10) in constr e78 (idx 64) is deemed risky
+ coeff -4.39148 of var (x10,x17) (idx 11) in constr e78 (idx 64) is deemed risky
+ coeff -3.02493 of var (x8,x12) (idx 1) in constr e79 (idx 65) is deemed risky
+ coeff -1.00828 of var (x8,x13) (idx 2) in constr e79 (idx 65) is deemed risky
+ coeff 2.54171 of var (x12,x12) (idx 4) in constr e79 (idx 65) is deemed risky
+ coeff 3.02493 of var (x12,x14) (idx 5) in constr e79 (idx 65) is deemed risky
+ coeff 1.00828 of var (x12,x16) (idx 6) in constr e79 (idx 65) is deemed risky
+ coeff -1.00828 of var (x12,x18) (idx 7) in constr e79 (idx 65) is deemed risky
+ coeff 2.54171 of var (x13,x13) (idx 8) in constr e79 (idx 65) is deemed risky
+ coeff 1.00828 of var (x13,x14) (idx 9) in constr e79 (idx 65) is deemed risky
+ coeff -3.02493 of var (x13,x16) (idx 10) in constr e79 (idx 65) is deemed risky
+ coeff 3.02493 of var (x13,x18) (idx 11) in constr e79 (idx 65) is deemed risky
+ coeff -2.10592 of var (x8,x9) (idx 1) in constr e80 (idx 66) is deemed risky
+ coeff 3.40739 of var (x8,x10) (idx 2) in constr e80 (idx 66) is deemed risky
+ coeff 4.0113 of var (x9,x9) (idx 4) in constr e80 (idx 66) is deemed risky
+ coeff 2.10592 of var (x9,x11) (idx 5) in constr e80 (idx 66) is deemed risky
+ coeff -3.40739 of var (x9,x16) (idx 6) in constr e80 (idx 66) is deemed risky
+ coeff 3.40739 of var (x9,x17) (idx 7) in constr e80 (idx 66) is deemed risky
+ coeff 4.0113 of var (x10,x10) (idx 8) in constr e80 (idx 66) is deemed risky
+ coeff -3.40739 of var (x10,x11) (idx 9) in constr e80 (idx 66) is deemed risky
+ coeff -2.10592 of var (x10,x16) (idx 10) in constr e80 (idx 66) is deemed risky
+ coeff 2.10592 of var (x10,x17) (idx 11) in constr e80 (idx 66) is deemed risky
+ coeff 2.26963 of var (x8,x12) (idx 1) in constr e81 (idx 67) is deemed risky
+ coeff -1.48442 of var (x8,x13) (idx 2) in constr e81 (idx 67) is deemed risky
+ coeff 1.83868 of var (x12,x12) (idx 4) in constr e81 (idx 67) is deemed risky
+ coeff -2.26963 of var (x12,x14) (idx 5) in constr e81 (idx 67) is deemed risky
+ coeff 1.48442 of var (x12,x16) (idx 6) in constr e81 (idx 67) is deemed risky
+ coeff -1.48442 of var (x12,x18) (idx 7) in constr e81 (idx 67) is deemed risky
+ coeff 1.83868 of var (x13,x13) (idx 8) in constr e81 (idx 67) is deemed risky
+ coeff 1.48442 of var (x13,x14) (idx 9) in constr e81 (idx 67) is deemed risky
+ coeff 2.26963 of var (x13,x16) (idx 10) in constr e81 (idx 67) is deemed risky
+ coeff -2.26963 of var (x13,x18) (idx 11) in constr e81 (idx 67) is deemed risky
+ coeff 2.99767 of var (x8,x9) (idx 1) in constr e82 (idx 68) is deemed risky
+ coeff -0.70767 of var (x8,x10) (idx 2) in constr e82 (idx 68) is deemed risky
+ coeff 2.3717 of var (x9,x9) (idx 4) in constr e82 (idx 68) is deemed risky
+ coeff -2.99767 of var (x9,x11) (idx 5) in constr e82 (idx 68) is deemed risky
+ coeff 0.70767 of var (x9,x16) (idx 6) in constr e82 (idx 68) is deemed risky
+ coeff -0.70767 of var (x9,x17) (idx 7) in constr e82 (idx 68) is deemed risky
+ coeff 2.3717 of var (x10,x10) (idx 8) in constr e82 (idx 68) is deemed risky
+ coeff 0.70767 of var (x10,x11) (idx 9) in constr e82 (idx 68) is deemed risky
+ coeff 2.99767 of var (x10,x16) (idx 10) in constr e82 (idx 68) is deemed risky
+ coeff -2.99767 of var (x10,x17) (idx 11) in constr e82 (idx 68) is deemed risky
+ coeff -4.5962 of var (x8,x12) (idx 1) in constr e83 (idx 69) is deemed risky
+ coeff -1.53206 of var (x8,x13) (idx 2) in constr e83 (idx 69) is deemed risky
+ coeff 5.86805 of var (x12,x12) (idx 4) in constr e83 (idx 69) is deemed risky
+ coeff 4.5962 of var (x12,x14) (idx 5) in constr e83 (idx 69) is deemed risky
+ coeff 1.53206 of var (x12,x16) (idx 6) in constr e83 (idx 69) is deemed risky
+ coeff -1.53206 of var (x12,x18) (idx 7) in constr e83 (idx 69) is deemed risky
+ coeff 5.86805 of var (x13,x13) (idx 8) in constr e83 (idx 69) is deemed risky
+ coeff 1.53206 of var (x13,x14) (idx 9) in constr e83 (idx 69) is deemed risky
+ coeff -4.5962 of var (x13,x16) (idx 10) in constr e83 (idx 69) is deemed risky
+ coeff 4.5962 of var (x13,x18) (idx 11) in constr e83 (idx 69) is deemed risky
+ coeff -2.53143 of var (x8,x9) (idx 1) in constr e84 (idx 70) is deemed risky
+ coeff -2.53149 of var (x8,x10) (idx 2) in constr e84 (idx 70) is deemed risky
+ coeff 3.20415 of var (x9,x9) (idx 4) in constr e84 (idx 70) is deemed risky
+ coeff 2.53143 of var (x9,x11) (idx 5) in constr e84 (idx 70) is deemed risky
+ coeff 2.53149 of var (x9,x16) (idx 6) in constr e84 (idx 70) is deemed risky
+ coeff -2.53149 of var (x9,x17) (idx 7) in constr e84 (idx 70) is deemed risky
+ coeff 3.20415 of var (x10,x10) (idx 8) in constr e84 (idx 70) is deemed risky
+ coeff 2.53149 of var (x10,x11) (idx 9) in constr e84 (idx 70) is deemed risky
+ coeff -2.53143 of var (x10,x16) (idx 10) in constr e84 (idx 70) is deemed risky
+ coeff 2.53143 of var (x10,x17) (idx 11) in constr e84 (idx 70) is deemed risky
+ coeff 0.659161 of var (x8,x12) (idx 1) in constr e85 (idx 71) is deemed risky
+ coeff 2.50376 of var (x8,x13) (idx 2) in constr e85 (idx 71) is deemed risky
+ coeff 1.67582 of var (x12,x12) (idx 4) in constr e85 (idx 71) is deemed risky
+ coeff -0.659161 of var (x12,x14) (idx 5) in constr e85 (idx 71) is deemed risky
+ coeff -2.50376 of var (x12,x16) (idx 6) in constr e85 (idx 71) is deemed risky
+ coeff 2.50376 of var (x12,x18) (idx 7) in constr e85 (idx 71) is deemed risky
+ coeff 1.67582 of var (x13,x13) (idx 8) in constr e85 (idx 71) is deemed risky
+ coeff -2.50376 of var (x13,x14) (idx 9) in constr e85 (idx 71) is deemed risky
+ coeff 0.659161 of var (x13,x16) (idx 10) in constr e85 (idx 71) is deemed risky
+ coeff -0.659161 of var (x13,x18) (idx 11) in constr e85 (idx 71) is deemed risky
+ coeff -3.02493 of var (x11,x12) (idx 1) in constr e87 (idx 72) is deemed risky
+ coeff -1.00828 of var (x11,x13) (idx 2) in constr e87 (idx 72) is deemed risky
+ coeff 2.54171 of var (x12,x12) (idx 4) in constr e87 (idx 72) is deemed risky
+ coeff 3.02493 of var (x12,x14) (idx 5) in constr e87 (idx 72) is deemed risky
+ coeff 1.00828 of var (x12,x17) (idx 6) in constr e87 (idx 72) is deemed risky
+ coeff -1.00828 of var (x12,x18) (idx 7) in constr e87 (idx 72) is deemed risky
+ coeff 2.54171 of var (x13,x13) (idx 8) in constr e87 (idx 72) is deemed risky
+ coeff 1.00828 of var (x13,x14) (idx 9) in constr e87 (idx 72) is deemed risky
+ coeff -3.02493 of var (x13,x17) (idx 10) in constr e87 (idx 72) is deemed risky
+ coeff 3.02493 of var (x13,x18) (idx 11) in constr e87 (idx 72) is deemed risky
+ coeff 2.26963 of var (x11,x12) (idx 1) in constr e88 (idx 73) is deemed risky
+ coeff -1.48442 of var (x11,x13) (idx 2) in constr e88 (idx 73) is deemed risky
+ coeff 1.83868 of var (x12,x12) (idx 4) in constr e88 (idx 73) is deemed risky
+ coeff -2.26963 of var (x12,x14) (idx 5) in constr e88 (idx 73) is deemed risky
+ coeff 1.48442 of var (x12,x17) (idx 6) in constr e88 (idx 73) is deemed risky
+ coeff -1.48442 of var (x12,x18) (idx 7) in constr e88 (idx 73) is deemed risky
+ coeff 1.83868 of var (x13,x13) (idx 8) in constr e88 (idx 73) is deemed risky
+ coeff 1.48442 of var (x13,x14) (idx 9) in constr e88 (idx 73) is deemed risky
+ coeff 2.26963 of var (x13,x17) (idx 10) in constr e88 (idx 73) is deemed risky
+ coeff -2.26963 of var (x13,x18) (idx 11) in constr e88 (idx 73) is deemed risky
+ coeff -4.5962 of var (x11,x12) (idx 1) in constr e89 (idx 74) is deemed risky
+ coeff -1.53206 of var (x11,x13) (idx 2) in constr e89 (idx 74) is deemed risky
+ coeff 5.86805 of var (x12,x12) (idx 4) in constr e89 (idx 74) is deemed risky
+ coeff 4.5962 of var (x12,x14) (idx 5) in constr e89 (idx 74) is deemed risky
+ coeff 1.53206 of var (x12,x17) (idx 6) in constr e89 (idx 74) is deemed risky
+ coeff -1.53206 of var (x12,x18) (idx 7) in constr e89 (idx 74) is deemed risky
+ coeff 5.86805 of var (x13,x13) (idx 8) in constr e89 (idx 74) is deemed risky
+ coeff 1.53206 of var (x13,x14) (idx 9) in constr e89 (idx 74) is deemed risky
+ coeff -4.5962 of var (x13,x17) (idx 10) in constr e89 (idx 74) is deemed risky
+ coeff 4.5962 of var (x13,x18) (idx 11) in constr e89 (idx 74) is deemed risky
+ coeff 0.659161 of var (x11,x12) (idx 1) in constr e90 (idx 75) is deemed risky
+ coeff 2.50376 of var (x11,x13) (idx 2) in constr e90 (idx 75) is deemed risky
+ coeff 1.67582 of var (x12,x12) (idx 4) in constr e90 (idx 75) is deemed risky
+ coeff -0.659161 of var (x12,x14) (idx 5) in constr e90 (idx 75) is deemed risky
+ coeff -2.50376 of var (x12,x17) (idx 6) in constr e90 (idx 75) is deemed risky
+ coeff 2.50376 of var (x12,x18) (idx 7) in constr e90 (idx 75) is deemed risky
+ coeff 1.67582 of var (x13,x13) (idx 8) in constr e90 (idx 75) is deemed risky
+ coeff -2.50376 of var (x13,x14) (idx 9) in constr e90 (idx 75) is deemed risky
+ coeff 0.659161 of var (x13,x17) (idx 10) in constr e90 (idx 75) is deemed risky
+ coeff -0.659161 of var (x13,x18) (idx 11) in constr e90 (idx 75) is deemed risky
+ coeff 5.66273 of var (x3,x3) (idx 0) in constr e91 (idx 76) is deemed risky
+ coeff 4.4751 of var (x3,x5) (idx 1) in constr e91 (idx 76) is deemed risky
+ coeff -4.4751 of var (x3,x8) (idx 2) in constr e91 (idx 76) is deemed risky
+ coeff -1.62 of var (x3,x15) (idx 3) in constr e91 (idx 76) is deemed risky
+ coeff 1.62 of var (x3,x16) (idx 4) in constr e91 (idx 76) is deemed risky
+ coeff 5.66273 of var (x4,x4) (idx 5) in constr e91 (idx 76) is deemed risky
+ coeff 1.62 of var (x4,x5) (idx 6) in constr e91 (idx 76) is deemed risky
+ coeff -1.62 of var (x4,x8) (idx 7) in constr e91 (idx 76) is deemed risky
+ coeff 4.4751 of var (x4,x15) (idx 8) in constr e91 (idx 76) is deemed risky
+ coeff -4.4751 of var (x4,x16) (idx 9) in constr e91 (idx 76) is deemed risky
+ coeff 5.66273 of var (x3,x3) (idx 0) in constr e92 (idx 77) is deemed risky
+ coeff 4.4751 of var (x3,x5) (idx 1) in constr e92 (idx 77) is deemed risky
+ coeff -4.4751 of var (x3,x11) (idx 2) in constr e92 (idx 77) is deemed risky
+ coeff -1.62 of var (x3,x15) (idx 3) in constr e92 (idx 77) is deemed risky
+ coeff 1.62 of var (x3,x17) (idx 4) in constr e92 (idx 77) is deemed risky
+ coeff 5.66273 of var (x4,x4) (idx 5) in constr e92 (idx 77) is deemed risky
+ coeff 1.62 of var (x4,x5) (idx 6) in constr e92 (idx 77) is deemed risky
+ coeff -1.62 of var (x4,x11) (idx 7) in constr e92 (idx 77) is deemed risky
+ coeff 4.4751 of var (x4,x15) (idx 8) in constr e92 (idx 77) is deemed risky
+ coeff -4.4751 of var (x4,x17) (idx 9) in constr e92 (idx 77) is deemed risky
+ coeff 5.66273 of var (x3,x3) (idx 0) in constr e93 (idx 78) is deemed risky
+ coeff 4.4751 of var (x3,x5) (idx 1) in constr e93 (idx 78) is deemed risky
+ coeff -4.4751 of var (x3,x14) (idx 2) in constr e93 (idx 78) is deemed risky
+ coeff -1.62 of var (x3,x15) (idx 3) in constr e93 (idx 78) is deemed risky
+ coeff 1.62 of var (x3,x18) (idx 4) in constr e93 (idx 78) is deemed risky
+ coeff 5.66273 of var (x4,x4) (idx 5) in constr e93 (idx 78) is deemed risky
+ coeff 1.62 of var (x4,x5) (idx 6) in constr e93 (idx 78) is deemed risky
+ coeff -1.62 of var (x4,x14) (idx 7) in constr e93 (idx 78) is deemed risky
+ coeff 4.4751 of var (x4,x15) (idx 8) in constr e93 (idx 78) is deemed risky
+ coeff -4.4751 of var (x4,x18) (idx 9) in constr e93 (idx 78) is deemed risky
+ coeff 5.66273 of var (x3,x3) (idx 0) in constr e94 (idx 79) is deemed risky
+ coeff 4.4751 of var (x3,x5) (idx 1) in constr e94 (idx 79) is deemed risky
+ coeff -10.9868 of var (x3,x6) (idx 2) in constr e94 (idx 79) is deemed risky
+ coeff 1.27481 of var (x3,x7) (idx 3) in constr e94 (idx 79) is deemed risky
+ coeff -4.4751 of var (x3,x8) (idx 4) in constr e94 (idx 79) is deemed risky
+ coeff -1.62 of var (x3,x15) (idx 5) in constr e94 (idx 79) is deemed risky
+ coeff 1.62 of var (x3,x16) (idx 6) in constr e94 (idx 79) is deemed risky
+ coeff 5.66273 of var (x4,x4) (idx 7) in constr e94 (idx 79) is deemed risky
+ coeff 1.62 of var (x4,x5) (idx 8) in constr e94 (idx 79) is deemed risky
+ coeff -1.27481 of var (x4,x6) (idx 9) in constr e94 (idx 79) is deemed risky
+ coeff -10.9868 of var (x4,x7) (idx 10) in constr e94 (idx 79) is deemed risky
+ coeff -1.62 of var (x4,x8) (idx 11) in constr e94 (idx 79) is deemed risky
+ coeff 4.4751 of var (x4,x15) (idx 12) in constr e94 (idx 79) is deemed risky
+ coeff -4.4751 of var (x4,x16) (idx 13) in constr e94 (idx 79) is deemed risky
+ coeff -4.52362 of var (x5,x6) (idx 15) in constr e94 (idx 79) is deemed risky
+ coeff -1.06783 of var (x5,x7) (idx 16) in constr e94 (idx 79) is deemed risky
+ coeff 5.40085 of var (x6,x6) (idx 18) in constr e94 (idx 79) is deemed risky
+ coeff 4.52362 of var (x6,x8) (idx 19) in constr e94 (idx 79) is deemed risky
+ coeff 1.06783 of var (x6,x15) (idx 20) in constr e94 (idx 79) is deemed risky
+ coeff -1.06783 of var (x6,x16) (idx 21) in constr e94 (idx 79) is deemed risky
+ coeff 5.40085 of var (x7,x7) (idx 22) in constr e94 (idx 79) is deemed risky
+ coeff 1.06783 of var (x7,x8) (idx 23) in constr e94 (idx 79) is deemed risky
+ coeff -4.52362 of var (x7,x15) (idx 24) in constr e94 (idx 79) is deemed risky
+ coeff 4.52362 of var (x7,x16) (idx 25) in constr e94 (idx 79) is deemed risky
+ coeff 5.66273 of var (x3,x3) (idx 0) in constr e95 (idx 80) is deemed risky
+ coeff 4.4751 of var (x3,x5) (idx 1) in constr e95 (idx 80) is deemed risky
+ coeff 8.62895 of var (x3,x9) (idx 2) in constr e95 (idx 80) is deemed risky
+ coeff -6.86425 of var (x3,x10) (idx 3) in constr e95 (idx 80) is deemed risky
+ coeff -4.4751 of var (x3,x11) (idx 4) in constr e95 (idx 80) is deemed risky
+ coeff -1.62 of var (x3,x15) (idx 5) in constr e95 (idx 80) is deemed risky
+ coeff 1.62 of var (x3,x17) (idx 6) in constr e95 (idx 80) is deemed risky
+ coeff 5.66273 of var (x4,x4) (idx 7) in constr e95 (idx 80) is deemed risky
+ coeff 1.62 of var (x4,x5) (idx 8) in constr e95 (idx 80) is deemed risky
+ coeff 6.86425 of var (x4,x9) (idx 9) in constr e95 (idx 80) is deemed risky
+ coeff 8.62895 of var (x4,x10) (idx 10) in constr e95 (idx 80) is deemed risky
+ coeff -1.62 of var (x4,x11) (idx 11) in constr e95 (idx 80) is deemed risky
+ coeff 4.4751 of var (x4,x15) (idx 12) in constr e95 (idx 80) is deemed risky
+ coeff -4.4751 of var (x4,x17) (idx 13) in constr e95 (idx 80) is deemed risky
+ coeff 4.39148 of var (x5,x9) (idx 15) in constr e95 (idx 80) is deemed risky
+ coeff -1.47803 of var (x5,x10) (idx 16) in constr e95 (idx 80) is deemed risky
+ coeff 5.36741 of var (x9,x9) (idx 18) in constr e95 (idx 80) is deemed risky
+ coeff -4.39148 of var (x9,x11) (idx 19) in constr e95 (idx 80) is deemed risky
+ coeff 1.47803 of var (x9,x15) (idx 20) in constr e95 (idx 80) is deemed risky
+ coeff -1.47803 of var (x9,x17) (idx 21) in constr e95 (idx 80) is deemed risky
+ coeff 5.36741 of var (x10,x10) (idx 22) in constr e95 (idx 80) is deemed risky
+ coeff 1.47803 of var (x10,x11) (idx 23) in constr e95 (idx 80) is deemed risky
+ coeff 4.39148 of var (x10,x15) (idx 24) in constr e95 (idx 80) is deemed risky
+ coeff -4.39148 of var (x10,x17) (idx 25) in constr e95 (idx 80) is deemed risky
+ coeff 5.66273 of var (x3,x3) (idx 0) in constr e96 (idx 81) is deemed risky
+ coeff 4.4751 of var (x3,x5) (idx 1) in constr e96 (idx 81) is deemed risky
+ coeff -7.58513 of var (x3,x12) (idx 2) in constr e96 (idx 81) is deemed risky
+ coeff 0.194118 of var (x3,x13) (idx 3) in constr e96 (idx 81) is deemed risky
+ coeff -4.4751 of var (x3,x14) (idx 4) in constr e96 (idx 81) is deemed risky
+ coeff -1.62 of var (x3,x15) (idx 5) in constr e96 (idx 81) is deemed risky
+ coeff 1.62 of var (x3,x18) (idx 6) in constr e96 (idx 81) is deemed risky
+ coeff 5.66273 of var (x4,x4) (idx 7) in constr e96 (idx 81) is deemed risky
+ coeff 1.62 of var (x4,x5) (idx 8) in constr e96 (idx 81) is deemed risky
+ coeff -0.194118 of var (x4,x12) (idx 9) in constr e96 (idx 81) is deemed risky
+ coeff -7.58513 of var (x4,x13) (idx 10) in constr e96 (idx 81) is deemed risky
+ coeff -1.62 of var (x4,x14) (idx 11) in constr e96 (idx 81) is deemed risky
+ coeff 4.4751 of var (x4,x15) (idx 12) in constr e96 (idx 81) is deemed risky
+ coeff -4.4751 of var (x4,x18) (idx 13) in constr e96 (idx 81) is deemed risky
+ coeff -3.02493 of var (x5,x12) (idx 15) in constr e96 (idx 81) is deemed risky
+ coeff -1.00828 of var (x5,x13) (idx 16) in constr e96 (idx 81) is deemed risky
+ coeff 2.54171 of var (x12,x12) (idx 18) in constr e96 (idx 81) is deemed risky
+ coeff 3.02493 of var (x12,x14) (idx 19) in constr e96 (idx 81) is deemed risky
+ coeff 1.00828 of var (x12,x15) (idx 20) in constr e96 (idx 81) is deemed risky
+ coeff -1.00828 of var (x12,x18) (idx 21) in constr e96 (idx 81) is deemed risky
+ coeff 2.54171 of var (x13,x13) (idx 22) in constr e96 (idx 81) is deemed risky
+ coeff 1.00828 of var (x13,x14) (idx 23) in constr e96 (idx 81) is deemed risky
+ coeff -3.02493 of var (x13,x15) (idx 24) in constr e96 (idx 81) is deemed risky
+ coeff 3.02493 of var (x13,x18) (idx 25) in constr e96 (idx 81) is deemed risky
+ coeff 5.66273 of var (x3,x3) (idx 0) in constr e97 (idx 82) is deemed risky
+ coeff 4.4751 of var (x3,x5) (idx 1) in constr e97 (idx 82) is deemed risky
+ coeff 7.79572 of var (x3,x6) (idx 2) in constr e97 (idx 82) is deemed risky
+ coeff -6.49591 of var (x3,x7) (idx 3) in constr e97 (idx 82) is deemed risky
+ coeff -4.4751 of var (x3,x8) (idx 4) in constr e97 (idx 82) is deemed risky
+ coeff -1.62 of var (x3,x15) (idx 5) in constr e97 (idx 82) is deemed risky
+ coeff 1.62 of var (x3,x16) (idx 6) in constr e97 (idx 82) is deemed risky
+ coeff 5.66273 of var (x4,x4) (idx 7) in constr e97 (idx 82) is deemed risky
+ coeff 1.62 of var (x4,x5) (idx 8) in constr e97 (idx 82) is deemed risky
+ coeff 6.49591 of var (x4,x6) (idx 9) in constr e97 (idx 82) is deemed risky
+ coeff 7.79572 of var (x4,x7) (idx 10) in constr e97 (idx 82) is deemed risky
+ coeff -1.62 of var (x4,x8) (idx 11) in constr e97 (idx 82) is deemed risky
+ coeff 4.4751 of var (x4,x15) (idx 12) in constr e97 (idx 82) is deemed risky
+ coeff -4.4751 of var (x4,x16) (idx 13) in constr e97 (idx 82) is deemed risky
+ coeff 4.00955 of var (x5,x6) (idx 15) in constr e97 (idx 82) is deemed risky
+ coeff -1.45167 of var (x5,x7) (idx 16) in constr e97 (idx 82) is deemed risky
+ coeff 4.54596 of var (x6,x6) (idx 18) in constr e97 (idx 82) is deemed risky
+ coeff -4.00955 of var (x6,x8) (idx 19) in constr e97 (idx 82) is deemed risky
+ coeff 1.45167 of var (x6,x15) (idx 20) in constr e97 (idx 82) is deemed risky
+ coeff -1.45167 of var (x6,x16) (idx 21) in constr e97 (idx 82) is deemed risky
+ coeff 4.54596 of var (x7,x7) (idx 22) in constr e97 (idx 82) is deemed risky
+ coeff 1.45167 of var (x7,x8) (idx 23) in constr e97 (idx 82) is deemed risky
+ coeff 4.00955 of var (x7,x15) (idx 24) in constr e97 (idx 82) is deemed risky
+ coeff -4.00955 of var (x7,x16) (idx 25) in constr e97 (idx 82) is deemed risky
+ coeff 5.66273 of var (x3,x3) (idx 0) in constr e98 (idx 83) is deemed risky
+ coeff 4.4751 of var (x3,x5) (idx 1) in constr e98 (idx 83) is deemed risky
+ coeff -1.95211 of var (x3,x9) (idx 2) in constr e98 (idx 83) is deemed risky
+ coeff 9.32999 of var (x3,x10) (idx 3) in constr e98 (idx 83) is deemed risky
+ coeff -4.4751 of var (x3,x11) (idx 4) in constr e98 (idx 83) is deemed risky
+ coeff -1.62 of var (x3,x15) (idx 5) in constr e98 (idx 83) is deemed risky
+ coeff 1.62 of var (x3,x17) (idx 6) in constr e98 (idx 83) is deemed risky
+ coeff 5.66273 of var (x4,x4) (idx 7) in constr e98 (idx 83) is deemed risky
+ coeff 1.62 of var (x4,x5) (idx 8) in constr e98 (idx 83) is deemed risky
+ coeff -9.32999 of var (x4,x9) (idx 9) in constr e98 (idx 83) is deemed risky
+ coeff -1.95211 of var (x4,x10) (idx 10) in constr e98 (idx 83) is deemed risky
+ coeff -1.62 of var (x4,x11) (idx 11) in constr e98 (idx 83) is deemed risky
+ coeff 4.4751 of var (x4,x15) (idx 12) in constr e98 (idx 83) is deemed risky
+ coeff -4.4751 of var (x4,x17) (idx 13) in constr e98 (idx 83) is deemed risky
+ coeff -2.10592 of var (x5,x9) (idx 15) in constr e98 (idx 83) is deemed risky
+ coeff 3.40739 of var (x5,x10) (idx 16) in constr e98 (idx 83) is deemed risky
+ coeff 4.0113 of var (x9,x9) (idx 18) in constr e98 (idx 83) is deemed risky
+ coeff 2.10592 of var (x9,x11) (idx 19) in constr e98 (idx 83) is deemed risky
+ coeff -3.40739 of var (x9,x15) (idx 20) in constr e98 (idx 83) is deemed risky
+ coeff 3.40739 of var (x9,x17) (idx 21) in constr e98 (idx 83) is deemed risky
+ coeff 4.0113 of var (x10,x10) (idx 22) in constr e98 (idx 83) is deemed risky
+ coeff -3.40739 of var (x10,x11) (idx 23) in constr e98 (idx 83) is deemed risky
+ coeff -2.10592 of var (x10,x15) (idx 24) in constr e98 (idx 83) is deemed risky
+ coeff 2.10592 of var (x10,x17) (idx 25) in constr e98 (idx 83) is deemed risky
+ coeff 5.66273 of var (x3,x3) (idx 0) in constr e99 (idx 84) is deemed risky
+ coeff 4.4751 of var (x3,x5) (idx 1) in constr e99 (idx 84) is deemed risky
+ coeff 3.87602 of var (x3,x12) (idx 2) in constr e99 (idx 84) is deemed risky
+ coeff -5.15987 of var (x3,x13) (idx 3) in constr e99 (idx 84) is deemed risky
+ coeff -4.4751 of var (x3,x14) (idx 4) in constr e99 (idx 84) is deemed risky
+ coeff -1.62 of var (x3,x15) (idx 5) in constr e99 (idx 84) is deemed risky
+ coeff 1.62 of var (x3,x18) (idx 6) in constr e99 (idx 84) is deemed risky
+ coeff 5.66273 of var (x4,x4) (idx 7) in constr e99 (idx 84) is deemed risky
+ coeff 1.62 of var (x4,x5) (idx 8) in constr e99 (idx 84) is deemed risky
+ coeff 5.15987 of var (x4,x12) (idx 9) in constr e99 (idx 84) is deemed risky
+ coeff 3.87602 of var (x4,x13) (idx 10) in constr e99 (idx 84) is deemed risky
+ coeff -1.62 of var (x4,x14) (idx 11) in constr e99 (idx 84) is deemed risky
+ coeff 4.4751 of var (x4,x15) (idx 12) in constr e99 (idx 84) is deemed risky
+ coeff -4.4751 of var (x4,x18) (idx 13) in constr e99 (idx 84) is deemed risky
+ coeff 2.26963 of var (x5,x12) (idx 15) in constr e99 (idx 84) is deemed risky
+ coeff -1.48442 of var (x5,x13) (idx 16) in constr e99 (idx 84) is deemed risky
+ coeff 1.83868 of var (x12,x12) (idx 18) in constr e99 (idx 84) is deemed risky
+ coeff -2.26963 of var (x12,x14) (idx 19) in constr e99 (idx 84) is deemed risky
+ coeff 1.48442 of var (x12,x15) (idx 20) in constr e99 (idx 84) is deemed risky
+ coeff -1.48442 of var (x12,x18) (idx 21) in constr e99 (idx 84) is deemed risky
+ coeff 1.83868 of var (x13,x13) (idx 22) in constr e99 (idx 84) is deemed risky
+ coeff 1.48442 of var (x13,x14) (idx 23) in constr e99 (idx 84) is deemed risky
+ coeff 2.26963 of var (x13,x15) (idx 24) in constr e99 (idx 84) is deemed risky
+ coeff -2.26963 of var (x13,x18) (idx 25) in constr e99 (idx 84) is deemed risky
+ coeff 5.66273 of var (x3,x3) (idx 0) in constr e100 (idx 85) is deemed risky
+ coeff 4.4751 of var (x3,x5) (idx 1) in constr e100 (idx 85) is deemed risky
+ coeff -17.8686 of var (x3,x6) (idx 2) in constr e100 (idx 85) is deemed risky
+ coeff 2.07319 of var (x3,x7) (idx 3) in constr e100 (idx 85) is deemed risky
+ coeff -4.4751 of var (x3,x8) (idx 4) in constr e100 (idx 85) is deemed risky
+ coeff -1.62 of var (x3,x15) (idx 5) in constr e100 (idx 85) is deemed risky
+ coeff 1.62 of var (x3,x16) (idx 6) in constr e100 (idx 85) is deemed risky
+ coeff 5.66273 of var (x4,x4) (idx 7) in constr e100 (idx 85) is deemed risky
+ coeff 1.62 of var (x4,x5) (idx 8) in constr e100 (idx 85) is deemed risky
+ coeff -2.07319 of var (x4,x6) (idx 9) in constr e100 (idx 85) is deemed risky
+ coeff -17.8686 of var (x4,x7) (idx 10) in constr e100 (idx 85) is deemed risky
+ coeff -1.62 of var (x4,x8) (idx 11) in constr e100 (idx 85) is deemed risky
+ coeff 4.4751 of var (x4,x15) (idx 12) in constr e100 (idx 85) is deemed risky
+ coeff -4.4751 of var (x4,x16) (idx 13) in constr e100 (idx 85) is deemed risky
+ coeff -7.35708 of var (x5,x6) (idx 15) in constr e100 (idx 85) is deemed risky
+ coeff -1.73674 of var (x5,x7) (idx 16) in constr e100 (idx 85) is deemed risky
+ coeff 14.2857 of var (x6,x6) (idx 18) in constr e100 (idx 85) is deemed risky
+ coeff 7.35708 of var (x6,x8) (idx 19) in constr e100 (idx 85) is deemed risky
+ coeff 1.73674 of var (x6,x15) (idx 20) in constr e100 (idx 85) is deemed risky
+ coeff -1.73674 of var (x6,x16) (idx 21) in constr e100 (idx 85) is deemed risky
+ coeff 14.2857 of var (x7,x7) (idx 22) in constr e100 (idx 85) is deemed risky
+ coeff 1.73674 of var (x7,x8) (idx 23) in constr e100 (idx 85) is deemed risky
+ coeff -7.35708 of var (x7,x15) (idx 24) in constr e100 (idx 85) is deemed risky
+ coeff 7.35708 of var (x7,x16) (idx 25) in constr e100 (idx 85) is deemed risky
+ coeff 5.66273 of var (x3,x3) (idx 0) in constr e101 (idx 86) is deemed risky
+ coeff 4.4751 of var (x3,x5) (idx 1) in constr e101 (idx 86) is deemed risky
+ coeff 6.13422 of var (x3,x9) (idx 2) in constr e101 (idx 86) is deemed risky
+ coeff -4.01155 of var (x3,x10) (idx 3) in constr e101 (idx 86) is deemed risky
+ coeff -4.4751 of var (x3,x11) (idx 4) in constr e101 (idx 86) is deemed risky
+ coeff -1.62 of var (x3,x15) (idx 5) in constr e101 (idx 86) is deemed risky
+ coeff 1.62 of var (x3,x17) (idx 6) in constr e101 (idx 86) is deemed risky
+ coeff 5.66273 of var (x4,x4) (idx 7) in constr e101 (idx 86) is deemed risky
+ coeff 1.62 of var (x4,x5) (idx 8) in constr e101 (idx 86) is deemed risky
+ coeff 4.01155 of var (x4,x9) (idx 9) in constr e101 (idx 86) is deemed risky
+ coeff 6.13422 of var (x4,x10) (idx 10) in constr e101 (idx 86) is deemed risky
+ coeff -1.62 of var (x4,x11) (idx 11) in constr e101 (idx 86) is deemed risky
+ coeff 4.4751 of var (x4,x15) (idx 12) in constr e101 (idx 86) is deemed risky
+ coeff -4.4751 of var (x4,x17) (idx 13) in constr e101 (idx 86) is deemed risky
+ coeff 2.99767 of var (x5,x9) (idx 15) in constr e101 (idx 86) is deemed risky
+ coeff -0.70767 of var (x5,x10) (idx 16) in constr e101 (idx 86) is deemed risky
+ coeff 2.3717 of var (x9,x9) (idx 18) in constr e101 (idx 86) is deemed risky
+ coeff -2.99767 of var (x9,x11) (idx 19) in constr e101 (idx 86) is deemed risky
+ coeff 0.70767 of var (x9,x15) (idx 20) in constr e101 (idx 86) is deemed risky
+ coeff -0.70767 of var (x9,x17) (idx 21) in constr e101 (idx 86) is deemed risky
+ coeff 2.3717 of var (x10,x10) (idx 22) in constr e101 (idx 86) is deemed risky
+ coeff 0.70767 of var (x10,x11) (idx 23) in constr e101 (idx 86) is deemed risky
+ coeff 2.99767 of var (x10,x15) (idx 24) in constr e101 (idx 86) is deemed risky
+ coeff -2.99767 of var (x10,x17) (idx 25) in constr e101 (idx 86) is deemed risky
+ coeff 5.66273 of var (x3,x3) (idx 0) in constr e102 (idx 87) is deemed risky
+ coeff 4.4751 of var (x3,x5) (idx 1) in constr e102 (idx 87) is deemed risky
+ coeff -11.5252 of var (x3,x12) (idx 2) in constr e102 (idx 87) is deemed risky
+ coeff 0.294862 of var (x3,x13) (idx 3) in constr e102 (idx 87) is deemed risky
+ coeff -4.4751 of var (x3,x14) (idx 4) in constr e102 (idx 87) is deemed risky
+ coeff -1.62 of var (x3,x15) (idx 5) in constr e102 (idx 87) is deemed risky
+ coeff 1.62 of var (x3,x18) (idx 6) in constr e102 (idx 87) is deemed risky
+ coeff 5.66273 of var (x4,x4) (idx 7) in constr e102 (idx 87) is deemed risky
+ coeff 1.62 of var (x4,x5) (idx 8) in constr e102 (idx 87) is deemed risky
+ coeff -0.294862 of var (x4,x12) (idx 9) in constr e102 (idx 87) is deemed risky
+ coeff -11.5252 of var (x4,x13) (idx 10) in constr e102 (idx 87) is deemed risky
+ coeff -1.62 of var (x4,x14) (idx 11) in constr e102 (idx 87) is deemed risky
+ coeff 4.4751 of var (x4,x15) (idx 12) in constr e102 (idx 87) is deemed risky
+ coeff -4.4751 of var (x4,x18) (idx 13) in constr e102 (idx 87) is deemed risky
+ coeff -4.5962 of var (x5,x12) (idx 15) in constr e102 (idx 87) is deemed risky
+ coeff -1.53206 of var (x5,x13) (idx 16) in constr e102 (idx 87) is deemed risky
+ coeff 5.86805 of var (x12,x12) (idx 18) in constr e102 (idx 87) is deemed risky
+ coeff 4.5962 of var (x12,x14) (idx 19) in constr e102 (idx 87) is deemed risky
+ coeff 1.53206 of var (x12,x15) (idx 20) in constr e102 (idx 87) is deemed risky
+ coeff -1.53206 of var (x12,x18) (idx 21) in constr e102 (idx 87) is deemed risky
+ coeff 5.86805 of var (x13,x13) (idx 22) in constr e102 (idx 87) is deemed risky
+ coeff 1.53206 of var (x13,x14) (idx 23) in constr e102 (idx 87) is deemed risky
+ coeff -4.5962 of var (x13,x15) (idx 24) in constr e102 (idx 87) is deemed risky
+ coeff 4.5962 of var (x13,x18) (idx 25) in constr e102 (idx 87) is deemed risky
+ coeff 5.66273 of var (x3,x3) (idx 0) in constr e103 (idx 88) is deemed risky
+ coeff 4.4751 of var (x3,x5) (idx 1) in constr e103 (idx 88) is deemed risky
+ coeff -22.1789 of var (x3,x6) (idx 2) in constr e103 (idx 88) is deemed risky
+ coeff 2.57335 of var (x3,x7) (idx 3) in constr e103 (idx 88) is deemed risky
+ coeff -4.4751 of var (x3,x8) (idx 4) in constr e103 (idx 88) is deemed risky
+ coeff -1.62 of var (x3,x15) (idx 5) in constr e103 (idx 88) is deemed risky
+ coeff 1.62 of var (x3,x16) (idx 6) in constr e103 (idx 88) is deemed risky
+ coeff 5.66273 of var (x4,x4) (idx 7) in constr e103 (idx 88) is deemed risky
+ coeff 1.62 of var (x4,x5) (idx 8) in constr e103 (idx 88) is deemed risky
+ coeff -2.57335 of var (x4,x6) (idx 9) in constr e103 (idx 88) is deemed risky
+ coeff -22.1789 of var (x4,x7) (idx 10) in constr e103 (idx 88) is deemed risky
+ coeff -1.62 of var (x4,x8) (idx 11) in constr e103 (idx 88) is deemed risky
+ coeff 4.4751 of var (x4,x15) (idx 12) in constr e103 (idx 88) is deemed risky
+ coeff -4.4751 of var (x4,x16) (idx 13) in constr e103 (idx 88) is deemed risky
+ coeff -9.13177 of var (x5,x6) (idx 15) in constr e103 (idx 88) is deemed risky
+ coeff -2.15565 of var (x5,x7) (idx 16) in constr e103 (idx 88) is deemed risky
+ coeff 22.009 of var (x6,x6) (idx 18) in constr e103 (idx 88) is deemed risky
+ coeff 9.13177 of var (x6,x8) (idx 19) in constr e103 (idx 88) is deemed risky
+ coeff 2.15565 of var (x6,x15) (idx 20) in constr e103 (idx 88) is deemed risky
+ coeff -2.15565 of var (x6,x16) (idx 21) in constr e103 (idx 88) is deemed risky
+ coeff 22.009 of var (x7,x7) (idx 22) in constr e103 (idx 88) is deemed risky
+ coeff 2.15565 of var (x7,x8) (idx 23) in constr e103 (idx 88) is deemed risky
+ coeff -9.13177 of var (x7,x15) (idx 24) in constr e103 (idx 88) is deemed risky
+ coeff 9.13177 of var (x7,x16) (idx 25) in constr e103 (idx 88) is deemed risky
+ coeff 5.66273 of var (x3,x3) (idx 0) in constr e104 (idx 89) is deemed risky
+ coeff 4.4751 of var (x3,x5) (idx 1) in constr e104 (idx 89) is deemed risky
+ coeff -7.71471 of var (x3,x9) (idx 2) in constr e104 (idx 89) is deemed risky
+ coeff -3.61389 of var (x3,x10) (idx 3) in constr e104 (idx 89) is deemed risky
+ coeff -4.4751 of var (x3,x11) (idx 4) in constr e104 (idx 89) is deemed risky
+ coeff -1.62 of var (x3,x15) (idx 5) in constr e104 (idx 89) is deemed risky
+ coeff 1.62 of var (x3,x17) (idx 6) in constr e104 (idx 89) is deemed risky
+ coeff 5.66273 of var (x4,x4) (idx 7) in constr e104 (idx 89) is deemed risky
+ coeff 1.62 of var (x4,x5) (idx 8) in constr e104 (idx 89) is deemed risky
+ coeff 3.61389 of var (x4,x9) (idx 9) in constr e104 (idx 89) is deemed risky
+ coeff -7.71471 of var (x4,x10) (idx 10) in constr e104 (idx 89) is deemed risky
+ coeff -1.62 of var (x4,x11) (idx 11) in constr e104 (idx 89) is deemed risky
+ coeff 4.4751 of var (x4,x15) (idx 12) in constr e104 (idx 89) is deemed risky
+ coeff -4.4751 of var (x4,x17) (idx 13) in constr e104 (idx 89) is deemed risky
+ coeff -2.53143 of var (x5,x9) (idx 15) in constr e104 (idx 89) is deemed risky
+ coeff -2.53149 of var (x5,x10) (idx 16) in constr e104 (idx 89) is deemed risky
+ coeff 3.20415 of var (x9,x9) (idx 18) in constr e104 (idx 89) is deemed risky
+ coeff 2.53143 of var (x9,x11) (idx 19) in constr e104 (idx 89) is deemed risky
+ coeff 2.53149 of var (x9,x15) (idx 20) in constr e104 (idx 89) is deemed risky
+ coeff -2.53149 of var (x9,x17) (idx 21) in constr e104 (idx 89) is deemed risky
+ coeff 3.20415 of var (x10,x10) (idx 22) in constr e104 (idx 89) is deemed risky
+ coeff 2.53149 of var (x10,x11) (idx 23) in constr e104 (idx 89) is deemed risky
+ coeff -2.53143 of var (x10,x15) (idx 24) in constr e104 (idx 89) is deemed risky
+ coeff 2.53143 of var (x10,x17) (idx 25) in constr e104 (idx 89) is deemed risky
+ coeff 5.66273 of var (x3,x3) (idx 0) in constr e105 (idx 90) is deemed risky
+ coeff 4.4751 of var (x3,x5) (idx 1) in constr e105 (idx 90) is deemed risky
+ coeff 3.50295 of var (x3,x12) (idx 2) in constr e105 (idx 90) is deemed risky
+ coeff 5.06836 of var (x3,x13) (idx 3) in constr e105 (idx 90) is deemed risky
+ coeff -4.4751 of var (x3,x14) (idx 4) in constr e105 (idx 90) is deemed risky
+ coeff -1.62 of var (x3,x15) (idx 5) in constr e105 (idx 90) is deemed risky
+ coeff 1.62 of var (x3,x18) (idx 6) in constr e105 (idx 90) is deemed risky
+ coeff 5.66273 of var (x4,x4) (idx 7) in constr e105 (idx 90) is deemed risky
+ coeff 1.62 of var (x4,x5) (idx 8) in constr e105 (idx 90) is deemed risky
+ coeff -5.06836 of var (x4,x12) (idx 9) in constr e105 (idx 90) is deemed risky
+ coeff 3.50295 of var (x4,x13) (idx 10) in constr e105 (idx 90) is deemed risky
+ coeff -1.62 of var (x4,x14) (idx 11) in constr e105 (idx 90) is deemed risky
+ coeff 4.4751 of var (x4,x15) (idx 12) in constr e105 (idx 90) is deemed risky
+ coeff -4.4751 of var (x4,x18) (idx 13) in constr e105 (idx 90) is deemed risky
+ coeff 0.659161 of var (x5,x12) (idx 15) in constr e105 (idx 90) is deemed risky
+ coeff 2.50376 of var (x5,x13) (idx 16) in constr e105 (idx 90) is deemed risky
+ coeff 1.67582 of var (x12,x12) (idx 18) in constr e105 (idx 90) is deemed risky
+ coeff -0.659161 of var (x12,x14) (idx 19) in constr e105 (idx 90) is deemed risky
+ coeff -2.50376 of var (x12,x15) (idx 20) in constr e105 (idx 90) is deemed risky
+ coeff 2.50376 of var (x12,x18) (idx 21) in constr e105 (idx 90) is deemed risky
+ coeff 1.67582 of var (x13,x13) (idx 22) in constr e105 (idx 90) is deemed risky
+ coeff -2.50376 of var (x13,x14) (idx 23) in constr e105 (idx 90) is deemed risky
+ coeff 0.659161 of var (x13,x15) (idx 24) in constr e105 (idx 90) is deemed risky
+ coeff -0.659161 of var (x13,x18) (idx 25) in constr e105 (idx 90) is deemed risky
+ coeff 5.40085 of var (x6,x6) (idx 0) in constr e106 (idx 91) is deemed risky
+ coeff 4.52362 of var (x6,x8) (idx 1) in constr e106 (idx 91) is deemed risky
+ coeff -4.52362 of var (x6,x11) (idx 2) in constr e106 (idx 91) is deemed risky
+ coeff -1.06783 of var (x6,x16) (idx 3) in constr e106 (idx 91) is deemed risky
+ coeff 1.06783 of var (x6,x17) (idx 4) in constr e106 (idx 91) is deemed risky
+ coeff 5.40085 of var (x7,x7) (idx 5) in constr e106 (idx 91) is deemed risky
+ coeff 1.06783 of var (x7,x8) (idx 6) in constr e106 (idx 91) is deemed risky
+ coeff -1.06783 of var (x7,x11) (idx 7) in constr e106 (idx 91) is deemed risky
+ coeff 4.52362 of var (x7,x16) (idx 8) in constr e106 (idx 91) is deemed risky
+ coeff -4.52362 of var (x7,x17) (idx 9) in constr e106 (idx 91) is deemed risky
+ coeff 5.40085 of var (x6,x6) (idx 0) in constr e107 (idx 92) is deemed risky
+ coeff 4.52362 of var (x6,x8) (idx 1) in constr e107 (idx 92) is deemed risky
+ coeff -4.52362 of var (x6,x14) (idx 2) in constr e107 (idx 92) is deemed risky
+ coeff -1.06783 of var (x6,x16) (idx 3) in constr e107 (idx 92) is deemed risky
+ coeff 1.06783 of var (x6,x18) (idx 4) in constr e107 (idx 92) is deemed risky
+ coeff 5.40085 of var (x7,x7) (idx 5) in constr e107 (idx 92) is deemed risky
+ coeff 1.06783 of var (x7,x8) (idx 6) in constr e107 (idx 92) is deemed risky
+ coeff -1.06783 of var (x7,x14) (idx 7) in constr e107 (idx 92) is deemed risky
+ coeff 4.52362 of var (x7,x16) (idx 8) in constr e107 (idx 92) is deemed risky
+ coeff -4.52362 of var (x7,x18) (idx 9) in constr e107 (idx 92) is deemed risky
+ coeff 5.40085 of var (x6,x6) (idx 0) in constr e108 (idx 93) is deemed risky
+ coeff 4.52362 of var (x6,x8) (idx 1) in constr e108 (idx 93) is deemed risky
+ coeff 9.14355 of var (x6,x9) (idx 2) in constr e108 (idx 93) is deemed risky
+ coeff -5.68769 of var (x6,x10) (idx 3) in constr e108 (idx 93) is deemed risky
+ coeff -4.52362 of var (x6,x11) (idx 4) in constr e108 (idx 93) is deemed risky
+ coeff -1.06783 of var (x6,x16) (idx 5) in constr e108 (idx 93) is deemed risky
+ coeff 1.06783 of var (x6,x17) (idx 6) in constr e108 (idx 93) is deemed risky
+ coeff 5.40085 of var (x7,x7) (idx 7) in constr e108 (idx 93) is deemed risky
+ coeff 1.06783 of var (x7,x8) (idx 8) in constr e108 (idx 93) is deemed risky
+ coeff 5.68769 of var (x7,x9) (idx 9) in constr e108 (idx 93) is deemed risky
+ coeff 9.14355 of var (x7,x10) (idx 10) in constr e108 (idx 93) is deemed risky
+ coeff -1.06783 of var (x7,x11) (idx 11) in constr e108 (idx 93) is deemed risky
+ coeff 4.52362 of var (x7,x16) (idx 12) in constr e108 (idx 93) is deemed risky
+ coeff -4.52362 of var (x7,x17) (idx 13) in constr e108 (idx 93) is deemed risky
+ coeff 4.39148 of var (x8,x9) (idx 15) in constr e108 (idx 93) is deemed risky
+ coeff -1.47803 of var (x8,x10) (idx 16) in constr e108 (idx 93) is deemed risky
+ coeff 5.36741 of var (x9,x9) (idx 18) in constr e108 (idx 93) is deemed risky
+ coeff -4.39148 of var (x9,x11) (idx 19) in constr e108 (idx 93) is deemed risky
+ coeff 1.47803 of var (x9,x16) (idx 20) in constr e108 (idx 93) is deemed risky
+ coeff -1.47803 of var (x9,x17) (idx 21) in constr e108 (idx 93) is deemed risky
+ coeff 5.36741 of var (x10,x10) (idx 22) in constr e108 (idx 93) is deemed risky
+ coeff 1.47803 of var (x10,x11) (idx 23) in constr e108 (idx 93) is deemed risky
+ coeff 4.39148 of var (x10,x16) (idx 24) in constr e108 (idx 93) is deemed risky
+ coeff -4.39148 of var (x10,x17) (idx 25) in constr e108 (idx 93) is deemed risky
+ coeff 5.40085 of var (x6,x6) (idx 0) in constr e109 (idx 94) is deemed risky
+ coeff 4.52362 of var (x6,x8) (idx 1) in constr e109 (idx 94) is deemed risky
+ coeff -7.38015 of var (x6,x12) (idx 2) in constr e109 (idx 94) is deemed risky
+ coeff -0.665479 of var (x6,x13) (idx 3) in constr e109 (idx 94) is deemed risky
+ coeff -4.52362 of var (x6,x14) (idx 4) in constr e109 (idx 94) is deemed risky
+ coeff -1.06783 of var (x6,x16) (idx 5) in constr e109 (idx 94) is deemed risky
+ coeff 1.06783 of var (x6,x18) (idx 6) in constr e109 (idx 94) is deemed risky
+ coeff 5.40085 of var (x7,x7) (idx 7) in constr e109 (idx 94) is deemed risky
+ coeff 1.06783 of var (x7,x8) (idx 8) in constr e109 (idx 94) is deemed risky
+ coeff 0.665479 of var (x7,x12) (idx 9) in constr e109 (idx 94) is deemed risky
+ coeff -7.38015 of var (x7,x13) (idx 10) in constr e109 (idx 94) is deemed risky
+ coeff -1.06783 of var (x7,x14) (idx 11) in constr e109 (idx 94) is deemed risky
+ coeff 4.52362 of var (x7,x16) (idx 12) in constr e109 (idx 94) is deemed risky
+ coeff -4.52362 of var (x7,x18) (idx 13) in constr e109 (idx 94) is deemed risky
+ coeff -3.02493 of var (x8,x12) (idx 15) in constr e109 (idx 94) is deemed risky
+ coeff -1.00828 of var (x8,x13) (idx 16) in constr e109 (idx 94) is deemed risky
+ coeff 2.54171 of var (x12,x12) (idx 18) in constr e109 (idx 94) is deemed risky
+ coeff 3.02493 of var (x12,x14) (idx 19) in constr e109 (idx 94) is deemed risky
+ coeff 1.00828 of var (x12,x16) (idx 20) in constr e109 (idx 94) is deemed risky
+ coeff -1.00828 of var (x12,x18) (idx 21) in constr e109 (idx 94) is deemed risky
+ coeff 2.54171 of var (x13,x13) (idx 22) in constr e109 (idx 94) is deemed risky
+ coeff 1.00828 of var (x13,x14) (idx 23) in constr e109 (idx 94) is deemed risky
+ coeff -3.02493 of var (x13,x16) (idx 24) in constr e109 (idx 94) is deemed risky
+ coeff 3.02493 of var (x13,x18) (idx 25) in constr e109 (idx 94) is deemed risky
+ coeff 5.40085 of var (x6,x6) (idx 0) in constr e110 (idx 95) is deemed risky
+ coeff 4.52362 of var (x6,x8) (idx 1) in constr e110 (idx 95) is deemed risky
+ coeff -2.94393 of var (x6,x9) (idx 2) in constr e110 (idx 95) is deemed risky
+ coeff 8.83125 of var (x6,x10) (idx 3) in constr e110 (idx 95) is deemed risky
+ coeff -4.52362 of var (x6,x11) (idx 4) in constr e110 (idx 95) is deemed risky
+ coeff -1.06783 of var (x6,x16) (idx 5) in constr e110 (idx 95) is deemed risky
+ coeff 1.06783 of var (x6,x17) (idx 6) in constr e110 (idx 95) is deemed risky
+ coeff 5.40085 of var (x7,x7) (idx 7) in constr e110 (idx 95) is deemed risky
+ coeff 1.06783 of var (x7,x8) (idx 8) in constr e110 (idx 95) is deemed risky
+ coeff -8.83125 of var (x7,x9) (idx 9) in constr e110 (idx 95) is deemed risky
+ coeff -2.94393 of var (x7,x10) (idx 10) in constr e110 (idx 95) is deemed risky
+ coeff -1.06783 of var (x7,x11) (idx 11) in constr e110 (idx 95) is deemed risky
+ coeff 4.52362 of var (x7,x16) (idx 12) in constr e110 (idx 95) is deemed risky
+ coeff -4.52362 of var (x7,x17) (idx 13) in constr e110 (idx 95) is deemed risky
+ coeff -2.10592 of var (x8,x9) (idx 15) in constr e110 (idx 95) is deemed risky
+ coeff 3.40739 of var (x8,x10) (idx 16) in constr e110 (idx 95) is deemed risky
+ coeff 4.0113 of var (x9,x9) (idx 18) in constr e110 (idx 95) is deemed risky
+ coeff 2.10592 of var (x9,x11) (idx 19) in constr e110 (idx 95) is deemed risky
+ coeff -3.40739 of var (x9,x16) (idx 20) in constr e110 (idx 95) is deemed risky
+ coeff 3.40739 of var (x9,x17) (idx 21) in constr e110 (idx 95) is deemed risky
+ coeff 4.0113 of var (x10,x10) (idx 22) in constr e110 (idx 95) is deemed risky
+ coeff -3.40739 of var (x10,x11) (idx 23) in constr e110 (idx 95) is deemed risky
+ coeff -2.10592 of var (x10,x16) (idx 24) in constr e110 (idx 95) is deemed risky
+ coeff 2.10592 of var (x10,x17) (idx 25) in constr e110 (idx 95) is deemed risky
+ coeff 5.40085 of var (x6,x6) (idx 0) in constr e111 (idx 96) is deemed risky
+ coeff 4.52362 of var (x6,x8) (idx 1) in constr e111 (idx 96) is deemed risky
+ coeff 4.34091 of var (x6,x12) (idx 2) in constr e111 (idx 96) is deemed risky
+ coeff -4.56927 of var (x6,x13) (idx 3) in constr e111 (idx 96) is deemed risky
+ coeff -4.52362 of var (x6,x14) (idx 4) in constr e111 (idx 96) is deemed risky
+ coeff -1.06783 of var (x6,x16) (idx 5) in constr e111 (idx 96) is deemed risky
+ coeff 1.06783 of var (x6,x18) (idx 6) in constr e111 (idx 96) is deemed risky
+ coeff 5.40085 of var (x7,x7) (idx 7) in constr e111 (idx 96) is deemed risky
+ coeff 1.06783 of var (x7,x8) (idx 8) in constr e111 (idx 96) is deemed risky
+ coeff 4.56927 of var (x7,x12) (idx 9) in constr e111 (idx 96) is deemed risky
+ coeff 4.34091 of var (x7,x13) (idx 10) in constr e111 (idx 96) is deemed risky
+ coeff -1.06783 of var (x7,x14) (idx 11) in constr e111 (idx 96) is deemed risky
+ coeff 4.52362 of var (x7,x16) (idx 12) in constr e111 (idx 96) is deemed risky
+ coeff -4.52362 of var (x7,x18) (idx 13) in constr e111 (idx 96) is deemed risky
+ coeff 2.26963 of var (x8,x12) (idx 15) in constr e111 (idx 96) is deemed risky
+ coeff -1.48442 of var (x8,x13) (idx 16) in constr e111 (idx 96) is deemed risky
+ coeff 1.83868 of var (x12,x12) (idx 18) in constr e111 (idx 96) is deemed risky
+ coeff -2.26963 of var (x12,x14) (idx 19) in constr e111 (idx 96) is deemed risky
+ coeff 1.48442 of var (x12,x16) (idx 20) in constr e111 (idx 96) is deemed risky
+ coeff -1.48442 of var (x12,x18) (idx 21) in constr e111 (idx 96) is deemed risky
+ coeff 1.83868 of var (x13,x13) (idx 22) in constr e111 (idx 96) is deemed risky
+ coeff 1.48442 of var (x13,x14) (idx 23) in constr e111 (idx 96) is deemed risky
+ coeff 2.26963 of var (x13,x16) (idx 24) in constr e111 (idx 96) is deemed risky
+ coeff -2.26963 of var (x13,x18) (idx 25) in constr e111 (idx 96) is deemed risky
+ coeff 5.40085 of var (x6,x6) (idx 0) in constr e112 (idx 97) is deemed risky
+ coeff 4.52362 of var (x6,x8) (idx 1) in constr e112 (idx 97) is deemed risky
+ coeff 6.40232 of var (x6,x9) (idx 2) in constr e112 (idx 97) is deemed risky
+ coeff -3.20111 of var (x6,x10) (idx 3) in constr e112 (idx 97) is deemed risky
+ coeff -4.52362 of var (x6,x11) (idx 4) in constr e112 (idx 97) is deemed risky
+ coeff -1.06783 of var (x6,x16) (idx 5) in constr e112 (idx 97) is deemed risky
+ coeff 1.06783 of var (x6,x17) (idx 6) in constr e112 (idx 97) is deemed risky
+ coeff 5.40085 of var (x7,x7) (idx 7) in constr e112 (idx 97) is deemed risky
+ coeff 1.06783 of var (x7,x8) (idx 8) in constr e112 (idx 97) is deemed risky
+ coeff 3.20111 of var (x7,x9) (idx 9) in constr e112 (idx 97) is deemed risky
+ coeff 6.40232 of var (x7,x10) (idx 10) in constr e112 (idx 97) is deemed risky
+ coeff -1.06783 of var (x7,x11) (idx 11) in constr e112 (idx 97) is deemed risky
+ coeff 4.52362 of var (x7,x16) (idx 12) in constr e112 (idx 97) is deemed risky
+ coeff -4.52362 of var (x7,x17) (idx 13) in constr e112 (idx 97) is deemed risky
+ coeff 2.99767 of var (x8,x9) (idx 15) in constr e112 (idx 97) is deemed risky
+ coeff -0.70767 of var (x8,x10) (idx 16) in constr e112 (idx 97) is deemed risky
+ coeff 2.3717 of var (x9,x9) (idx 18) in constr e112 (idx 97) is deemed risky
+ coeff -2.99767 of var (x9,x11) (idx 19) in constr e112 (idx 97) is deemed risky
+ coeff 0.70767 of var (x9,x16) (idx 20) in constr e112 (idx 97) is deemed risky
+ coeff -0.70767 of var (x9,x17) (idx 21) in constr e112 (idx 97) is deemed risky
+ coeff 2.3717 of var (x10,x10) (idx 22) in constr e112 (idx 97) is deemed risky
+ coeff 0.70767 of var (x10,x11) (idx 23) in constr e112 (idx 97) is deemed risky
+ coeff 2.99767 of var (x10,x16) (idx 24) in constr e112 (idx 97) is deemed risky
+ coeff -2.99767 of var (x10,x17) (idx 25) in constr e112 (idx 97) is deemed risky
+ coeff 5.40085 of var (x6,x6) (idx 0) in constr e113 (idx 98) is deemed risky
+ coeff 4.52362 of var (x6,x8) (idx 1) in constr e113 (idx 98) is deemed risky
+ coeff -11.2137 of var (x6,x12) (idx 2) in constr e113 (idx 98) is deemed risky
+ coeff -1.01124 of var (x6,x13) (idx 3) in constr e113 (idx 98) is deemed risky
+ coeff -4.52362 of var (x6,x14) (idx 4) in constr e113 (idx 98) is deemed risky
+ coeff -1.06783 of var (x6,x16) (idx 5) in constr e113 (idx 98) is deemed risky
+ coeff 1.06783 of var (x6,x18) (idx 6) in constr e113 (idx 98) is deemed risky
+ coeff 5.40085 of var (x7,x7) (idx 7) in constr e113 (idx 98) is deemed risky
+ coeff 1.06783 of var (x7,x8) (idx 8) in constr e113 (idx 98) is deemed risky
+ coeff 1.01124 of var (x7,x12) (idx 9) in constr e113 (idx 98) is deemed risky
+ coeff -11.2137 of var (x7,x13) (idx 10) in constr e113 (idx 98) is deemed risky
+ coeff -1.06783 of var (x7,x14) (idx 11) in constr e113 (idx 98) is deemed risky
+ coeff 4.52362 of var (x7,x16) (idx 12) in constr e113 (idx 98) is deemed risky
+ coeff -4.52362 of var (x7,x18) (idx 13) in constr e113 (idx 98) is deemed risky
+ coeff -4.5962 of var (x8,x12) (idx 15) in constr e113 (idx 98) is deemed risky
+ coeff -1.53206 of var (x8,x13) (idx 16) in constr e113 (idx 98) is deemed risky
+ coeff 5.86805 of var (x12,x12) (idx 18) in constr e113 (idx 98) is deemed risky
+ coeff 4.5962 of var (x12,x14) (idx 19) in constr e113 (idx 98) is deemed risky
+ coeff 1.53206 of var (x12,x16) (idx 20) in constr e113 (idx 98) is deemed risky
+ coeff -1.53206 of var (x12,x18) (idx 21) in constr e113 (idx 98) is deemed risky
+ coeff 5.86805 of var (x13,x13) (idx 22) in constr e113 (idx 98) is deemed risky
+ coeff 1.53206 of var (x13,x14) (idx 23) in constr e113 (idx 98) is deemed risky
+ coeff -4.5962 of var (x13,x16) (idx 24) in constr e113 (idx 98) is deemed risky
+ coeff 4.5962 of var (x13,x18) (idx 25) in constr e113 (idx 98) is deemed risky
+ coeff 5.40085 of var (x6,x6) (idx 0) in constr e114 (idx 99) is deemed risky
+ coeff 4.52362 of var (x6,x8) (idx 1) in constr e114 (idx 99) is deemed risky
+ coeff -7.07722 of var (x6,x9) (idx 2) in constr e114 (idx 99) is deemed risky
+ coeff -4.37419 of var (x6,x10) (idx 3) in constr e114 (idx 99) is deemed risky
+ coeff -4.52362 of var (x6,x11) (idx 4) in constr e114 (idx 99) is deemed risky
+ coeff -1.06783 of var (x6,x16) (idx 5) in constr e114 (idx 99) is deemed risky
+ coeff 1.06783 of var (x6,x17) (idx 6) in constr e114 (idx 99) is deemed risky
+ coeff 5.40085 of var (x7,x7) (idx 7) in constr e114 (idx 99) is deemed risky
+ coeff 1.06783 of var (x7,x8) (idx 8) in constr e114 (idx 99) is deemed risky
+ coeff 4.37419 of var (x7,x9) (idx 9) in constr e114 (idx 99) is deemed risky
+ coeff -7.07722 of var (x7,x10) (idx 10) in constr e114 (idx 99) is deemed risky
+ coeff -1.06783 of var (x7,x11) (idx 11) in constr e114 (idx 99) is deemed risky
+ coeff 4.52362 of var (x7,x16) (idx 12) in constr e114 (idx 99) is deemed risky
+ coeff -4.52362 of var (x7,x17) (idx 13) in constr e114 (idx 99) is deemed risky
+ coeff -2.53143 of var (x8,x9) (idx 15) in constr e114 (idx 99) is deemed risky
+ coeff -2.53149 of var (x8,x10) (idx 16) in constr e114 (idx 99) is deemed risky
+ coeff 3.20415 of var (x9,x9) (idx 18) in constr e114 (idx 99) is deemed risky
+ coeff 2.53143 of var (x9,x11) (idx 19) in constr e114 (idx 99) is deemed risky
+ coeff 2.53149 of var (x9,x16) (idx 20) in constr e114 (idx 99) is deemed risky
+ coeff -2.53149 of var (x9,x17) (idx 21) in constr e114 (idx 99) is deemed risky
+ coeff 3.20415 of var (x10,x10) (idx 22) in constr e114 (idx 99) is deemed risky
+ coeff 2.53149 of var (x10,x11) (idx 23) in constr e114 (idx 99) is deemed risky
+ coeff -2.53143 of var (x10,x16) (idx 24) in constr e114 (idx 99) is deemed risky
+ coeff 2.53143 of var (x10,x17) (idx 25) in constr e114 (idx 99) is deemed risky
+ coeff 5.40085 of var (x6,x6) (idx 0) in constr e115 (idx 100) is deemed risky
+ coeff 4.52362 of var (x6,x8) (idx 1) in constr e115 (idx 100) is deemed risky
+ coeff 2.82769 of var (x6,x12) (idx 2) in constr e115 (idx 100) is deemed risky
+ coeff 5.31109 of var (x6,x13) (idx 3) in constr e115 (idx 100) is deemed risky
+ coeff -4.52362 of var (x6,x14) (idx 4) in constr e115 (idx 100) is deemed risky
+ coeff -1.06783 of var (x6,x16) (idx 5) in constr e115 (idx 100) is deemed risky
+ coeff 1.06783 of var (x6,x18) (idx 6) in constr e115 (idx 100) is deemed risky
+ coeff 5.40085 of var (x7,x7) (idx 7) in constr e115 (idx 100) is deemed risky
+ coeff 1.06783 of var (x7,x8) (idx 8) in constr e115 (idx 100) is deemed risky
+ coeff -5.31109 of var (x7,x12) (idx 9) in constr e115 (idx 100) is deemed risky
+ coeff 2.82769 of var (x7,x13) (idx 10) in constr e115 (idx 100) is deemed risky
+ coeff -1.06783 of var (x7,x14) (idx 11) in constr e115 (idx 100) is deemed risky
+ coeff 4.52362 of var (x7,x16) (idx 12) in constr e115 (idx 100) is deemed risky
+ coeff -4.52362 of var (x7,x18) (idx 13) in constr e115 (idx 100) is deemed risky
+ coeff 0.659161 of var (x8,x12) (idx 15) in constr e115 (idx 100) is deemed risky
+ coeff 2.50376 of var (x8,x13) (idx 16) in constr e115 (idx 100) is deemed risky
+ coeff 1.67582 of var (x12,x12) (idx 18) in constr e115 (idx 100) is deemed risky
+ coeff -0.659161 of var (x12,x14) (idx 19) in constr e115 (idx 100) is deemed risky
+ coeff -2.50376 of var (x12,x16) (idx 20) in constr e115 (idx 100) is deemed risky
+ coeff 2.50376 of var (x12,x18) (idx 21) in constr e115 (idx 100) is deemed risky
+ coeff 1.67582 of var (x13,x13) (idx 22) in constr e115 (idx 100) is deemed risky
+ coeff -2.50376 of var (x13,x14) (idx 23) in constr e115 (idx 100) is deemed risky
+ coeff 0.659161 of var (x13,x16) (idx 24) in constr e115 (idx 100) is deemed risky
+ coeff -0.659161 of var (x13,x18) (idx 25) in constr e115 (idx 100) is deemed risky
+ coeff 5.36741 of var (x9,x9) (idx 0) in constr e116 (idx 101) is deemed risky
+ coeff -4.39148 of var (x9,x11) (idx 1) in constr e116 (idx 101) is deemed risky
+ coeff 4.39148 of var (x9,x14) (idx 2) in constr e116 (idx 101) is deemed risky
+ coeff -1.47803 of var (x9,x17) (idx 3) in constr e116 (idx 101) is deemed risky
+ coeff 1.47803 of var (x9,x18) (idx 4) in constr e116 (idx 101) is deemed risky
+ coeff 5.36741 of var (x10,x10) (idx 5) in constr e116 (idx 101) is deemed risky
+ coeff 1.47803 of var (x10,x11) (idx 6) in constr e116 (idx 101) is deemed risky
+ coeff -1.47803 of var (x10,x14) (idx 7) in constr e116 (idx 101) is deemed risky
+ coeff -4.39148 of var (x10,x17) (idx 8) in constr e116 (idx 101) is deemed risky
+ coeff 4.39148 of var (x10,x18) (idx 9) in constr e116 (idx 101) is deemed risky
+ coeff 5.36741 of var (x9,x9) (idx 0) in constr e117 (idx 102) is deemed risky
+ coeff -4.39148 of var (x9,x11) (idx 1) in constr e117 (idx 102) is deemed risky
+ coeff 5.89683 of var (x9,x12) (idx 2) in constr e117 (idx 102) is deemed risky
+ coeff 4.44938 of var (x9,x13) (idx 3) in constr e117 (idx 102) is deemed risky
+ coeff 4.39148 of var (x9,x14) (idx 4) in constr e117 (idx 102) is deemed risky
+ coeff -1.47803 of var (x9,x17) (idx 5) in constr e117 (idx 102) is deemed risky
+ coeff 1.47803 of var (x9,x18) (idx 6) in constr e117 (idx 102) is deemed risky
+ coeff 5.36741 of var (x10,x10) (idx 7) in constr e117 (idx 102) is deemed risky
+ coeff 1.47803 of var (x10,x11) (idx 8) in constr e117 (idx 102) is deemed risky
+ coeff -4.44938 of var (x10,x12) (idx 9) in constr e117 (idx 102) is deemed risky
+ coeff 5.89683 of var (x10,x13) (idx 10) in constr e117 (idx 102) is deemed risky
+ coeff -1.47803 of var (x10,x14) (idx 11) in constr e117 (idx 102) is deemed risky
+ coeff -4.39148 of var (x10,x17) (idx 12) in constr e117 (idx 102) is deemed risky
+ coeff 4.39148 of var (x10,x18) (idx 13) in constr e117 (idx 102) is deemed risky
+ coeff -3.02493 of var (x11,x12) (idx 15) in constr e117 (idx 102) is deemed risky
+ coeff -1.00828 of var (x11,x13) (idx 16) in constr e117 (idx 102) is deemed risky
+ coeff 2.54171 of var (x12,x12) (idx 18) in constr e117 (idx 102) is deemed risky
+ coeff 3.02493 of var (x12,x14) (idx 19) in constr e117 (idx 102) is deemed risky
+ coeff 1.00828 of var (x12,x17) (idx 20) in constr e117 (idx 102) is deemed risky
+ coeff -1.00828 of var (x12,x18) (idx 21) in constr e117 (idx 102) is deemed risky
+ coeff 2.54171 of var (x13,x13) (idx 22) in constr e117 (idx 102) is deemed risky
+ coeff 1.00828 of var (x13,x14) (idx 23) in constr e117 (idx 102) is deemed risky
+ coeff -3.02493 of var (x13,x17) (idx 24) in constr e117 (idx 102) is deemed risky
+ coeff 3.02493 of var (x13,x18) (idx 25) in constr e117 (idx 102) is deemed risky
+ coeff 5.36741 of var (x9,x9) (idx 0) in constr e118 (idx 103) is deemed risky
+ coeff -4.39148 of var (x9,x11) (idx 1) in constr e118 (idx 103) is deemed risky
+ coeff -6.08052 of var (x9,x12) (idx 2) in constr e118 (idx 103) is deemed risky
+ coeff 1.58212 of var (x9,x13) (idx 3) in constr e118 (idx 103) is deemed risky
+ coeff 4.39148 of var (x9,x14) (idx 4) in constr e118 (idx 103) is deemed risky
+ coeff -1.47803 of var (x9,x17) (idx 5) in constr e118 (idx 103) is deemed risky
+ coeff 1.47803 of var (x9,x18) (idx 6) in constr e118 (idx 103) is deemed risky
+ coeff 5.36741 of var (x10,x10) (idx 7) in constr e118 (idx 103) is deemed risky
+ coeff 1.47803 of var (x10,x11) (idx 8) in constr e118 (idx 103) is deemed risky
+ coeff -1.58212 of var (x10,x12) (idx 9) in constr e118 (idx 103) is deemed risky
+ coeff -6.08052 of var (x10,x13) (idx 10) in constr e118 (idx 103) is deemed risky
+ coeff -1.47803 of var (x10,x14) (idx 11) in constr e118 (idx 103) is deemed risky
+ coeff -4.39148 of var (x10,x17) (idx 12) in constr e118 (idx 103) is deemed risky
+ coeff 4.39148 of var (x10,x18) (idx 13) in constr e118 (idx 103) is deemed risky
+ coeff 2.26963 of var (x11,x12) (idx 15) in constr e118 (idx 103) is deemed risky
+ coeff -1.48442 of var (x11,x13) (idx 16) in constr e118 (idx 103) is deemed risky
+ coeff 1.83868 of var (x12,x12) (idx 18) in constr e118 (idx 103) is deemed risky
+ coeff -2.26963 of var (x12,x14) (idx 19) in constr e118 (idx 103) is deemed risky
+ coeff 1.48442 of var (x12,x17) (idx 20) in constr e118 (idx 103) is deemed risky
+ coeff -1.48442 of var (x12,x18) (idx 21) in constr e118 (idx 103) is deemed risky
+ coeff 1.83868 of var (x13,x13) (idx 22) in constr e118 (idx 103) is deemed risky
+ coeff 1.48442 of var (x13,x14) (idx 23) in constr e118 (idx 103) is deemed risky
+ coeff 2.26963 of var (x13,x17) (idx 24) in constr e118 (idx 103) is deemed risky
+ coeff -2.26963 of var (x13,x18) (idx 25) in constr e118 (idx 103) is deemed risky
+ coeff 5.36741 of var (x9,x9) (idx 0) in constr e119 (idx 104) is deemed risky
+ coeff -4.39148 of var (x9,x11) (idx 1) in constr e119 (idx 104) is deemed risky
+ coeff 8.95984 of var (x9,x12) (idx 2) in constr e119 (idx 104) is deemed risky
+ coeff 6.76065 of var (x9,x13) (idx 3) in constr e119 (idx 104) is deemed risky
+ coeff 4.39148 of var (x9,x14) (idx 4) in constr e119 (idx 104) is deemed risky
+ coeff -1.47803 of var (x9,x17) (idx 5) in constr e119 (idx 104) is deemed risky
+ coeff 1.47803 of var (x9,x18) (idx 6) in constr e119 (idx 104) is deemed risky
+ coeff 5.36741 of var (x10,x10) (idx 7) in constr e119 (idx 104) is deemed risky
+ coeff 1.47803 of var (x10,x11) (idx 8) in constr e119 (idx 104) is deemed risky
+ coeff -6.76065 of var (x10,x12) (idx 9) in constr e119 (idx 104) is deemed risky
+ coeff 8.95984 of var (x10,x13) (idx 10) in constr e119 (idx 104) is deemed risky
+ coeff -1.47803 of var (x10,x14) (idx 11) in constr e119 (idx 104) is deemed risky
+ coeff -4.39148 of var (x10,x17) (idx 12) in constr e119 (idx 104) is deemed risky
+ coeff 4.39148 of var (x10,x18) (idx 13) in constr e119 (idx 104) is deemed risky
+ coeff -4.5962 of var (x11,x12) (idx 15) in constr e119 (idx 104) is deemed risky
+ coeff -1.53206 of var (x11,x13) (idx 16) in constr e119 (idx 104) is deemed risky
+ coeff 5.86805 of var (x12,x12) (idx 18) in constr e119 (idx 104) is deemed risky
+ coeff 4.5962 of var (x12,x14) (idx 19) in constr e119 (idx 104) is deemed risky
+ coeff 1.53206 of var (x12,x17) (idx 20) in constr e119 (idx 104) is deemed risky
+ coeff -1.53206 of var (x12,x18) (idx 21) in constr e119 (idx 104) is deemed risky
+ coeff 5.86805 of var (x13,x13) (idx 22) in constr e119 (idx 104) is deemed risky
+ coeff 1.53206 of var (x13,x14) (idx 23) in constr e119 (idx 104) is deemed risky
+ coeff -4.5962 of var (x13,x17) (idx 24) in constr e119 (idx 104) is deemed risky
+ coeff 4.5962 of var (x13,x18) (idx 25) in constr e119 (idx 104) is deemed risky
+ coeff 5.36741 of var (x9,x9) (idx 0) in constr e120 (idx 105) is deemed risky
+ coeff -4.39148 of var (x9,x11) (idx 1) in constr e120 (idx 105) is deemed risky
+ coeff 0.402965 of var (x9,x12) (idx 2) in constr e120 (idx 105) is deemed risky
+ coeff -5.98473 of var (x9,x13) (idx 3) in constr e120 (idx 105) is deemed risky
+ coeff 4.39148 of var (x9,x14) (idx 4) in constr e120 (idx 105) is deemed risky
+ coeff -1.47803 of var (x9,x17) (idx 5) in constr e120 (idx 105) is deemed risky
+ coeff 1.47803 of var (x9,x18) (idx 6) in constr e120 (idx 105) is deemed risky
+ coeff 5.36741 of var (x10,x10) (idx 7) in constr e120 (idx 105) is deemed risky
+ coeff 1.47803 of var (x10,x11) (idx 8) in constr e120 (idx 105) is deemed risky
+ coeff 5.98473 of var (x10,x12) (idx 9) in constr e120 (idx 105) is deemed risky
+ coeff 0.402965 of var (x10,x13) (idx 10) in constr e120 (idx 105) is deemed risky
+ coeff -1.47803 of var (x10,x14) (idx 11) in constr e120 (idx 105) is deemed risky
+ coeff -4.39148 of var (x10,x17) (idx 12) in constr e120 (idx 105) is deemed risky
+ coeff 4.39148 of var (x10,x18) (idx 13) in constr e120 (idx 105) is deemed risky
+ coeff 0.659161 of var (x11,x12) (idx 15) in constr e120 (idx 105) is deemed risky
+ coeff 2.50376 of var (x11,x13) (idx 16) in constr e120 (idx 105) is deemed risky
+ coeff 1.67582 of var (x12,x12) (idx 18) in constr e120 (idx 105) is deemed risky
+ coeff -0.659161 of var (x12,x14) (idx 19) in constr e120 (idx 105) is deemed risky
+ coeff -2.50376 of var (x12,x17) (idx 20) in constr e120 (idx 105) is deemed risky
+ coeff 2.50376 of var (x12,x18) (idx 21) in constr e120 (idx 105) is deemed risky
+ coeff 1.67582 of var (x13,x13) (idx 22) in constr e120 (idx 105) is deemed risky
+ coeff -2.50376 of var (x13,x14) (idx 23) in constr e120 (idx 105) is deemed risky
+ coeff 0.659161 of var (x13,x17) (idx 24) in constr e120 (idx 105) is deemed risky
+ coeff -0.659161 of var (x13,x18) (idx 25) in constr e120 (idx 105) is deemed risky
+ coeff 5.01621 of var (x3,x3) (idx 0) in constr e121 (idx 106) is deemed risky
+ coeff -4.05648 of var (x3,x5) (idx 1) in constr e121 (idx 106) is deemed risky
+ coeff 4.05648 of var (x3,x8) (idx 2) in constr e121 (idx 106) is deemed risky
+ coeff -1.89996 of var (x3,x15) (idx 3) in constr e121 (idx 106) is deemed risky
+ coeff 1.89996 of var (x3,x16) (idx 4) in constr e121 (idx 106) is deemed risky
+ coeff 5.01621 of var (x4,x4) (idx 5) in constr e121 (idx 106) is deemed risky
+ coeff 1.89996 of var (x4,x5) (idx 6) in constr e121 (idx 106) is deemed risky
+ coeff -1.89996 of var (x4,x8) (idx 7) in constr e121 (idx 106) is deemed risky
+ coeff -4.05648 of var (x4,x15) (idx 8) in constr e121 (idx 106) is deemed risky
+ coeff 4.05648 of var (x4,x16) (idx 9) in constr e121 (idx 106) is deemed risky
+ coeff 5.01621 of var (x3,x3) (idx 0) in constr e122 (idx 107) is deemed risky
+ coeff -4.05648 of var (x3,x5) (idx 1) in constr e122 (idx 107) is deemed risky
+ coeff 4.05648 of var (x3,x11) (idx 2) in constr e122 (idx 107) is deemed risky
+ coeff -1.89996 of var (x3,x15) (idx 3) in constr e122 (idx 107) is deemed risky
+ coeff 1.89996 of var (x3,x17) (idx 4) in constr e122 (idx 107) is deemed risky
+ coeff 5.01621 of var (x4,x4) (idx 5) in constr e122 (idx 107) is deemed risky
+ coeff 1.89996 of var (x4,x5) (idx 6) in constr e122 (idx 107) is deemed risky
+ coeff -1.89996 of var (x4,x11) (idx 7) in constr e122 (idx 107) is deemed risky
+ coeff -4.05648 of var (x4,x15) (idx 8) in constr e122 (idx 107) is deemed risky
+ coeff 4.05648 of var (x4,x17) (idx 9) in constr e122 (idx 107) is deemed risky
+ coeff 5.01621 of var (x3,x3) (idx 0) in constr e123 (idx 108) is deemed risky
+ coeff -4.05648 of var (x3,x5) (idx 1) in constr e123 (idx 108) is deemed risky
+ coeff 4.05648 of var (x3,x14) (idx 2) in constr e123 (idx 108) is deemed risky
+ coeff -1.89996 of var (x3,x15) (idx 3) in constr e123 (idx 108) is deemed risky
+ coeff 1.89996 of var (x3,x18) (idx 4) in constr e123 (idx 108) is deemed risky
+ coeff 5.01621 of var (x4,x4) (idx 5) in constr e123 (idx 108) is deemed risky
+ coeff 1.89996 of var (x4,x5) (idx 6) in constr e123 (idx 108) is deemed risky
+ coeff -1.89996 of var (x4,x14) (idx 7) in constr e123 (idx 108) is deemed risky
+ coeff -4.05648 of var (x4,x15) (idx 8) in constr e123 (idx 108) is deemed risky
+ coeff 4.05648 of var (x4,x18) (idx 9) in constr e123 (idx 108) is deemed risky
+ coeff 5.01621 of var (x3,x3) (idx 0) in constr e124 (idx 109) is deemed risky
+ coeff -4.05648 of var (x3,x5) (idx 1) in constr e124 (idx 109) is deemed risky
+ coeff 8.16056 of var (x3,x6) (idx 2) in constr e124 (idx 109) is deemed risky
+ coeff 6.46316 of var (x3,x7) (idx 3) in constr e124 (idx 109) is deemed risky
+ coeff 4.05648 of var (x3,x8) (idx 4) in constr e124 (idx 109) is deemed risky
+ coeff -1.89996 of var (x3,x15) (idx 5) in constr e124 (idx 109) is deemed risky
+ coeff 1.89996 of var (x3,x16) (idx 6) in constr e124 (idx 109) is deemed risky
+ coeff 5.01621 of var (x4,x4) (idx 7) in constr e124 (idx 109) is deemed risky
+ coeff 1.89996 of var (x4,x5) (idx 8) in constr e124 (idx 109) is deemed risky
+ coeff -6.46316 of var (x4,x6) (idx 9) in constr e124 (idx 109) is deemed risky
+ coeff 8.16056 of var (x4,x7) (idx 10) in constr e124 (idx 109) is deemed risky
+ coeff -1.89996 of var (x4,x8) (idx 11) in constr e124 (idx 109) is deemed risky
+ coeff -4.05648 of var (x4,x15) (idx 12) in constr e124 (idx 109) is deemed risky
+ coeff 4.05648 of var (x4,x16) (idx 13) in constr e124 (idx 109) is deemed risky
+ coeff -4.52362 of var (x5,x6) (idx 15) in constr e124 (idx 109) is deemed risky
+ coeff -1.06783 of var (x5,x7) (idx 16) in constr e124 (idx 109) is deemed risky
+ coeff 5.40085 of var (x6,x6) (idx 18) in constr e124 (idx 109) is deemed risky
+ coeff 4.52362 of var (x6,x8) (idx 19) in constr e124 (idx 109) is deemed risky
+ coeff 1.06783 of var (x6,x15) (idx 20) in constr e124 (idx 109) is deemed risky
+ coeff -1.06783 of var (x6,x16) (idx 21) in constr e124 (idx 109) is deemed risky
+ coeff 5.40085 of var (x7,x7) (idx 22) in constr e124 (idx 109) is deemed risky
+ coeff 1.06783 of var (x7,x8) (idx 23) in constr e124 (idx 109) is deemed risky
+ coeff -4.52362 of var (x7,x15) (idx 24) in constr e124 (idx 109) is deemed risky
+ coeff 4.52362 of var (x7,x16) (idx 25) in constr e124 (idx 109) is deemed risky
+ coeff 5.01621 of var (x3,x3) (idx 0) in constr e125 (idx 110) is deemed risky
+ coeff -4.05648 of var (x3,x5) (idx 1) in constr e125 (idx 110) is deemed risky
+ coeff -10.3111 of var (x3,x9) (idx 2) in constr e125 (idx 110) is deemed risky
+ coeff -1.17403 of var (x3,x10) (idx 3) in constr e125 (idx 110) is deemed risky
+ coeff 4.05648 of var (x3,x11) (idx 4) in constr e125 (idx 110) is deemed risky
+ coeff -1.89996 of var (x3,x15) (idx 5) in constr e125 (idx 110) is deemed risky
+ coeff 1.89996 of var (x3,x17) (idx 6) in constr e125 (idx 110) is deemed risky
+ coeff 5.01621 of var (x4,x4) (idx 7) in constr e125 (idx 110) is deemed risky
+ coeff 1.89996 of var (x4,x5) (idx 8) in constr e125 (idx 110) is deemed risky
+ coeff 1.17403 of var (x4,x9) (idx 9) in constr e125 (idx 110) is deemed risky
+ coeff -10.3111 of var (x4,x10) (idx 10) in constr e125 (idx 110) is deemed risky
+ coeff -1.89996 of var (x4,x11) (idx 11) in constr e125 (idx 110) is deemed risky
+ coeff -4.05648 of var (x4,x15) (idx 12) in constr e125 (idx 110) is deemed risky
+ coeff 4.05648 of var (x4,x17) (idx 13) in constr e125 (idx 110) is deemed risky
+ coeff 4.39148 of var (x5,x9) (idx 15) in constr e125 (idx 110) is deemed risky
+ coeff -1.47803 of var (x5,x10) (idx 16) in constr e125 (idx 110) is deemed risky
+ coeff 5.36741 of var (x9,x9) (idx 18) in constr e125 (idx 110) is deemed risky
+ coeff -4.39148 of var (x9,x11) (idx 19) in constr e125 (idx 110) is deemed risky
+ coeff 1.47803 of var (x9,x15) (idx 20) in constr e125 (idx 110) is deemed risky
+ coeff -1.47803 of var (x9,x17) (idx 21) in constr e125 (idx 110) is deemed risky
+ coeff 5.36741 of var (x10,x10) (idx 22) in constr e125 (idx 110) is deemed risky
+ coeff 1.47803 of var (x10,x11) (idx 23) in constr e125 (idx 110) is deemed risky
+ coeff 4.39148 of var (x10,x15) (idx 24) in constr e125 (idx 110) is deemed risky
+ coeff -4.39148 of var (x10,x17) (idx 25) in constr e125 (idx 110) is deemed risky
+ coeff 5.01621 of var (x3,x3) (idx 0) in constr e126 (idx 111) is deemed risky
+ coeff -4.05648 of var (x3,x5) (idx 1) in constr e126 (idx 111) is deemed risky
+ coeff 5.17743 of var (x3,x12) (idx 2) in constr e126 (idx 111) is deemed risky
+ coeff 4.91865 of var (x3,x13) (idx 3) in constr e126 (idx 111) is deemed risky
+ coeff 4.05648 of var (x3,x14) (idx 4) in constr e126 (idx 111) is deemed risky
+ coeff -1.89996 of var (x3,x15) (idx 5) in constr e126 (idx 111) is deemed risky
+ coeff 1.89996 of var (x3,x18) (idx 6) in constr e126 (idx 111) is deemed risky
+ coeff 5.01621 of var (x4,x4) (idx 7) in constr e126 (idx 111) is deemed risky
+ coeff 1.89996 of var (x4,x5) (idx 8) in constr e126 (idx 111) is deemed risky
+ coeff -4.91865 of var (x4,x12) (idx 9) in constr e126 (idx 111) is deemed risky
+ coeff 5.17743 of var (x4,x13) (idx 10) in constr e126 (idx 111) is deemed risky
+ coeff -1.89996 of var (x4,x14) (idx 11) in constr e126 (idx 111) is deemed risky
+ coeff -4.05648 of var (x4,x15) (idx 12) in constr e126 (idx 111) is deemed risky
+ coeff 4.05648 of var (x4,x18) (idx 13) in constr e126 (idx 111) is deemed risky
+ coeff -3.02493 of var (x5,x12) (idx 15) in constr e126 (idx 111) is deemed risky
+ coeff -1.00828 of var (x5,x13) (idx 16) in constr e126 (idx 111) is deemed risky
+ coeff 2.54171 of var (x12,x12) (idx 18) in constr e126 (idx 111) is deemed risky
+ coeff 3.02493 of var (x12,x14) (idx 19) in constr e126 (idx 111) is deemed risky
+ coeff 1.00828 of var (x12,x15) (idx 20) in constr e126 (idx 111) is deemed risky
+ coeff -1.00828 of var (x12,x18) (idx 21) in constr e126 (idx 111) is deemed risky
+ coeff 2.54171 of var (x13,x13) (idx 22) in constr e126 (idx 111) is deemed risky
+ coeff 1.00828 of var (x13,x14) (idx 23) in constr e126 (idx 111) is deemed risky
+ coeff -3.02493 of var (x13,x15) (idx 24) in constr e126 (idx 111) is deemed risky
+ coeff 3.02493 of var (x13,x18) (idx 25) in constr e126 (idx 111) is deemed risky
+ coeff 5.01621 of var (x3,x3) (idx 0) in constr e127 (idx 112) is deemed risky
+ coeff -4.05648 of var (x3,x5) (idx 1) in constr e127 (idx 112) is deemed risky
+ coeff -9.51138 of var (x3,x6) (idx 2) in constr e127 (idx 112) is deemed risky
+ coeff -0.86467 of var (x3,x7) (idx 3) in constr e127 (idx 112) is deemed risky
+ coeff 4.05648 of var (x3,x8) (idx 4) in constr e127 (idx 112) is deemed risky
+ coeff -1.89996 of var (x3,x15) (idx 5) in constr e127 (idx 112) is deemed risky
+ coeff 1.89996 of var (x3,x16) (idx 6) in constr e127 (idx 112) is deemed risky
+ coeff 5.01621 of var (x4,x4) (idx 7) in constr e127 (idx 112) is deemed risky
+ coeff 1.89996 of var (x4,x5) (idx 8) in constr e127 (idx 112) is deemed risky
+ coeff 0.86467 of var (x4,x6) (idx 9) in constr e127 (idx 112) is deemed risky
+ coeff -9.51138 of var (x4,x7) (idx 10) in constr e127 (idx 112) is deemed risky
+ coeff -1.89996 of var (x4,x8) (idx 11) in constr e127 (idx 112) is deemed risky
+ coeff -4.05648 of var (x4,x15) (idx 12) in constr e127 (idx 112) is deemed risky
+ coeff 4.05648 of var (x4,x16) (idx 13) in constr e127 (idx 112) is deemed risky
+ coeff 4.00955 of var (x5,x6) (idx 15) in constr e127 (idx 112) is deemed risky
+ coeff -1.45167 of var (x5,x7) (idx 16) in constr e127 (idx 112) is deemed risky
+ coeff 4.54596 of var (x6,x6) (idx 18) in constr e127 (idx 112) is deemed risky
+ coeff -4.00955 of var (x6,x8) (idx 19) in constr e127 (idx 112) is deemed risky
+ coeff 1.45167 of var (x6,x15) (idx 20) in constr e127 (idx 112) is deemed risky
+ coeff -1.45167 of var (x6,x16) (idx 21) in constr e127 (idx 112) is deemed risky
+ coeff 4.54596 of var (x7,x7) (idx 22) in constr e127 (idx 112) is deemed risky
+ coeff 1.45167 of var (x7,x8) (idx 23) in constr e127 (idx 112) is deemed risky
+ coeff 4.00955 of var (x7,x15) (idx 24) in constr e127 (idx 112) is deemed risky
+ coeff -4.00955 of var (x7,x16) (idx 25) in constr e127 (idx 112) is deemed risky
+ coeff 5.01621 of var (x3,x3) (idx 0) in constr e128 (idx 113) is deemed risky
+ coeff -4.05648 of var (x3,x5) (idx 1) in constr e128 (idx 113) is deemed risky
+ coeff 7.50825 of var (x3,x9) (idx 2) in constr e128 (idx 113) is deemed risky
+ coeff -4.91042 of var (x3,x10) (idx 3) in constr e128 (idx 113) is deemed risky
+ coeff 4.05648 of var (x3,x11) (idx 4) in constr e128 (idx 113) is deemed risky
+ coeff -1.89996 of var (x3,x15) (idx 5) in constr e128 (idx 113) is deemed risky
+ coeff 1.89996 of var (x3,x17) (idx 6) in constr e128 (idx 113) is deemed risky
+ coeff 5.01621 of var (x4,x4) (idx 7) in constr e128 (idx 113) is deemed risky
+ coeff 1.89996 of var (x4,x5) (idx 8) in constr e128 (idx 113) is deemed risky
+ coeff 4.91042 of var (x4,x9) (idx 9) in constr e128 (idx 113) is deemed risky
+ coeff 7.50825 of var (x4,x10) (idx 10) in constr e128 (idx 113) is deemed risky
+ coeff -1.89996 of var (x4,x11) (idx 11) in constr e128 (idx 113) is deemed risky
+ coeff -4.05648 of var (x4,x15) (idx 12) in constr e128 (idx 113) is deemed risky
+ coeff 4.05648 of var (x4,x17) (idx 13) in constr e128 (idx 113) is deemed risky
+ coeff -2.10592 of var (x5,x9) (idx 15) in constr e128 (idx 113) is deemed risky
+ coeff 3.40739 of var (x5,x10) (idx 16) in constr e128 (idx 113) is deemed risky
+ coeff 4.0113 of var (x9,x9) (idx 18) in constr e128 (idx 113) is deemed risky
+ coeff 2.10592 of var (x9,x11) (idx 19) in constr e128 (idx 113) is deemed risky
+ coeff -3.40739 of var (x9,x15) (idx 20) in constr e128 (idx 113) is deemed risky
+ coeff 3.40739 of var (x9,x17) (idx 21) in constr e128 (idx 113) is deemed risky
+ coeff 4.0113 of var (x10,x10) (idx 22) in constr e128 (idx 113) is deemed risky
+ coeff -3.40739 of var (x10,x11) (idx 23) in constr e128 (idx 113) is deemed risky
+ coeff -2.10592 of var (x10,x15) (idx 24) in constr e128 (idx 113) is deemed risky
+ coeff 2.10592 of var (x10,x17) (idx 25) in constr e128 (idx 113) is deemed risky
+ coeff 5.01621 of var (x3,x3) (idx 0) in constr e129 (idx 114) is deemed risky
+ coeff -4.05648 of var (x3,x5) (idx 1) in constr e129 (idx 114) is deemed risky
+ coeff -6.01352 of var (x3,x12) (idx 2) in constr e129 (idx 114) is deemed risky
+ coeff 0.854665 of var (x3,x13) (idx 3) in constr e129 (idx 114) is deemed risky
+ coeff 4.05648 of var (x3,x14) (idx 4) in constr e129 (idx 114) is deemed risky
+ coeff -1.89996 of var (x3,x15) (idx 5) in constr e129 (idx 114) is deemed risky
+ coeff 1.89996 of var (x3,x18) (idx 6) in constr e129 (idx 114) is deemed risky
+ coeff 5.01621 of var (x4,x4) (idx 7) in constr e129 (idx 114) is deemed risky
+ coeff 1.89996 of var (x4,x5) (idx 8) in constr e129 (idx 114) is deemed risky
+ coeff -0.854665 of var (x4,x12) (idx 9) in constr e129 (idx 114) is deemed risky
+ coeff -6.01352 of var (x4,x13) (idx 10) in constr e129 (idx 114) is deemed risky
+ coeff -1.89996 of var (x4,x14) (idx 11) in constr e129 (idx 114) is deemed risky
+ coeff -4.05648 of var (x4,x15) (idx 12) in constr e129 (idx 114) is deemed risky
+ coeff 4.05648 of var (x4,x18) (idx 13) in constr e129 (idx 114) is deemed risky
+ coeff 2.26963 of var (x5,x12) (idx 15) in constr e129 (idx 114) is deemed risky
+ coeff -1.48442 of var (x5,x13) (idx 16) in constr e129 (idx 114) is deemed risky
+ coeff 1.83868 of var (x12,x12) (idx 18) in constr e129 (idx 114) is deemed risky
+ coeff -2.26963 of var (x12,x14) (idx 19) in constr e129 (idx 114) is deemed risky
+ coeff 1.48442 of var (x12,x15) (idx 20) in constr e129 (idx 114) is deemed risky
+ coeff -1.48442 of var (x12,x18) (idx 21) in constr e129 (idx 114) is deemed risky
+ coeff 1.83868 of var (x13,x13) (idx 22) in constr e129 (idx 114) is deemed risky
+ coeff 1.48442 of var (x13,x14) (idx 23) in constr e129 (idx 114) is deemed risky
+ coeff 2.26963 of var (x13,x15) (idx 24) in constr e129 (idx 114) is deemed risky
+ coeff -2.26963 of var (x13,x18) (idx 25) in constr e129 (idx 114) is deemed risky
+ coeff 5.01621 of var (x3,x3) (idx 0) in constr e130 (idx 115) is deemed risky
+ coeff -4.05648 of var (x3,x5) (idx 1) in constr e130 (idx 115) is deemed risky
+ coeff 13.272 of var (x3,x6) (idx 2) in constr e130 (idx 115) is deemed risky
+ coeff 10.5116 of var (x3,x7) (idx 3) in constr e130 (idx 115) is deemed risky
+ coeff 4.05648 of var (x3,x8) (idx 4) in constr e130 (idx 115) is deemed risky
+ coeff -1.89996 of var (x3,x15) (idx 5) in constr e130 (idx 115) is deemed risky
+ coeff 1.89996 of var (x3,x16) (idx 6) in constr e130 (idx 115) is deemed risky
+ coeff 5.01621 of var (x4,x4) (idx 7) in constr e130 (idx 115) is deemed risky
+ coeff 1.89996 of var (x4,x5) (idx 8) in constr e130 (idx 115) is deemed risky
+ coeff -10.5116 of var (x4,x6) (idx 9) in constr e130 (idx 115) is deemed risky
+ coeff 13.272 of var (x4,x7) (idx 10) in constr e130 (idx 115) is deemed risky
+ coeff -1.89996 of var (x4,x8) (idx 11) in constr e130 (idx 115) is deemed risky
+ coeff -4.05648 of var (x4,x15) (idx 12) in constr e130 (idx 115) is deemed risky
+ coeff 4.05648 of var (x4,x16) (idx 13) in constr e130 (idx 115) is deemed risky
+ coeff -7.35708 of var (x5,x6) (idx 15) in constr e130 (idx 115) is deemed risky
+ coeff -1.73674 of var (x5,x7) (idx 16) in constr e130 (idx 115) is deemed risky
+ coeff 14.2857 of var (x6,x6) (idx 18) in constr e130 (idx 115) is deemed risky
+ coeff 7.35708 of var (x6,x8) (idx 19) in constr e130 (idx 115) is deemed risky
+ coeff 1.73674 of var (x6,x15) (idx 20) in constr e130 (idx 115) is deemed risky
+ coeff -1.73674 of var (x6,x16) (idx 21) in constr e130 (idx 115) is deemed risky
+ coeff 14.2857 of var (x7,x7) (idx 22) in constr e130 (idx 115) is deemed risky
+ coeff 1.73674 of var (x7,x8) (idx 23) in constr e130 (idx 115) is deemed risky
+ coeff -7.35708 of var (x7,x15) (idx 24) in constr e130 (idx 115) is deemed risky
+ coeff 7.35708 of var (x7,x16) (idx 25) in constr e130 (idx 115) is deemed risky
+ coeff 5.01621 of var (x3,x3) (idx 0) in constr e131 (idx 116) is deemed risky
+ coeff -4.05648 of var (x3,x5) (idx 1) in constr e131 (idx 116) is deemed risky
+ coeff -6.75226 of var (x3,x9) (idx 2) in constr e131 (idx 116) is deemed risky
+ coeff -1.4124 of var (x3,x10) (idx 3) in constr e131 (idx 116) is deemed risky
+ coeff 4.05648 of var (x3,x11) (idx 4) in constr e131 (idx 116) is deemed risky
+ coeff -1.89996 of var (x3,x15) (idx 5) in constr e131 (idx 116) is deemed risky
+ coeff 1.89996 of var (x3,x17) (idx 6) in constr e131 (idx 116) is deemed risky
+ coeff 5.01621 of var (x4,x4) (idx 7) in constr e131 (idx 116) is deemed risky
+ coeff 1.89996 of var (x4,x5) (idx 8) in constr e131 (idx 116) is deemed risky
+ coeff 1.4124 of var (x4,x9) (idx 9) in constr e131 (idx 116) is deemed risky
+ coeff -6.75226 of var (x4,x10) (idx 10) in constr e131 (idx 116) is deemed risky
+ coeff -1.89996 of var (x4,x11) (idx 11) in constr e131 (idx 116) is deemed risky
+ coeff -4.05648 of var (x4,x15) (idx 12) in constr e131 (idx 116) is deemed risky
+ coeff 4.05648 of var (x4,x17) (idx 13) in constr e131 (idx 116) is deemed risky
+ coeff 2.99767 of var (x5,x9) (idx 15) in constr e131 (idx 116) is deemed risky
+ coeff -0.70767 of var (x5,x10) (idx 16) in constr e131 (idx 116) is deemed risky
+ coeff 2.3717 of var (x9,x9) (idx 18) in constr e131 (idx 116) is deemed risky
+ coeff -2.99767 of var (x9,x11) (idx 19) in constr e131 (idx 116) is deemed risky
+ coeff 0.70767 of var (x9,x15) (idx 20) in constr e131 (idx 116) is deemed risky
+ coeff -0.70767 of var (x9,x17) (idx 21) in constr e131 (idx 116) is deemed risky
+ coeff 2.3717 of var (x10,x10) (idx 22) in constr e131 (idx 116) is deemed risky
+ coeff 0.70767 of var (x10,x11) (idx 23) in constr e131 (idx 116) is deemed risky
+ coeff 2.99767 of var (x10,x15) (idx 24) in constr e131 (idx 116) is deemed risky
+ coeff -2.99767 of var (x10,x17) (idx 25) in constr e131 (idx 116) is deemed risky
+ coeff 5.01621 of var (x3,x3) (idx 0) in constr e132 (idx 117) is deemed risky
+ coeff -4.05648 of var (x3,x5) (idx 1) in constr e132 (idx 117) is deemed risky
+ coeff 7.86676 of var (x3,x12) (idx 2) in constr e132 (idx 117) is deemed risky
+ coeff 7.47367 of var (x3,x13) (idx 3) in constr e132 (idx 117) is deemed risky
+ coeff 4.05648 of var (x3,x14) (idx 4) in constr e132 (idx 117) is deemed risky
+ coeff -1.89996 of var (x3,x15) (idx 5) in constr e132 (idx 117) is deemed risky
+ coeff 1.89996 of var (x3,x18) (idx 6) in constr e132 (idx 117) is deemed risky
+ coeff 5.01621 of var (x4,x4) (idx 7) in constr e132 (idx 117) is deemed risky
+ coeff 1.89996 of var (x4,x5) (idx 8) in constr e132 (idx 117) is deemed risky
+ coeff -7.47367 of var (x4,x12) (idx 9) in constr e132 (idx 117) is deemed risky
+ coeff 7.86676 of var (x4,x13) (idx 10) in constr e132 (idx 117) is deemed risky
+ coeff -1.89996 of var (x4,x14) (idx 11) in constr e132 (idx 117) is deemed risky
+ coeff -4.05648 of var (x4,x15) (idx 12) in constr e132 (idx 117) is deemed risky
+ coeff 4.05648 of var (x4,x18) (idx 13) in constr e132 (idx 117) is deemed risky
+ coeff -4.5962 of var (x5,x12) (idx 15) in constr e132 (idx 117) is deemed risky
+ coeff -1.53206 of var (x5,x13) (idx 16) in constr e132 (idx 117) is deemed risky
+ coeff 5.86805 of var (x12,x12) (idx 18) in constr e132 (idx 117) is deemed risky
+ coeff 4.5962 of var (x12,x14) (idx 19) in constr e132 (idx 117) is deemed risky
+ coeff 1.53206 of var (x12,x15) (idx 20) in constr e132 (idx 117) is deemed risky
+ coeff -1.53206 of var (x12,x18) (idx 21) in constr e132 (idx 117) is deemed risky
+ coeff 5.86805 of var (x13,x13) (idx 22) in constr e132 (idx 117) is deemed risky
+ coeff 1.53206 of var (x13,x14) (idx 23) in constr e132 (idx 117) is deemed risky
+ coeff -4.5962 of var (x13,x15) (idx 24) in constr e132 (idx 117) is deemed risky
+ coeff 4.5962 of var (x13,x18) (idx 25) in constr e132 (idx 117) is deemed risky
+ coeff 5.01621 of var (x3,x3) (idx 0) in constr e133 (idx 118) is deemed risky
+ coeff -4.05648 of var (x3,x5) (idx 1) in constr e133 (idx 118) is deemed risky
+ coeff 16.4736 of var (x3,x6) (idx 2) in constr e133 (idx 118) is deemed risky
+ coeff 13.0472 of var (x3,x7) (idx 3) in constr e133 (idx 118) is deemed risky
+ coeff 4.05648 of var (x3,x8) (idx 4) in constr e133 (idx 118) is deemed risky
+ coeff -1.89996 of var (x3,x15) (idx 5) in constr e133 (idx 118) is deemed risky
+ coeff 1.89996 of var (x3,x16) (idx 6) in constr e133 (idx 118) is deemed risky
+ coeff 5.01621 of var (x4,x4) (idx 7) in constr e133 (idx 118) is deemed risky
+ coeff 1.89996 of var (x4,x5) (idx 8) in constr e133 (idx 118) is deemed risky
+ coeff -13.0472 of var (x4,x6) (idx 9) in constr e133 (idx 118) is deemed risky
+ coeff 16.4736 of var (x4,x7) (idx 10) in constr e133 (idx 118) is deemed risky
+ coeff -1.89996 of var (x4,x8) (idx 11) in constr e133 (idx 118) is deemed risky
+ coeff -4.05648 of var (x4,x15) (idx 12) in constr e133 (idx 118) is deemed risky
+ coeff 4.05648 of var (x4,x16) (idx 13) in constr e133 (idx 118) is deemed risky
+ coeff -9.13177 of var (x5,x6) (idx 15) in constr e133 (idx 118) is deemed risky
+ coeff -2.15565 of var (x5,x7) (idx 16) in constr e133 (idx 118) is deemed risky
+ coeff 22.009 of var (x6,x6) (idx 18) in constr e133 (idx 118) is deemed risky
+ coeff 9.13177 of var (x6,x8) (idx 19) in constr e133 (idx 118) is deemed risky
+ coeff 2.15565 of var (x6,x15) (idx 20) in constr e133 (idx 118) is deemed risky
+ coeff -2.15565 of var (x6,x16) (idx 21) in constr e133 (idx 118) is deemed risky
+ coeff 22.009 of var (x7,x7) (idx 22) in constr e133 (idx 118) is deemed risky
+ coeff 2.15565 of var (x7,x8) (idx 23) in constr e133 (idx 118) is deemed risky
+ coeff -9.13177 of var (x7,x15) (idx 24) in constr e133 (idx 118) is deemed risky
+ coeff 9.13177 of var (x7,x16) (idx 25) in constr e133 (idx 118) is deemed risky
+ coeff 5.01621 of var (x3,x3) (idx 0) in constr e134 (idx 119) is deemed risky
+ coeff -4.05648 of var (x3,x5) (idx 1) in constr e134 (idx 119) is deemed risky
+ coeff 2.72948 of var (x3,x9) (idx 2) in constr e134 (idx 119) is deemed risky
+ coeff 7.53929 of var (x3,x10) (idx 3) in constr e134 (idx 119) is deemed risky
+ coeff 4.05648 of var (x3,x11) (idx 4) in constr e134 (idx 119) is deemed risky
+ coeff -1.89996 of var (x3,x15) (idx 5) in constr e134 (idx 119) is deemed risky
+ coeff 1.89996 of var (x3,x17) (idx 6) in constr e134 (idx 119) is deemed risky
+ coeff 5.01621 of var (x4,x4) (idx 7) in constr e134 (idx 119) is deemed risky
+ coeff 1.89996 of var (x4,x5) (idx 8) in constr e134 (idx 119) is deemed risky
+ coeff -7.53929 of var (x4,x9) (idx 9) in constr e134 (idx 119) is deemed risky
+ coeff 2.72948 of var (x4,x10) (idx 10) in constr e134 (idx 119) is deemed risky
+ coeff -1.89996 of var (x4,x11) (idx 11) in constr e134 (idx 119) is deemed risky
+ coeff -4.05648 of var (x4,x15) (idx 12) in constr e134 (idx 119) is deemed risky
+ coeff 4.05648 of var (x4,x17) (idx 13) in constr e134 (idx 119) is deemed risky
+ coeff -2.53143 of var (x5,x9) (idx 15) in constr e134 (idx 119) is deemed risky
+ coeff -2.53149 of var (x5,x10) (idx 16) in constr e134 (idx 119) is deemed risky
+ coeff 3.20415 of var (x9,x9) (idx 18) in constr e134 (idx 119) is deemed risky
+ coeff 2.53143 of var (x9,x11) (idx 19) in constr e134 (idx 119) is deemed risky
+ coeff 2.53149 of var (x9,x15) (idx 20) in constr e134 (idx 119) is deemed risky
+ coeff -2.53149 of var (x9,x17) (idx 21) in constr e134 (idx 119) is deemed risky
+ coeff 3.20415 of var (x10,x10) (idx 22) in constr e134 (idx 119) is deemed risky
+ coeff 2.53149 of var (x10,x11) (idx 23) in constr e134 (idx 119) is deemed risky
+ coeff -2.53143 of var (x10,x15) (idx 24) in constr e134 (idx 119) is deemed risky
+ coeff 2.53143 of var (x10,x17) (idx 25) in constr e134 (idx 119) is deemed risky
+ coeff 5.01621 of var (x3,x3) (idx 0) in constr e135 (idx 120) is deemed risky
+ coeff -4.05648 of var (x3,x5) (idx 1) in constr e135 (idx 120) is deemed risky
+ coeff 1.04159 of var (x3,x12) (idx 2) in constr e135 (idx 120) is deemed risky
+ coeff -5.70441 of var (x3,x13) (idx 3) in constr e135 (idx 120) is deemed risky
+ coeff 4.05648 of var (x3,x14) (idx 4) in constr e135 (idx 120) is deemed risky
+ coeff -1.89996 of var (x3,x15) (idx 5) in constr e135 (idx 120) is deemed risky
+ coeff 1.89996 of var (x3,x18) (idx 6) in constr e135 (idx 120) is deemed risky
+ coeff 5.01621 of var (x4,x4) (idx 7) in constr e135 (idx 120) is deemed risky
+ coeff 1.89996 of var (x4,x5) (idx 8) in constr e135 (idx 120) is deemed risky
+ coeff 5.70441 of var (x4,x12) (idx 9) in constr e135 (idx 120) is deemed risky
+ coeff 1.04159 of var (x4,x13) (idx 10) in constr e135 (idx 120) is deemed risky
+ coeff -1.89996 of var (x4,x14) (idx 11) in constr e135 (idx 120) is deemed risky
+ coeff -4.05648 of var (x4,x15) (idx 12) in constr e135 (idx 120) is deemed risky
+ coeff 4.05648 of var (x4,x18) (idx 13) in constr e135 (idx 120) is deemed risky
+ coeff 0.659161 of var (x5,x12) (idx 15) in constr e135 (idx 120) is deemed risky
+ coeff 2.50376 of var (x5,x13) (idx 16) in constr e135 (idx 120) is deemed risky
+ coeff 1.67582 of var (x12,x12) (idx 18) in constr e135 (idx 120) is deemed risky
+ coeff -0.659161 of var (x12,x14) (idx 19) in constr e135 (idx 120) is deemed risky
+ coeff -2.50376 of var (x12,x15) (idx 20) in constr e135 (idx 120) is deemed risky
+ coeff 2.50376 of var (x12,x18) (idx 21) in constr e135 (idx 120) is deemed risky
+ coeff 1.67582 of var (x13,x13) (idx 22) in constr e135 (idx 120) is deemed risky
+ coeff -2.50376 of var (x13,x14) (idx 23) in constr e135 (idx 120) is deemed risky
+ coeff 0.659161 of var (x13,x15) (idx 24) in constr e135 (idx 120) is deemed risky
+ coeff -0.659161 of var (x13,x18) (idx 25) in constr e135 (idx 120) is deemed risky
+ coeff 4.54596 of var (x6,x6) (idx 0) in constr e136 (idx 121) is deemed risky
+ coeff -4.00955 of var (x6,x8) (idx 1) in constr e136 (idx 121) is deemed risky
+ coeff 4.00955 of var (x6,x11) (idx 2) in constr e136 (idx 121) is deemed risky
+ coeff -1.45167 of var (x6,x16) (idx 3) in constr e136 (idx 121) is deemed risky
+ coeff 1.45167 of var (x6,x17) (idx 4) in constr e136 (idx 121) is deemed risky
+ coeff 4.54596 of var (x7,x7) (idx 5) in constr e136 (idx 121) is deemed risky
+ coeff 1.45167 of var (x7,x8) (idx 6) in constr e136 (idx 121) is deemed risky
+ coeff -1.45167 of var (x7,x11) (idx 7) in constr e136 (idx 121) is deemed risky
+ coeff -4.00955 of var (x7,x16) (idx 8) in constr e136 (idx 121) is deemed risky
+ coeff 4.00955 of var (x7,x17) (idx 9) in constr e136 (idx 121) is deemed risky
+ coeff 4.54596 of var (x6,x6) (idx 0) in constr e137 (idx 122) is deemed risky
+ coeff -4.00955 of var (x6,x8) (idx 1) in constr e137 (idx 122) is deemed risky
+ coeff 4.00955 of var (x6,x14) (idx 2) in constr e137 (idx 122) is deemed risky
+ coeff -1.45167 of var (x6,x16) (idx 3) in constr e137 (idx 122) is deemed risky
+ coeff 1.45167 of var (x6,x18) (idx 4) in constr e137 (idx 122) is deemed risky
+ coeff 4.54596 of var (x7,x7) (idx 5) in constr e137 (idx 122) is deemed risky
+ coeff 1.45167 of var (x7,x8) (idx 6) in constr e137 (idx 122) is deemed risky
+ coeff -1.45167 of var (x7,x14) (idx 7) in constr e137 (idx 122) is deemed risky
+ coeff -4.00955 of var (x7,x16) (idx 8) in constr e137 (idx 122) is deemed risky
+ coeff 4.00955 of var (x7,x18) (idx 9) in constr e137 (idx 122) is deemed risky
+ coeff 4.54596 of var (x6,x6) (idx 0) in constr e138 (idx 123) is deemed risky
+ coeff -4.00955 of var (x6,x8) (idx 1) in constr e138 (idx 123) is deemed risky
+ coeff -9.87673 of var (x6,x9) (idx 2) in constr e138 (idx 123) is deemed risky
+ coeff -0.22437 of var (x6,x10) (idx 3) in constr e138 (idx 123) is deemed risky
+ coeff 4.00955 of var (x6,x11) (idx 4) in constr e138 (idx 123) is deemed risky
+ coeff -1.45167 of var (x6,x16) (idx 5) in constr e138 (idx 123) is deemed risky
+ coeff 1.45167 of var (x6,x17) (idx 6) in constr e138 (idx 123) is deemed risky
+ coeff 4.54596 of var (x7,x7) (idx 7) in constr e138 (idx 123) is deemed risky
+ coeff 1.45167 of var (x7,x8) (idx 8) in constr e138 (idx 123) is deemed risky
+ coeff 0.22437 of var (x7,x9) (idx 9) in constr e138 (idx 123) is deemed risky
+ coeff -9.87673 of var (x7,x10) (idx 10) in constr e138 (idx 123) is deemed risky
+ coeff -1.45167 of var (x7,x11) (idx 11) in constr e138 (idx 123) is deemed risky
+ coeff -4.00955 of var (x7,x16) (idx 12) in constr e138 (idx 123) is deemed risky
+ coeff 4.00955 of var (x7,x17) (idx 13) in constr e138 (idx 123) is deemed risky
+ coeff 4.39148 of var (x8,x9) (idx 15) in constr e138 (idx 123) is deemed risky
+ coeff -1.47803 of var (x8,x10) (idx 16) in constr e138 (idx 123) is deemed risky
+ coeff 5.36741 of var (x9,x9) (idx 18) in constr e138 (idx 123) is deemed risky
+ coeff -4.39148 of var (x9,x11) (idx 19) in constr e138 (idx 123) is deemed risky
+ coeff 1.47803 of var (x9,x16) (idx 20) in constr e138 (idx 123) is deemed risky
+ coeff -1.47803 of var (x9,x17) (idx 21) in constr e138 (idx 123) is deemed risky
+ coeff 5.36741 of var (x10,x10) (idx 22) in constr e138 (idx 123) is deemed risky
+ coeff 1.47803 of var (x10,x11) (idx 23) in constr e138 (idx 123) is deemed risky
+ coeff 4.39148 of var (x10,x16) (idx 24) in constr e138 (idx 123) is deemed risky
+ coeff -4.39148 of var (x10,x17) (idx 25) in constr e138 (idx 123) is deemed risky
+ coeff 4.54596 of var (x6,x6) (idx 0) in constr e139 (idx 124) is deemed risky
+ coeff -4.00955 of var (x6,x8) (idx 1) in constr e139 (idx 124) is deemed risky
+ coeff 5.33246 of var (x6,x12) (idx 2) in constr e139 (idx 124) is deemed risky
+ coeff 4.21697 of var (x6,x13) (idx 3) in constr e139 (idx 124) is deemed risky
+ coeff 4.00955 of var (x6,x14) (idx 4) in constr e139 (idx 124) is deemed risky
+ coeff -1.45167 of var (x6,x16) (idx 5) in constr e139 (idx 124) is deemed risky
+ coeff 1.45167 of var (x6,x18) (idx 6) in constr e139 (idx 124) is deemed risky
+ coeff 4.54596 of var (x7,x7) (idx 7) in constr e139 (idx 124) is deemed risky
+ coeff 1.45167 of var (x7,x8) (idx 8) in constr e139 (idx 124) is deemed risky
+ coeff -4.21697 of var (x7,x12) (idx 9) in constr e139 (idx 124) is deemed risky
+ coeff 5.33246 of var (x7,x13) (idx 10) in constr e139 (idx 124) is deemed risky
+ coeff -1.45167 of var (x7,x14) (idx 11) in constr e139 (idx 124) is deemed risky
+ coeff -4.00955 of var (x7,x16) (idx 12) in constr e139 (idx 124) is deemed risky
+ coeff 4.00955 of var (x7,x18) (idx 13) in constr e139 (idx 124) is deemed risky
+ coeff -3.02493 of var (x8,x12) (idx 15) in constr e139 (idx 124) is deemed risky
+ coeff -1.00828 of var (x8,x13) (idx 16) in constr e139 (idx 124) is deemed risky
+ coeff 2.54171 of var (x12,x12) (idx 18) in constr e139 (idx 124) is deemed risky
+ coeff 3.02493 of var (x12,x14) (idx 19) in constr e139 (idx 124) is deemed risky
+ coeff 1.00828 of var (x12,x16) (idx 20) in constr e139 (idx 124) is deemed risky
+ coeff -1.00828 of var (x12,x18) (idx 21) in constr e139 (idx 124) is deemed risky
+ coeff 2.54171 of var (x13,x13) (idx 22) in constr e139 (idx 124) is deemed risky
+ coeff 1.00828 of var (x13,x14) (idx 23) in constr e139 (idx 124) is deemed risky
+ coeff -3.02493 of var (x13,x16) (idx 24) in constr e139 (idx 124) is deemed risky
+ coeff 3.02493 of var (x13,x18) (idx 25) in constr e139 (idx 124) is deemed risky
+ coeff 4.54596 of var (x6,x6) (idx 0) in constr e140 (idx 125) is deemed risky
+ coeff -4.00955 of var (x6,x8) (idx 1) in constr e140 (idx 125) is deemed risky
+ coeff 6.69509 of var (x6,x9) (idx 2) in constr e140 (idx 125) is deemed risky
+ coeff -5.30251 of var (x6,x10) (idx 3) in constr e140 (idx 125) is deemed risky
+ coeff 4.00955 of var (x6,x11) (idx 4) in constr e140 (idx 125) is deemed risky
+ coeff -1.45167 of var (x6,x16) (idx 5) in constr e140 (idx 125) is deemed risky
+ coeff 1.45167 of var (x6,x17) (idx 6) in constr e140 (idx 125) is deemed risky
+ coeff 4.54596 of var (x7,x7) (idx 7) in constr e140 (idx 125) is deemed risky
+ coeff 1.45167 of var (x7,x8) (idx 8) in constr e140 (idx 125) is deemed risky
+ coeff 5.30251 of var (x7,x9) (idx 9) in constr e140 (idx 125) is deemed risky
+ coeff 6.69509 of var (x7,x10) (idx 10) in constr e140 (idx 125) is deemed risky
+ coeff -1.45167 of var (x7,x11) (idx 11) in constr e140 (idx 125) is deemed risky
+ coeff -4.00955 of var (x7,x16) (idx 12) in constr e140 (idx 125) is deemed risky
+ coeff 4.00955 of var (x7,x17) (idx 13) in constr e140 (idx 125) is deemed risky
+ coeff -2.10592 of var (x8,x9) (idx 15) in constr e140 (idx 125) is deemed risky
+ coeff 3.40739 of var (x8,x10) (idx 16) in constr e140 (idx 125) is deemed risky
+ coeff 4.0113 of var (x9,x9) (idx 18) in constr e140 (idx 125) is deemed risky
+ coeff 2.10592 of var (x9,x11) (idx 19) in constr e140 (idx 125) is deemed risky
+ coeff -3.40739 of var (x9,x16) (idx 20) in constr e140 (idx 125) is deemed risky
+ coeff 3.40739 of var (x9,x17) (idx 21) in constr e140 (idx 125) is deemed risky
+ coeff 4.0113 of var (x10,x10) (idx 22) in constr e140 (idx 125) is deemed risky
+ coeff -3.40739 of var (x10,x11) (idx 23) in constr e140 (idx 125) is deemed risky
+ coeff -2.10592 of var (x10,x16) (idx 24) in constr e140 (idx 125) is deemed risky
+ coeff 2.10592 of var (x10,x17) (idx 25) in constr e140 (idx 125) is deemed risky
+ coeff 4.54596 of var (x6,x6) (idx 0) in constr e141 (idx 126) is deemed risky
+ coeff -4.00955 of var (x6,x8) (idx 1) in constr e141 (idx 126) is deemed risky
+ coeff -5.62754 of var (x6,x12) (idx 2) in constr e141 (idx 126) is deemed risky
+ coeff 1.32857 of var (x6,x13) (idx 3) in constr e141 (idx 126) is deemed risky
+ coeff 4.00955 of var (x6,x14) (idx 4) in constr e141 (idx 126) is deemed risky
+ coeff -1.45167 of var (x6,x16) (idx 5) in constr e141 (idx 126) is deemed risky
+ coeff 1.45167 of var (x6,x18) (idx 6) in constr e141 (idx 126) is deemed risky
+ coeff 4.54596 of var (x7,x7) (idx 7) in constr e141 (idx 126) is deemed risky
+ coeff 1.45167 of var (x7,x8) (idx 8) in constr e141 (idx 126) is deemed risky
+ coeff -1.32857 of var (x7,x12) (idx 9) in constr e141 (idx 126) is deemed risky
+ coeff -5.62754 of var (x7,x13) (idx 10) in constr e141 (idx 126) is deemed risky
+ coeff -1.45167 of var (x7,x14) (idx 11) in constr e141 (idx 126) is deemed risky
+ coeff -4.00955 of var (x7,x16) (idx 12) in constr e141 (idx 126) is deemed risky
+ coeff 4.00955 of var (x7,x18) (idx 13) in constr e141 (idx 126) is deemed risky
+ coeff 2.26963 of var (x8,x12) (idx 15) in constr e141 (idx 126) is deemed risky
+ coeff -1.48442 of var (x8,x13) (idx 16) in constr e141 (idx 126) is deemed risky
+ coeff 1.83868 of var (x12,x12) (idx 18) in constr e141 (idx 126) is deemed risky
+ coeff -2.26963 of var (x12,x14) (idx 19) in constr e141 (idx 126) is deemed risky
+ coeff 1.48442 of var (x12,x16) (idx 20) in constr e141 (idx 126) is deemed risky
+ coeff -1.48442 of var (x12,x18) (idx 21) in constr e141 (idx 126) is deemed risky
+ coeff 1.83868 of var (x13,x13) (idx 22) in constr e141 (idx 126) is deemed risky
+ coeff 1.48442 of var (x13,x14) (idx 23) in constr e141 (idx 126) is deemed risky
+ coeff 2.26963 of var (x13,x16) (idx 24) in constr e141 (idx 126) is deemed risky
+ coeff -2.26963 of var (x13,x18) (idx 25) in constr e141 (idx 126) is deemed risky
+ coeff 4.54596 of var (x6,x6) (idx 0) in constr e142 (idx 127) is deemed risky
+ coeff -4.00955 of var (x6,x8) (idx 1) in constr e142 (idx 127) is deemed risky
+ coeff -6.5233 of var (x6,x9) (idx 2) in constr e142 (idx 127) is deemed risky
+ coeff -0.757088 of var (x6,x10) (idx 3) in constr e142 (idx 127) is deemed risky
+ coeff 4.00955 of var (x6,x11) (idx 4) in constr e142 (idx 127) is deemed risky
+ coeff -1.45167 of var (x6,x16) (idx 5) in constr e142 (idx 127) is deemed risky
+ coeff 1.45167 of var (x6,x17) (idx 6) in constr e142 (idx 127) is deemed risky
+ coeff 4.54596 of var (x7,x7) (idx 7) in constr e142 (idx 127) is deemed risky
+ coeff 1.45167 of var (x7,x8) (idx 8) in constr e142 (idx 127) is deemed risky
+ coeff 0.757088 of var (x7,x9) (idx 9) in constr e142 (idx 127) is deemed risky
+ coeff -6.5233 of var (x7,x10) (idx 10) in constr e142 (idx 127) is deemed risky
+ coeff -1.45167 of var (x7,x11) (idx 11) in constr e142 (idx 127) is deemed risky
+ coeff -4.00955 of var (x7,x16) (idx 12) in constr e142 (idx 127) is deemed risky
+ coeff 4.00955 of var (x7,x17) (idx 13) in constr e142 (idx 127) is deemed risky
+ coeff 2.99767 of var (x8,x9) (idx 15) in constr e142 (idx 127) is deemed risky
+ coeff -0.70767 of var (x8,x10) (idx 16) in constr e142 (idx 127) is deemed risky
+ coeff 2.3717 of var (x9,x9) (idx 18) in constr e142 (idx 127) is deemed risky
+ coeff -2.99767 of var (x9,x11) (idx 19) in constr e142 (idx 127) is deemed risky
+ coeff 0.70767 of var (x9,x16) (idx 20) in constr e142 (idx 127) is deemed risky
+ coeff -0.70767 of var (x9,x17) (idx 21) in constr e142 (idx 127) is deemed risky
+ coeff 2.3717 of var (x10,x10) (idx 22) in constr e142 (idx 127) is deemed risky
+ coeff 0.70767 of var (x10,x11) (idx 23) in constr e142 (idx 127) is deemed risky
+ coeff 2.99767 of var (x10,x16) (idx 24) in constr e142 (idx 127) is deemed risky
+ coeff -2.99767 of var (x10,x17) (idx 25) in constr e142 (idx 127) is deemed risky
+ coeff 4.54596 of var (x6,x6) (idx 0) in constr e143 (idx 128) is deemed risky
+ coeff -4.00955 of var (x6,x8) (idx 1) in constr e143 (idx 128) is deemed risky
+ coeff 8.10232 of var (x6,x12) (idx 2) in constr e143 (idx 128) is deemed risky
+ coeff 6.4075 of var (x6,x13) (idx 3) in constr e143 (idx 128) is deemed risky
+ coeff 4.00955 of var (x6,x14) (idx 4) in constr e143 (idx 128) is deemed risky
+ coeff -1.45167 of var (x6,x16) (idx 5) in constr e143 (idx 128) is deemed risky
+ coeff 1.45167 of var (x6,x18) (idx 6) in constr e143 (idx 128) is deemed risky
+ coeff 4.54596 of var (x7,x7) (idx 7) in constr e143 (idx 128) is deemed risky
+ coeff 1.45167 of var (x7,x8) (idx 8) in constr e143 (idx 128) is deemed risky
+ coeff -6.4075 of var (x7,x12) (idx 9) in constr e143 (idx 128) is deemed risky
+ coeff 8.10232 of var (x7,x13) (idx 10) in constr e143 (idx 128) is deemed risky
+ coeff -1.45167 of var (x7,x14) (idx 11) in constr e143 (idx 128) is deemed risky
+ coeff -4.00955 of var (x7,x16) (idx 12) in constr e143 (idx 128) is deemed risky
+ coeff 4.00955 of var (x7,x18) (idx 13) in constr e143 (idx 128) is deemed risky
+ coeff -4.5962 of var (x8,x12) (idx 15) in constr e143 (idx 128) is deemed risky
+ coeff -1.53206 of var (x8,x13) (idx 16) in constr e143 (idx 128) is deemed risky
+ coeff 5.86805 of var (x12,x12) (idx 18) in constr e143 (idx 128) is deemed risky
+ coeff 4.5962 of var (x12,x14) (idx 19) in constr e143 (idx 128) is deemed risky
+ coeff 1.53206 of var (x12,x16) (idx 20) in constr e143 (idx 128) is deemed risky
+ coeff -1.53206 of var (x12,x18) (idx 21) in constr e143 (idx 128) is deemed risky
+ coeff 5.86805 of var (x13,x13) (idx 22) in constr e143 (idx 128) is deemed risky
+ coeff 1.53206 of var (x13,x14) (idx 23) in constr e143 (idx 128) is deemed risky
+ coeff -4.5962 of var (x13,x16) (idx 24) in constr e143 (idx 128) is deemed risky
+ coeff 4.5962 of var (x13,x18) (idx 25) in constr e143 (idx 128) is deemed risky
+ coeff 4.54596 of var (x6,x6) (idx 0) in constr e144 (idx 129) is deemed risky
+ coeff -4.00955 of var (x6,x8) (idx 1) in constr e144 (idx 129) is deemed risky
+ coeff 3.23751 of var (x6,x9) (idx 2) in constr e144 (idx 129) is deemed risky
+ coeff 6.91248 of var (x6,x10) (idx 3) in constr e144 (idx 129) is deemed risky
+ coeff 4.00955 of var (x6,x11) (idx 4) in constr e144 (idx 129) is deemed risky
+ coeff -1.45167 of var (x6,x16) (idx 5) in constr e144 (idx 129) is deemed risky
+ coeff 1.45167 of var (x6,x17) (idx 6) in constr e144 (idx 129) is deemed risky
+ coeff 4.54596 of var (x7,x7) (idx 7) in constr e144 (idx 129) is deemed risky
+ coeff 1.45167 of var (x7,x8) (idx 8) in constr e144 (idx 129) is deemed risky
+ coeff -6.91248 of var (x7,x9) (idx 9) in constr e144 (idx 129) is deemed risky
+ coeff 3.23751 of var (x7,x10) (idx 10) in constr e144 (idx 129) is deemed risky
+ coeff -1.45167 of var (x7,x11) (idx 11) in constr e144 (idx 129) is deemed risky
+ coeff -4.00955 of var (x7,x16) (idx 12) in constr e144 (idx 129) is deemed risky
+ coeff 4.00955 of var (x7,x17) (idx 13) in constr e144 (idx 129) is deemed risky
+ coeff -2.53143 of var (x8,x9) (idx 15) in constr e144 (idx 129) is deemed risky
+ coeff -2.53149 of var (x8,x10) (idx 16) in constr e144 (idx 129) is deemed risky
+ coeff 3.20415 of var (x9,x9) (idx 18) in constr e144 (idx 129) is deemed risky
+ coeff 2.53143 of var (x9,x11) (idx 19) in constr e144 (idx 129) is deemed risky
+ coeff 2.53149 of var (x9,x16) (idx 20) in constr e144 (idx 129) is deemed risky
+ coeff -2.53149 of var (x9,x17) (idx 21) in constr e144 (idx 129) is deemed risky
+ coeff 3.20415 of var (x10,x10) (idx 22) in constr e144 (idx 129) is deemed risky
+ coeff 2.53149 of var (x10,x11) (idx 23) in constr e144 (idx 129) is deemed risky
+ coeff -2.53143 of var (x10,x16) (idx 24) in constr e144 (idx 129) is deemed risky
+ coeff 2.53143 of var (x10,x17) (idx 25) in constr e144 (idx 129) is deemed risky
+ coeff 4.54596 of var (x6,x6) (idx 0) in constr e145 (idx 130) is deemed risky
+ coeff -4.00955 of var (x6,x8) (idx 1) in constr e145 (idx 130) is deemed risky
+ coeff 0.495841 of var (x6,x12) (idx 2) in constr e145 (idx 130) is deemed risky
+ coeff -5.49791 of var (x6,x13) (idx 3) in constr e145 (idx 130) is deemed risky
+ coeff 4.00955 of var (x6,x14) (idx 4) in constr e145 (idx 130) is deemed risky
+ coeff -1.45167 of var (x6,x16) (idx 5) in constr e145 (idx 130) is deemed risky
+ coeff 1.45167 of var (x6,x18) (idx 6) in constr e145 (idx 130) is deemed risky
+ coeff 4.54596 of var (x7,x7) (idx 7) in constr e145 (idx 130) is deemed risky
+ coeff 1.45167 of var (x7,x8) (idx 8) in constr e145 (idx 130) is deemed risky
+ coeff 5.49791 of var (x7,x12) (idx 9) in constr e145 (idx 130) is deemed risky
+ coeff 0.495841 of var (x7,x13) (idx 10) in constr e145 (idx 130) is deemed risky
+ coeff -1.45167 of var (x7,x14) (idx 11) in constr e145 (idx 130) is deemed risky
+ coeff -4.00955 of var (x7,x16) (idx 12) in constr e145 (idx 130) is deemed risky
+ coeff 4.00955 of var (x7,x18) (idx 13) in constr e145 (idx 130) is deemed risky
+ coeff 0.659161 of var (x8,x12) (idx 15) in constr e145 (idx 130) is deemed risky
+ coeff 2.50376 of var (x8,x13) (idx 16) in constr e145 (idx 130) is deemed risky
+ coeff 1.67582 of var (x12,x12) (idx 18) in constr e145 (idx 130) is deemed risky
+ coeff -0.659161 of var (x12,x14) (idx 19) in constr e145 (idx 130) is deemed risky
+ coeff -2.50376 of var (x12,x16) (idx 20) in constr e145 (idx 130) is deemed risky
+ coeff 2.50376 of var (x12,x18) (idx 21) in constr e145 (idx 130) is deemed risky
+ coeff 1.67582 of var (x13,x13) (idx 22) in constr e145 (idx 130) is deemed risky
+ coeff -2.50376 of var (x13,x14) (idx 23) in constr e145 (idx 130) is deemed risky
+ coeff 0.659161 of var (x13,x16) (idx 24) in constr e145 (idx 130) is deemed risky
+ coeff -0.659161 of var (x13,x18) (idx 25) in constr e145 (idx 130) is deemed risky
+ coeff 4.0113 of var (x9,x9) (idx 0) in constr e146 (idx 131) is deemed risky
+ coeff 2.10592 of var (x9,x11) (idx 1) in constr e146 (idx 131) is deemed risky
+ coeff -2.10592 of var (x9,x14) (idx 2) in constr e146 (idx 131) is deemed risky
+ coeff 3.40739 of var (x9,x17) (idx 3) in constr e146 (idx 131) is deemed risky
+ coeff -3.40739 of var (x9,x18) (idx 4) in constr e146 (idx 131) is deemed risky
+ coeff 4.0113 of var (x10,x10) (idx 5) in constr e146 (idx 131) is deemed risky
+ coeff -3.40739 of var (x10,x11) (idx 6) in constr e146 (idx 131) is deemed risky
+ coeff 3.40739 of var (x10,x14) (idx 7) in constr e146 (idx 131) is deemed risky
+ coeff 2.10592 of var (x10,x17) (idx 8) in constr e146 (idx 131) is deemed risky
+ coeff -2.10592 of var (x10,x18) (idx 9) in constr e146 (idx 131) is deemed risky
+ coeff 4.0113 of var (x9,x9) (idx 0) in constr e147 (idx 132) is deemed risky
+ coeff 2.10592 of var (x9,x11) (idx 1) in constr e147 (idx 132) is deemed risky
+ coeff -1.46733 of var (x9,x12) (idx 2) in constr e147 (idx 132) is deemed risky
+ coeff -6.21523 of var (x9,x13) (idx 3) in constr e147 (idx 132) is deemed risky
+ coeff -2.10592 of var (x9,x14) (idx 4) in constr e147 (idx 132) is deemed risky
+ coeff 3.40739 of var (x9,x17) (idx 5) in constr e147 (idx 132) is deemed risky
+ coeff -3.40739 of var (x9,x18) (idx 6) in constr e147 (idx 132) is deemed risky
+ coeff 4.0113 of var (x10,x10) (idx 7) in constr e147 (idx 132) is deemed risky
+ coeff -3.40739 of var (x10,x11) (idx 8) in constr e147 (idx 132) is deemed risky
+ coeff 6.21523 of var (x10,x12) (idx 9) in constr e147 (idx 132) is deemed risky
+ coeff -1.46733 of var (x10,x13) (idx 10) in constr e147 (idx 132) is deemed risky
+ coeff 3.40739 of var (x10,x14) (idx 11) in constr e147 (idx 132) is deemed risky
+ coeff 2.10592 of var (x10,x17) (idx 12) in constr e147 (idx 132) is deemed risky
+ coeff -2.10592 of var (x10,x18) (idx 13) in constr e147 (idx 132) is deemed risky
+ coeff -3.02493 of var (x11,x12) (idx 15) in constr e147 (idx 132) is deemed risky
+ coeff -1.00828 of var (x11,x13) (idx 16) in constr e147 (idx 132) is deemed risky
+ coeff 2.54171 of var (x12,x12) (idx 18) in constr e147 (idx 132) is deemed risky
+ coeff 3.02493 of var (x12,x14) (idx 19) in constr e147 (idx 132) is deemed risky
+ coeff 1.00828 of var (x12,x17) (idx 20) in constr e147 (idx 132) is deemed risky
+ coeff -1.00828 of var (x12,x18) (idx 21) in constr e147 (idx 132) is deemed risky
+ coeff 2.54171 of var (x13,x13) (idx 22) in constr e147 (idx 132) is deemed risky
+ coeff 1.00828 of var (x13,x14) (idx 23) in constr e147 (idx 132) is deemed risky
+ coeff -3.02493 of var (x13,x17) (idx 24) in constr e147 (idx 132) is deemed risky
+ coeff 3.02493 of var (x13,x18) (idx 25) in constr e147 (idx 132) is deemed risky
+ coeff 4.0113 of var (x9,x9) (idx 0) in constr e148 (idx 133) is deemed risky
+ coeff 2.10592 of var (x9,x11) (idx 1) in constr e148 (idx 133) is deemed risky
+ coeff 4.91883 of var (x9,x12) (idx 2) in constr e148 (idx 133) is deemed risky
+ coeff 2.30372 of var (x9,x13) (idx 3) in constr e148 (idx 133) is deemed risky
+ coeff -2.10592 of var (x9,x14) (idx 4) in constr e148 (idx 133) is deemed risky
+ coeff 3.40739 of var (x9,x17) (idx 5) in constr e148 (idx 133) is deemed risky
+ coeff -3.40739 of var (x9,x18) (idx 6) in constr e148 (idx 133) is deemed risky
+ coeff 4.0113 of var (x10,x10) (idx 7) in constr e148 (idx 133) is deemed risky
+ coeff -3.40739 of var (x10,x11) (idx 8) in constr e148 (idx 133) is deemed risky
+ coeff -2.30372 of var (x10,x12) (idx 9) in constr e148 (idx 133) is deemed risky
+ coeff 4.91883 of var (x10,x13) (idx 10) in constr e148 (idx 133) is deemed risky
+ coeff 3.40739 of var (x10,x14) (idx 11) in constr e148 (idx 133) is deemed risky
+ coeff 2.10592 of var (x10,x17) (idx 12) in constr e148 (idx 133) is deemed risky
+ coeff -2.10592 of var (x10,x18) (idx 13) in constr e148 (idx 133) is deemed risky
+ coeff 2.26963 of var (x11,x12) (idx 15) in constr e148 (idx 133) is deemed risky
+ coeff -1.48442 of var (x11,x13) (idx 16) in constr e148 (idx 133) is deemed risky
+ coeff 1.83868 of var (x12,x12) (idx 18) in constr e148 (idx 133) is deemed risky
+ coeff -2.26963 of var (x12,x14) (idx 19) in constr e148 (idx 133) is deemed risky
+ coeff 1.48442 of var (x12,x17) (idx 20) in constr e148 (idx 133) is deemed risky
+ coeff -1.48442 of var (x12,x18) (idx 21) in constr e148 (idx 133) is deemed risky
+ coeff 1.83868 of var (x13,x13) (idx 22) in constr e148 (idx 133) is deemed risky
+ coeff 1.48442 of var (x13,x14) (idx 23) in constr e148 (idx 133) is deemed risky
+ coeff 2.26963 of var (x13,x17) (idx 24) in constr e148 (idx 133) is deemed risky
+ coeff -2.26963 of var (x13,x18) (idx 25) in constr e148 (idx 133) is deemed risky
+ coeff 4.0113 of var (x9,x9) (idx 0) in constr e149 (idx 134) is deemed risky
+ coeff 2.10592 of var (x9,x11) (idx 1) in constr e149 (idx 134) is deemed risky
+ coeff -2.22945 of var (x9,x12) (idx 2) in constr e149 (idx 134) is deemed risky
+ coeff -9.4437 of var (x9,x13) (idx 3) in constr e149 (idx 134) is deemed risky
+ coeff -2.10592 of var (x9,x14) (idx 4) in constr e149 (idx 134) is deemed risky
+ coeff 3.40739 of var (x9,x17) (idx 5) in constr e149 (idx 134) is deemed risky
+ coeff -3.40739 of var (x9,x18) (idx 6) in constr e149 (idx 134) is deemed risky
+ coeff 4.0113 of var (x10,x10) (idx 7) in constr e149 (idx 134) is deemed risky
+ coeff -3.40739 of var (x10,x11) (idx 8) in constr e149 (idx 134) is deemed risky
+ coeff 9.4437 of var (x10,x12) (idx 9) in constr e149 (idx 134) is deemed risky
+ coeff -2.22945 of var (x10,x13) (idx 10) in constr e149 (idx 134) is deemed risky
+ coeff 3.40739 of var (x10,x14) (idx 11) in constr e149 (idx 134) is deemed risky
+ coeff 2.10592 of var (x10,x17) (idx 12) in constr e149 (idx 134) is deemed risky
+ coeff -2.10592 of var (x10,x18) (idx 13) in constr e149 (idx 134) is deemed risky
+ coeff -4.5962 of var (x11,x12) (idx 15) in constr e149 (idx 134) is deemed risky
+ coeff -1.53206 of var (x11,x13) (idx 16) in constr e149 (idx 134) is deemed risky
+ coeff 5.86805 of var (x12,x12) (idx 18) in constr e149 (idx 134) is deemed risky
+ coeff 4.5962 of var (x12,x14) (idx 19) in constr e149 (idx 134) is deemed risky
+ coeff 1.53206 of var (x12,x17) (idx 20) in constr e149 (idx 134) is deemed risky
+ coeff -1.53206 of var (x12,x18) (idx 21) in constr e149 (idx 134) is deemed risky
+ coeff 5.86805 of var (x13,x13) (idx 22) in constr e149 (idx 134) is deemed risky
+ coeff 1.53206 of var (x13,x14) (idx 23) in constr e149 (idx 134) is deemed risky
+ coeff -4.5962 of var (x13,x17) (idx 24) in constr e149 (idx 134) is deemed risky
+ coeff 4.5962 of var (x13,x18) (idx 25) in constr e149 (idx 134) is deemed risky
+ coeff 4.0113 of var (x9,x9) (idx 0) in constr e150 (idx 135) is deemed risky
+ coeff 2.10592 of var (x9,x11) (idx 1) in constr e150 (idx 135) is deemed risky
+ coeff -3.57157 of var (x9,x12) (idx 2) in constr e150 (idx 135) is deemed risky
+ coeff 3.75936 of var (x9,x13) (idx 3) in constr e150 (idx 135) is deemed risky
+ coeff -2.10592 of var (x9,x14) (idx 4) in constr e150 (idx 135) is deemed risky
+ coeff 3.40739 of var (x9,x17) (idx 5) in constr e150 (idx 135) is deemed risky
+ coeff -3.40739 of var (x9,x18) (idx 6) in constr e150 (idx 135) is deemed risky
+ coeff 4.0113 of var (x10,x10) (idx 7) in constr e150 (idx 135) is deemed risky
+ coeff -3.40739 of var (x10,x11) (idx 8) in constr e150 (idx 135) is deemed risky
+ coeff -3.75936 of var (x10,x12) (idx 9) in constr e150 (idx 135) is deemed risky
+ coeff -3.57157 of var (x10,x13) (idx 10) in constr e150 (idx 135) is deemed risky
+ coeff 3.40739 of var (x10,x14) (idx 11) in constr e150 (idx 135) is deemed risky
+ coeff 2.10592 of var (x10,x17) (idx 12) in constr e150 (idx 135) is deemed risky
+ coeff -2.10592 of var (x10,x18) (idx 13) in constr e150 (idx 135) is deemed risky
+ coeff 0.659161 of var (x11,x12) (idx 15) in constr e150 (idx 135) is deemed risky
+ coeff 2.50376 of var (x11,x13) (idx 16) in constr e150 (idx 135) is deemed risky
+ coeff 1.67582 of var (x12,x12) (idx 18) in constr e150 (idx 135) is deemed risky
+ coeff -0.659161 of var (x12,x14) (idx 19) in constr e150 (idx 135) is deemed risky
+ coeff -2.50376 of var (x12,x17) (idx 20) in constr e150 (idx 135) is deemed risky
+ coeff 2.50376 of var (x12,x18) (idx 21) in constr e150 (idx 135) is deemed risky
+ coeff 1.67582 of var (x13,x13) (idx 22) in constr e150 (idx 135) is deemed risky
+ coeff -2.50376 of var (x13,x14) (idx 23) in constr e150 (idx 135) is deemed risky
+ coeff 0.659161 of var (x13,x17) (idx 24) in constr e150 (idx 135) is deemed risky
+ coeff -0.659161 of var (x13,x18) (idx 25) in constr e150 (idx 135) is deemed risky
+ coeff 12.6071 of var (x3,x3) (idx 0) in constr e151 (idx 136) is deemed risky
+ coeff 6.67721 of var (x3,x5) (idx 1) in constr e151 (idx 136) is deemed risky
+ coeff -6.67721 of var (x3,x8) (idx 2) in constr e151 (idx 136) is deemed risky
+ coeff -2.4173 of var (x3,x15) (idx 3) in constr e151 (idx 136) is deemed risky
+ coeff 2.4173 of var (x3,x16) (idx 4) in constr e151 (idx 136) is deemed risky
+ coeff 12.6071 of var (x4,x4) (idx 5) in constr e151 (idx 136) is deemed risky
+ coeff 2.4173 of var (x4,x5) (idx 6) in constr e151 (idx 136) is deemed risky
+ coeff -2.4173 of var (x4,x8) (idx 7) in constr e151 (idx 136) is deemed risky
+ coeff 6.67721 of var (x4,x15) (idx 8) in constr e151 (idx 136) is deemed risky
+ coeff -6.67721 of var (x4,x16) (idx 9) in constr e151 (idx 136) is deemed risky
+ coeff 12.6071 of var (x3,x3) (idx 0) in constr e152 (idx 137) is deemed risky
+ coeff 6.67721 of var (x3,x5) (idx 1) in constr e152 (idx 137) is deemed risky
+ coeff -6.67721 of var (x3,x11) (idx 2) in constr e152 (idx 137) is deemed risky
+ coeff -2.4173 of var (x3,x15) (idx 3) in constr e152 (idx 137) is deemed risky
+ coeff 2.4173 of var (x3,x17) (idx 4) in constr e152 (idx 137) is deemed risky
+ coeff 12.6071 of var (x4,x4) (idx 5) in constr e152 (idx 137) is deemed risky
+ coeff 2.4173 of var (x4,x5) (idx 6) in constr e152 (idx 137) is deemed risky
+ coeff -2.4173 of var (x4,x11) (idx 7) in constr e152 (idx 137) is deemed risky
+ coeff 6.67721 of var (x4,x15) (idx 8) in constr e152 (idx 137) is deemed risky
+ coeff -6.67721 of var (x4,x17) (idx 9) in constr e152 (idx 137) is deemed risky
+ coeff 12.6071 of var (x3,x3) (idx 0) in constr e153 (idx 138) is deemed risky
+ coeff 6.67721 of var (x3,x5) (idx 1) in constr e153 (idx 138) is deemed risky
+ coeff -6.67721 of var (x3,x14) (idx 2) in constr e153 (idx 138) is deemed risky
+ coeff -2.4173 of var (x3,x15) (idx 3) in constr e153 (idx 138) is deemed risky
+ coeff 2.4173 of var (x3,x18) (idx 4) in constr e153 (idx 138) is deemed risky
+ coeff 12.6071 of var (x4,x4) (idx 5) in constr e153 (idx 138) is deemed risky
+ coeff 2.4173 of var (x4,x5) (idx 6) in constr e153 (idx 138) is deemed risky
+ coeff -2.4173 of var (x4,x14) (idx 7) in constr e153 (idx 138) is deemed risky
+ coeff 6.67721 of var (x4,x15) (idx 8) in constr e153 (idx 138) is deemed risky
+ coeff -6.67721 of var (x4,x18) (idx 9) in constr e153 (idx 138) is deemed risky
+ coeff 12.6071 of var (x3,x3) (idx 0) in constr e154 (idx 139) is deemed risky
+ coeff 6.67721 of var (x3,x5) (idx 1) in constr e154 (idx 139) is deemed risky
+ coeff -16.3932 of var (x3,x6) (idx 2) in constr e154 (idx 139) is deemed risky
+ coeff 1.90241 of var (x3,x7) (idx 3) in constr e154 (idx 139) is deemed risky
+ coeff -6.67721 of var (x3,x8) (idx 4) in constr e154 (idx 139) is deemed risky
+ coeff -2.4173 of var (x3,x15) (idx 5) in constr e154 (idx 139) is deemed risky
+ coeff 2.4173 of var (x3,x16) (idx 6) in constr e154 (idx 139) is deemed risky
+ coeff 12.6071 of var (x4,x4) (idx 7) in constr e154 (idx 139) is deemed risky
+ coeff 2.4173 of var (x4,x5) (idx 8) in constr e154 (idx 139) is deemed risky
+ coeff -1.90241 of var (x4,x6) (idx 9) in constr e154 (idx 139) is deemed risky
+ coeff -16.3932 of var (x4,x7) (idx 10) in constr e154 (idx 139) is deemed risky
+ coeff -2.4173 of var (x4,x8) (idx 11) in constr e154 (idx 139) is deemed risky
+ coeff 6.67721 of var (x4,x15) (idx 12) in constr e154 (idx 139) is deemed risky
+ coeff -6.67721 of var (x4,x16) (idx 13) in constr e154 (idx 139) is deemed risky
+ coeff -4.52362 of var (x5,x6) (idx 15) in constr e154 (idx 139) is deemed risky
+ coeff -1.06783 of var (x5,x7) (idx 16) in constr e154 (idx 139) is deemed risky
+ coeff 5.40085 of var (x6,x6) (idx 18) in constr e154 (idx 139) is deemed risky
+ coeff 4.52362 of var (x6,x8) (idx 19) in constr e154 (idx 139) is deemed risky
+ coeff 1.06783 of var (x6,x15) (idx 20) in constr e154 (idx 139) is deemed risky
+ coeff -1.06783 of var (x6,x16) (idx 21) in constr e154 (idx 139) is deemed risky
+ coeff 5.40085 of var (x7,x7) (idx 22) in constr e154 (idx 139) is deemed risky
+ coeff 1.06783 of var (x7,x8) (idx 23) in constr e154 (idx 139) is deemed risky
+ coeff -4.52362 of var (x7,x15) (idx 24) in constr e154 (idx 139) is deemed risky
+ coeff 4.52362 of var (x7,x16) (idx 25) in constr e154 (idx 139) is deemed risky
+ coeff 12.6071 of var (x3,x3) (idx 0) in constr e155 (idx 140) is deemed risky
+ coeff 6.67721 of var (x3,x5) (idx 1) in constr e155 (idx 140) is deemed risky
+ coeff 12.875 of var (x3,x9) (idx 2) in constr e155 (idx 140) is deemed risky
+ coeff -10.2423 of var (x3,x10) (idx 3) in constr e155 (idx 140) is deemed risky
+ coeff -6.67721 of var (x3,x11) (idx 4) in constr e155 (idx 140) is deemed risky
+ coeff -2.4173 of var (x3,x15) (idx 5) in constr e155 (idx 140) is deemed risky
+ coeff 2.4173 of var (x3,x17) (idx 6) in constr e155 (idx 140) is deemed risky
+ coeff 12.6071 of var (x4,x4) (idx 7) in constr e155 (idx 140) is deemed risky
+ coeff 2.4173 of var (x4,x5) (idx 8) in constr e155 (idx 140) is deemed risky
+ coeff 10.2423 of var (x4,x9) (idx 9) in constr e155 (idx 140) is deemed risky
+ coeff 12.875 of var (x4,x10) (idx 10) in constr e155 (idx 140) is deemed risky
+ coeff -2.4173 of var (x4,x11) (idx 11) in constr e155 (idx 140) is deemed risky
+ coeff 6.67721 of var (x4,x15) (idx 12) in constr e155 (idx 140) is deemed risky
+ coeff -6.67721 of var (x4,x17) (idx 13) in constr e155 (idx 140) is deemed risky
+ coeff 4.39148 of var (x5,x9) (idx 15) in constr e155 (idx 140) is deemed risky
+ coeff -1.47803 of var (x5,x10) (idx 16) in constr e155 (idx 140) is deemed risky
+ coeff 5.36741 of var (x9,x9) (idx 18) in constr e155 (idx 140) is deemed risky
+ coeff -4.39148 of var (x9,x11) (idx 19) in constr e155 (idx 140) is deemed risky
+ coeff 1.47803 of var (x9,x15) (idx 20) in constr e155 (idx 140) is deemed risky
+ coeff -1.47803 of var (x9,x17) (idx 21) in constr e155 (idx 140) is deemed risky
+ coeff 5.36741 of var (x10,x10) (idx 22) in constr e155 (idx 140) is deemed risky
+ coeff 1.47803 of var (x10,x11) (idx 23) in constr e155 (idx 140) is deemed risky
+ coeff 4.39148 of var (x10,x15) (idx 24) in constr e155 (idx 140) is deemed risky
+ coeff -4.39148 of var (x10,x17) (idx 25) in constr e155 (idx 140) is deemed risky
+ coeff 12.6071 of var (x3,x3) (idx 0) in constr e156 (idx 141) is deemed risky
+ coeff 6.67721 of var (x3,x5) (idx 1) in constr e156 (idx 141) is deemed risky
+ coeff -11.3177 of var (x3,x12) (idx 2) in constr e156 (idx 141) is deemed risky
+ coeff 0.289835 of var (x3,x13) (idx 3) in constr e156 (idx 141) is deemed risky
+ coeff -6.67721 of var (x3,x14) (idx 4) in constr e156 (idx 141) is deemed risky
+ coeff -2.4173 of var (x3,x15) (idx 5) in constr e156 (idx 141) is deemed risky
+ coeff 2.4173 of var (x3,x18) (idx 6) in constr e156 (idx 141) is deemed risky
+ coeff 12.6071 of var (x4,x4) (idx 7) in constr e156 (idx 141) is deemed risky
+ coeff 2.4173 of var (x4,x5) (idx 8) in constr e156 (idx 141) is deemed risky
+ coeff -0.289835 of var (x4,x12) (idx 9) in constr e156 (idx 141) is deemed risky
+ coeff -11.3177 of var (x4,x13) (idx 10) in constr e156 (idx 141) is deemed risky
+ coeff -2.4173 of var (x4,x14) (idx 11) in constr e156 (idx 141) is deemed risky
+ coeff 6.67721 of var (x4,x15) (idx 12) in constr e156 (idx 141) is deemed risky
+ coeff -6.67721 of var (x4,x18) (idx 13) in constr e156 (idx 141) is deemed risky
+ coeff -3.02493 of var (x5,x12) (idx 15) in constr e156 (idx 141) is deemed risky
+ coeff -1.00828 of var (x5,x13) (idx 16) in constr e156 (idx 141) is deemed risky
+ coeff 2.54171 of var (x12,x12) (idx 18) in constr e156 (idx 141) is deemed risky
+ coeff 3.02493 of var (x12,x14) (idx 19) in constr e156 (idx 141) is deemed risky
+ coeff 1.00828 of var (x12,x15) (idx 20) in constr e156 (idx 141) is deemed risky
+ coeff -1.00828 of var (x12,x18) (idx 21) in constr e156 (idx 141) is deemed risky
+ coeff 2.54171 of var (x13,x13) (idx 22) in constr e156 (idx 141) is deemed risky
+ coeff 1.00828 of var (x13,x14) (idx 23) in constr e156 (idx 141) is deemed risky
+ coeff -3.02493 of var (x13,x15) (idx 24) in constr e156 (idx 141) is deemed risky
+ coeff 3.02493 of var (x13,x18) (idx 25) in constr e156 (idx 141) is deemed risky
+ coeff 12.6071 of var (x3,x3) (idx 0) in constr e157 (idx 142) is deemed risky
+ coeff 6.67721 of var (x3,x5) (idx 1) in constr e157 (idx 142) is deemed risky
+ coeff 11.6318 of var (x3,x6) (idx 2) in constr e157 (idx 142) is deemed risky
+ coeff -9.69269 of var (x3,x7) (idx 3) in constr e157 (idx 142) is deemed risky
+ coeff -6.67721 of var (x3,x8) (idx 4) in constr e157 (idx 142) is deemed risky
+ coeff -2.4173 of var (x3,x15) (idx 5) in constr e157 (idx 142) is deemed risky
+ coeff 2.4173 of var (x3,x16) (idx 6) in constr e157 (idx 142) is deemed risky
+ coeff 12.6071 of var (x4,x4) (idx 7) in constr e157 (idx 142) is deemed risky
+ coeff 2.4173 of var (x4,x5) (idx 8) in constr e157 (idx 142) is deemed risky
+ coeff 9.69269 of var (x4,x6) (idx 9) in constr e157 (idx 142) is deemed risky
+ coeff 11.6318 of var (x4,x7) (idx 10) in constr e157 (idx 142) is deemed risky
+ coeff -2.4173 of var (x4,x8) (idx 11) in constr e157 (idx 142) is deemed risky
+ coeff 6.67721 of var (x4,x15) (idx 12) in constr e157 (idx 142) is deemed risky
+ coeff -6.67721 of var (x4,x16) (idx 13) in constr e157 (idx 142) is deemed risky
+ coeff 4.00955 of var (x5,x6) (idx 15) in constr e157 (idx 142) is deemed risky
+ coeff -1.45167 of var (x5,x7) (idx 16) in constr e157 (idx 142) is deemed risky
+ coeff 4.54596 of var (x6,x6) (idx 18) in constr e157 (idx 142) is deemed risky
+ coeff -4.00955 of var (x6,x8) (idx 19) in constr e157 (idx 142) is deemed risky
+ coeff 1.45167 of var (x6,x15) (idx 20) in constr e157 (idx 142) is deemed risky
+ coeff -1.45167 of var (x6,x16) (idx 21) in constr e157 (idx 142) is deemed risky
+ coeff 4.54596 of var (x7,x7) (idx 22) in constr e157 (idx 142) is deemed risky
+ coeff 1.45167 of var (x7,x8) (idx 23) in constr e157 (idx 142) is deemed risky
+ coeff 4.00955 of var (x7,x15) (idx 24) in constr e157 (idx 142) is deemed risky
+ coeff -4.00955 of var (x7,x16) (idx 25) in constr e157 (idx 142) is deemed risky
+ coeff 12.6071 of var (x3,x3) (idx 0) in constr e158 (idx 143) is deemed risky
+ coeff 6.67721 of var (x3,x5) (idx 1) in constr e158 (idx 143) is deemed risky
+ coeff -2.91249 of var (x3,x9) (idx 2) in constr e158 (idx 143) is deemed risky
+ coeff 13.9212 of var (x3,x10) (idx 3) in constr e158 (idx 143) is deemed risky
+ coeff -6.67721 of var (x3,x11) (idx 4) in constr e158 (idx 143) is deemed risky
+ coeff -2.4173 of var (x3,x15) (idx 5) in constr e158 (idx 143) is deemed risky
+ coeff 2.4173 of var (x3,x17) (idx 6) in constr e158 (idx 143) is deemed risky
+ coeff 12.6071 of var (x4,x4) (idx 7) in constr e158 (idx 143) is deemed risky
+ coeff 2.4173 of var (x4,x5) (idx 8) in constr e158 (idx 143) is deemed risky
+ coeff -13.9212 of var (x4,x9) (idx 9) in constr e158 (idx 143) is deemed risky
+ coeff -2.91249 of var (x4,x10) (idx 10) in constr e158 (idx 143) is deemed risky
+ coeff -2.4173 of var (x4,x11) (idx 11) in constr e158 (idx 143) is deemed risky
+ coeff 6.67721 of var (x4,x15) (idx 12) in constr e158 (idx 143) is deemed risky
+ coeff -6.67721 of var (x4,x17) (idx 13) in constr e158 (idx 143) is deemed risky
+ coeff -2.10592 of var (x5,x9) (idx 15) in constr e158 (idx 143) is deemed risky
+ coeff 3.40739 of var (x5,x10) (idx 16) in constr e158 (idx 143) is deemed risky
+ coeff 4.0113 of var (x9,x9) (idx 18) in constr e158 (idx 143) is deemed risky
+ coeff 2.10592 of var (x9,x11) (idx 19) in constr e158 (idx 143) is deemed risky
+ coeff -3.40739 of var (x9,x15) (idx 20) in constr e158 (idx 143) is deemed risky
+ coeff 3.40739 of var (x9,x17) (idx 21) in constr e158 (idx 143) is deemed risky
+ coeff 4.0113 of var (x10,x10) (idx 22) in constr e158 (idx 143) is deemed risky
+ coeff -3.40739 of var (x10,x11) (idx 23) in constr e158 (idx 143) is deemed risky
+ coeff -2.10592 of var (x10,x15) (idx 24) in constr e158 (idx 143) is deemed risky
+ coeff 2.10592 of var (x10,x17) (idx 25) in constr e158 (idx 143) is deemed risky
+ coeff 12.6071 of var (x3,x3) (idx 0) in constr e159 (idx 144) is deemed risky
+ coeff 6.67721 of var (x3,x5) (idx 1) in constr e159 (idx 144) is deemed risky
+ coeff 5.78325 of var (x3,x12) (idx 2) in constr e159 (idx 144) is deemed risky
+ coeff -7.69909 of var (x3,x13) (idx 3) in constr e159 (idx 144) is deemed risky
+ coeff -6.67721 of var (x3,x14) (idx 4) in constr e159 (idx 144) is deemed risky
+ coeff -2.4173 of var (x3,x15) (idx 5) in constr e159 (idx 144) is deemed risky
+ coeff 2.4173 of var (x3,x18) (idx 6) in constr e159 (idx 144) is deemed risky
+ coeff 12.6071 of var (x4,x4) (idx 7) in constr e159 (idx 144) is deemed risky
+ coeff 2.4173 of var (x4,x5) (idx 8) in constr e159 (idx 144) is deemed risky
+ coeff 7.69909 of var (x4,x12) (idx 9) in constr e159 (idx 144) is deemed risky
+ coeff 5.78325 of var (x4,x13) (idx 10) in constr e159 (idx 144) is deemed risky
+ coeff -2.4173 of var (x4,x14) (idx 11) in constr e159 (idx 144) is deemed risky
+ coeff 6.67721 of var (x4,x15) (idx 12) in constr e159 (idx 144) is deemed risky
+ coeff -6.67721 of var (x4,x18) (idx 13) in constr e159 (idx 144) is deemed risky
+ coeff 2.26963 of var (x5,x12) (idx 15) in constr e159 (idx 144) is deemed risky
+ coeff -1.48442 of var (x5,x13) (idx 16) in constr e159 (idx 144) is deemed risky
+ coeff 1.83868 of var (x12,x12) (idx 18) in constr e159 (idx 144) is deemed risky
+ coeff -2.26963 of var (x12,x14) (idx 19) in constr e159 (idx 144) is deemed risky
+ coeff 1.48442 of var (x12,x15) (idx 20) in constr e159 (idx 144) is deemed risky
+ coeff -1.48442 of var (x12,x18) (idx 21) in constr e159 (idx 144) is deemed risky
+ coeff 1.83868 of var (x13,x13) (idx 22) in constr e159 (idx 144) is deemed risky
+ coeff 1.48442 of var (x13,x14) (idx 23) in constr e159 (idx 144) is deemed risky
+ coeff 2.26963 of var (x13,x15) (idx 24) in constr e159 (idx 144) is deemed risky
+ coeff -2.26963 of var (x13,x18) (idx 25) in constr e159 (idx 144) is deemed risky
+ coeff 12.6071 of var (x3,x3) (idx 0) in constr e160 (idx 145) is deemed risky
+ coeff 6.67721 of var (x3,x5) (idx 1) in constr e160 (idx 145) is deemed risky
+ coeff -26.6615 of var (x3,x6) (idx 2) in constr e160 (idx 145) is deemed risky
+ coeff 3.09384 of var (x3,x7) (idx 3) in constr e160 (idx 145) is deemed risky
+ coeff -6.67721 of var (x3,x8) (idx 4) in constr e160 (idx 145) is deemed risky
+ coeff -2.4173 of var (x3,x15) (idx 5) in constr e160 (idx 145) is deemed risky
+ coeff 2.4173 of var (x3,x16) (idx 6) in constr e160 (idx 145) is deemed risky
+ coeff 12.6071 of var (x4,x4) (idx 7) in constr e160 (idx 145) is deemed risky
+ coeff 2.4173 of var (x4,x5) (idx 8) in constr e160 (idx 145) is deemed risky
+ coeff -3.09384 of var (x4,x6) (idx 9) in constr e160 (idx 145) is deemed risky
+ coeff -26.6615 of var (x4,x7) (idx 10) in constr e160 (idx 145) is deemed risky
+ coeff -2.4173 of var (x4,x8) (idx 11) in constr e160 (idx 145) is deemed risky
+ coeff 6.67721 of var (x4,x15) (idx 12) in constr e160 (idx 145) is deemed risky
+ coeff -6.67721 of var (x4,x16) (idx 13) in constr e160 (idx 145) is deemed risky
+ coeff -7.35708 of var (x5,x6) (idx 15) in constr e160 (idx 145) is deemed risky
+ coeff -1.73674 of var (x5,x7) (idx 16) in constr e160 (idx 145) is deemed risky
+ coeff 14.2857 of var (x6,x6) (idx 18) in constr e160 (idx 145) is deemed risky
+ coeff 7.35708 of var (x6,x8) (idx 19) in constr e160 (idx 145) is deemed risky
+ coeff 1.73674 of var (x6,x15) (idx 20) in constr e160 (idx 145) is deemed risky
+ coeff -1.73674 of var (x6,x16) (idx 21) in constr e160 (idx 145) is deemed risky
+ coeff 14.2857 of var (x7,x7) (idx 22) in constr e160 (idx 145) is deemed risky
+ coeff 1.73674 of var (x7,x8) (idx 23) in constr e160 (idx 145) is deemed risky
+ coeff -7.35708 of var (x7,x15) (idx 24) in constr e160 (idx 145) is deemed risky
+ coeff 7.35708 of var (x7,x16) (idx 25) in constr e160 (idx 145) is deemed risky
+ coeff 12.6071 of var (x3,x3) (idx 0) in constr e161 (idx 146) is deemed risky
+ coeff 6.67721 of var (x3,x5) (idx 1) in constr e161 (idx 146) is deemed risky
+ coeff 9.15271 of var (x3,x9) (idx 2) in constr e161 (idx 146) is deemed risky
+ coeff -5.98576 of var (x3,x10) (idx 3) in constr e161 (idx 146) is deemed risky
+ coeff -6.67721 of var (x3,x11) (idx 4) in constr e161 (idx 146) is deemed risky
+ coeff -2.4173 of var (x3,x15) (idx 5) in constr e161 (idx 146) is deemed risky
+ coeff 2.4173 of var (x3,x17) (idx 6) in constr e161 (idx 146) is deemed risky
+ coeff 12.6071 of var (x4,x4) (idx 7) in constr e161 (idx 146) is deemed risky
+ coeff 2.4173 of var (x4,x5) (idx 8) in constr e161 (idx 146) is deemed risky
+ coeff 5.98576 of var (x4,x9) (idx 9) in constr e161 (idx 146) is deemed risky
+ coeff 9.15271 of var (x4,x10) (idx 10) in constr e161 (idx 146) is deemed risky
+ coeff -2.4173 of var (x4,x11) (idx 11) in constr e161 (idx 146) is deemed risky
+ coeff 6.67721 of var (x4,x15) (idx 12) in constr e161 (idx 146) is deemed risky
+ coeff -6.67721 of var (x4,x17) (idx 13) in constr e161 (idx 146) is deemed risky
+ coeff 2.99767 of var (x5,x9) (idx 15) in constr e161 (idx 146) is deemed risky
+ coeff -0.70767 of var (x5,x10) (idx 16) in constr e161 (idx 146) is deemed risky
+ coeff 2.3717 of var (x9,x9) (idx 18) in constr e161 (idx 146) is deemed risky
+ coeff -2.99767 of var (x9,x11) (idx 19) in constr e161 (idx 146) is deemed risky
+ coeff 0.70767 of var (x9,x15) (idx 20) in constr e161 (idx 146) is deemed risky
+ coeff -0.70767 of var (x9,x17) (idx 21) in constr e161 (idx 146) is deemed risky
+ coeff 2.3717 of var (x10,x10) (idx 22) in constr e161 (idx 146) is deemed risky
+ coeff 0.70767 of var (x10,x11) (idx 23) in constr e161 (idx 146) is deemed risky
+ coeff 2.99767 of var (x10,x15) (idx 24) in constr e161 (idx 146) is deemed risky
+ coeff -2.99767 of var (x10,x17) (idx 25) in constr e161 (idx 146) is deemed risky
+ coeff 12.6071 of var (x3,x3) (idx 0) in constr e162 (idx 147) is deemed risky
+ coeff 6.67721 of var (x3,x5) (idx 1) in constr e162 (idx 147) is deemed risky
+ coeff -17.1966 of var (x3,x12) (idx 2) in constr e162 (idx 147) is deemed risky
+ coeff 0.440254 of var (x3,x13) (idx 3) in constr e162 (idx 147) is deemed risky
+ coeff -6.67721 of var (x3,x14) (idx 4) in constr e162 (idx 147) is deemed risky
+ coeff -2.4173 of var (x3,x15) (idx 5) in constr e162 (idx 147) is deemed risky
+ coeff 2.4173 of var (x3,x18) (idx 6) in constr e162 (idx 147) is deemed risky
+ coeff 12.6071 of var (x4,x4) (idx 7) in constr e162 (idx 147) is deemed risky
+ coeff 2.4173 of var (x4,x5) (idx 8) in constr e162 (idx 147) is deemed risky
+ coeff -0.440254 of var (x4,x12) (idx 9) in constr e162 (idx 147) is deemed risky
+ coeff -17.1966 of var (x4,x13) (idx 10) in constr e162 (idx 147) is deemed risky
+ coeff -2.4173 of var (x4,x14) (idx 11) in constr e162 (idx 147) is deemed risky
+ coeff 6.67721 of var (x4,x15) (idx 12) in constr e162 (idx 147) is deemed risky
+ coeff -6.67721 of var (x4,x18) (idx 13) in constr e162 (idx 147) is deemed risky
+ coeff -4.5962 of var (x5,x12) (idx 15) in constr e162 (idx 147) is deemed risky
+ coeff -1.53206 of var (x5,x13) (idx 16) in constr e162 (idx 147) is deemed risky
+ coeff 5.86805 of var (x12,x12) (idx 18) in constr e162 (idx 147) is deemed risky
+ coeff 4.5962 of var (x12,x14) (idx 19) in constr e162 (idx 147) is deemed risky
+ coeff 1.53206 of var (x12,x15) (idx 20) in constr e162 (idx 147) is deemed risky
+ coeff -1.53206 of var (x12,x18) (idx 21) in constr e162 (idx 147) is deemed risky
+ coeff 5.86805 of var (x13,x13) (idx 22) in constr e162 (idx 147) is deemed risky
+ coeff 1.53206 of var (x13,x14) (idx 23) in constr e162 (idx 147) is deemed risky
+ coeff -4.5962 of var (x13,x15) (idx 24) in constr e162 (idx 147) is deemed risky
+ coeff 4.5962 of var (x13,x18) (idx 25) in constr e162 (idx 147) is deemed risky
+ coeff 12.6071 of var (x3,x3) (idx 0) in constr e163 (idx 148) is deemed risky
+ coeff 6.67721 of var (x3,x5) (idx 1) in constr e163 (idx 148) is deemed risky
+ coeff -33.0928 of var (x3,x6) (idx 2) in constr e163 (idx 148) is deemed risky
+ coeff 3.84023 of var (x3,x7) (idx 3) in constr e163 (idx 148) is deemed risky
+ coeff -6.67721 of var (x3,x8) (idx 4) in constr e163 (idx 148) is deemed risky
+ coeff -2.4173 of var (x3,x15) (idx 5) in constr e163 (idx 148) is deemed risky
+ coeff 2.4173 of var (x3,x16) (idx 6) in constr e163 (idx 148) is deemed risky
+ coeff 12.6071 of var (x4,x4) (idx 7) in constr e163 (idx 148) is deemed risky
+ coeff 2.4173 of var (x4,x5) (idx 8) in constr e163 (idx 148) is deemed risky
+ coeff -3.84023 of var (x4,x6) (idx 9) in constr e163 (idx 148) is deemed risky
+ coeff -33.0928 of var (x4,x7) (idx 10) in constr e163 (idx 148) is deemed risky
+ coeff -2.4173 of var (x4,x8) (idx 11) in constr e163 (idx 148) is deemed risky
+ coeff 6.67721 of var (x4,x15) (idx 12) in constr e163 (idx 148) is deemed risky
+ coeff -6.67721 of var (x4,x16) (idx 13) in constr e163 (idx 148) is deemed risky
+ coeff -9.13177 of var (x5,x6) (idx 15) in constr e163 (idx 148) is deemed risky
+ coeff -2.15565 of var (x5,x7) (idx 16) in constr e163 (idx 148) is deemed risky
+ coeff 22.009 of var (x6,x6) (idx 18) in constr e163 (idx 148) is deemed risky
+ coeff 9.13177 of var (x6,x8) (idx 19) in constr e163 (idx 148) is deemed risky
+ coeff 2.15565 of var (x6,x15) (idx 20) in constr e163 (idx 148) is deemed risky
+ coeff -2.15565 of var (x6,x16) (idx 21) in constr e163 (idx 148) is deemed risky
+ coeff 22.009 of var (x7,x7) (idx 22) in constr e163 (idx 148) is deemed risky
+ coeff 2.15565 of var (x7,x8) (idx 23) in constr e163 (idx 148) is deemed risky
+ coeff -9.13177 of var (x7,x15) (idx 24) in constr e163 (idx 148) is deemed risky
+ coeff 9.13177 of var (x7,x16) (idx 25) in constr e163 (idx 148) is deemed risky
+ coeff 12.6071 of var (x3,x3) (idx 0) in constr e164 (idx 149) is deemed risky
+ coeff 6.67721 of var (x3,x5) (idx 1) in constr e164 (idx 149) is deemed risky
+ coeff -11.5111 of var (x3,x9) (idx 2) in constr e164 (idx 149) is deemed risky
+ coeff -5.39205 of var (x3,x10) (idx 3) in constr e164 (idx 149) is deemed risky
+ coeff -6.67721 of var (x3,x11) (idx 4) in constr e164 (idx 149) is deemed risky
+ coeff -2.4173 of var (x3,x15) (idx 5) in constr e164 (idx 149) is deemed risky
+ coeff 2.4173 of var (x3,x17) (idx 6) in constr e164 (idx 149) is deemed risky
+ coeff 12.6071 of var (x4,x4) (idx 7) in constr e164 (idx 149) is deemed risky
+ coeff 2.4173 of var (x4,x5) (idx 8) in constr e164 (idx 149) is deemed risky
+ coeff 5.39205 of var (x4,x9) (idx 9) in constr e164 (idx 149) is deemed risky
+ coeff -11.5111 of var (x4,x10) (idx 10) in constr e164 (idx 149) is deemed risky
+ coeff -2.4173 of var (x4,x11) (idx 11) in constr e164 (idx 149) is deemed risky
+ coeff 6.67721 of var (x4,x15) (idx 12) in constr e164 (idx 149) is deemed risky
+ coeff -6.67721 of var (x4,x17) (idx 13) in constr e164 (idx 149) is deemed risky
+ coeff -2.53143 of var (x5,x9) (idx 15) in constr e164 (idx 149) is deemed risky
+ coeff -2.53149 of var (x5,x10) (idx 16) in constr e164 (idx 149) is deemed risky
+ coeff 3.20415 of var (x9,x9) (idx 18) in constr e164 (idx 149) is deemed risky
+ coeff 2.53143 of var (x9,x11) (idx 19) in constr e164 (idx 149) is deemed risky
+ coeff 2.53149 of var (x9,x15) (idx 20) in constr e164 (idx 149) is deemed risky
+ coeff -2.53149 of var (x9,x17) (idx 21) in constr e164 (idx 149) is deemed risky
+ coeff 3.20415 of var (x10,x10) (idx 22) in constr e164 (idx 149) is deemed risky
+ coeff 2.53149 of var (x10,x11) (idx 23) in constr e164 (idx 149) is deemed risky
+ coeff -2.53143 of var (x10,x15) (idx 24) in constr e164 (idx 149) is deemed risky
+ coeff 2.53143 of var (x10,x17) (idx 25) in constr e164 (idx 149) is deemed risky
+ coeff 12.6071 of var (x3,x3) (idx 0) in constr e165 (idx 150) is deemed risky
+ coeff 6.67721 of var (x3,x5) (idx 1) in constr e165 (idx 150) is deemed risky
+ coeff 5.22684 of var (x3,x12) (idx 2) in constr e165 (idx 150) is deemed risky
+ coeff 7.56237 of var (x3,x13) (idx 3) in constr e165 (idx 150) is deemed risky
+ coeff -6.67721 of var (x3,x14) (idx 4) in constr e165 (idx 150) is deemed risky
+ coeff -2.4173 of var (x3,x15) (idx 5) in constr e165 (idx 150) is deemed risky
+ coeff 2.4173 of var (x3,x18) (idx 6) in constr e165 (idx 150) is deemed risky
+ coeff 12.6071 of var (x4,x4) (idx 7) in constr e165 (idx 150) is deemed risky
+ coeff 2.4173 of var (x4,x5) (idx 8) in constr e165 (idx 150) is deemed risky
+ coeff -7.56237 of var (x4,x12) (idx 9) in constr e165 (idx 150) is deemed risky
+ coeff 5.22684 of var (x4,x13) (idx 10) in constr e165 (idx 150) is deemed risky
+ coeff -2.4173 of var (x4,x14) (idx 11) in constr e165 (idx 150) is deemed risky
+ coeff 6.67721 of var (x4,x15) (idx 12) in constr e165 (idx 150) is deemed risky
+ coeff -6.67721 of var (x4,x18) (idx 13) in constr e165 (idx 150) is deemed risky
+ coeff 0.659161 of var (x5,x12) (idx 15) in constr e165 (idx 150) is deemed risky
+ coeff 2.50376 of var (x5,x13) (idx 16) in constr e165 (idx 150) is deemed risky
+ coeff 1.67582 of var (x12,x12) (idx 18) in constr e165 (idx 150) is deemed risky
+ coeff -0.659161 of var (x12,x14) (idx 19) in constr e165 (idx 150) is deemed risky
+ coeff -2.50376 of var (x12,x15) (idx 20) in constr e165 (idx 150) is deemed risky
+ coeff 2.50376 of var (x12,x18) (idx 21) in constr e165 (idx 150) is deemed risky
+ coeff 1.67582 of var (x13,x13) (idx 22) in constr e165 (idx 150) is deemed risky
+ coeff -2.50376 of var (x13,x14) (idx 23) in constr e165 (idx 150) is deemed risky
+ coeff 0.659161 of var (x13,x15) (idx 24) in constr e165 (idx 150) is deemed risky
+ coeff -0.659161 of var (x13,x18) (idx 25) in constr e165 (idx 150) is deemed risky
+ coeff 14.2857 of var (x6,x6) (idx 0) in constr e166 (idx 151) is deemed risky
+ coeff 7.35708 of var (x6,x8) (idx 1) in constr e166 (idx 151) is deemed risky
+ coeff -7.35708 of var (x6,x11) (idx 2) in constr e166 (idx 151) is deemed risky
+ coeff -1.73674 of var (x6,x16) (idx 3) in constr e166 (idx 151) is deemed risky
+ coeff 1.73674 of var (x6,x17) (idx 4) in constr e166 (idx 151) is deemed risky
+ coeff 14.2857 of var (x7,x7) (idx 5) in constr e166 (idx 151) is deemed risky
+ coeff 1.73674 of var (x7,x8) (idx 6) in constr e166 (idx 151) is deemed risky
+ coeff -1.73674 of var (x7,x11) (idx 7) in constr e166 (idx 151) is deemed risky
+ coeff 7.35708 of var (x7,x16) (idx 8) in constr e166 (idx 151) is deemed risky
+ coeff -7.35708 of var (x7,x17) (idx 9) in constr e166 (idx 151) is deemed risky
+ coeff 14.2857 of var (x6,x6) (idx 0) in constr e167 (idx 152) is deemed risky
+ coeff 7.35708 of var (x6,x8) (idx 1) in constr e167 (idx 152) is deemed risky
+ coeff -7.35708 of var (x6,x14) (idx 2) in constr e167 (idx 152) is deemed risky
+ coeff -1.73674 of var (x6,x16) (idx 3) in constr e167 (idx 152) is deemed risky
+ coeff 1.73674 of var (x6,x18) (idx 4) in constr e167 (idx 152) is deemed risky
+ coeff 14.2857 of var (x7,x7) (idx 5) in constr e167 (idx 152) is deemed risky
+ coeff 1.73674 of var (x7,x8) (idx 6) in constr e167 (idx 152) is deemed risky
+ coeff -1.73674 of var (x7,x14) (idx 7) in constr e167 (idx 152) is deemed risky
+ coeff 7.35708 of var (x7,x16) (idx 8) in constr e167 (idx 152) is deemed risky
+ coeff -7.35708 of var (x7,x18) (idx 9) in constr e167 (idx 152) is deemed risky
+ coeff 14.2857 of var (x6,x6) (idx 0) in constr e168 (idx 153) is deemed risky
+ coeff 7.35708 of var (x6,x8) (idx 1) in constr e168 (idx 153) is deemed risky
+ coeff 14.8708 of var (x6,x9) (idx 2) in constr e168 (idx 153) is deemed risky
+ coeff -9.2504 of var (x6,x10) (idx 3) in constr e168 (idx 153) is deemed risky
+ coeff -7.35708 of var (x6,x11) (idx 4) in constr e168 (idx 153) is deemed risky
+ coeff -1.73674 of var (x6,x16) (idx 5) in constr e168 (idx 153) is deemed risky
+ coeff 1.73674 of var (x6,x17) (idx 6) in constr e168 (idx 153) is deemed risky
+ coeff 14.2857 of var (x7,x7) (idx 7) in constr e168 (idx 153) is deemed risky
+ coeff 1.73674 of var (x7,x8) (idx 8) in constr e168 (idx 153) is deemed risky
+ coeff 9.2504 of var (x7,x9) (idx 9) in constr e168 (idx 153) is deemed risky
+ coeff 14.8708 of var (x7,x10) (idx 10) in constr e168 (idx 153) is deemed risky
+ coeff -1.73674 of var (x7,x11) (idx 11) in constr e168 (idx 153) is deemed risky
+ coeff 7.35708 of var (x7,x16) (idx 12) in constr e168 (idx 153) is deemed risky
+ coeff -7.35708 of var (x7,x17) (idx 13) in constr e168 (idx 153) is deemed risky
+ coeff 4.39148 of var (x8,x9) (idx 15) in constr e168 (idx 153) is deemed risky
+ coeff -1.47803 of var (x8,x10) (idx 16) in constr e168 (idx 153) is deemed risky
+ coeff 5.36741 of var (x9,x9) (idx 18) in constr e168 (idx 153) is deemed risky
+ coeff -4.39148 of var (x9,x11) (idx 19) in constr e168 (idx 153) is deemed risky
+ coeff 1.47803 of var (x9,x16) (idx 20) in constr e168 (idx 153) is deemed risky
+ coeff -1.47803 of var (x9,x17) (idx 21) in constr e168 (idx 153) is deemed risky
+ coeff 5.36741 of var (x10,x10) (idx 22) in constr e168 (idx 153) is deemed risky
+ coeff 1.47803 of var (x10,x11) (idx 23) in constr e168 (idx 153) is deemed risky
+ coeff 4.39148 of var (x10,x16) (idx 24) in constr e168 (idx 153) is deemed risky
+ coeff -4.39148 of var (x10,x17) (idx 25) in constr e168 (idx 153) is deemed risky
+ coeff 14.2857 of var (x6,x6) (idx 0) in constr e169 (idx 154) is deemed risky
+ coeff 7.35708 of var (x6,x8) (idx 1) in constr e169 (idx 154) is deemed risky
+ coeff -12.0029 of var (x6,x12) (idx 2) in constr e169 (idx 154) is deemed risky
+ coeff -1.08224 of var (x6,x13) (idx 3) in constr e169 (idx 154) is deemed risky
+ coeff -7.35708 of var (x6,x14) (idx 4) in constr e169 (idx 154) is deemed risky
+ coeff -1.73674 of var (x6,x16) (idx 5) in constr e169 (idx 154) is deemed risky
+ coeff 1.73674 of var (x6,x18) (idx 6) in constr e169 (idx 154) is deemed risky
+ coeff 14.2857 of var (x7,x7) (idx 7) in constr e169 (idx 154) is deemed risky
+ coeff 1.73674 of var (x7,x8) (idx 8) in constr e169 (idx 154) is deemed risky
+ coeff 1.08224 of var (x7,x12) (idx 9) in constr e169 (idx 154) is deemed risky
+ coeff -12.0029 of var (x7,x13) (idx 10) in constr e169 (idx 154) is deemed risky
+ coeff -1.73674 of var (x7,x14) (idx 11) in constr e169 (idx 154) is deemed risky
+ coeff 7.35708 of var (x7,x16) (idx 12) in constr e169 (idx 154) is deemed risky
+ coeff -7.35708 of var (x7,x18) (idx 13) in constr e169 (idx 154) is deemed risky
+ coeff -3.02493 of var (x8,x12) (idx 15) in constr e169 (idx 154) is deemed risky
+ coeff -1.00828 of var (x8,x13) (idx 16) in constr e169 (idx 154) is deemed risky
+ coeff 2.54171 of var (x12,x12) (idx 18) in constr e169 (idx 154) is deemed risky
+ coeff 3.02493 of var (x12,x14) (idx 19) in constr e169 (idx 154) is deemed risky
+ coeff 1.00828 of var (x12,x16) (idx 20) in constr e169 (idx 154) is deemed risky
+ coeff -1.00828 of var (x12,x18) (idx 21) in constr e169 (idx 154) is deemed risky
+ coeff 2.54171 of var (x13,x13) (idx 22) in constr e169 (idx 154) is deemed risky
+ coeff 1.00828 of var (x13,x14) (idx 23) in constr e169 (idx 154) is deemed risky
+ coeff -3.02493 of var (x13,x16) (idx 24) in constr e169 (idx 154) is deemed risky
+ coeff 3.02493 of var (x13,x18) (idx 25) in constr e169 (idx 154) is deemed risky
+ coeff 14.2857 of var (x6,x6) (idx 0) in constr e170 (idx 155) is deemed risky
+ coeff 7.35708 of var (x6,x8) (idx 1) in constr e170 (idx 155) is deemed risky
+ coeff -4.78782 of var (x6,x9) (idx 2) in constr e170 (idx 155) is deemed risky
+ coeff 14.3629 of var (x6,x10) (idx 3) in constr e170 (idx 155) is deemed risky
+ coeff -7.35708 of var (x6,x11) (idx 4) in constr e170 (idx 155) is deemed risky
+ coeff -1.73674 of var (x6,x16) (idx 5) in constr e170 (idx 155) is deemed risky
+ coeff 1.73674 of var (x6,x17) (idx 6) in constr e170 (idx 155) is deemed risky
+ coeff 14.2857 of var (x7,x7) (idx 7) in constr e170 (idx 155) is deemed risky
+ coeff 1.73674 of var (x7,x8) (idx 8) in constr e170 (idx 155) is deemed risky
+ coeff -14.3629 of var (x7,x9) (idx 9) in constr e170 (idx 155) is deemed risky
+ coeff -4.78782 of var (x7,x10) (idx 10) in constr e170 (idx 155) is deemed risky
+ coeff -1.73674 of var (x7,x11) (idx 11) in constr e170 (idx 155) is deemed risky
+ coeff 7.35708 of var (x7,x16) (idx 12) in constr e170 (idx 155) is deemed risky
+ coeff -7.35708 of var (x7,x17) (idx 13) in constr e170 (idx 155) is deemed risky
+ coeff -2.10592 of var (x8,x9) (idx 15) in constr e170 (idx 155) is deemed risky
+ coeff 3.40739 of var (x8,x10) (idx 16) in constr e170 (idx 155) is deemed risky
+ coeff 4.0113 of var (x9,x9) (idx 18) in constr e170 (idx 155) is deemed risky
+ coeff 2.10592 of var (x9,x11) (idx 19) in constr e170 (idx 155) is deemed risky
+ coeff -3.40739 of var (x9,x16) (idx 20) in constr e170 (idx 155) is deemed risky
+ coeff 3.40739 of var (x9,x17) (idx 21) in constr e170 (idx 155) is deemed risky
+ coeff 4.0113 of var (x10,x10) (idx 22) in constr e170 (idx 155) is deemed risky
+ coeff -3.40739 of var (x10,x11) (idx 23) in constr e170 (idx 155) is deemed risky
+ coeff -2.10592 of var (x10,x16) (idx 24) in constr e170 (idx 155) is deemed risky
+ coeff 2.10592 of var (x10,x17) (idx 25) in constr e170 (idx 155) is deemed risky
+ coeff 14.2857 of var (x6,x6) (idx 0) in constr e171 (idx 156) is deemed risky
+ coeff 7.35708 of var (x6,x8) (idx 1) in constr e171 (idx 156) is deemed risky
+ coeff 7.05988 of var (x6,x12) (idx 2) in constr e171 (idx 156) is deemed risky
+ coeff -7.43139 of var (x6,x13) (idx 3) in constr e171 (idx 156) is deemed risky
+ coeff -7.35708 of var (x6,x14) (idx 4) in constr e171 (idx 156) is deemed risky
+ coeff -1.73674 of var (x6,x16) (idx 5) in constr e171 (idx 156) is deemed risky
+ coeff 1.73674 of var (x6,x18) (idx 6) in constr e171 (idx 156) is deemed risky
+ coeff 14.2857 of var (x7,x7) (idx 7) in constr e171 (idx 156) is deemed risky
+ coeff 1.73674 of var (x7,x8) (idx 8) in constr e171 (idx 156) is deemed risky
+ coeff 7.43139 of var (x7,x12) (idx 9) in constr e171 (idx 156) is deemed risky
+ coeff 7.05988 of var (x7,x13) (idx 10) in constr e171 (idx 156) is deemed risky
+ coeff -1.73674 of var (x7,x14) (idx 11) in constr e171 (idx 156) is deemed risky
+ coeff 7.35708 of var (x7,x16) (idx 12) in constr e171 (idx 156) is deemed risky
+ coeff -7.35708 of var (x7,x18) (idx 13) in constr e171 (idx 156) is deemed risky
+ coeff 2.26963 of var (x8,x12) (idx 15) in constr e171 (idx 156) is deemed risky
+ coeff -1.48442 of var (x8,x13) (idx 16) in constr e171 (idx 156) is deemed risky
+ coeff 1.83868 of var (x12,x12) (idx 18) in constr e171 (idx 156) is deemed risky
+ coeff -2.26963 of var (x12,x14) (idx 19) in constr e171 (idx 156) is deemed risky
+ coeff 1.48442 of var (x12,x16) (idx 20) in constr e171 (idx 156) is deemed risky
+ coeff -1.48442 of var (x12,x18) (idx 21) in constr e171 (idx 156) is deemed risky
+ coeff 1.83868 of var (x13,x13) (idx 22) in constr e171 (idx 156) is deemed risky
+ coeff 1.48442 of var (x13,x14) (idx 23) in constr e171 (idx 156) is deemed risky
+ coeff 2.26963 of var (x13,x16) (idx 24) in constr e171 (idx 156) is deemed risky
+ coeff -2.26963 of var (x13,x18) (idx 25) in constr e171 (idx 156) is deemed risky
+ coeff 14.2857 of var (x6,x6) (idx 0) in constr e172 (idx 157) is deemed risky
+ coeff 7.35708 of var (x6,x8) (idx 1) in constr e172 (idx 157) is deemed risky
+ coeff 10.4125 of var (x6,x9) (idx 2) in constr e172 (idx 157) is deemed risky
+ coeff -5.20627 of var (x6,x10) (idx 3) in constr e172 (idx 157) is deemed risky
+ coeff -7.35708 of var (x6,x11) (idx 4) in constr e172 (idx 157) is deemed risky
+ coeff -1.73674 of var (x6,x16) (idx 5) in constr e172 (idx 157) is deemed risky
+ coeff 1.73674 of var (x6,x17) (idx 6) in constr e172 (idx 157) is deemed risky
+ coeff 14.2857 of var (x7,x7) (idx 7) in constr e172 (idx 157) is deemed risky
+ coeff 1.73674 of var (x7,x8) (idx 8) in constr e172 (idx 157) is deemed risky
+ coeff 5.20627 of var (x7,x9) (idx 9) in constr e172 (idx 157) is deemed risky
+ coeff 10.4125 of var (x7,x10) (idx 10) in constr e172 (idx 157) is deemed risky
+ coeff -1.73674 of var (x7,x11) (idx 11) in constr e172 (idx 157) is deemed risky
+ coeff 7.35708 of var (x7,x16) (idx 12) in constr e172 (idx 157) is deemed risky
+ coeff -7.35708 of var (x7,x17) (idx 13) in constr e172 (idx 157) is deemed risky
+ coeff 2.99767 of var (x8,x9) (idx 15) in constr e172 (idx 157) is deemed risky
+ coeff -0.70767 of var (x8,x10) (idx 16) in constr e172 (idx 157) is deemed risky
+ coeff 2.3717 of var (x9,x9) (idx 18) in constr e172 (idx 157) is deemed risky
+ coeff -2.99767 of var (x9,x11) (idx 19) in constr e172 (idx 157) is deemed risky
+ coeff 0.70767 of var (x9,x16) (idx 20) in constr e172 (idx 157) is deemed risky
+ coeff -0.70767 of var (x9,x17) (idx 21) in constr e172 (idx 157) is deemed risky
+ coeff 2.3717 of var (x10,x10) (idx 22) in constr e172 (idx 157) is deemed risky
+ coeff 0.70767 of var (x10,x11) (idx 23) in constr e172 (idx 157) is deemed risky
+ coeff 2.99767 of var (x10,x16) (idx 24) in constr e172 (idx 157) is deemed risky
+ coeff -2.99767 of var (x10,x17) (idx 25) in constr e172 (idx 157) is deemed risky
+ coeff 14.2857 of var (x6,x6) (idx 0) in constr e173 (idx 158) is deemed risky
+ coeff 7.35708 of var (x6,x8) (idx 1) in constr e173 (idx 158) is deemed risky
+ coeff -18.2377 of var (x6,x12) (idx 2) in constr e173 (idx 158) is deemed risky
+ coeff -1.64454 of var (x6,x13) (idx 3) in constr e173 (idx 158) is deemed risky
+ coeff -7.35708 of var (x6,x14) (idx 4) in constr e173 (idx 158) is deemed risky
+ coeff -1.73674 of var (x6,x16) (idx 5) in constr e173 (idx 158) is deemed risky
+ coeff 1.73674 of var (x6,x18) (idx 6) in constr e173 (idx 158) is deemed risky
+ coeff 14.2857 of var (x7,x7) (idx 7) in constr e173 (idx 158) is deemed risky
+ coeff 1.73674 of var (x7,x8) (idx 8) in constr e173 (idx 158) is deemed risky
+ coeff 1.64454 of var (x7,x12) (idx 9) in constr e173 (idx 158) is deemed risky
+ coeff -18.2377 of var (x7,x13) (idx 10) in constr e173 (idx 158) is deemed risky
+ coeff -1.73674 of var (x7,x14) (idx 11) in constr e173 (idx 158) is deemed risky
+ coeff 7.35708 of var (x7,x16) (idx 12) in constr e173 (idx 158) is deemed risky
+ coeff -7.35708 of var (x7,x18) (idx 13) in constr e173 (idx 158) is deemed risky
+ coeff -4.5962 of var (x8,x12) (idx 15) in constr e173 (idx 158) is deemed risky
+ coeff -1.53206 of var (x8,x13) (idx 16) in constr e173 (idx 158) is deemed risky
+ coeff 5.86805 of var (x12,x12) (idx 18) in constr e173 (idx 158) is deemed risky
+ coeff 4.5962 of var (x12,x14) (idx 19) in constr e173 (idx 158) is deemed risky
+ coeff 1.53206 of var (x12,x16) (idx 20) in constr e173 (idx 158) is deemed risky
+ coeff -1.53206 of var (x12,x18) (idx 21) in constr e173 (idx 158) is deemed risky
+ coeff 5.86805 of var (x13,x13) (idx 22) in constr e173 (idx 158) is deemed risky
+ coeff 1.53206 of var (x13,x14) (idx 23) in constr e173 (idx 158) is deemed risky
+ coeff -4.5962 of var (x13,x16) (idx 24) in constr e173 (idx 158) is deemed risky
+ coeff 4.5962 of var (x13,x18) (idx 25) in constr e173 (idx 158) is deemed risky
+ coeff 14.2857 of var (x6,x6) (idx 0) in constr e174 (idx 159) is deemed risky
+ coeff 7.35708 of var (x6,x8) (idx 1) in constr e174 (idx 159) is deemed risky
+ coeff -11.5102 of var (x6,x9) (idx 2) in constr e174 (idx 159) is deemed risky
+ coeff -7.11398 of var (x6,x10) (idx 3) in constr e174 (idx 159) is deemed risky
+ coeff -7.35708 of var (x6,x11) (idx 4) in constr e174 (idx 159) is deemed risky
+ coeff -1.73674 of var (x6,x16) (idx 5) in constr e174 (idx 159) is deemed risky
+ coeff 1.73674 of var (x6,x17) (idx 6) in constr e174 (idx 159) is deemed risky
+ coeff 14.2857 of var (x7,x7) (idx 7) in constr e174 (idx 159) is deemed risky
+ coeff 1.73674 of var (x7,x8) (idx 8) in constr e174 (idx 159) is deemed risky
+ coeff 7.11398 of var (x7,x9) (idx 9) in constr e174 (idx 159) is deemed risky
+ coeff -11.5102 of var (x7,x10) (idx 10) in constr e174 (idx 159) is deemed risky
+ coeff -1.73674 of var (x7,x11) (idx 11) in constr e174 (idx 159) is deemed risky
+ coeff 7.35708 of var (x7,x16) (idx 12) in constr e174 (idx 159) is deemed risky
+ coeff -7.35708 of var (x7,x17) (idx 13) in constr e174 (idx 159) is deemed risky
+ coeff -2.53143 of var (x8,x9) (idx 15) in constr e174 (idx 159) is deemed risky
+ coeff -2.53149 of var (x8,x10) (idx 16) in constr e174 (idx 159) is deemed risky
+ coeff 3.20415 of var (x9,x9) (idx 18) in constr e174 (idx 159) is deemed risky
+ coeff 2.53143 of var (x9,x11) (idx 19) in constr e174 (idx 159) is deemed risky
+ coeff 2.53149 of var (x9,x16) (idx 20) in constr e174 (idx 159) is deemed risky
+ coeff -2.53149 of var (x9,x17) (idx 21) in constr e174 (idx 159) is deemed risky
+ coeff 3.20415 of var (x10,x10) (idx 22) in constr e174 (idx 159) is deemed risky
+ coeff 2.53149 of var (x10,x11) (idx 23) in constr e174 (idx 159) is deemed risky
+ coeff -2.53143 of var (x10,x16) (idx 24) in constr e174 (idx 159) is deemed risky
+ coeff 2.53143 of var (x10,x17) (idx 25) in constr e174 (idx 159) is deemed risky
+ coeff 14.2857 of var (x6,x6) (idx 0) in constr e175 (idx 160) is deemed risky
+ coeff 7.35708 of var (x6,x8) (idx 1) in constr e175 (idx 160) is deemed risky
+ coeff 4.59893 of var (x6,x12) (idx 2) in constr e175 (idx 160) is deemed risky
+ coeff 8.63777 of var (x6,x13) (idx 3) in constr e175 (idx 160) is deemed risky
+ coeff -7.35708 of var (x6,x14) (idx 4) in constr e175 (idx 160) is deemed risky
+ coeff -1.73674 of var (x6,x16) (idx 5) in constr e175 (idx 160) is deemed risky
+ coeff 1.73674 of var (x6,x18) (idx 6) in constr e175 (idx 160) is deemed risky
+ coeff 14.2857 of var (x7,x7) (idx 7) in constr e175 (idx 160) is deemed risky
+ coeff 1.73674 of var (x7,x8) (idx 8) in constr e175 (idx 160) is deemed risky
+ coeff -8.63777 of var (x7,x12) (idx 9) in constr e175 (idx 160) is deemed risky
+ coeff 4.59893 of var (x7,x13) (idx 10) in constr e175 (idx 160) is deemed risky
+ coeff -1.73674 of var (x7,x14) (idx 11) in constr e175 (idx 160) is deemed risky
+ coeff 7.35708 of var (x7,x16) (idx 12) in constr e175 (idx 160) is deemed risky
+ coeff -7.35708 of var (x7,x18) (idx 13) in constr e175 (idx 160) is deemed risky
+ coeff 0.659161 of var (x8,x12) (idx 15) in constr e175 (idx 160) is deemed risky
+ coeff 2.50376 of var (x8,x13) (idx 16) in constr e175 (idx 160) is deemed risky
+ coeff 1.67582 of var (x12,x12) (idx 18) in constr e175 (idx 160) is deemed risky
+ coeff -0.659161 of var (x12,x14) (idx 19) in constr e175 (idx 160) is deemed risky
+ coeff -2.50376 of var (x12,x16) (idx 20) in constr e175 (idx 160) is deemed risky
+ coeff 2.50376 of var (x12,x18) (idx 21) in constr e175 (idx 160) is deemed risky
+ coeff 1.67582 of var (x13,x13) (idx 22) in constr e175 (idx 160) is deemed risky
+ coeff -2.50376 of var (x13,x14) (idx 23) in constr e175 (idx 160) is deemed risky
+ coeff 0.659161 of var (x13,x16) (idx 24) in constr e175 (idx 160) is deemed risky
+ coeff -0.659161 of var (x13,x18) (idx 25) in constr e175 (idx 160) is deemed risky
+ coeff 2.3717 of var (x9,x9) (idx 0) in constr e176 (idx 161) is deemed risky
+ coeff -2.99767 of var (x9,x11) (idx 1) in constr e176 (idx 161) is deemed risky
+ coeff 2.99767 of var (x9,x14) (idx 2) in constr e176 (idx 161) is deemed risky
+ coeff -0.70767 of var (x9,x17) (idx 3) in constr e176 (idx 161) is deemed risky
+ coeff 0.70767 of var (x9,x18) (idx 4) in constr e176 (idx 161) is deemed risky
+ coeff 2.3717 of var (x10,x10) (idx 5) in constr e176 (idx 161) is deemed risky
+ coeff 0.70767 of var (x10,x11) (idx 6) in constr e176 (idx 161) is deemed risky
+ coeff -0.70767 of var (x10,x14) (idx 7) in constr e176 (idx 161) is deemed risky
+ coeff -2.99767 of var (x10,x17) (idx 8) in constr e176 (idx 161) is deemed risky
+ coeff 2.99767 of var (x10,x18) (idx 9) in constr e176 (idx 161) is deemed risky
+ coeff 2.3717 of var (x9,x9) (idx 0) in constr e177 (idx 162) is deemed risky
+ coeff -2.99767 of var (x9,x11) (idx 1) in constr e177 (idx 162) is deemed risky
+ coeff 4.1771 of var (x9,x12) (idx 2) in constr e177 (idx 162) is deemed risky
+ coeff 2.58157 of var (x9,x13) (idx 3) in constr e177 (idx 162) is deemed risky
+ coeff 2.99767 of var (x9,x14) (idx 4) in constr e177 (idx 162) is deemed risky
+ coeff -0.70767 of var (x9,x17) (idx 5) in constr e177 (idx 162) is deemed risky
+ coeff 0.70767 of var (x9,x18) (idx 6) in constr e177 (idx 162) is deemed risky
+ coeff 2.3717 of var (x10,x10) (idx 7) in constr e177 (idx 162) is deemed risky
+ coeff 0.70767 of var (x10,x11) (idx 8) in constr e177 (idx 162) is deemed risky
+ coeff -2.58157 of var (x10,x12) (idx 9) in constr e177 (idx 162) is deemed risky
+ coeff 4.1771 of var (x10,x13) (idx 10) in constr e177 (idx 162) is deemed risky
+ coeff -0.70767 of var (x10,x14) (idx 11) in constr e177 (idx 162) is deemed risky
+ coeff -2.99767 of var (x10,x17) (idx 12) in constr e177 (idx 162) is deemed risky
+ coeff 2.99767 of var (x10,x18) (idx 13) in constr e177 (idx 162) is deemed risky
+ coeff -3.02493 of var (x11,x12) (idx 15) in constr e177 (idx 162) is deemed risky
+ coeff -1.00828 of var (x11,x13) (idx 16) in constr e177 (idx 162) is deemed risky
+ coeff 2.54171 of var (x12,x12) (idx 18) in constr e177 (idx 162) is deemed risky
+ coeff 3.02493 of var (x12,x14) (idx 19) in constr e177 (idx 162) is deemed risky
+ coeff 1.00828 of var (x12,x17) (idx 20) in constr e177 (idx 162) is deemed risky
+ coeff -1.00828 of var (x12,x18) (idx 21) in constr e177 (idx 162) is deemed risky
+ coeff 2.54171 of var (x13,x13) (idx 22) in constr e177 (idx 162) is deemed risky
+ coeff 1.00828 of var (x13,x14) (idx 23) in constr e177 (idx 162) is deemed risky
+ coeff -3.02493 of var (x13,x17) (idx 24) in constr e177 (idx 162) is deemed risky
+ coeff 3.02493 of var (x13,x18) (idx 25) in constr e177 (idx 162) is deemed risky
+ coeff 2.3717 of var (x9,x9) (idx 0) in constr e178 (idx 163) is deemed risky
+ coeff -2.99767 of var (x9,x11) (idx 1) in constr e178 (idx 163) is deemed risky
+ coeff -3.92703 of var (x9,x12) (idx 2) in constr e178 (idx 163) is deemed risky
+ coeff 1.42183 of var (x9,x13) (idx 3) in constr e178 (idx 163) is deemed risky
+ coeff 2.99767 of var (x9,x14) (idx 4) in constr e178 (idx 163) is deemed risky
+ coeff -0.70767 of var (x9,x17) (idx 5) in constr e178 (idx 163) is deemed risky
+ coeff 0.70767 of var (x9,x18) (idx 6) in constr e178 (idx 163) is deemed risky
+ coeff 2.3717 of var (x10,x10) (idx 7) in constr e178 (idx 163) is deemed risky
+ coeff 0.70767 of var (x10,x11) (idx 8) in constr e178 (idx 163) is deemed risky
+ coeff -1.42183 of var (x10,x12) (idx 9) in constr e178 (idx 163) is deemed risky
+ coeff -3.92703 of var (x10,x13) (idx 10) in constr e178 (idx 163) is deemed risky
+ coeff -0.70767 of var (x10,x14) (idx 11) in constr e178 (idx 163) is deemed risky
+ coeff -2.99767 of var (x10,x17) (idx 12) in constr e178 (idx 163) is deemed risky
+ coeff 2.99767 of var (x10,x18) (idx 13) in constr e178 (idx 163) is deemed risky
+ coeff 2.26963 of var (x11,x12) (idx 15) in constr e178 (idx 163) is deemed risky
+ coeff -1.48442 of var (x11,x13) (idx 16) in constr e178 (idx 163) is deemed risky
+ coeff 1.83868 of var (x12,x12) (idx 18) in constr e178 (idx 163) is deemed risky
+ coeff -2.26963 of var (x12,x14) (idx 19) in constr e178 (idx 163) is deemed risky
+ coeff 1.48442 of var (x12,x17) (idx 20) in constr e178 (idx 163) is deemed risky
+ coeff -1.48442 of var (x12,x18) (idx 21) in constr e178 (idx 163) is deemed risky
+ coeff 1.83868 of var (x13,x13) (idx 22) in constr e178 (idx 163) is deemed risky
+ coeff 1.48442 of var (x13,x14) (idx 23) in constr e178 (idx 163) is deemed risky
+ coeff 2.26963 of var (x13,x17) (idx 24) in constr e178 (idx 163) is deemed risky
+ coeff -2.26963 of var (x13,x18) (idx 25) in constr e178 (idx 163) is deemed risky
+ coeff 2.3717 of var (x9,x9) (idx 0) in constr e179 (idx 164) is deemed risky
+ coeff -2.99767 of var (x9,x11) (idx 1) in constr e179 (idx 164) is deemed risky
+ coeff 6.34684 of var (x9,x12) (idx 2) in constr e179 (idx 164) is deemed risky
+ coeff 3.92259 of var (x9,x13) (idx 3) in constr e179 (idx 164) is deemed risky
+ coeff 2.99767 of var (x9,x14) (idx 4) in constr e179 (idx 164) is deemed risky
+ coeff -0.70767 of var (x9,x17) (idx 5) in constr e179 (idx 164) is deemed risky
+ coeff 0.70767 of var (x9,x18) (idx 6) in constr e179 (idx 164) is deemed risky
+ coeff 2.3717 of var (x10,x10) (idx 7) in constr e179 (idx 164) is deemed risky
+ coeff 0.70767 of var (x10,x11) (idx 8) in constr e179 (idx 164) is deemed risky
+ coeff -3.92259 of var (x10,x12) (idx 9) in constr e179 (idx 164) is deemed risky
+ coeff 6.34684 of var (x10,x13) (idx 10) in constr e179 (idx 164) is deemed risky
+ coeff -0.70767 of var (x10,x14) (idx 11) in constr e179 (idx 164) is deemed risky
+ coeff -2.99767 of var (x10,x17) (idx 12) in constr e179 (idx 164) is deemed risky
+ coeff 2.99767 of var (x10,x18) (idx 13) in constr e179 (idx 164) is deemed risky
+ coeff -4.5962 of var (x11,x12) (idx 15) in constr e179 (idx 164) is deemed risky
+ coeff -1.53206 of var (x11,x13) (idx 16) in constr e179 (idx 164) is deemed risky
+ coeff 5.86805 of var (x12,x12) (idx 18) in constr e179 (idx 164) is deemed risky
+ coeff 4.5962 of var (x12,x14) (idx 19) in constr e179 (idx 164) is deemed risky
+ coeff 1.53206 of var (x12,x17) (idx 20) in constr e179 (idx 164) is deemed risky
+ coeff -1.53206 of var (x12,x18) (idx 21) in constr e179 (idx 164) is deemed risky
+ coeff 5.86805 of var (x13,x13) (idx 22) in constr e179 (idx 164) is deemed risky
+ coeff 1.53206 of var (x13,x14) (idx 23) in constr e179 (idx 164) is deemed risky
+ coeff -4.5962 of var (x13,x17) (idx 24) in constr e179 (idx 164) is deemed risky
+ coeff 4.5962 of var (x13,x18) (idx 25) in constr e179 (idx 164) is deemed risky
+ coeff 2.3717 of var (x9,x9) (idx 0) in constr e180 (idx 165) is deemed risky
+ coeff -2.99767 of var (x9,x11) (idx 1) in constr e180 (idx 165) is deemed risky
+ coeff -0.102056 of var (x9,x12) (idx 2) in constr e180 (idx 165) is deemed risky
+ coeff -3.98595 of var (x9,x13) (idx 3) in constr e180 (idx 165) is deemed risky
+ coeff 2.99767 of var (x9,x14) (idx 4) in constr e180 (idx 165) is deemed risky
+ coeff -0.70767 of var (x9,x17) (idx 5) in constr e180 (idx 165) is deemed risky
+ coeff 0.70767 of var (x9,x18) (idx 6) in constr e180 (idx 165) is deemed risky
+ coeff 2.3717 of var (x10,x10) (idx 7) in constr e180 (idx 165) is deemed risky
+ coeff 0.70767 of var (x10,x11) (idx 8) in constr e180 (idx 165) is deemed risky
+ coeff 3.98595 of var (x10,x12) (idx 9) in constr e180 (idx 165) is deemed risky
+ coeff -0.102056 of var (x10,x13) (idx 10) in constr e180 (idx 165) is deemed risky
+ coeff -0.70767 of var (x10,x14) (idx 11) in constr e180 (idx 165) is deemed risky
+ coeff -2.99767 of var (x10,x17) (idx 12) in constr e180 (idx 165) is deemed risky
+ coeff 2.99767 of var (x10,x18) (idx 13) in constr e180 (idx 165) is deemed risky
+ coeff 0.659161 of var (x11,x12) (idx 15) in constr e180 (idx 165) is deemed risky
+ coeff 2.50376 of var (x11,x13) (idx 16) in constr e180 (idx 165) is deemed risky
+ coeff 1.67582 of var (x12,x12) (idx 18) in constr e180 (idx 165) is deemed risky
+ coeff -0.659161 of var (x12,x14) (idx 19) in constr e180 (idx 165) is deemed risky
+ coeff -2.50376 of var (x12,x17) (idx 20) in constr e180 (idx 165) is deemed risky
+ coeff 2.50376 of var (x12,x18) (idx 21) in constr e180 (idx 165) is deemed risky
+ coeff 1.67582 of var (x13,x13) (idx 22) in constr e180 (idx 165) is deemed risky
+ coeff -2.50376 of var (x13,x14) (idx 23) in constr e180 (idx 165) is deemed risky
+ coeff 0.659161 of var (x13,x17) (idx 24) in constr e180 (idx 165) is deemed risky
+ coeff -0.659161 of var (x13,x18) (idx 25) in constr e180 (idx 165) is deemed risky
+ coeff 3.49134 of var (x3,x3) (idx 0) in constr e181 (idx 166) is deemed risky
+ coeff -0.338139 of var (x3,x5) (idx 1) in constr e181 (idx 166) is deemed risky
+ coeff 0.338139 of var (x3,x8) (idx 2) in constr e181 (idx 166) is deemed risky
+ coeff 3.7217 of var (x3,x15) (idx 3) in constr e181 (idx 166) is deemed risky
+ coeff -3.7217 of var (x3,x16) (idx 4) in constr e181 (idx 166) is deemed risky
+ coeff 3.49134 of var (x4,x4) (idx 5) in constr e181 (idx 166) is deemed risky
+ coeff -3.7217 of var (x4,x5) (idx 6) in constr e181 (idx 166) is deemed risky
+ coeff 3.7217 of var (x4,x8) (idx 7) in constr e181 (idx 166) is deemed risky
+ coeff -0.338139 of var (x4,x15) (idx 8) in constr e181 (idx 166) is deemed risky
+ coeff 0.338139 of var (x4,x16) (idx 9) in constr e181 (idx 166) is deemed risky
+ coeff 3.49134 of var (x3,x3) (idx 0) in constr e182 (idx 167) is deemed risky
+ coeff -0.338139 of var (x3,x5) (idx 1) in constr e182 (idx 167) is deemed risky
+ coeff 0.338139 of var (x3,x11) (idx 2) in constr e182 (idx 167) is deemed risky
+ coeff 3.7217 of var (x3,x15) (idx 3) in constr e182 (idx 167) is deemed risky
+ coeff -3.7217 of var (x3,x17) (idx 4) in constr e182 (idx 167) is deemed risky
+ coeff 3.49134 of var (x4,x4) (idx 5) in constr e182 (idx 167) is deemed risky
+ coeff -3.7217 of var (x4,x5) (idx 6) in constr e182 (idx 167) is deemed risky
+ coeff 3.7217 of var (x4,x11) (idx 7) in constr e182 (idx 167) is deemed risky
+ coeff -0.338139 of var (x4,x15) (idx 8) in constr e182 (idx 167) is deemed risky
+ coeff 0.338139 of var (x4,x17) (idx 9) in constr e182 (idx 167) is deemed risky
+ coeff 3.49134 of var (x3,x3) (idx 0) in constr e183 (idx 168) is deemed risky
+ coeff -0.338139 of var (x3,x5) (idx 1) in constr e183 (idx 168) is deemed risky
+ coeff 0.338139 of var (x3,x14) (idx 2) in constr e183 (idx 168) is deemed risky
+ coeff 3.7217 of var (x3,x15) (idx 3) in constr e183 (idx 168) is deemed risky
+ coeff -3.7217 of var (x3,x18) (idx 4) in constr e183 (idx 168) is deemed risky
+ coeff 3.49134 of var (x4,x4) (idx 5) in constr e183 (idx 168) is deemed risky
+ coeff -3.7217 of var (x4,x5) (idx 6) in constr e183 (idx 168) is deemed risky
+ coeff 3.7217 of var (x4,x14) (idx 7) in constr e183 (idx 168) is deemed risky
+ coeff -0.338139 of var (x4,x15) (idx 8) in constr e183 (idx 168) is deemed risky
+ coeff 0.338139 of var (x4,x18) (idx 9) in constr e183 (idx 168) is deemed risky
+ coeff 3.49134 of var (x3,x3) (idx 0) in constr e184 (idx 169) is deemed risky
+ coeff -0.338139 of var (x3,x5) (idx 1) in constr e184 (idx 169) is deemed risky
+ coeff 2.75187 of var (x3,x6) (idx 2) in constr e184 (idx 169) is deemed risky
+ coeff -8.23724 of var (x3,x7) (idx 3) in constr e184 (idx 169) is deemed risky
+ coeff 0.338139 of var (x3,x8) (idx 4) in constr e184 (idx 169) is deemed risky
+ coeff 3.7217 of var (x3,x15) (idx 5) in constr e184 (idx 169) is deemed risky
+ coeff -3.7217 of var (x3,x16) (idx 6) in constr e184 (idx 169) is deemed risky
+ coeff 3.49134 of var (x4,x4) (idx 7) in constr e184 (idx 169) is deemed risky
+ coeff -3.7217 of var (x4,x5) (idx 8) in constr e184 (idx 169) is deemed risky
+ coeff 8.23724 of var (x4,x6) (idx 9) in constr e184 (idx 169) is deemed risky
+ coeff 2.75187 of var (x4,x7) (idx 10) in constr e184 (idx 169) is deemed risky
+ coeff 3.7217 of var (x4,x8) (idx 11) in constr e184 (idx 169) is deemed risky
+ coeff -0.338139 of var (x4,x15) (idx 12) in constr e184 (idx 169) is deemed risky
+ coeff 0.338139 of var (x4,x16) (idx 13) in constr e184 (idx 169) is deemed risky
+ coeff -4.52362 of var (x5,x6) (idx 15) in constr e184 (idx 169) is deemed risky
+ coeff -1.06783 of var (x5,x7) (idx 16) in constr e184 (idx 169) is deemed risky
+ coeff 5.40085 of var (x6,x6) (idx 18) in constr e184 (idx 169) is deemed risky
+ coeff 4.52362 of var (x6,x8) (idx 19) in constr e184 (idx 169) is deemed risky
+ coeff 1.06783 of var (x6,x15) (idx 20) in constr e184 (idx 169) is deemed risky
+ coeff -1.06783 of var (x6,x16) (idx 21) in constr e184 (idx 169) is deemed risky
+ coeff 5.40085 of var (x7,x7) (idx 22) in constr e184 (idx 169) is deemed risky
+ coeff 1.06783 of var (x7,x8) (idx 23) in constr e184 (idx 169) is deemed risky
+ coeff -4.52362 of var (x7,x15) (idx 24) in constr e184 (idx 169) is deemed risky
+ coeff 4.52362 of var (x7,x16) (idx 25) in constr e184 (idx 169) is deemed risky
+ coeff 3.49134 of var (x3,x3) (idx 0) in constr e185 (idx 170) is deemed risky
+ coeff -0.338139 of var (x3,x5) (idx 1) in constr e185 (idx 170) is deemed risky
+ coeff 2.00792 of var (x3,x9) (idx 2) in constr e185 (idx 170) is deemed risky
+ coeff 8.42177 of var (x3,x10) (idx 3) in constr e185 (idx 170) is deemed risky
+ coeff 0.338139 of var (x3,x11) (idx 4) in constr e185 (idx 170) is deemed risky
+ coeff 3.7217 of var (x3,x15) (idx 5) in constr e185 (idx 170) is deemed risky
+ coeff -3.7217 of var (x3,x17) (idx 6) in constr e185 (idx 170) is deemed risky
+ coeff 3.49134 of var (x4,x4) (idx 7) in constr e185 (idx 170) is deemed risky
+ coeff -3.7217 of var (x4,x5) (idx 8) in constr e185 (idx 170) is deemed risky
+ coeff -8.42177 of var (x4,x9) (idx 9) in constr e185 (idx 170) is deemed risky
+ coeff 2.00792 of var (x4,x10) (idx 10) in constr e185 (idx 170) is deemed risky
+ coeff 3.7217 of var (x4,x11) (idx 11) in constr e185 (idx 170) is deemed risky
+ coeff -0.338139 of var (x4,x15) (idx 12) in constr e185 (idx 170) is deemed risky
+ coeff 0.338139 of var (x4,x17) (idx 13) in constr e185 (idx 170) is deemed risky
+ coeff 4.39148 of var (x5,x9) (idx 15) in constr e185 (idx 170) is deemed risky
+ coeff -1.47803 of var (x5,x10) (idx 16) in constr e185 (idx 170) is deemed risky
+ coeff 5.36741 of var (x9,x9) (idx 18) in constr e185 (idx 170) is deemed risky
+ coeff -4.39148 of var (x9,x11) (idx 19) in constr e185 (idx 170) is deemed risky
+ coeff 1.47803 of var (x9,x15) (idx 20) in constr e185 (idx 170) is deemed risky
+ coeff -1.47803 of var (x9,x17) (idx 21) in constr e185 (idx 170) is deemed risky
+ coeff 5.36741 of var (x10,x10) (idx 22) in constr e185 (idx 170) is deemed risky
+ coeff 1.47803 of var (x10,x11) (idx 23) in constr e185 (idx 170) is deemed risky
+ coeff 4.39148 of var (x10,x15) (idx 24) in constr e185 (idx 170) is deemed risky
+ coeff -4.39148 of var (x10,x17) (idx 25) in constr e185 (idx 170) is deemed risky
+ coeff 3.49134 of var (x3,x3) (idx 0) in constr e186 (idx 171) is deemed risky
+ coeff -0.338139 of var (x3,x5) (idx 1) in constr e186 (idx 171) is deemed risky
+ coeff 2.38768 of var (x3,x12) (idx 2) in constr e186 (idx 171) is deemed risky
+ coeff -5.45847 of var (x3,x13) (idx 3) in constr e186 (idx 171) is deemed risky
+ coeff 0.338139 of var (x3,x14) (idx 4) in constr e186 (idx 171) is deemed risky
+ coeff 3.7217 of var (x3,x15) (idx 5) in constr e186 (idx 171) is deemed risky
+ coeff -3.7217 of var (x3,x18) (idx 6) in constr e186 (idx 171) is deemed risky
+ coeff 3.49134 of var (x4,x4) (idx 7) in constr e186 (idx 171) is deemed risky
+ coeff -3.7217 of var (x4,x5) (idx 8) in constr e186 (idx 171) is deemed risky
+ coeff 5.45847 of var (x4,x12) (idx 9) in constr e186 (idx 171) is deemed risky
+ coeff 2.38768 of var (x4,x13) (idx 10) in constr e186 (idx 171) is deemed risky
+ coeff 3.7217 of var (x4,x14) (idx 11) in constr e186 (idx 171) is deemed risky
+ coeff -0.338139 of var (x4,x15) (idx 12) in constr e186 (idx 171) is deemed risky
+ coeff 0.338139 of var (x4,x18) (idx 13) in constr e186 (idx 171) is deemed risky
+ coeff -3.02493 of var (x5,x12) (idx 15) in constr e186 (idx 171) is deemed risky
+ coeff -1.00828 of var (x5,x13) (idx 16) in constr e186 (idx 171) is deemed risky
+ coeff 2.54171 of var (x12,x12) (idx 18) in constr e186 (idx 171) is deemed risky
+ coeff 3.02493 of var (x12,x14) (idx 19) in constr e186 (idx 171) is deemed risky
+ coeff 1.00828 of var (x12,x15) (idx 20) in constr e186 (idx 171) is deemed risky
+ coeff -1.00828 of var (x12,x18) (idx 21) in constr e186 (idx 171) is deemed risky
+ coeff 2.54171 of var (x13,x13) (idx 22) in constr e186 (idx 171) is deemed risky
+ coeff 1.00828 of var (x13,x14) (idx 23) in constr e186 (idx 171) is deemed risky
+ coeff -3.02493 of var (x13,x15) (idx 24) in constr e186 (idx 171) is deemed risky
+ coeff 3.02493 of var (x13,x18) (idx 25) in constr e186 (idx 171) is deemed risky
+ coeff 3.49134 of var (x3,x3) (idx 0) in constr e187 (idx 172) is deemed risky
+ coeff -0.338139 of var (x3,x5) (idx 1) in constr e187 (idx 172) is deemed risky
+ coeff 2.02344 of var (x3,x6) (idx 2) in constr e187 (idx 172) is deemed risky
+ coeff 7.7066 of var (x3,x7) (idx 3) in constr e187 (idx 172) is deemed risky
+ coeff 0.338139 of var (x3,x8) (idx 4) in constr e187 (idx 172) is deemed risky
+ coeff 3.7217 of var (x3,x15) (idx 5) in constr e187 (idx 172) is deemed risky
+ coeff -3.7217 of var (x3,x16) (idx 6) in constr e187 (idx 172) is deemed risky
+ coeff 3.49134 of var (x4,x4) (idx 7) in constr e187 (idx 172) is deemed risky
+ coeff -3.7217 of var (x4,x5) (idx 8) in constr e187 (idx 172) is deemed risky
+ coeff -7.7066 of var (x4,x6) (idx 9) in constr e187 (idx 172) is deemed risky
+ coeff 2.02344 of var (x4,x7) (idx 10) in constr e187 (idx 172) is deemed risky
+ coeff 3.7217 of var (x4,x8) (idx 11) in constr e187 (idx 172) is deemed risky
+ coeff -0.338139 of var (x4,x15) (idx 12) in constr e187 (idx 172) is deemed risky
+ coeff 0.338139 of var (x4,x16) (idx 13) in constr e187 (idx 172) is deemed risky
+ coeff 4.00955 of var (x5,x6) (idx 15) in constr e187 (idx 172) is deemed risky
+ coeff -1.45167 of var (x5,x7) (idx 16) in constr e187 (idx 172) is deemed risky
+ coeff 4.54596 of var (x6,x6) (idx 18) in constr e187 (idx 172) is deemed risky
+ coeff -4.00955 of var (x6,x8) (idx 19) in constr e187 (idx 172) is deemed risky
+ coeff 1.45167 of var (x6,x15) (idx 20) in constr e187 (idx 172) is deemed risky
+ coeff -1.45167 of var (x6,x16) (idx 21) in constr e187 (idx 172) is deemed risky
+ coeff 4.54596 of var (x7,x7) (idx 22) in constr e187 (idx 172) is deemed risky
+ coeff 1.45167 of var (x7,x8) (idx 23) in constr e187 (idx 172) is deemed risky
+ coeff 4.00955 of var (x7,x15) (idx 24) in constr e187 (idx 172) is deemed risky
+ coeff -4.00955 of var (x7,x16) (idx 25) in constr e187 (idx 172) is deemed risky
+ coeff 3.49134 of var (x3,x3) (idx 0) in constr e188 (idx 173) is deemed risky
+ coeff -0.338139 of var (x3,x5) (idx 1) in constr e188 (idx 173) is deemed risky
+ coeff -5.98459 of var (x3,x9) (idx 2) in constr e188 (idx 173) is deemed risky
+ coeff -4.49488 of var (x3,x10) (idx 3) in constr e188 (idx 173) is deemed risky
+ coeff 0.338139 of var (x3,x11) (idx 4) in constr e188 (idx 173) is deemed risky
+ coeff 3.7217 of var (x3,x15) (idx 5) in constr e188 (idx 173) is deemed risky
+ coeff -3.7217 of var (x3,x17) (idx 6) in constr e188 (idx 173) is deemed risky
+ coeff 3.49134 of var (x4,x4) (idx 7) in constr e188 (idx 173) is deemed risky
+ coeff -3.7217 of var (x4,x5) (idx 8) in constr e188 (idx 173) is deemed risky
+ coeff 4.49488 of var (x4,x9) (idx 9) in constr e188 (idx 173) is deemed risky
+ coeff -5.98459 of var (x4,x10) (idx 10) in constr e188 (idx 173) is deemed risky
+ coeff 3.7217 of var (x4,x11) (idx 11) in constr e188 (idx 173) is deemed risky
+ coeff -0.338139 of var (x4,x15) (idx 12) in constr e188 (idx 173) is deemed risky
+ coeff 0.338139 of var (x4,x17) (idx 13) in constr e188 (idx 173) is deemed risky
+ coeff -2.10592 of var (x5,x9) (idx 15) in constr e188 (idx 173) is deemed risky
+ coeff 3.40739 of var (x5,x10) (idx 16) in constr e188 (idx 173) is deemed risky
+ coeff 4.0113 of var (x9,x9) (idx 18) in constr e188 (idx 173) is deemed risky
+ coeff 2.10592 of var (x9,x11) (idx 19) in constr e188 (idx 173) is deemed risky
+ coeff -3.40739 of var (x9,x15) (idx 20) in constr e188 (idx 173) is deemed risky
+ coeff 3.40739 of var (x9,x17) (idx 21) in constr e188 (idx 173) is deemed risky
+ coeff 4.0113 of var (x10,x10) (idx 22) in constr e188 (idx 173) is deemed risky
+ coeff -3.40739 of var (x10,x11) (idx 23) in constr e188 (idx 173) is deemed risky
+ coeff -2.10592 of var (x10,x15) (idx 24) in constr e188 (idx 173) is deemed risky
+ coeff 2.10592 of var (x10,x17) (idx 25) in constr e188 (idx 173) is deemed risky
+ coeff 3.49134 of var (x3,x3) (idx 0) in constr e189 (idx 174) is deemed risky
+ coeff -0.338139 of var (x3,x5) (idx 1) in constr e189 (idx 174) is deemed risky
+ coeff 2.37856 of var (x3,x12) (idx 2) in constr e189 (idx 174) is deemed risky
+ coeff 4.4744 of var (x3,x13) (idx 3) in constr e189 (idx 174) is deemed risky
+ coeff 0.338139 of var (x3,x14) (idx 4) in constr e189 (idx 174) is deemed risky
+ coeff 3.7217 of var (x3,x15) (idx 5) in constr e189 (idx 174) is deemed risky
+ coeff -3.7217 of var (x3,x18) (idx 6) in constr e189 (idx 174) is deemed risky
+ coeff 3.49134 of var (x4,x4) (idx 7) in constr e189 (idx 174) is deemed risky
+ coeff -3.7217 of var (x4,x5) (idx 8) in constr e189 (idx 174) is deemed risky
+ coeff -4.4744 of var (x4,x12) (idx 9) in constr e189 (idx 174) is deemed risky
+ coeff 2.37856 of var (x4,x13) (idx 10) in constr e189 (idx 174) is deemed risky
+ coeff 3.7217 of var (x4,x14) (idx 11) in constr e189 (idx 174) is deemed risky
+ coeff -0.338139 of var (x4,x15) (idx 12) in constr e189 (idx 174) is deemed risky
+ coeff 0.338139 of var (x4,x18) (idx 13) in constr e189 (idx 174) is deemed risky
+ coeff 2.26963 of var (x5,x12) (idx 15) in constr e189 (idx 174) is deemed risky
+ coeff -1.48442 of var (x5,x13) (idx 16) in constr e189 (idx 174) is deemed risky
+ coeff 1.83868 of var (x12,x12) (idx 18) in constr e189 (idx 174) is deemed risky
+ coeff -2.26963 of var (x12,x14) (idx 19) in constr e189 (idx 174) is deemed risky
+ coeff 1.48442 of var (x12,x15) (idx 20) in constr e189 (idx 174) is deemed risky
+ coeff -1.48442 of var (x12,x18) (idx 21) in constr e189 (idx 174) is deemed risky
+ coeff 1.83868 of var (x13,x13) (idx 22) in constr e189 (idx 174) is deemed risky
+ coeff 1.48442 of var (x13,x14) (idx 23) in constr e189 (idx 174) is deemed risky
+ coeff 2.26963 of var (x13,x15) (idx 24) in constr e189 (idx 174) is deemed risky
+ coeff -2.26963 of var (x13,x18) (idx 25) in constr e189 (idx 174) is deemed risky
+ coeff 3.49134 of var (x3,x3) (idx 0) in constr e190 (idx 175) is deemed risky
+ coeff -0.338139 of var (x3,x5) (idx 1) in constr e190 (idx 175) is deemed risky
+ coeff 4.47566 of var (x3,x6) (idx 2) in constr e190 (idx 175) is deemed risky
+ coeff -13.3968 of var (x3,x7) (idx 3) in constr e190 (idx 175) is deemed risky
+ coeff 0.338139 of var (x3,x8) (idx 4) in constr e190 (idx 175) is deemed risky
+ coeff 3.7217 of var (x3,x15) (idx 5) in constr e190 (idx 175) is deemed risky
+ coeff -3.7217 of var (x3,x16) (idx 6) in constr e190 (idx 175) is deemed risky
+ coeff 3.49134 of var (x4,x4) (idx 7) in constr e190 (idx 175) is deemed risky
+ coeff -3.7217 of var (x4,x5) (idx 8) in constr e190 (idx 175) is deemed risky
+ coeff 13.3968 of var (x4,x6) (idx 9) in constr e190 (idx 175) is deemed risky
+ coeff 4.47566 of var (x4,x7) (idx 10) in constr e190 (idx 175) is deemed risky
+ coeff 3.7217 of var (x4,x8) (idx 11) in constr e190 (idx 175) is deemed risky
+ coeff -0.338139 of var (x4,x15) (idx 12) in constr e190 (idx 175) is deemed risky
+ coeff 0.338139 of var (x4,x16) (idx 13) in constr e190 (idx 175) is deemed risky
+ coeff -7.35708 of var (x5,x6) (idx 15) in constr e190 (idx 175) is deemed risky
+ coeff -1.73674 of var (x5,x7) (idx 16) in constr e190 (idx 175) is deemed risky
+ coeff 14.2857 of var (x6,x6) (idx 18) in constr e190 (idx 175) is deemed risky
+ coeff 7.35708 of var (x6,x8) (idx 19) in constr e190 (idx 175) is deemed risky
+ coeff 1.73674 of var (x6,x15) (idx 20) in constr e190 (idx 175) is deemed risky
+ coeff -1.73674 of var (x6,x16) (idx 21) in constr e190 (idx 175) is deemed risky
+ coeff 14.2857 of var (x7,x7) (idx 22) in constr e190 (idx 175) is deemed risky
+ coeff 1.73674 of var (x7,x8) (idx 23) in constr e190 (idx 175) is deemed risky
+ coeff -7.35708 of var (x7,x15) (idx 24) in constr e190 (idx 175) is deemed risky
+ coeff 7.35708 of var (x7,x16) (idx 25) in constr e190 (idx 175) is deemed risky
+ coeff 3.49134 of var (x3,x3) (idx 0) in constr e191 (idx 176) is deemed risky
+ coeff -0.338139 of var (x3,x5) (idx 1) in constr e191 (idx 176) is deemed risky
+ coeff 0.810052 of var (x3,x9) (idx 2) in constr e191 (idx 176) is deemed risky
+ coeff 5.69785 of var (x3,x10) (idx 3) in constr e191 (idx 176) is deemed risky
+ coeff 0.338139 of var (x3,x11) (idx 4) in constr e191 (idx 176) is deemed risky
+ coeff 3.7217 of var (x3,x15) (idx 5) in constr e191 (idx 176) is deemed risky
+ coeff -3.7217 of var (x3,x17) (idx 6) in constr e191 (idx 176) is deemed risky
+ coeff 3.49134 of var (x4,x4) (idx 7) in constr e191 (idx 176) is deemed risky
+ coeff -3.7217 of var (x4,x5) (idx 8) in constr e191 (idx 176) is deemed risky
+ coeff -5.69785 of var (x4,x9) (idx 9) in constr e191 (idx 176) is deemed risky
+ coeff 0.810052 of var (x4,x10) (idx 10) in constr e191 (idx 176) is deemed risky
+ coeff 3.7217 of var (x4,x11) (idx 11) in constr e191 (idx 176) is deemed risky
+ coeff -0.338139 of var (x4,x15) (idx 12) in constr e191 (idx 176) is deemed risky
+ coeff 0.338139 of var (x4,x17) (idx 13) in constr e191 (idx 176) is deemed risky
+ coeff 2.99767 of var (x5,x9) (idx 15) in constr e191 (idx 176) is deemed risky
+ coeff -0.70767 of var (x5,x10) (idx 16) in constr e191 (idx 176) is deemed risky
+ coeff 2.3717 of var (x9,x9) (idx 18) in constr e191 (idx 176) is deemed risky
+ coeff -2.99767 of var (x9,x11) (idx 19) in constr e191 (idx 176) is deemed risky
+ coeff 0.70767 of var (x9,x15) (idx 20) in constr e191 (idx 176) is deemed risky
+ coeff -0.70767 of var (x9,x17) (idx 21) in constr e191 (idx 176) is deemed risky
+ coeff 2.3717 of var (x10,x10) (idx 22) in constr e191 (idx 176) is deemed risky
+ coeff 0.70767 of var (x10,x11) (idx 23) in constr e191 (idx 176) is deemed risky
+ coeff 2.99767 of var (x10,x15) (idx 24) in constr e191 (idx 176) is deemed risky
+ coeff -2.99767 of var (x10,x17) (idx 25) in constr e191 (idx 176) is deemed risky
+ coeff 3.49134 of var (x3,x3) (idx 0) in constr e192 (idx 177) is deemed risky
+ coeff -0.338139 of var (x3,x5) (idx 1) in constr e192 (idx 177) is deemed risky
+ coeff 3.628 of var (x3,x12) (idx 2) in constr e192 (idx 177) is deemed risky
+ coeff -8.2938 of var (x3,x13) (idx 3) in constr e192 (idx 177) is deemed risky
+ coeff 0.338139 of var (x3,x14) (idx 4) in constr e192 (idx 177) is deemed risky
+ coeff 3.7217 of var (x3,x15) (idx 5) in constr e192 (idx 177) is deemed risky
+ coeff -3.7217 of var (x3,x18) (idx 6) in constr e192 (idx 177) is deemed risky
+ coeff 3.49134 of var (x4,x4) (idx 7) in constr e192 (idx 177) is deemed risky
+ coeff -3.7217 of var (x4,x5) (idx 8) in constr e192 (idx 177) is deemed risky
+ coeff 8.2938 of var (x4,x12) (idx 9) in constr e192 (idx 177) is deemed risky
+ coeff 3.628 of var (x4,x13) (idx 10) in constr e192 (idx 177) is deemed risky
+ coeff 3.7217 of var (x4,x14) (idx 11) in constr e192 (idx 177) is deemed risky
+ coeff -0.338139 of var (x4,x15) (idx 12) in constr e192 (idx 177) is deemed risky
+ coeff 0.338139 of var (x4,x18) (idx 13) in constr e192 (idx 177) is deemed risky
+ coeff -4.5962 of var (x5,x12) (idx 15) in constr e192 (idx 177) is deemed risky
+ coeff -1.53206 of var (x5,x13) (idx 16) in constr e192 (idx 177) is deemed risky
+ coeff 5.86805 of var (x12,x12) (idx 18) in constr e192 (idx 177) is deemed risky
+ coeff 4.5962 of var (x12,x14) (idx 19) in constr e192 (idx 177) is deemed risky
+ coeff 1.53206 of var (x12,x15) (idx 20) in constr e192 (idx 177) is deemed risky
+ coeff -1.53206 of var (x12,x18) (idx 21) in constr e192 (idx 177) is deemed risky
+ coeff 5.86805 of var (x13,x13) (idx 22) in constr e192 (idx 177) is deemed risky
+ coeff 1.53206 of var (x13,x14) (idx 23) in constr e192 (idx 177) is deemed risky
+ coeff -4.5962 of var (x13,x15) (idx 24) in constr e192 (idx 177) is deemed risky
+ coeff 4.5962 of var (x13,x18) (idx 25) in constr e192 (idx 177) is deemed risky
+ coeff 3.49134 of var (x3,x3) (idx 0) in constr e193 (idx 178) is deemed risky
+ coeff -0.338139 of var (x3,x5) (idx 1) in constr e193 (idx 178) is deemed risky
+ coeff 5.55525 of var (x3,x6) (idx 2) in constr e193 (idx 178) is deemed risky
+ coeff -16.6284 of var (x3,x7) (idx 3) in constr e193 (idx 178) is deemed risky
+ coeff 0.338139 of var (x3,x8) (idx 4) in constr e193 (idx 178) is deemed risky
+ coeff 3.7217 of var (x3,x15) (idx 5) in constr e193 (idx 178) is deemed risky
+ coeff -3.7217 of var (x3,x16) (idx 6) in constr e193 (idx 178) is deemed risky
+ coeff 3.49134 of var (x4,x4) (idx 7) in constr e193 (idx 178) is deemed risky
+ coeff -3.7217 of var (x4,x5) (idx 8) in constr e193 (idx 178) is deemed risky
+ coeff 16.6284 of var (x4,x6) (idx 9) in constr e193 (idx 178) is deemed risky
+ coeff 5.55525 of var (x4,x7) (idx 10) in constr e193 (idx 178) is deemed risky
+ coeff 3.7217 of var (x4,x8) (idx 11) in constr e193 (idx 178) is deemed risky
+ coeff -0.338139 of var (x4,x15) (idx 12) in constr e193 (idx 178) is deemed risky
+ coeff 0.338139 of var (x4,x16) (idx 13) in constr e193 (idx 178) is deemed risky
+ coeff -9.13177 of var (x5,x6) (idx 15) in constr e193 (idx 178) is deemed risky
+ coeff -2.15565 of var (x5,x7) (idx 16) in constr e193 (idx 178) is deemed risky
+ coeff 22.009 of var (x6,x6) (idx 18) in constr e193 (idx 178) is deemed risky
+ coeff 9.13177 of var (x6,x8) (idx 19) in constr e193 (idx 178) is deemed risky
+ coeff 2.15565 of var (x6,x15) (idx 20) in constr e193 (idx 178) is deemed risky
+ coeff -2.15565 of var (x6,x16) (idx 21) in constr e193 (idx 178) is deemed risky
+ coeff 22.009 of var (x7,x7) (idx 22) in constr e193 (idx 178) is deemed risky
+ coeff 2.15565 of var (x7,x8) (idx 23) in constr e193 (idx 178) is deemed risky
+ coeff -9.13177 of var (x7,x15) (idx 24) in constr e193 (idx 178) is deemed risky
+ coeff 9.13177 of var (x7,x16) (idx 25) in constr e193 (idx 178) is deemed risky
+ coeff 3.49134 of var (x3,x3) (idx 0) in constr e194 (idx 179) is deemed risky
+ coeff -0.338139 of var (x3,x5) (idx 1) in constr e194 (idx 179) is deemed risky
+ coeff 5.13872 of var (x3,x9) (idx 2) in constr e194 (idx 179) is deemed risky
+ coeff -4.28261 of var (x3,x10) (idx 3) in constr e194 (idx 179) is deemed risky
+ coeff 0.338139 of var (x3,x11) (idx 4) in constr e194 (idx 179) is deemed risky
+ coeff 3.7217 of var (x3,x15) (idx 5) in constr e194 (idx 179) is deemed risky
+ coeff -3.7217 of var (x3,x17) (idx 6) in constr e194 (idx 179) is deemed risky
+ coeff 3.49134 of var (x4,x4) (idx 7) in constr e194 (idx 179) is deemed risky
+ coeff -3.7217 of var (x4,x5) (idx 8) in constr e194 (idx 179) is deemed risky
+ coeff 4.28261 of var (x4,x9) (idx 9) in constr e194 (idx 179) is deemed risky
+ coeff 5.13872 of var (x4,x10) (idx 10) in constr e194 (idx 179) is deemed risky
+ coeff 3.7217 of var (x4,x11) (idx 11) in constr e194 (idx 179) is deemed risky
+ coeff -0.338139 of var (x4,x15) (idx 12) in constr e194 (idx 179) is deemed risky
+ coeff 0.338139 of var (x4,x17) (idx 13) in constr e194 (idx 179) is deemed risky
+ coeff -2.53143 of var (x5,x9) (idx 15) in constr e194 (idx 179) is deemed risky
+ coeff -2.53149 of var (x5,x10) (idx 16) in constr e194 (idx 179) is deemed risky
+ coeff 3.20415 of var (x9,x9) (idx 18) in constr e194 (idx 179) is deemed risky
+ coeff 2.53143 of var (x9,x11) (idx 19) in constr e194 (idx 179) is deemed risky
+ coeff 2.53149 of var (x9,x15) (idx 20) in constr e194 (idx 179) is deemed risky
+ coeff -2.53149 of var (x9,x17) (idx 21) in constr e194 (idx 179) is deemed risky
+ coeff 3.20415 of var (x10,x10) (idx 22) in constr e194 (idx 179) is deemed risky
+ coeff 2.53149 of var (x10,x11) (idx 23) in constr e194 (idx 179) is deemed risky
+ coeff -2.53143 of var (x10,x15) (idx 24) in constr e194 (idx 179) is deemed risky
+ coeff 2.53143 of var (x10,x17) (idx 25) in constr e194 (idx 179) is deemed risky
+ coeff 3.49134 of var (x3,x3) (idx 0) in constr e195 (idx 180) is deemed risky
+ coeff -0.338139 of var (x3,x5) (idx 1) in constr e195 (idx 180) is deemed risky
+ coeff -4.77056 of var (x3,x12) (idx 2) in constr e195 (idx 180) is deemed risky
+ coeff 0.80329 of var (x3,x13) (idx 3) in constr e195 (idx 180) is deemed risky
+ coeff 0.338139 of var (x3,x14) (idx 4) in constr e195 (idx 180) is deemed risky
+ coeff 3.7217 of var (x3,x15) (idx 5) in constr e195 (idx 180) is deemed risky
+ coeff -3.7217 of var (x3,x18) (idx 6) in constr e195 (idx 180) is deemed risky
+ coeff 3.49134 of var (x4,x4) (idx 7) in constr e195 (idx 180) is deemed risky
+ coeff -3.7217 of var (x4,x5) (idx 8) in constr e195 (idx 180) is deemed risky
+ coeff -0.80329 of var (x4,x12) (idx 9) in constr e195 (idx 180) is deemed risky
+ coeff -4.77056 of var (x4,x13) (idx 10) in constr e195 (idx 180) is deemed risky
+ coeff 3.7217 of var (x4,x14) (idx 11) in constr e195 (idx 180) is deemed risky
+ coeff -0.338139 of var (x4,x15) (idx 12) in constr e195 (idx 180) is deemed risky
+ coeff 0.338139 of var (x4,x18) (idx 13) in constr e195 (idx 180) is deemed risky
+ coeff 0.659161 of var (x5,x12) (idx 15) in constr e195 (idx 180) is deemed risky
+ coeff 2.50376 of var (x5,x13) (idx 16) in constr e195 (idx 180) is deemed risky
+ coeff 1.67582 of var (x12,x12) (idx 18) in constr e195 (idx 180) is deemed risky
+ coeff -0.659161 of var (x12,x14) (idx 19) in constr e195 (idx 180) is deemed risky
+ coeff -2.50376 of var (x12,x15) (idx 20) in constr e195 (idx 180) is deemed risky
+ coeff 2.50376 of var (x12,x18) (idx 21) in constr e195 (idx 180) is deemed risky
+ coeff 1.67582 of var (x13,x13) (idx 22) in constr e195 (idx 180) is deemed risky
+ coeff -2.50376 of var (x13,x14) (idx 23) in constr e195 (idx 180) is deemed risky
+ coeff 0.659161 of var (x13,x15) (idx 24) in constr e195 (idx 180) is deemed risky
+ coeff -0.659161 of var (x13,x18) (idx 25) in constr e195 (idx 180) is deemed risky
+ coeff 22.009 of var (x6,x6) (idx 0) in constr e196 (idx 181) is deemed risky
+ coeff 9.13177 of var (x6,x8) (idx 1) in constr e196 (idx 181) is deemed risky
+ coeff -9.13177 of var (x6,x11) (idx 2) in constr e196 (idx 181) is deemed risky
+ coeff -2.15565 of var (x6,x16) (idx 3) in constr e196 (idx 181) is deemed risky
+ coeff 2.15565 of var (x6,x17) (idx 4) in constr e196 (idx 181) is deemed risky
+ coeff 22.009 of var (x7,x7) (idx 5) in constr e196 (idx 181) is deemed risky
+ coeff 2.15565 of var (x7,x8) (idx 6) in constr e196 (idx 181) is deemed risky
+ coeff -2.15565 of var (x7,x11) (idx 7) in constr e196 (idx 181) is deemed risky
+ coeff 9.13177 of var (x7,x16) (idx 8) in constr e196 (idx 181) is deemed risky
+ coeff -9.13177 of var (x7,x17) (idx 9) in constr e196 (idx 181) is deemed risky
+ coeff 22.009 of var (x6,x6) (idx 0) in constr e197 (idx 182) is deemed risky
+ coeff 9.13177 of var (x6,x8) (idx 1) in constr e197 (idx 182) is deemed risky
+ coeff -9.13177 of var (x6,x14) (idx 2) in constr e197 (idx 182) is deemed risky
+ coeff -2.15565 of var (x6,x16) (idx 3) in constr e197 (idx 182) is deemed risky
+ coeff 2.15565 of var (x6,x18) (idx 4) in constr e197 (idx 182) is deemed risky
+ coeff 22.009 of var (x7,x7) (idx 5) in constr e197 (idx 182) is deemed risky
+ coeff 2.15565 of var (x7,x8) (idx 6) in constr e197 (idx 182) is deemed risky
+ coeff -2.15565 of var (x7,x14) (idx 7) in constr e197 (idx 182) is deemed risky
+ coeff 9.13177 of var (x7,x16) (idx 8) in constr e197 (idx 182) is deemed risky
+ coeff -9.13177 of var (x7,x18) (idx 9) in constr e197 (idx 182) is deemed risky
+ coeff 22.009 of var (x6,x6) (idx 0) in constr e198 (idx 183) is deemed risky
+ coeff 9.13177 of var (x6,x8) (idx 1) in constr e198 (idx 183) is deemed risky
+ coeff 18.4579 of var (x6,x9) (idx 2) in constr e198 (idx 183) is deemed risky
+ coeff -11.4818 of var (x6,x10) (idx 3) in constr e198 (idx 183) is deemed risky
+ coeff -9.13177 of var (x6,x11) (idx 4) in constr e198 (idx 183) is deemed risky
+ coeff -2.15565 of var (x6,x16) (idx 5) in constr e198 (idx 183) is deemed risky
+ coeff 2.15565 of var (x6,x17) (idx 6) in constr e198 (idx 183) is deemed risky
+ coeff 22.009 of var (x7,x7) (idx 7) in constr e198 (idx 183) is deemed risky
+ coeff 2.15565 of var (x7,x8) (idx 8) in constr e198 (idx 183) is deemed risky
+ coeff 11.4818 of var (x7,x9) (idx 9) in constr e198 (idx 183) is deemed risky
+ coeff 18.4579 of var (x7,x10) (idx 10) in constr e198 (idx 183) is deemed risky
+ coeff -2.15565 of var (x7,x11) (idx 11) in constr e198 (idx 183) is deemed risky
+ coeff 9.13177 of var (x7,x16) (idx 12) in constr e198 (idx 183) is deemed risky
+ coeff -9.13177 of var (x7,x17) (idx 13) in constr e198 (idx 183) is deemed risky
+ coeff 4.39148 of var (x8,x9) (idx 15) in constr e198 (idx 183) is deemed risky
+ coeff -1.47803 of var (x8,x10) (idx 16) in constr e198 (idx 183) is deemed risky
+ coeff 5.36741 of var (x9,x9) (idx 18) in constr e198 (idx 183) is deemed risky
+ coeff -4.39148 of var (x9,x11) (idx 19) in constr e198 (idx 183) is deemed risky
+ coeff 1.47803 of var (x9,x16) (idx 20) in constr e198 (idx 183) is deemed risky
+ coeff -1.47803 of var (x9,x17) (idx 21) in constr e198 (idx 183) is deemed risky
+ coeff 5.36741 of var (x10,x10) (idx 22) in constr e198 (idx 183) is deemed risky
+ coeff 1.47803 of var (x10,x11) (idx 23) in constr e198 (idx 183) is deemed risky
+ coeff 4.39148 of var (x10,x16) (idx 24) in constr e198 (idx 183) is deemed risky
+ coeff -4.39148 of var (x10,x17) (idx 25) in constr e198 (idx 183) is deemed risky
+ coeff 22.009 of var (x6,x6) (idx 0) in constr e199 (idx 184) is deemed risky
+ coeff 9.13177 of var (x6,x8) (idx 1) in constr e199 (idx 184) is deemed risky
+ coeff -14.8982 of var (x6,x12) (idx 2) in constr e199 (idx 184) is deemed risky
+ coeff -1.34333 of var (x6,x13) (idx 3) in constr e199 (idx 184) is deemed risky
+ coeff -9.13177 of var (x6,x14) (idx 4) in constr e199 (idx 184) is deemed risky
+ coeff -2.15565 of var (x6,x16) (idx 5) in constr e199 (idx 184) is deemed risky
+ coeff 2.15565 of var (x6,x18) (idx 6) in constr e199 (idx 184) is deemed risky
+ coeff 22.009 of var (x7,x7) (idx 7) in constr e199 (idx 184) is deemed risky
+ coeff 2.15565 of var (x7,x8) (idx 8) in constr e199 (idx 184) is deemed risky
+ coeff 1.34333 of var (x7,x12) (idx 9) in constr e199 (idx 184) is deemed risky
+ coeff -14.8982 of var (x7,x13) (idx 10) in constr e199 (idx 184) is deemed risky
+ coeff -2.15565 of var (x7,x14) (idx 11) in constr e199 (idx 184) is deemed risky
+ coeff 9.13177 of var (x7,x16) (idx 12) in constr e199 (idx 184) is deemed risky
+ coeff -9.13177 of var (x7,x18) (idx 13) in constr e199 (idx 184) is deemed risky
+ coeff -3.02493 of var (x8,x12) (idx 15) in constr e199 (idx 184) is deemed risky
+ coeff -1.00828 of var (x8,x13) (idx 16) in constr e199 (idx 184) is deemed risky
+ coeff 2.54171 of var (x12,x12) (idx 18) in constr e199 (idx 184) is deemed risky
+ coeff 3.02493 of var (x12,x14) (idx 19) in constr e199 (idx 184) is deemed risky
+ coeff 1.00828 of var (x12,x16) (idx 20) in constr e199 (idx 184) is deemed risky
+ coeff -1.00828 of var (x12,x18) (idx 21) in constr e199 (idx 184) is deemed risky
+ coeff 2.54171 of var (x13,x13) (idx 22) in constr e199 (idx 184) is deemed risky
+ coeff 1.00828 of var (x13,x14) (idx 23) in constr e199 (idx 184) is deemed risky
+ coeff -3.02493 of var (x13,x16) (idx 24) in constr e199 (idx 184) is deemed risky
+ coeff 3.02493 of var (x13,x18) (idx 25) in constr e199 (idx 184) is deemed risky
+ coeff 22.009 of var (x6,x6) (idx 0) in constr e200 (idx 185) is deemed risky
+ coeff 9.13177 of var (x6,x8) (idx 1) in constr e200 (idx 185) is deemed risky
+ coeff -5.9428 of var (x6,x9) (idx 2) in constr e200 (idx 185) is deemed risky
+ coeff 17.8276 of var (x6,x10) (idx 3) in constr e200 (idx 185) is deemed risky
+ coeff -9.13177 of var (x6,x11) (idx 4) in constr e200 (idx 185) is deemed risky
+ coeff -2.15565 of var (x6,x16) (idx 5) in constr e200 (idx 185) is deemed risky
+ coeff 2.15565 of var (x6,x17) (idx 6) in constr e200 (idx 185) is deemed risky
+ coeff 22.009 of var (x7,x7) (idx 7) in constr e200 (idx 185) is deemed risky
+ coeff 2.15565 of var (x7,x8) (idx 8) in constr e200 (idx 185) is deemed risky
+ coeff -17.8276 of var (x7,x9) (idx 9) in constr e200 (idx 185) is deemed risky
+ coeff -5.9428 of var (x7,x10) (idx 10) in constr e200 (idx 185) is deemed risky
+ coeff -2.15565 of var (x7,x11) (idx 11) in constr e200 (idx 185) is deemed risky
+ coeff 9.13177 of var (x7,x16) (idx 12) in constr e200 (idx 185) is deemed risky
+ coeff -9.13177 of var (x7,x17) (idx 13) in constr e200 (idx 185) is deemed risky
+ coeff -2.10592 of var (x8,x9) (idx 15) in constr e200 (idx 185) is deemed risky
+ coeff 3.40739 of var (x8,x10) (idx 16) in constr e200 (idx 185) is deemed risky
+ coeff 4.0113 of var (x9,x9) (idx 18) in constr e200 (idx 185) is deemed risky
+ coeff 2.10592 of var (x9,x11) (idx 19) in constr e200 (idx 185) is deemed risky
+ coeff -3.40739 of var (x9,x16) (idx 20) in constr e200 (idx 185) is deemed risky
+ coeff 3.40739 of var (x9,x17) (idx 21) in constr e200 (idx 185) is deemed risky
+ coeff 4.0113 of var (x10,x10) (idx 22) in constr e200 (idx 185) is deemed risky
+ coeff -3.40739 of var (x10,x11) (idx 23) in constr e200 (idx 185) is deemed risky
+ coeff -2.10592 of var (x10,x16) (idx 24) in constr e200 (idx 185) is deemed risky
+ coeff 2.10592 of var (x10,x17) (idx 25) in constr e200 (idx 185) is deemed risky
+ coeff 22.009 of var (x6,x6) (idx 0) in constr e201 (idx 186) is deemed risky
+ coeff 9.13177 of var (x6,x8) (idx 1) in constr e201 (idx 186) is deemed risky
+ coeff 8.76291 of var (x6,x12) (idx 2) in constr e201 (idx 186) is deemed risky
+ coeff -9.22398 of var (x6,x13) (idx 3) in constr e201 (idx 186) is deemed risky
+ coeff -9.13177 of var (x6,x14) (idx 4) in constr e201 (idx 186) is deemed risky
+ coeff -2.15565 of var (x6,x16) (idx 5) in constr e201 (idx 186) is deemed risky
+ coeff 2.15565 of var (x6,x18) (idx 6) in constr e201 (idx 186) is deemed risky
+ coeff 22.009 of var (x7,x7) (idx 7) in constr e201 (idx 186) is deemed risky
+ coeff 2.15565 of var (x7,x8) (idx 8) in constr e201 (idx 186) is deemed risky
+ coeff 9.22398 of var (x7,x12) (idx 9) in constr e201 (idx 186) is deemed risky
+ coeff 8.76291 of var (x7,x13) (idx 10) in constr e201 (idx 186) is deemed risky
+ coeff -2.15565 of var (x7,x14) (idx 11) in constr e201 (idx 186) is deemed risky
+ coeff 9.13177 of var (x7,x16) (idx 12) in constr e201 (idx 186) is deemed risky
+ coeff -9.13177 of var (x7,x18) (idx 13) in constr e201 (idx 186) is deemed risky
+ coeff 2.26963 of var (x8,x12) (idx 15) in constr e201 (idx 186) is deemed risky
+ coeff -1.48442 of var (x8,x13) (idx 16) in constr e201 (idx 186) is deemed risky
+ coeff 1.83868 of var (x12,x12) (idx 18) in constr e201 (idx 186) is deemed risky
+ coeff -2.26963 of var (x12,x14) (idx 19) in constr e201 (idx 186) is deemed risky
+ coeff 1.48442 of var (x12,x16) (idx 20) in constr e201 (idx 186) is deemed risky
+ coeff -1.48442 of var (x12,x18) (idx 21) in constr e201 (idx 186) is deemed risky
+ coeff 1.83868 of var (x13,x13) (idx 22) in constr e201 (idx 186) is deemed risky
+ coeff 1.48442 of var (x13,x14) (idx 23) in constr e201 (idx 186) is deemed risky
+ coeff 2.26963 of var (x13,x16) (idx 24) in constr e201 (idx 186) is deemed risky
+ coeff -2.26963 of var (x13,x18) (idx 25) in constr e201 (idx 186) is deemed risky
+ coeff 22.009 of var (x6,x6) (idx 0) in constr e202 (idx 187) is deemed risky
+ coeff 9.13177 of var (x6,x8) (idx 1) in constr e202 (idx 187) is deemed risky
+ coeff 12.9243 of var (x6,x9) (idx 2) in constr e202 (idx 187) is deemed risky
+ coeff -6.46211 of var (x6,x10) (idx 3) in constr e202 (idx 187) is deemed risky
+ coeff -9.13177 of var (x6,x11) (idx 4) in constr e202 (idx 187) is deemed risky
+ coeff -2.15565 of var (x6,x16) (idx 5) in constr e202 (idx 187) is deemed risky
+ coeff 2.15565 of var (x6,x17) (idx 6) in constr e202 (idx 187) is deemed risky
+ coeff 22.009 of var (x7,x7) (idx 7) in constr e202 (idx 187) is deemed risky
+ coeff 2.15565 of var (x7,x8) (idx 8) in constr e202 (idx 187) is deemed risky
+ coeff 6.46211 of var (x7,x9) (idx 9) in constr e202 (idx 187) is deemed risky
+ coeff 12.9243 of var (x7,x10) (idx 10) in constr e202 (idx 187) is deemed risky
+ coeff -2.15565 of var (x7,x11) (idx 11) in constr e202 (idx 187) is deemed risky
+ coeff 9.13177 of var (x7,x16) (idx 12) in constr e202 (idx 187) is deemed risky
+ coeff -9.13177 of var (x7,x17) (idx 13) in constr e202 (idx 187) is deemed risky
+ coeff 2.99767 of var (x8,x9) (idx 15) in constr e202 (idx 187) is deemed risky
+ coeff -0.70767 of var (x8,x10) (idx 16) in constr e202 (idx 187) is deemed risky
+ coeff 2.3717 of var (x9,x9) (idx 18) in constr e202 (idx 187) is deemed risky
+ coeff -2.99767 of var (x9,x11) (idx 19) in constr e202 (idx 187) is deemed risky
+ coeff 0.70767 of var (x9,x16) (idx 20) in constr e202 (idx 187) is deemed risky
+ coeff -0.70767 of var (x9,x17) (idx 21) in constr e202 (idx 187) is deemed risky
+ coeff 2.3717 of var (x10,x10) (idx 22) in constr e202 (idx 187) is deemed risky
+ coeff 0.70767 of var (x10,x11) (idx 23) in constr e202 (idx 187) is deemed risky
+ coeff 2.99767 of var (x10,x16) (idx 24) in constr e202 (idx 187) is deemed risky
+ coeff -2.99767 of var (x10,x17) (idx 25) in constr e202 (idx 187) is deemed risky
+ coeff 22.009 of var (x6,x6) (idx 0) in constr e203 (idx 188) is deemed risky
+ coeff 9.13177 of var (x6,x8) (idx 1) in constr e203 (idx 188) is deemed risky
+ coeff -22.637 of var (x6,x12) (idx 2) in constr e203 (idx 188) is deemed risky
+ coeff -2.04129 of var (x6,x13) (idx 3) in constr e203 (idx 188) is deemed risky
+ coeff -9.13177 of var (x6,x14) (idx 4) in constr e203 (idx 188) is deemed risky
+ coeff -2.15565 of var (x6,x16) (idx 5) in constr e203 (idx 188) is deemed risky
+ coeff 2.15565 of var (x6,x18) (idx 6) in constr e203 (idx 188) is deemed risky
+ coeff 22.009 of var (x7,x7) (idx 7) in constr e203 (idx 188) is deemed risky
+ coeff 2.15565 of var (x7,x8) (idx 8) in constr e203 (idx 188) is deemed risky
+ coeff 2.04129 of var (x7,x12) (idx 9) in constr e203 (idx 188) is deemed risky
+ coeff -22.637 of var (x7,x13) (idx 10) in constr e203 (idx 188) is deemed risky
+ coeff -2.15565 of var (x7,x14) (idx 11) in constr e203 (idx 188) is deemed risky
+ coeff 9.13177 of var (x7,x16) (idx 12) in constr e203 (idx 188) is deemed risky
+ coeff -9.13177 of var (x7,x18) (idx 13) in constr e203 (idx 188) is deemed risky
+ coeff -4.5962 of var (x8,x12) (idx 15) in constr e203 (idx 188) is deemed risky
+ coeff -1.53206 of var (x8,x13) (idx 16) in constr e203 (idx 188) is deemed risky
+ coeff 5.86805 of var (x12,x12) (idx 18) in constr e203 (idx 188) is deemed risky
+ coeff 4.5962 of var (x12,x14) (idx 19) in constr e203 (idx 188) is deemed risky
+ coeff 1.53206 of var (x12,x16) (idx 20) in constr e203 (idx 188) is deemed risky
+ coeff -1.53206 of var (x12,x18) (idx 21) in constr e203 (idx 188) is deemed risky
+ coeff 5.86805 of var (x13,x13) (idx 22) in constr e203 (idx 188) is deemed risky
+ coeff 1.53206 of var (x13,x14) (idx 23) in constr e203 (idx 188) is deemed risky
+ coeff -4.5962 of var (x13,x16) (idx 24) in constr e203 (idx 188) is deemed risky
+ coeff 4.5962 of var (x13,x18) (idx 25) in constr e203 (idx 188) is deemed risky
+ coeff 22.009 of var (x6,x6) (idx 0) in constr e204 (idx 189) is deemed risky
+ coeff 9.13177 of var (x6,x8) (idx 1) in constr e204 (idx 189) is deemed risky
+ coeff -14.2868 of var (x6,x9) (idx 2) in constr e204 (idx 189) is deemed risky
+ coeff -8.83007 of var (x6,x10) (idx 3) in constr e204 (idx 189) is deemed risky
+ coeff -9.13177 of var (x6,x11) (idx 4) in constr e204 (idx 189) is deemed risky
+ coeff -2.15565 of var (x6,x16) (idx 5) in constr e204 (idx 189) is deemed risky
+ coeff 2.15565 of var (x6,x17) (idx 6) in constr e204 (idx 189) is deemed risky
+ coeff 22.009 of var (x7,x7) (idx 7) in constr e204 (idx 189) is deemed risky
+ coeff 2.15565 of var (x7,x8) (idx 8) in constr e204 (idx 189) is deemed risky
+ coeff 8.83007 of var (x7,x9) (idx 9) in constr e204 (idx 189) is deemed risky
+ coeff -14.2868 of var (x7,x10) (idx 10) in constr e204 (idx 189) is deemed risky
+ coeff -2.15565 of var (x7,x11) (idx 11) in constr e204 (idx 189) is deemed risky
+ coeff 9.13177 of var (x7,x16) (idx 12) in constr e204 (idx 189) is deemed risky
+ coeff -9.13177 of var (x7,x17) (idx 13) in constr e204 (idx 189) is deemed risky
+ coeff -2.53143 of var (x8,x9) (idx 15) in constr e204 (idx 189) is deemed risky
+ coeff -2.53149 of var (x8,x10) (idx 16) in constr e204 (idx 189) is deemed risky
+ coeff 3.20415 of var (x9,x9) (idx 18) in constr e204 (idx 189) is deemed risky
+ coeff 2.53143 of var (x9,x11) (idx 19) in constr e204 (idx 189) is deemed risky
+ coeff 2.53149 of var (x9,x16) (idx 20) in constr e204 (idx 189) is deemed risky
+ coeff -2.53149 of var (x9,x17) (idx 21) in constr e204 (idx 189) is deemed risky
+ coeff 3.20415 of var (x10,x10) (idx 22) in constr e204 (idx 189) is deemed risky
+ coeff 2.53149 of var (x10,x11) (idx 23) in constr e204 (idx 189) is deemed risky
+ coeff -2.53143 of var (x10,x16) (idx 24) in constr e204 (idx 189) is deemed risky
+ coeff 2.53143 of var (x10,x17) (idx 25) in constr e204 (idx 189) is deemed risky
+ coeff 22.009 of var (x6,x6) (idx 0) in constr e205 (idx 190) is deemed risky
+ coeff 9.13177 of var (x6,x8) (idx 1) in constr e205 (idx 190) is deemed risky
+ coeff 5.70827 of var (x6,x12) (idx 2) in constr e205 (idx 190) is deemed risky
+ coeff 10.7214 of var (x6,x13) (idx 3) in constr e205 (idx 190) is deemed risky
+ coeff -9.13177 of var (x6,x14) (idx 4) in constr e205 (idx 190) is deemed risky
+ coeff -2.15565 of var (x6,x16) (idx 5) in constr e205 (idx 190) is deemed risky
+ coeff 2.15565 of var (x6,x18) (idx 6) in constr e205 (idx 190) is deemed risky
+ coeff 22.009 of var (x7,x7) (idx 7) in constr e205 (idx 190) is deemed risky
+ coeff 2.15565 of var (x7,x8) (idx 8) in constr e205 (idx 190) is deemed risky
+ coeff -10.7214 of var (x7,x12) (idx 9) in constr e205 (idx 190) is deemed risky
+ coeff 5.70827 of var (x7,x13) (idx 10) in constr e205 (idx 190) is deemed risky
+ coeff -2.15565 of var (x7,x14) (idx 11) in constr e205 (idx 190) is deemed risky
+ coeff 9.13177 of var (x7,x16) (idx 12) in constr e205 (idx 190) is deemed risky
+ coeff -9.13177 of var (x7,x18) (idx 13) in constr e205 (idx 190) is deemed risky
+ coeff 0.659161 of var (x8,x12) (idx 15) in constr e205 (idx 190) is deemed risky
+ coeff 2.50376 of var (x8,x13) (idx 16) in constr e205 (idx 190) is deemed risky
+ coeff 1.67582 of var (x12,x12) (idx 18) in constr e205 (idx 190) is deemed risky
+ coeff -0.659161 of var (x12,x14) (idx 19) in constr e205 (idx 190) is deemed risky
+ coeff -2.50376 of var (x12,x16) (idx 20) in constr e205 (idx 190) is deemed risky
+ coeff 2.50376 of var (x12,x18) (idx 21) in constr e205 (idx 190) is deemed risky
+ coeff 1.67582 of var (x13,x13) (idx 22) in constr e205 (idx 190) is deemed risky
+ coeff -2.50376 of var (x13,x14) (idx 23) in constr e205 (idx 190) is deemed risky
+ coeff 0.659161 of var (x13,x16) (idx 24) in constr e205 (idx 190) is deemed risky
+ coeff -0.659161 of var (x13,x18) (idx 25) in constr e205 (idx 190) is deemed risky
+ coeff 3.20415 of var (x9,x9) (idx 0) in constr e206 (idx 191) is deemed risky
+ coeff 2.53143 of var (x9,x11) (idx 1) in constr e206 (idx 191) is deemed risky
+ coeff -2.53143 of var (x9,x14) (idx 2) in constr e206 (idx 191) is deemed risky
+ coeff -2.53149 of var (x9,x17) (idx 3) in constr e206 (idx 191) is deemed risky
+ coeff 2.53149 of var (x9,x18) (idx 4) in constr e206 (idx 191) is deemed risky
+ coeff 3.20415 of var (x10,x10) (idx 5) in constr e206 (idx 191) is deemed risky
+ coeff 2.53149 of var (x10,x11) (idx 6) in constr e206 (idx 191) is deemed risky
+ coeff -2.53149 of var (x10,x14) (idx 7) in constr e206 (idx 191) is deemed risky
+ coeff 2.53143 of var (x10,x17) (idx 8) in constr e206 (idx 191) is deemed risky
+ coeff -2.53143 of var (x10,x18) (idx 9) in constr e206 (idx 191) is deemed risky
+ coeff 3.20415 of var (x9,x9) (idx 0) in constr e207 (idx 192) is deemed risky
+ coeff 2.53143 of var (x9,x11) (idx 1) in constr e207 (idx 192) is deemed risky
+ coeff -5.10493 of var (x9,x12) (idx 2) in constr e207 (idx 192) is deemed risky
+ coeff 2.5526 of var (x9,x13) (idx 3) in constr e207 (idx 192) is deemed risky
+ coeff -2.53143 of var (x9,x14) (idx 4) in constr e207 (idx 192) is deemed risky
+ coeff -2.53149 of var (x9,x17) (idx 5) in constr e207 (idx 192) is deemed risky
+ coeff 2.53149 of var (x9,x18) (idx 6) in constr e207 (idx 192) is deemed risky
+ coeff 3.20415 of var (x10,x10) (idx 7) in constr e207 (idx 192) is deemed risky
+ coeff 2.53149 of var (x10,x11) (idx 8) in constr e207 (idx 192) is deemed risky
+ coeff -2.5526 of var (x10,x12) (idx 9) in constr e207 (idx 192) is deemed risky
+ coeff -5.10493 of var (x10,x13) (idx 10) in constr e207 (idx 192) is deemed risky
+ coeff -2.53149 of var (x10,x14) (idx 11) in constr e207 (idx 192) is deemed risky
+ coeff 2.53143 of var (x10,x17) (idx 12) in constr e207 (idx 192) is deemed risky
+ coeff -2.53143 of var (x10,x18) (idx 13) in constr e207 (idx 192) is deemed risky
+ coeff -3.02493 of var (x11,x12) (idx 15) in constr e207 (idx 192) is deemed risky
+ coeff -1.00828 of var (x11,x13) (idx 16) in constr e207 (idx 192) is deemed risky
+ coeff 2.54171 of var (x12,x12) (idx 18) in constr e207 (idx 192) is deemed risky
+ coeff 3.02493 of var (x12,x14) (idx 19) in constr e207 (idx 192) is deemed risky
+ coeff 1.00828 of var (x12,x17) (idx 20) in constr e207 (idx 192) is deemed risky
+ coeff -1.00828 of var (x12,x18) (idx 21) in constr e207 (idx 192) is deemed risky
+ coeff 2.54171 of var (x13,x13) (idx 22) in constr e207 (idx 192) is deemed risky
+ coeff 1.00828 of var (x13,x14) (idx 23) in constr e207 (idx 192) is deemed risky
+ coeff -3.02493 of var (x13,x17) (idx 24) in constr e207 (idx 192) is deemed risky
+ coeff 3.02493 of var (x13,x18) (idx 25) in constr e207 (idx 192) is deemed risky
+ coeff 3.20415 of var (x9,x9) (idx 0) in constr e208 (idx 193) is deemed risky
+ coeff 2.53143 of var (x9,x11) (idx 1) in constr e208 (idx 193) is deemed risky
+ coeff 0.993799 of var (x9,x12) (idx 2) in constr e208 (idx 193) is deemed risky
+ coeff -4.75164 of var (x9,x13) (idx 3) in constr e208 (idx 193) is deemed risky
+ coeff -2.53143 of var (x9,x14) (idx 4) in constr e208 (idx 193) is deemed risky
+ coeff -2.53149 of var (x9,x17) (idx 5) in constr e208 (idx 193) is deemed risky
+ coeff 2.53149 of var (x9,x18) (idx 6) in constr e208 (idx 193) is deemed risky
+ coeff 3.20415 of var (x10,x10) (idx 7) in constr e208 (idx 193) is deemed risky
+ coeff 2.53149 of var (x10,x11) (idx 8) in constr e208 (idx 193) is deemed risky
+ coeff 4.75164 of var (x10,x12) (idx 9) in constr e208 (idx 193) is deemed risky
+ coeff 0.993799 of var (x10,x13) (idx 10) in constr e208 (idx 193) is deemed risky
+ coeff -2.53149 of var (x10,x14) (idx 11) in constr e208 (idx 193) is deemed risky
+ coeff 2.53143 of var (x10,x17) (idx 12) in constr e208 (idx 193) is deemed risky
+ coeff -2.53143 of var (x10,x18) (idx 13) in constr e208 (idx 193) is deemed risky
+ coeff 2.26963 of var (x11,x12) (idx 15) in constr e208 (idx 193) is deemed risky
+ coeff -1.48442 of var (x11,x13) (idx 16) in constr e208 (idx 193) is deemed risky
+ coeff 1.83868 of var (x12,x12) (idx 18) in constr e208 (idx 193) is deemed risky
+ coeff -2.26963 of var (x12,x14) (idx 19) in constr e208 (idx 193) is deemed risky
+ coeff 1.48442 of var (x12,x17) (idx 20) in constr e208 (idx 193) is deemed risky
+ coeff -1.48442 of var (x12,x18) (idx 21) in constr e208 (idx 193) is deemed risky
+ coeff 1.83868 of var (x13,x13) (idx 22) in constr e208 (idx 193) is deemed risky
+ coeff 1.48442 of var (x13,x14) (idx 23) in constr e208 (idx 193) is deemed risky
+ coeff 2.26963 of var (x13,x17) (idx 24) in constr e208 (idx 193) is deemed risky
+ coeff -2.26963 of var (x13,x18) (idx 25) in constr e208 (idx 193) is deemed risky
+ coeff 3.20415 of var (x9,x9) (idx 0) in constr e209 (idx 194) is deemed risky
+ coeff 2.53143 of var (x9,x11) (idx 1) in constr e209 (idx 194) is deemed risky
+ coeff -7.75668 of var (x9,x12) (idx 2) in constr e209 (idx 194) is deemed risky
+ coeff 3.87847 of var (x9,x13) (idx 3) in constr e209 (idx 194) is deemed risky
+ coeff -2.53143 of var (x9,x14) (idx 4) in constr e209 (idx 194) is deemed risky
+ coeff -2.53149 of var (x9,x17) (idx 5) in constr e209 (idx 194) is deemed risky
+ coeff 2.53149 of var (x9,x18) (idx 6) in constr e209 (idx 194) is deemed risky
+ coeff 3.20415 of var (x10,x10) (idx 7) in constr e209 (idx 194) is deemed risky
+ coeff 2.53149 of var (x10,x11) (idx 8) in constr e209 (idx 194) is deemed risky
+ coeff -3.87847 of var (x10,x12) (idx 9) in constr e209 (idx 194) is deemed risky
+ coeff -7.75668 of var (x10,x13) (idx 10) in constr e209 (idx 194) is deemed risky
+ coeff -2.53149 of var (x10,x14) (idx 11) in constr e209 (idx 194) is deemed risky
+ coeff 2.53143 of var (x10,x17) (idx 12) in constr e209 (idx 194) is deemed risky
+ coeff -2.53143 of var (x10,x18) (idx 13) in constr e209 (idx 194) is deemed risky
+ coeff -4.5962 of var (x11,x12) (idx 15) in constr e209 (idx 194) is deemed risky
+ coeff -1.53206 of var (x11,x13) (idx 16) in constr e209 (idx 194) is deemed risky
+ coeff 5.86805 of var (x12,x12) (idx 18) in constr e209 (idx 194) is deemed risky
+ coeff 4.5962 of var (x12,x14) (idx 19) in constr e209 (idx 194) is deemed risky
+ coeff 1.53206 of var (x12,x17) (idx 20) in constr e209 (idx 194) is deemed risky
+ coeff -1.53206 of var (x12,x18) (idx 21) in constr e209 (idx 194) is deemed risky
+ coeff 5.86805 of var (x13,x13) (idx 22) in constr e209 (idx 194) is deemed risky
+ coeff 1.53206 of var (x13,x14) (idx 23) in constr e209 (idx 194) is deemed risky
+ coeff -4.5962 of var (x13,x17) (idx 24) in constr e209 (idx 194) is deemed risky
+ coeff 4.5962 of var (x13,x18) (idx 25) in constr e209 (idx 194) is deemed risky
+ coeff 3.20415 of var (x9,x9) (idx 0) in constr e210 (idx 195) is deemed risky
+ coeff 2.53143 of var (x9,x11) (idx 1) in constr e210 (idx 195) is deemed risky
+ coeff 4.00343 of var (x9,x12) (idx 2) in constr e210 (idx 195) is deemed risky
+ coeff 2.33472 of var (x9,x13) (idx 3) in constr e210 (idx 195) is deemed risky
+ coeff -2.53143 of var (x9,x14) (idx 4) in constr e210 (idx 195) is deemed risky
+ coeff -2.53149 of var (x9,x17) (idx 5) in constr e210 (idx 195) is deemed risky
+ coeff 2.53149 of var (x9,x18) (idx 6) in constr e210 (idx 195) is deemed risky
+ coeff 3.20415 of var (x10,x10) (idx 7) in constr e210 (idx 195) is deemed risky
+ coeff 2.53149 of var (x10,x11) (idx 8) in constr e210 (idx 195) is deemed risky
+ coeff -2.33472 of var (x10,x12) (idx 9) in constr e210 (idx 195) is deemed risky
+ coeff 4.00343 of var (x10,x13) (idx 10) in constr e210 (idx 195) is deemed risky
+ coeff -2.53149 of var (x10,x14) (idx 11) in constr e210 (idx 195) is deemed risky
+ coeff 2.53143 of var (x10,x17) (idx 12) in constr e210 (idx 195) is deemed risky
+ coeff -2.53143 of var (x10,x18) (idx 13) in constr e210 (idx 195) is deemed risky
+ coeff 0.659161 of var (x11,x12) (idx 15) in constr e210 (idx 195) is deemed risky
+ coeff 2.50376 of var (x11,x13) (idx 16) in constr e210 (idx 195) is deemed risky
+ coeff 1.67582 of var (x12,x12) (idx 18) in constr e210 (idx 195) is deemed risky
+ coeff -0.659161 of var (x12,x14) (idx 19) in constr e210 (idx 195) is deemed risky
+ coeff -2.50376 of var (x12,x17) (idx 20) in constr e210 (idx 195) is deemed risky
+ coeff 2.50376 of var (x12,x18) (idx 21) in constr e210 (idx 195) is deemed risky
+ coeff 1.67582 of var (x13,x13) (idx 22) in constr e210 (idx 195) is deemed risky
+ coeff -2.50376 of var (x13,x14) (idx 23) in constr e210 (idx 195) is deemed risky
+ coeff 0.659161 of var (x13,x17) (idx 24) in constr e210 (idx 195) is deemed risky
+ coeff -0.659161 of var (x13,x18) (idx 25) in constr e210 (idx 195) is deemed risky
Quad constraints read with code 0.
Reading parameter file drskparams.conf.
tol 0.01
maxits 20
lambda_hi 0.75
lambda_lo 0.74
xi 0.05
Running Greedy.
Solving Model
  variables = 17
  constraints = 55
 OPTIMAL. optimal value: 5.0000e+00 in time 2.7031e+00
Optimal objective = 5
Optimal variable values:
x2 = 5
x3 = -0.639461
x4 = 0.768823
x5 = 1.59648
x7 = 1
x8 = 3.57106
x9 = -0.99998
x10 = -0.00638692
x11 = 1.53759
x12 = 0.419986
x13 = 0.907531
x14 = 1.66556
x15 = 1.60051
x16 = 3.94679
x17 = 8.44998
x18 = 5.60671
16 nonzero variables in solution
Writing solution to file form_0.sol.
Getting impact at iteration_cnt 0 using style 0-norm_per.
>feat: 0  name: e2  numrisky: 2
 >riskyterm: 0  z: z_0_0  card: 1  vars: ['x3']
  j=0 h=0 var=x3 xval=-0.6394614229306281 coeff=0.20410502
  z=-0.01 -> displacement 1.305e-03   scaled displacement 3.783e-04
 >riskyterm: 1  z: z_0_1  card: 1  vars: ['x4']
  j=1 h=0 var=x4 xval=0.7688231842130782 coeff=2.24629156
  z=0.01 -> displacement 1.727e-02   scaled displacement 5.005e-03
 SUMMARY - feat: e2 (<)  Greedy: 0.00500522 at term: z_0_1   L1norm: 0.00538349  L2norm: 0.0050195  slack: 0  scale: 3.4504
>feat: 1  name: e3  numrisky: 2
 >riskyterm: 0  z: z_1_0  card: 1  vars: ['x6']
  j=0 h=0 var=x6 xval=0.0 coeff=3.94678752
  z=0.01 -> displacement 0.000e+00   scaled displacement 0.000e+00
 >riskyterm: 1  z: z_1_1  card: 1  vars: ['x7']
  j=1 h=0 var=x7 xval=1.0 coeff=-1.42893791
  z=-0.01 -> displacement 0.000e+00   scaled displacement 0.000e+00
 SUMMARY - feat: e3 (<)  Greedy: 0 at term:    L1norm: 0  L2norm: 0  slack: 5  scale: 6.37573
>feat: 2  name: e4  numrisky: 2
 >riskyterm: 0  z: z_2_0  card: 1  vars: ['x9']
  j=0 h=0 var=x9 xval=-0.999979603390844 coeff=-1.52786255
  z=0.01 -> displacement 0.000e+00   scaled displacement 0.000e+00
 >riskyterm: 1  z: z_2_1  card: 1  vars: ['x10']
  j=1 h=0 var=x10 xval=-0.006386924321415711 coeff=2.47212728
  z=-0.01 -> displacement 0.000e+00   scaled displacement 0.000e+00
 SUMMARY - feat: e4 (<)  Greedy: 0 at term:    L1norm: 0  L2norm: 0  slack: 0.0255477  scale: 4.99999
>feat: 3  name: e5  numrisky: 2
 >riskyterm: 0  z: z_3_0  card: 1  vars: ['x12']
  j=0 h=0 var=x12 xval=0.41998559773451977 coeff=0.43022284
  z=0.01 -> displacement 0.000e+00   scaled displacement 0.000e+00
 >riskyterm: 1  z: z_3_1  card: 1  vars: ['x13']
  j=1 h=0 var=x13 xval=0.9075307695585743 coeff=1.63415571
  z=0.01 -> displacement 1.301e-02   scaled displacement 4.244e-03
 SUMMARY - feat: e5 (<)  Greedy: 0.00424401 at term: z_3_1   L1norm: 0.00424401  L2norm: 0.00424401  slack: 0.00182521  scale: 3.06438
>feat: 4  name: e6  numrisky: 2
 >riskyterm: 0  z: z_4_0  card: 1  vars: ['x3']
  j=0 h=0 var=x3 xval=-0.6394614229306281 coeff=3.40502701
  z=-0.01 -> displacement 0.000e+00   scaled displacement 0.000e+00
 >riskyterm: 1  z: z_4_1  card: 1  vars: ['x4']
  j=1 h=0 var=x4 xval=0.7688231842130782 coeff=-1.59481484
  z=-0.01 -> displacement 0.000e+00   scaled displacement 0.000e+00
 SUMMARY - feat: e6 (<)  Greedy: 0 at term:    L1norm: 0  L2norm: 0  slack: 5  scale: 5.99984
>feat: 5  name: e7  numrisky: 2
 >riskyterm: 0  z: z_5_0  card: 1  vars: ['x6']
  j=0 h=0 var=x6 xval=0.0 coeff=-6.05321248
  z=0.01 -> displacement 0.000e+00   scaled displacement 0.000e+00
 >riskyterm: 1  z: z_5_1  card: 1  vars: ['x7']
  j=1 h=0 var=x7 xval=1.0 coeff=-1.42893791
  z=-0.01 -> displacement 0.000e+00   scaled displacement 0.000e+00
 SUMMARY - feat: e7 (<)  Greedy: 0 at term:    L1norm: 0  L2norm: 0  slack: 5  scale: 8.48215
>feat: 6  name: e8  numrisky: 2
 >riskyterm: 0  z: z_6_0  card: 1  vars: ['x9']
  j=0 h=0 var=x9 xval=-0.999979603390844 coeff=2.47213745
  z=-0.01 -> displacement 0.000e+00   scaled displacement 0.000e+00
 >riskyterm: 1  z: z_6_1  card: 1  vars: ['x10']
  j=1 h=0 var=x10 xval=-0.006386924321415711 coeff=0.47212728
  z=-0.01 -> displacement 0.000e+00   scaled displacement 0.000e+00
 SUMMARY - feat: e8 (<)  Greedy: 0 at term:    L1norm: 0  L2norm: 0  slack: 4.01269  scale: 3.94426
>feat: 7  name: e9  numrisky: 2
 >riskyterm: 0  z: z_7_0  card: 1  vars: ['x12']
  j=0 h=0 var=x12 xval=0.41998559773451977 coeff=1.60415853
  z=0.01 -> displacement 0.000e+00   scaled displacement 0.000e+00
 >riskyterm: 1  z: z_7_1  card: 1  vars: ['x13']
  j=1 h=0 var=x13 xval=0.9075307695585743 coeff=-1.04912586
  z=-0.01 -> displacement 0.000e+00   scaled displacement 0.000e+00
 SUMMARY - feat: e9 (<)  Greedy: 0 at term:    L1norm: 0  L2norm: 0  slack: 1.94395  scale: 3.65328
>feat: 8  name: e10  numrisky: 2
 >riskyterm: 0  z: z_8_0  card: 1  vars: ['x3']
  j=0 h=0 var=x3 xval=-0.6394614229306281 coeff=-4.40522266
  z=0.01 -> displacement 2.253e-02   scaled displacement 3.218e-03
 >riskyterm: 1  z: z_8_1  card: 1  vars: ['x4']
  j=1 h=0 var=x4 xval=0.7688231842130782 coeff=-1.59481484
  z=-0.01 -> displacement 6.617e-03   scaled displacement 9.453e-04
 SUMMARY - feat: e10 (<)  Greedy: 0.00321788 at term: z_8_0   L1norm: 0.00416315  L2norm: 0.00335385  slack: 0.00564442  scale: 7.00004
>feat: 9  name: e11  numrisky: 2
 >riskyterm: 0  z: z_9_0  card: 1  vars: ['x6']
  j=0 h=0 var=x6 xval=0.0 coeff=0.19678752
  z=0.01 -> displacement 0.000e+00   scaled displacement 0.000e+00
 >riskyterm: 1  z: z_9_1  card: 1  vars: ['x7']
  j=1 h=0 var=x7 xval=1.0 coeff=1.69606209
  z=0.01 -> displacement 0.000e+00   scaled displacement 0.000e+00
 SUMMARY - feat: e11 (<)  Greedy: 0 at term:    L1norm: 0  L2norm: 0  slack: 1.875  scale: 2.89285
>feat: 10  name: e12  numrisky: 2
 >riskyterm: 0  z: z_10_0  card: 1  vars: ['x9']
  j=0 h=0 var=x9 xval=-0.999979603390844 coeff=3.47213745
  z=-0.01 -> displacement 0.000e+00   scaled displacement 0.000e+00
 >riskyterm: 1  z: z_10_1  card: 1  vars: ['x10']
  j=1 h=0 var=x10 xval=-0.006386924321415711 coeff=-1.52787272
  z=0.01 -> displacement 0.000e+00   scaled displacement 0.000e+00
 SUMMARY - feat: e12 (<)  Greedy: 0 at term:    L1norm: 0  L2norm: 0  slack: 4.9999  scale: 6.00001
>feat: 11  name: e13  numrisky: 2
 >riskyterm: 0  z: z_11_0  card: 1  vars: ['x12']
  j=0 h=0 var=x12 xval=0.41998559773451977 coeff=-3.14748592
  z=-0.01 -> displacement 0.000e+00   scaled displacement 0.000e+00
 >riskyterm: 1  z: z_11_1  card: 1  vars: ['x13']
  j=1 h=0 var=x13 xval=0.9075307695585743 coeff=-1.04912586
  z=-0.01 -> displacement 0.000e+00   scaled displacement 0.000e+00
 SUMMARY - feat: e13 (<)  Greedy: 0 at term:    L1norm: 0  L2norm: 0  slack: 3.93957  scale: 5.19661
>feat: 12  name: e14  numrisky: 2
 >riskyterm: 0  z: z_12_0  card: 1  vars: ['x9']
  j=0 h=0 var=x9 xval=-0.999979603390844 coeff=-1.52786255
  z=0.01 -> displacement 1.528e-02   scaled displacement 3.767e-03
 >riskyterm: 1  z: z_12_1  card: 1  vars: ['x10']
  j=1 h=0 var=x10 xval=-0.006386924321415711 coeff=-1.52787272
  z=0.01 -> displacement 9.758e-05   scaled displacement 2.406e-05
 SUMMARY - feat: e14 (<)  Greedy: 0.00376709 at term: z_12_0   L1norm: 0.00379115  L2norm: 0.00376717  slack: 2.22045e-16  scale: 4.05574
>feat: 13  name: e15  numrisky: 2
 >riskyterm: 0  z: z_13_1  card: 1  vars: ['x3']
  j=0 h=0 var=x3 xval=-0.6394614229306281 coeff=0.20410502
  z=0.01 -> displacement 0.000e+00   scaled displacement 0.000e+00
 >riskyterm: 1  z: z_13_2  card: 1  vars: ['x4']
  j=1 h=0 var=x4 xval=0.7688231842130782 coeff=2.24629156
  z=-0.01 -> displacement 0.000e+00   scaled displacement 0.000e+00
 SUMMARY - feat: e15 (>)  Greedy: 0 at term:    L1norm: 0  L2norm: 0  slack: 5  scale: 4.4504
>feat: 14  name: e16  numrisky: 2
 >riskyterm: 0  z: z_14_1  card: 1  vars: ['x6']
  j=0 h=0 var=x6 xval=0.0 coeff=3.94678752
  z=-0.01 -> displacement 0.000e+00   scaled displacement 0.000e+00
 >riskyterm: 1  z: z_14_2  card: 1  vars: ['x7']
  j=1 h=0 var=x7 xval=1.0 coeff=-1.42893791
  z=0.01 -> displacement 1.429e-02   scaled displacement 1.937e-03
 SUMMARY - feat: e16 (>)  Greedy: 0.00193735 at term: z_14_2   L1norm: 0.00193735  L2norm: 0.00193735  slack: 0  scale: 7.37573
>feat: 15  name: e17  numrisky: 2
 >riskyterm: 0  z: z_15_1  card: 1  vars: ['x9']
  j=0 h=0 var=x9 xval=-0.999979603390844 coeff=-1.52786255
  z=-0.01 -> displacement 0.000e+00   scaled displacement 0.000e+00
 >riskyterm: 1  z: z_15_2  card: 1  vars: ['x10']
  j=1 h=0 var=x10 xval=-0.006386924321415711 coeff=2.47212728
  z=0.01 -> displacement 0.000e+00   scaled displacement 0.000e+00
 SUMMARY - feat: e17 (>)  Greedy: 0 at term:    L1norm: 0  L2norm: 0  slack: 4.97445  scale: 5.99999
>feat: 16  name: e18  numrisky: 2
 >riskyterm: 0  z: z_16_1  card: 1  vars: ['x12']
  j=0 h=0 var=x12 xval=0.41998559773451977 coeff=0.43022284
  z=-0.01 -> displacement 0.000e+00   scaled displacement 0.000e+00
 >riskyterm: 1  z: z_16_2  card: 1  vars: ['x13']
  j=1 h=0 var=x13 xval=0.9075307695585743 coeff=1.63415571
  z=-0.01 -> displacement 0.000e+00   scaled displacement 0.000e+00
 SUMMARY - feat: e18 (>)  Greedy: 0 at term:    L1norm: 0  L2norm: 0  slack: 4.99817  scale: 4.06438
>feat: 17  name: e19  numrisky: 2
 >riskyterm: 0  z: z_17_1  card: 1  vars: ['x3']
  j=0 h=0 var=x3 xval=-0.6394614229306281 coeff=3.40502701
  z=0.01 -> displacement 2.177e-02   scaled displacement 3.111e-03
 >riskyterm: 1  z: z_17_2  card: 1  vars: ['x4']
  j=1 h=0 var=x4 xval=0.7688231842130782 coeff=-1.59481484
  z=0.01 -> displacement 1.226e-02   scaled displacement 1.752e-03
 SUMMARY - feat: e19 (>)  Greedy: 0.00311062 at term: z_17_1   L1norm: 0.00486227  L2norm: 0.00356991  slack: 4.44089e-16  scale: 6.99984
>feat: 18  name: e20  numrisky: 2
 >riskyterm: 0  z: z_18_1  card: 1  vars: ['x6']
  j=0 h=0 var=x6 xval=0.0 coeff=-6.05321248
  z=-0.01 -> displacement 0.000e+00   scaled displacement 0.000e+00
 >riskyterm: 1  z: z_18_2  card: 1  vars: ['x7']
  j=1 h=0 var=x7 xval=1.0 coeff=-1.42893791
  z=0.01 -> displacement 1.429e-02   scaled displacement 1.507e-03
 SUMMARY - feat: e20 (>)  Greedy: 0.00150698 at term: z_18_2   L1norm: 0.00150698  L2norm: 0.00150698  slack: 0  scale: 9.48215
>feat: 19  name: e21  numrisky: 2
 >riskyterm: 0  z: z_19_1  card: 1  vars: ['x9']
  j=0 h=0 var=x9 xval=-0.999979603390844 coeff=2.47213745
  z=0.01 -> displacement 0.000e+00   scaled displacement 0.000e+00
 >riskyterm: 1  z: z_19_2  card: 1  vars: ['x10']
  j=1 h=0 var=x10 xval=-0.006386924321415711 coeff=0.47212728
  z=0.01 -> displacement 0.000e+00   scaled displacement 0.000e+00
 SUMMARY - feat: e21 (>)  Greedy: 0 at term:    L1norm: 0  L2norm: 0  slack: 0.987306  scale: 4.94426
>feat: 20  name: e22  numrisky: 2
 >riskyterm: 0  z: z_20_1  card: 1  vars: ['x12']
  j=0 h=0 var=x12 xval=0.41998559773451977 coeff=1.60415853
  z=-0.01 -> displacement 0.000e+00   scaled displacement 0.000e+00
 >riskyterm: 1  z: z_20_2  card: 1  vars: ['x13']
  j=1 h=0 var=x13 xval=0.9075307695585743 coeff=-1.04912586
  z=0.01 -> displacement 0.000e+00   scaled displacement 0.000e+00
 SUMMARY - feat: e22 (>)  Greedy: 0 at term:    L1norm: 0  L2norm: 0  slack: 3.05605  scale: 4.65328
>feat: 21  name: e23  numrisky: 2
 >riskyterm: 0  z: z_21_1  card: 1  vars: ['x3']
  j=0 h=0 var=x3 xval=-0.6394614229306281 coeff=-4.40522266
  z=-0.01 -> displacement 0.000e+00   scaled displacement 0.000e+00
 >riskyterm: 1  z: z_21_2  card: 1  vars: ['x4']
  j=1 h=0 var=x4 xval=0.7688231842130782 coeff=-1.59481484
  z=0.01 -> displacement 0.000e+00   scaled displacement 0.000e+00
 SUMMARY - feat: e23 (>)  Greedy: 0 at term:    L1norm: 0  L2norm: 0  slack: 4.99435  scale: 8.00004
>feat: 22  name: e24  numrisky: 2
 >riskyterm: 0  z: z_22_1  card: 1  vars: ['x6']
  j=0 h=0 var=x6 xval=0.0 coeff=0.19678752
  z=-0.01 -> displacement 0.000e+00   scaled displacement 0.000e+00
 >riskyterm: 1  z: z_22_2  card: 1  vars: ['x7']
  j=1 h=0 var=x7 xval=1.0 coeff=1.69606209
  z=-0.01 -> displacement 0.000e+00   scaled displacement 0.000e+00
 SUMMARY - feat: e24 (>)  Greedy: 0 at term:    L1norm: 0  L2norm: 0  slack: 3.125  scale: 3.89285
>feat: 23  name: e25  numrisky: 2
 >riskyterm: 0  z: z_23_1  card: 1  vars: ['x9']
  j=0 h=0 var=x9 xval=-0.999979603390844 coeff=3.47213745
  z=0.01 -> displacement 3.462e-02   scaled displacement 4.946e-03
 >riskyterm: 1  z: z_23_2  card: 1  vars: ['x10']
  j=1 h=0 var=x10 xval=-0.006386924321415711 coeff=-1.52787272
  z=-0.01 -> displacement 0.000e+00   scaled displacement 0.000e+00
 SUMMARY - feat: e25 (>)  Greedy: 0.00494584 at term: z_23_1   L1norm: 0.00494584  L2norm: 0.00494584  slack: 9.97668e-05  scale: 7.00001
>feat: 24  name: e26  numrisky: 2
 >riskyterm: 0  z: z_24_1  card: 1  vars: ['x12']
  j=0 h=0 var=x12 xval=0.41998559773451977 coeff=-3.14748592
  z=0.01 -> displacement 0.000e+00   scaled displacement 0.000e+00
 >riskyterm: 1  z: z_24_2  card: 1  vars: ['x13']
  j=1 h=0 var=x13 xval=0.9075307695585743 coeff=-1.04912586
  z=0.01 -> displacement 0.000e+00   scaled displacement 0.000e+00
 SUMMARY - feat: e26 (>)  Greedy: 0 at term:    L1norm: 0  L2norm: 0  slack: 1.06043  scale: 6.19661
>feat: 25  name: e29  numrisky: 2
 >riskyterm: 0  z: z_25_1  card: 1  vars: ['x9']
  j=0 h=0 var=x9 xval=-0.999979603390844 coeff=-1.52786255
  z=-0.01 -> displacement 0.000e+00   scaled displacement 0.000e+00
 >riskyterm: 1  z: z_25_2  card: 1  vars: ['x10']
  j=1 h=0 var=x10 xval=-0.006386924321415711 coeff=-1.52787272
  z=-0.01 -> displacement 0.000e+00   scaled displacement 0.000e+00
 SUMMARY - feat: e29 (>)  Greedy: 0 at term:    L1norm: 0  L2norm: 0  slack: 5  scale: 5.05574
>feat: 26  name: e31  numrisky: 2
 >riskyterm: 0  z: z_26_0  card: 1  vars: ['x3']
  j=0 h=0 var=x3 xval=-0.6394614229306281 coeff=-2.24629156
  z=0.01 -> displacement 7.193e-03   scaled displacement 2.085e-03
 >riskyterm: 1  z: z_26_1  card: 1  vars: ['x4']
  j=1 h=0 var=x4 xval=0.7688231842130782 coeff=0.20410502
  z=0.01 -> displacement 0.000e+00   scaled displacement 0.000e+00
 SUMMARY - feat: e31 (<)  Greedy: 0.00208457 at term: z_26_0   L1norm: 0.00208457  L2norm: 0.00208457  slack: 0.00717158  scale: 3.4504
>feat: 27  name: e32  numrisky: 2
 >riskyterm: 0  z: z_27_0  card: 1  vars: ['x6']
  j=0 h=0 var=x6 xval=0.0 coeff=1.42893791
  z=0.01 -> displacement 0.000e+00   scaled displacement 0.000e+00
 >riskyterm: 1  z: z_27_1  card: 1  vars: ['x7']
  j=1 h=0 var=x7 xval=1.0 coeff=3.94678752
  z=0.01 -> displacement 3.947e-02   scaled displacement 6.190e-03
 SUMMARY - feat: e32 (<)  Greedy: 0.00619033 at term: z_27_1   L1norm: 0.00619033  L2norm: 0.00619033  slack: 0  scale: 6.37573
>feat: 28  name: e33  numrisky: 2
 >riskyterm: 0  z: z_28_0  card: 1  vars: ['x9']
  j=0 h=0 var=x9 xval=-0.999979603390844 coeff=-2.47212728
  z=0.01 -> displacement 0.000e+00   scaled displacement 0.000e+00
 >riskyterm: 1  z: z_28_1  card: 1  vars: ['x10']
  j=1 h=0 var=x10 xval=-0.006386924321415711 coeff=-1.52786255
  z=0.01 -> displacement 0.000e+00   scaled displacement 0.000e+00
 SUMMARY - feat: e33 (<)  Greedy: 0 at term:    L1norm: 0  L2norm: 0  slack: 5.96815  scale: 4.99999
>feat: 29  name: e34  numrisky: 2
 >riskyterm: 0  z: z_29_0  card: 1  vars: ['x12']
  j=0 h=0 var=x12 xval=0.41998559773451977 coeff=-1.63415571
  z=-0.01 -> displacement 0.000e+00   scaled displacement 0.000e+00
 >riskyterm: 1  z: z_29_1  card: 1  vars: ['x13']
  j=1 h=0 var=x13 xval=0.9075307695585743 coeff=0.43022284
  z=0.01 -> displacement 0.000e+00   scaled displacement 0.000e+00
 SUMMARY - feat: e34 (<)  Greedy: 0 at term:    L1norm: 0  L2norm: 0  slack: 5.9026  scale: 3.06438
>feat: 30  name: e35  numrisky: 2
 >riskyterm: 0  z: z_30_0  card: 1  vars: ['x3']
  j=0 h=0 var=x3 xval=-0.6394614229306281 coeff=1.59481484
  z=-0.01 -> displacement 7.730e-03   scaled displacement 1.288e-03
 >riskyterm: 1  z: z_30_1  card: 1  vars: ['x4']
  j=1 h=0 var=x4 xval=0.7688231842130782 coeff=3.40502701
  z=0.01 -> displacement 2.371e-02   scaled displacement 3.952e-03
 SUMMARY - feat: e35 (<)  Greedy: 0.00395189 at term: z_30_1   L1norm: 0.00524031  L2norm: 0.00415662  slack: 0.0024679  scale: 5.99984
>feat: 31  name: e36  numrisky: 2
 >riskyterm: 0  z: z_31_0  card: 1  vars: ['x6']
  j=0 h=0 var=x6 xval=0.0 coeff=1.42893791
  z=0.01 -> displacement 0.000e+00   scaled displacement 0.000e+00
 >riskyterm: 1  z: z_31_1  card: 1  vars: ['x7']
  j=1 h=0 var=x7 xval=1.0 coeff=-6.05321248
  z=-0.01 -> displacement 0.000e+00   scaled displacement 0.000e+00
 SUMMARY - feat: e36 (<)  Greedy: 0 at term:    L1norm: 0  L2norm: 0  slack: 10  scale: 8.48215
>feat: 32  name: e37  numrisky: 2
 >riskyterm: 0  z: z_32_0  card: 1  vars: ['x9']
  j=0 h=0 var=x9 xval=-0.999979603390844 coeff=-0.47212728
  z=0.01 -> displacement 0.000e+00   scaled displacement 0.000e+00
 >riskyterm: 1  z: z_32_1  card: 1  vars: ['x10']
  j=1 h=0 var=x10 xval=-0.006386924321415711 coeff=2.47213745
  z=-0.01 -> displacement 0.000e+00   scaled displacement 0.000e+00
 SUMMARY - feat: e37 (<)  Greedy: 0 at term:    L1norm: 0  L2norm: 0  slack: 7.99365  scale: 3.94426
>feat: 33  name: e38  numrisky: 2
 >riskyterm: 0  z: z_33_0  card: 1  vars: ['x12']
  j=0 h=0 var=x12 xval=0.41998559773451977 coeff=1.04912586
  z=0.01 -> displacement 0.000e+00   scaled displacement 0.000e+00
 >riskyterm: 1  z: z_33_1  card: 1  vars: ['x13']
  j=1 h=0 var=x13 xval=0.9075307695585743 coeff=1.60415853
  z=0.01 -> displacement 0.000e+00   scaled displacement 0.000e+00
 SUMMARY - feat: e38 (<)  Greedy: 0 at term:    L1norm: 0  L2norm: 0  slack: 3.71027  scale: 3.65328
>feat: 34  name: e39  numrisky: 2
 >riskyterm: 0  z: z_34_0  card: 1  vars: ['x3']
  j=0 h=0 var=x3 xval=-0.6394614229306281 coeff=1.59481484
  z=-0.01 -> displacement 0.000e+00   scaled displacement 0.000e+00
 >riskyterm: 1  z: z_34_1  card: 1  vars: ['x4']
  j=1 h=0 var=x4 xval=0.7688231842130782 coeff=-4.40522266
  z=-0.01 -> displacement 0.000e+00   scaled displacement 0.000e+00
 SUMMARY - feat: e39 (<)  Greedy: 0 at term:    L1norm: 0  L2norm: 0  slack: 6.00717  scale: 7.00004
>feat: 35  name: e40  numrisky: 2
 >riskyterm: 0  z: z_35_0  card: 1  vars: ['x6']
  j=0 h=0 var=x6 xval=0.0 coeff=-1.69606209
  z=0.01 -> displacement 0.000e+00   scaled displacement 0.000e+00
 >riskyterm: 1  z: z_35_1  card: 1  vars: ['x7']
  j=1 h=0 var=x7 xval=1.0 coeff=0.19678752
  z=0.01 -> displacement 0.000e+00   scaled displacement 0.000e+00
 SUMMARY - feat: e40 (<)  Greedy: 0 at term:    L1norm: 0  L2norm: 0  slack: 3.75  scale: 2.89285
>feat: 36  name: e41  numrisky: 2
 >riskyterm: 0  z: z_36_0  card: 1  vars: ['x9']
  j=0 h=0 var=x9 xval=-0.999979603390844 coeff=1.52787272
  z=-0.01 -> displacement 0.000e+00   scaled displacement 0.000e+00
 >riskyterm: 1  z: z_36_1  card: 1  vars: ['x10']
  j=1 h=0 var=x10 xval=-0.006386924321415711 coeff=3.47213745
  z=-0.01 -> displacement 0.000e+00   scaled displacement 0.000e+00
 SUMMARY - feat: e41 (<)  Greedy: 0 at term:    L1norm: 0  L2norm: 0  slack: 10  scale: 6.00001
>feat: 37  name: e42  numrisky: 2
 >riskyterm: 0  z: z_37_0  card: 1  vars: ['x12']
  j=0 h=0 var=x12 xval=0.41998559773451977 coeff=1.04912586
  z=0.01 -> displacement 0.000e+00   scaled displacement 0.000e+00
 >riskyterm: 1  z: z_37_1  card: 1  vars: ['x13']
  j=1 h=0 var=x13 xval=0.9075307695585743 coeff=-3.14748592
  z=-0.01 -> displacement 0.000e+00   scaled displacement 0.000e+00
 SUMMARY - feat: e42 (<)  Greedy: 0 at term:    L1norm: 0  L2norm: 0  slack: 8.02254  scale: 5.19661
>feat: 38  name: e43  numrisky: 2
 >riskyterm: 0  z: z_38_0  card: 1  vars: ['x9']
  j=0 h=0 var=x9 xval=-0.999979603390844 coeff=1.52787272
  z=-0.01 -> displacement 0.000e+00   scaled displacement 0.000e+00
 >riskyterm: 1  z: z_38_1  card: 1  vars: ['x10']
  j=1 h=0 var=x10 xval=-0.006386924321415711 coeff=-1.52786255
  z=0.01 -> displacement 0.000e+00   scaled displacement 0.000e+00
 SUMMARY - feat: e43 (<)  Greedy: 0 at term:    L1norm: 0  L2norm: 0  slack: 9.96807  scale: 4.05574
>feat: 39  name: e44  numrisky: 2
 >riskyterm: 0  z: z_39_0  card: 1  vars: ['x3']
  j=0 h=0 var=x3 xval=-0.6394614229306281 coeff=-2.24629156
  z=-0.01 -> displacement 0.000e+00   scaled displacement 0.000e+00
 >riskyterm: 1  z: z_39_1  card: 1  vars: ['x4']
  j=1 h=0 var=x4 xval=0.7688231842130782 coeff=0.20410502
  z=-0.01 -> displacement 0.000e+00   scaled displacement 0.000e+00
 SUMMARY - feat: e44 (>)  Greedy: 0 at term:    L1norm: 0  L2norm: 0  slack: 9.99283  scale: 3.4504
>feat: 40  name: e45  numrisky: 2
 >riskyterm: 0  z: z_40_0  card: 1  vars: ['x6']
  j=0 h=0 var=x6 xval=0.0 coeff=1.42893791
  z=-0.01 -> displacement 0.000e+00   scaled displacement 0.000e+00
 >riskyterm: 1  z: z_40_1  card: 1  vars: ['x7']
  j=1 h=0 var=x7 xval=1.0 coeff=3.94678752
  z=-0.01 -> displacement 0.000e+00   scaled displacement 0.000e+00
 SUMMARY - feat: e45 (>)  Greedy: 0 at term:    L1norm: 0  L2norm: 0  slack: 10  scale: 6.37573
>feat: 41  name: e46  numrisky: 2
 >riskyterm: 0  z: z_41_0  card: 1  vars: ['x9']
  j=0 h=0 var=x9 xval=-0.999979603390844 coeff=-2.47212728
  z=-0.01 -> displacement 0.000e+00   scaled displacement 0.000e+00
 >riskyterm: 1  z: z_41_1  card: 1  vars: ['x10']
  j=1 h=0 var=x10 xval=-0.006386924321415711 coeff=-1.52786255
  z=-0.01 -> displacement 0.000e+00   scaled displacement 0.000e+00
 SUMMARY - feat: e46 (>)  Greedy: 0 at term:    L1norm: 0  L2norm: 0  slack: 4.03185  scale: 4.99999
>feat: 42  name: e47  numrisky: 2
 >riskyterm: 0  z: z_42_0  card: 1  vars: ['x12']
  j=0 h=0 var=x12 xval=0.41998559773451977 coeff=-1.63415571
  z=0.01 -> displacement 0.000e+00   scaled displacement 0.000e+00
 >riskyterm: 1  z: z_42_1  card: 1  vars: ['x13']
  j=1 h=0 var=x13 xval=0.9075307695585743 coeff=0.43022284
  z=-0.01 -> displacement 0.000e+00   scaled displacement 0.000e+00
 SUMMARY - feat: e47 (>)  Greedy: 0 at term:    L1norm: 0  L2norm: 0  slack: 4.0974  scale: 3.06438
>feat: 43  name: e48  numrisky: 2
 >riskyterm: 0  z: z_43_0  card: 1  vars: ['x3']
  j=0 h=0 var=x3 xval=-0.6394614229306281 coeff=1.59481484
  z=0.01 -> displacement 0.000e+00   scaled displacement 0.000e+00
 >riskyterm: 1  z: z_43_1  card: 1  vars: ['x4']
  j=1 h=0 var=x4 xval=0.7688231842130782 coeff=3.40502701
  z=-0.01 -> displacement 0.000e+00   scaled displacement 0.000e+00
 SUMMARY - feat: e48 (>)  Greedy: 0 at term:    L1norm: 0  L2norm: 0  slack: 9.99753  scale: 5.99984
>feat: 44  name: e49  numrisky: 2
 >riskyterm: 0  z: z_44_0  card: 1  vars: ['x6']
  j=0 h=0 var=x6 xval=0.0 coeff=1.42893791
  z=-0.01 -> displacement 0.000e+00   scaled displacement 0.000e+00
 >riskyterm: 1  z: z_44_1  card: 1  vars: ['x7']
  j=1 h=0 var=x7 xval=1.0 coeff=-6.05321248
  z=0.01 -> displacement 6.053e-02   scaled displacement 7.136e-03
 SUMMARY - feat: e49 (>)  Greedy: 0.00713641 at term: z_44_1   L1norm: 0.00713641  L2norm: 0.00713641  slack: 0  scale: 8.48215
>feat: 45  name: e50  numrisky: 2
 >riskyterm: 0  z: z_45_0  card: 1  vars: ['x9']
  j=0 h=0 var=x9 xval=-0.999979603390844 coeff=-0.47212728
  z=-0.01 -> displacement 0.000e+00   scaled displacement 0.000e+00
 >riskyterm: 1  z: z_45_1  card: 1  vars: ['x10']
  j=1 h=0 var=x10 xval=-0.006386924321415711 coeff=2.47213745
  z=0.01 -> displacement 0.000e+00   scaled displacement 0.000e+00
 SUMMARY - feat: e50 (>)  Greedy: 0 at term:    L1norm: 0  L2norm: 0  slack: 2.00635  scale: 3.94426
>feat: 46  name: e51  numrisky: 2
 >riskyterm: 0  z: z_46_0  card: 1  vars: ['x12']
  j=0 h=0 var=x12 xval=0.41998559773451977 coeff=1.04912586
  z=-0.01 -> displacement 0.000e+00   scaled displacement 0.000e+00
 >riskyterm: 1  z: z_46_1  card: 1  vars: ['x13']
  j=1 h=0 var=x13 xval=0.9075307695585743 coeff=1.60415853
  z=-0.01 -> displacement 0.000e+00   scaled displacement 0.000e+00
 SUMMARY - feat: e51 (>)  Greedy: 0 at term:    L1norm: 0  L2norm: 0  slack: 6.28973  scale: 3.65328
>feat: 47  name: e52  numrisky: 2
 >riskyterm: 0  z: z_47_0  card: 1  vars: ['x3']
  j=0 h=0 var=x3 xval=-0.6394614229306281 coeff=1.59481484
  z=0.01 -> displacement 0.000e+00   scaled displacement 0.000e+00
 >riskyterm: 1  z: z_47_1  card: 1  vars: ['x4']
  j=1 h=0 var=x4 xval=0.7688231842130782 coeff=-4.40522266
  z=0.01 -> displacement 0.000e+00   scaled displacement 0.000e+00
 SUMMARY - feat: e52 (>)  Greedy: 0 at term:    L1norm: 0  L2norm: 0  slack: 3.99283  scale: 7.00004
>feat: 48  name: e53  numrisky: 2
 >riskyterm: 0  z: z_48_0  card: 1  vars: ['x6']
  j=0 h=0 var=x6 xval=0.0 coeff=-1.69606209
  z=-0.01 -> displacement 0.000e+00   scaled displacement 0.000e+00
 >riskyterm: 1  z: z_48_1  card: 1  vars: ['x7']
  j=1 h=0 var=x7 xval=1.0 coeff=0.19678752
  z=-0.01 -> displacement 0.000e+00   scaled displacement 0.000e+00
 SUMMARY - feat: e53 (>)  Greedy: 0 at term:    L1norm: 0  L2norm: 0  slack: 6.25  scale: 2.89285
>feat: 49  name: e54  numrisky: 2
 >riskyterm: 0  z: z_49_0  card: 1  vars: ['x9']
  j=0 h=0 var=x9 xval=-0.999979603390844 coeff=1.52787272
  z=0.01 -> displacement 1.528e-02   scaled displacement 2.546e-03
 >riskyterm: 1  z: z_49_1  card: 1  vars: ['x10']
  j=1 h=0 var=x10 xval=-0.006386924321415711 coeff=3.47213745
  z=0.01 -> displacement 2.218e-04   scaled displacement 3.696e-05
 SUMMARY - feat: e54 (>)  Greedy: 0.0025464 at term: z_49_0   L1norm: 0.00258336  L2norm: 0.00254667  slack: 0  scale: 6.00001
>feat: 50  name: e55  numrisky: 2
 >riskyterm: 0  z: z_50_0  card: 1  vars: ['x12']
  j=0 h=0 var=x12 xval=0.41998559773451977 coeff=1.04912586
  z=-0.01 -> displacement 0.000e+00   scaled displacement 0.000e+00
 >riskyterm: 1  z: z_50_1  card: 1  vars: ['x13']
  j=1 h=0 var=x13 xval=0.9075307695585743 coeff=-3.14748592
  z=0.01 -> displacement 0.000e+00   scaled displacement 0.000e+00
 SUMMARY - feat: e55 (>)  Greedy: 0 at term:    L1norm: 0  L2norm: 0  slack: 1.97746  scale: 5.19661
>feat: 51  name: e56  numrisky: 2
 >riskyterm: 0  z: z_51_0  card: 1  vars: ['x9']
  j=0 h=0 var=x9 xval=-0.999979603390844 coeff=1.52787272
  z=0.01 -> displacement 0.000e+00   scaled displacement 0.000e+00
 >riskyterm: 1  z: z_51_1  card: 1  vars: ['x10']
  j=1 h=0 var=x10 xval=-0.006386924321415711 coeff=-1.52786255
  z=-0.01 -> displacement 0.000e+00   scaled displacement 0.000e+00
 SUMMARY - feat: e56 (>)  Greedy: 0 at term:    L1norm: 0  L2norm: 0  slack: 0.0319346  scale: 4.05574
>feat: 52  name: e64  numrisky: 10
 >riskyterm: 0  z: z_52_quad1  card: 1  vars: [('x5', 'x6')]
  j=0 h=0 var=('x5', 'x6') xyval=0.0 coeff=-4.5236206
  z=-0.01 -> displacement 0.000e+00   scaled displacement 0.000e+00
 >riskyterm: 1  z: z_52_quad2  card: 1  vars: [('x5', 'x7')]
  j=1 h=0 var=('x5', 'x7') xyval=1.5964837433136785 coeff=-1.06782914
  z=0.01 -> displacement 0.000e+00   scaled displacement 0.000e+00
 >riskyterm: 2  z: z_52_quad4  card: 1  vars: [('x6', 'x6')]
  j=2 h=0 var=('x6', 'x6') xyval=0.0 coeff=5.400850601
  z=-0.01 -> displacement 0.000e+00   scaled displacement 0.000e+00
 >riskyterm: 3  z: z_52_quad5  card: 1  vars: [('x6', 'x8')]
  j=3 h=0 var=('x6', 'x8') xyval=0.0 coeff=4.5236206
  z=-0.01 -> displacement 0.000e+00   scaled displacement 0.000e+00
 >riskyterm: 4  z: z_52_quad6  card: 1  vars: [('x6', 'x15')]
  j=4 h=0 var=('x6', 'x15') xyval=0.0 coeff=1.06782914
  z=-0.01 -> displacement 0.000e+00   scaled displacement 0.000e+00
 >riskyterm: 5  z: z_52_quad7  card: 1  vars: [('x6', 'x16')]
  j=5 h=0 var=('x6', 'x16') xyval=0.0 coeff=-1.06782914
  z=-0.01 -> displacement 0.000e+00   scaled displacement 0.000e+00
 >riskyterm: 6  z: z_52_quad8  card: 1  vars: [('x7', 'x7')]
  j=6 h=0 var=('x7', 'x7') xyval=1.0 coeff=5.400850601
  z=-0.01 -> displacement 0.000e+00   scaled displacement 0.000e+00
 >riskyterm: 7  z: z_52_quad9  card: 1  vars: [('x7', 'x8')]
  j=7 h=0 var=('x7', 'x8') xyval=3.571059873764572 coeff=1.06782914
  z=-0.01 -> displacement 0.000e+00   scaled displacement 0.000e+00
 >riskyterm: 8  z: z_52_quad10  card: 1  vars: [('x7', 'x15')]
  j=8 h=0 var=('x7', 'x15') xyval=1.6005090444216115 coeff=-4.5236206
  z=0.01 -> displacement 0.000e+00   scaled displacement 0.000e+00
 >riskyterm: 9  z: z_52_quad11  card: 1  vars: [('x7', 'x16')]
  j=9 h=0 var=('x7', 'x16') xyval=3.94678752 coeff=4.5236206
  z=-0.01 -> displacement 0.000e+00   scaled displacement 0.000e+00
 SUMMARY - feat: e64 (>)  Greedy: 0 at term:    L1norm: 0  L2norm: 0  slack: 21.3277  scale: 41.1675
>feat: 53  name: e65  numrisky: 10
 >riskyterm: 0  z: z_53_quad1  card: 1  vars: [('x5', 'x9')]
  j=0 h=0 var=('x5', 'x9') xyval=-1.5964511804587422 coeff=4.3914795
  z=0.01 -> displacement 0.000e+00   scaled displacement 0.000e+00
 >riskyterm: 1  z: z_53_quad2  card: 1  vars: [('x5', 'x10')]
  j=1 h=0 var=('x5', 'x10') xyval=-0.010196620848914931 coeff=-1.47802734
  z=-0.01 -> displacement 0.000e+00   scaled displacement 0.000e+00
 >riskyterm: 2  z: z_53_quad4  card: 1  vars: [('x9', 'x9')]
  j=2 h=0 var=('x9', 'x9') xyval=0.9999592071977097 coeff=5.367414254
  z=-0.01 -> displacement 0.000e+00   scaled displacement 0.000e+00
 >riskyterm: 3  z: z_53_quad5  card: 1  vars: [('x9', 'x11')]
  j=3 h=0 var=('x9', 'x11') xyval=-1.5375584326020444 coeff=-4.3914795
  z=-0.01 -> displacement 0.000e+00   scaled displacement 0.000e+00
 >riskyterm: 4  z: z_53_quad6  card: 1  vars: [('x9', 'x15')]
  j=4 h=0 var=('x9', 'x15') xyval=-1.6004763994641817 coeff=1.47802734
  z=0.01 -> displacement 0.000e+00   scaled displacement 0.000e+00
 >riskyterm: 5  z: z_53_quad7  card: 1  vars: [('x9', 'x17')]
  j=5 h=0 var=('x9', 'x17') xyval=-8.449809813312426 coeff=-1.47802734
  z=-0.01 -> displacement 0.000e+00   scaled displacement 0.000e+00
 >riskyterm: 6  z: z_53_quad8  card: 1  vars: [('x10', 'x10')]
  j=6 h=0 var=('x10', 'x10') xyval=4.0792802287491546e-05 coeff=5.367414254
  z=-0.01 -> displacement 0.000e+00   scaled displacement 0.000e+00
 >riskyterm: 7  z: z_53_quad9  card: 1  vars: [('x10', 'x11')]
  j=7 h=0 var=('x10', 'x11') xyval=-0.009820469653065059 coeff=1.47802734
  z=0.01 -> displacement 0.000e+00   scaled displacement 0.000e+00
 >riskyterm: 8  z: z_53_quad10  card: 1  vars: [('x10', 'x15')]
  j=8 h=0 var=('x10', 'x15') xyval=-0.010222330142462209 coeff=4.3914795
  z=0.01 -> displacement 0.000e+00   scaled displacement 0.000e+00
 >riskyterm: 9  z: z_53_quad11  card: 1  vars: [('x10', 'x17')]
  j=9 h=0 var=('x10', 'x17') xyval=-0.053969396600671134 coeff=-4.3914795
  z=-0.01 -> displacement 0.000e+00   scaled displacement 0.000e+00
 SUMMARY - feat: e65 (>)  Greedy: 0 at term:    L1norm: 0  L2norm: 0  slack: 56.6618  scale: 42.2129
>feat: 54  name: e66  numrisky: 10
 >riskyterm: 0  z: z_54_quad1  card: 1  vars: [('x5', 'x12')]
  j=0 h=0 var=('x5', 'x12') xyval=0.6705001792090389 coeff=-3.02492942
  z=0.01 -> displacement 0.000e+00   scaled displacement 0.000e+00
 >riskyterm: 1  z: z_54_quad2  card: 1  vars: [('x5', 'x13')]
  j=1 h=0 var=('x5', 'x13') xyval=1.448858120157216 coeff=-1.00827778
  z=0.01 -> displacement 0.000e+00   scaled displacement 0.000e+00
 >riskyterm: 2  z: z_54_quad4  card: 1  vars: [('x12', 'x12')]
  j=2 h=0 var=('x12', 'x12') xyval=0.17638790230442186 coeff=2.541705519
  z=-0.01 -> displacement 0.000e+00   scaled displacement 0.000e+00
 >riskyterm: 3  z: z_54_quad5  card: 1  vars: [('x12', 'x14')]
  j=3 h=0 var=('x12', 'x14') xyval=0.6995108730772841 coeff=3.02492942
  z=-0.01 -> displacement 0.000e+00   scaled displacement 0.000e+00
 >riskyterm: 4  z: z_54_quad6  card: 1  vars: [('x12', 'x15')]
  j=4 h=0 var=('x12', 'x15') xyval=0.6721907477009156 coeff=1.00827778
  z=-0.01 -> displacement 0.000e+00   scaled displacement 0.000e+00
 >riskyterm: 5  z: z_54_quad7  card: 1  vars: [('x12', 'x18')]
  j=5 h=0 var=('x12', 'x18') xyval=2.3547392325962853 coeff=-1.00827778
  z=0.01 -> displacement 0.000e+00   scaled displacement 0.000e+00
 >riskyterm: 6  z: z_54_quad8  card: 1  vars: [('x13', 'x13')]
  j=6 h=0 var=('x13', 'x13') xyval=0.823612097695578 coeff=2.541705519
  z=-0.01 -> displacement 0.000e+00   scaled displacement 0.000e+00
 >riskyterm: 7  z: z_54_quad9  card: 1  vars: [('x13', 'x14')]
  j=7 h=0 var=('x13', 'x14') xyval=1.511546215829295 coeff=1.00827778
  z=-0.01 -> displacement 0.000e+00   scaled displacement 0.000e+00
 >riskyterm: 8  z: z_54_quad10  card: 1  vars: [('x13', 'x15')]
  j=8 h=0 var=('x13', 'x15') xyval=1.4525112047694033 coeff=-3.02492942
  z=0.01 -> displacement 0.000e+00   scaled displacement 0.000e+00
 >riskyterm: 9  z: z_54_quad11  card: 1  vars: [('x13', 'x18')]
  j=9 h=0 var=('x13', 'x18') xyval=5.088265691479037 coeff=3.02492942
  z=-0.01 -> displacement 0.000e+00   scaled displacement 0.000e+00
 SUMMARY - feat: e66 (>)  Greedy: 0 at term:    L1norm: 0  L2norm: 0  slack: 23.4698  scale: 29.2162
>feat: 55  name: e67  numrisky: 10
 >riskyterm: 0  z: z_55_quad1  card: 1  vars: [('x5', 'x6')]
  j=0 h=0 var=('x5', 'x6') xyval=0.0 coeff=4.009552
  z=-0.01 -> displacement 0.000e+00   scaled displacement 0.000e+00
 >riskyterm: 1  z: z_55_quad2  card: 1  vars: [('x5', 'x7')]
  j=1 h=0 var=('x5', 'x7') xyval=1.5964837433136785 coeff=-1.45166714
  z=0.01 -> displacement 0.000e+00   scaled displacement 0.000e+00
 >riskyterm: 2  z: z_55_quad4  card: 1  vars: [('x6', 'x6')]
  j=2 h=0 var=('x6', 'x6') xyval=0.0 coeff=4.545961182
  z=-0.01 -> displacement 0.000e+00   scaled displacement 0.000e+00
 >riskyterm: 3  z: z_55_quad5  card: 1  vars: [('x6', 'x8')]
  j=3 h=0 var=('x6', 'x8') xyval=0.0 coeff=-4.009552
  z=-0.01 -> displacement 0.000e+00   scaled displacement 0.000e+00
 >riskyterm: 4  z: z_55_quad6  card: 1  vars: [('x6', 'x15')]
  j=4 h=0 var=('x6', 'x15') xyval=0.0 coeff=1.45166714
  z=-0.01 -> displacement 0.000e+00   scaled displacement 0.000e+00
 >riskyterm: 5  z: z_55_quad7  card: 1  vars: [('x6', 'x16')]
  j=5 h=0 var=('x6', 'x16') xyval=0.0 coeff=-1.45166714
  z=-0.01 -> displacement 0.000e+00   scaled displacement 0.000e+00
 >riskyterm: 6  z: z_55_quad8  card: 1  vars: [('x7', 'x7')]
  j=6 h=0 var=('x7', 'x7') xyval=1.0 coeff=4.545961182
  z=-0.01 -> displacement 0.000e+00   scaled displacement 0.000e+00
 >riskyterm: 7  z: z_55_quad9  card: 1  vars: [('x7', 'x8')]
  j=7 h=0 var=('x7', 'x8') xyval=3.571059873764572 coeff=1.45166714
  z=-0.01 -> displacement 0.000e+00   scaled displacement 0.000e+00
 >riskyterm: 8  z: z_55_quad10  card: 1  vars: [('x7', 'x15')]
  j=8 h=0 var=('x7', 'x15') xyval=1.6005090444216115 coeff=4.009552
  z=-0.01 -> displacement 0.000e+00   scaled displacement 0.000e+00
 >riskyterm: 9  z: z_55_quad11  card: 1  vars: [('x7', 'x16')]
  j=9 h=0 var=('x7', 'x16') xyval=3.94678752 coeff=-4.009552
  z=0.01 -> displacement 0.000e+00   scaled displacement 0.000e+00
 SUMMARY - feat: e67 (>)  Greedy: 0 at term:    L1norm: 0  L2norm: 0  slack: 2.1284  scale: 38.9368
>feat: 56  name: e68  numrisky: 10
 >riskyterm: 0  z: z_56_quad1  card: 1  vars: [('x5', 'x9')]
  j=0 h=0 var=('x5', 'x9') xyval=-1.5964511804587422 coeff=-2.10591634
  z=-0.01 -> displacement 0.000e+00   scaled displacement 0.000e+00
 >riskyterm: 1  z: z_56_quad2  card: 1  vars: [('x5', 'x10')]
  j=1 h=0 var=('x5', 'x10') xyval=-0.010196620848914931 coeff=3.40738932
  z=0.01 -> displacement 0.000e+00   scaled displacement 0.000e+00
 >riskyterm: 2  z: z_56_quad4  card: 1  vars: [('x9', 'x9')]
  j=2 h=0 var=('x9', 'x9') xyval=0.9999592071977097 coeff=4.011296402
  z=-0.01 -> displacement 0.000e+00   scaled displacement 0.000e+00
 >riskyterm: 3  z: z_56_quad5  card: 1  vars: [('x9', 'x11')]
  j=3 h=0 var=('x9', 'x11') xyval=-1.5375584326020444 coeff=2.10591634
  z=0.01 -> displacement 0.000e+00   scaled displacement 0.000e+00
 >riskyterm: 4  z: z_56_quad6  card: 1  vars: [('x9', 'x15')]
  j=4 h=0 var=('x9', 'x15') xyval=-1.6004763994641817 coeff=-3.40738932
  z=-0.01 -> displacement 0.000e+00   scaled displacement 0.000e+00
 >riskyterm: 5  z: z_56_quad7  card: 1  vars: [('x9', 'x17')]
  j=5 h=0 var=('x9', 'x17') xyval=-8.449809813312426 coeff=3.40738932
  z=0.01 -> displacement 0.000e+00   scaled displacement 0.000e+00
 >riskyterm: 6  z: z_56_quad8  card: 1  vars: [('x10', 'x10')]
  j=6 h=0 var=('x10', 'x10') xyval=4.0792802287491546e-05 coeff=4.011296402
  z=-0.01 -> displacement 0.000e+00   scaled displacement 0.000e+00
 >riskyterm: 7  z: z_56_quad9  card: 1  vars: [('x10', 'x11')]
  j=7 h=0 var=('x10', 'x11') xyval=-0.009820469653065059 coeff=-3.40738932
  z=-0.01 -> displacement 0.000e+00   scaled displacement 0.000e+00
 >riskyterm: 8  z: z_56_quad10  card: 1  vars: [('x10', 'x15')]
  j=8 h=0 var=('x10', 'x15') xyval=-0.010222330142462209 coeff=-2.10591634
  z=-0.01 -> displacement 0.000e+00   scaled displacement 0.000e+00
 >riskyterm: 9  z: z_56_quad11  card: 1  vars: [('x10', 'x17')]
  j=9 h=0 var=('x10', 'x17') xyval=-0.053969396600671134 coeff=2.10591634
  z=0.01 -> displacement 0.000e+00   scaled displacement 0.000e+00
 SUMMARY - feat: e68 (>)  Greedy: 0 at term:    L1norm: 0  L2norm: 0  slack: 23.3386  scale: 38.0758
>feat: 57  name: e69  numrisky: 10
 >riskyterm: 0  z: z_57_quad1  card: 1  vars: [('x5', 'x12')]
  j=0 h=0 var=('x5', 'x12') xyval=0.6705001792090389 coeff=2.26962754
  z=-0.01 -> displacement 0.000e+00   scaled displacement 0.000e+00
 >riskyterm: 1  z: z_57_quad2  card: 1  vars: [('x5', 'x13')]
  j=1 h=0 var=('x5', 'x13') xyval=1.448858120157216 coeff=-1.48442486
  z=0.01 -> displacement 0.000e+00   scaled displacement 0.000e+00
 >riskyterm: 2  z: z_57_quad4  card: 1  vars: [('x12', 'x12')]
  j=2 h=0 var=('x12', 'x12') xyval=0.17638790230442186 coeff=1.838681584
  z=-0.01 -> displacement 0.000e+00   scaled displacement 0.000e+00
 >riskyterm: 3  z: z_57_quad5  card: 1  vars: [('x12', 'x14')]
  j=3 h=0 var=('x12', 'x14') xyval=0.6995108730772841 coeff=-2.26962754
  z=0.01 -> displacement 0.000e+00   scaled displacement 0.000e+00
 >riskyterm: 4  z: z_57_quad6  card: 1  vars: [('x12', 'x15')]
  j=4 h=0 var=('x12', 'x15') xyval=0.6721907477009156 coeff=1.48442486
  z=-0.01 -> displacement 0.000e+00   scaled displacement 0.000e+00
 >riskyterm: 5  z: z_57_quad7  card: 1  vars: [('x12', 'x18')]
  j=5 h=0 var=('x12', 'x18') xyval=2.3547392325962853 coeff=-1.48442486
  z=0.01 -> displacement 0.000e+00   scaled displacement 0.000e+00
 >riskyterm: 6  z: z_57_quad8  card: 1  vars: [('x13', 'x13')]
  j=6 h=0 var=('x13', 'x13') xyval=0.823612097695578 coeff=1.838681584
  z=-0.01 -> displacement 0.000e+00   scaled displacement 0.000e+00
 >riskyterm: 7  z: z_57_quad9  card: 1  vars: [('x13', 'x14')]
  j=7 h=0 var=('x13', 'x14') xyval=1.511546215829295 coeff=1.48442486
  z=-0.01 -> displacement 0.000e+00   scaled displacement 0.000e+00
 >riskyterm: 8  z: z_57_quad10  card: 1  vars: [('x13', 'x15')]
  j=8 h=0 var=('x13', 'x15') xyval=1.4525112047694033 coeff=2.26962754
  z=-0.01 -> displacement 0.000e+00   scaled displacement 0.000e+00
 >riskyterm: 9  z: z_57_quad11  card: 1  vars: [('x13', 'x18')]
  j=9 h=0 var=('x13', 'x18') xyval=5.088265691479037 coeff=-2.26962754
  z=0.01 -> displacement 0.000e+00   scaled displacement 0.000e+00
 SUMMARY - feat: e69 (>)  Greedy: 0 at term:    L1norm: 0  L2norm: 0  slack: 3.55435  scale: 26.6936
>feat: 58  name: e70  numrisky: 10
 >riskyterm: 0  z: z_58_quad1  card: 1  vars: [('x5', 'x6')]
  j=0 h=0 var=('x5', 'x6') xyval=0.0 coeff=-7.357076
  z=-0.01 -> displacement 0.000e+00   scaled displacement 0.000e+00
 >riskyterm: 1  z: z_58_quad2  card: 1  vars: [('x5', 'x7')]
  j=1 h=0 var=('x5', 'x7') xyval=1.5964837433136785 coeff=-1.7367363
  z=0.01 -> displacement 0.000e+00   scaled displacement 0.000e+00
 >riskyterm: 2  z: z_58_quad4  card: 1  vars: [('x6', 'x6')]
  j=2 h=0 var=('x6', 'x6') xyval=0.0 coeff=14.28570506
  z=-0.01 -> displacement 0.000e+00   scaled displacement 0.000e+00
 >riskyterm: 3  z: z_58_quad5  card: 1  vars: [('x6', 'x8')]
  j=3 h=0 var=('x6', 'x8') xyval=0.0 coeff=7.357076
  z=-0.01 -> displacement 0.000e+00   scaled displacement 0.000e+00
 >riskyterm: 4  z: z_58_quad6  card: 1  vars: [('x6', 'x15')]
  j=4 h=0 var=('x6', 'x15') xyval=0.0 coeff=1.7367363
  z=-0.01 -> displacement 0.000e+00   scaled displacement 0.000e+00
 >riskyterm: 5  z: z_58_quad7  card: 1  vars: [('x6', 'x16')]
  j=5 h=0 var=('x6', 'x16') xyval=0.0 coeff=-1.7367363
  z=-0.01 -> displacement 0.000e+00   scaled displacement 0.000e+00
 >riskyterm: 6  z: z_58_quad8  card: 1  vars: [('x7', 'x7')]
  j=6 h=0 var=('x7', 'x7') xyval=1.0 coeff=14.28570506
  z=-0.01 -> displacement 0.000e+00   scaled displacement 0.000e+00
 >riskyterm: 7  z: z_58_quad9  card: 1  vars: [('x7', 'x8')]
  j=7 h=0 var=('x7', 'x8') xyval=3.571059873764572 coeff=1.7367363
  z=-0.01 -> displacement 0.000e+00   scaled displacement 0.000e+00
 >riskyterm: 8  z: z_58_quad10  card: 1  vars: [('x7', 'x15')]
  j=8 h=0 var=('x7', 'x15') xyval=1.6005090444216115 coeff=-7.357076
  z=0.01 -> displacement 0.000e+00   scaled displacement 0.000e+00
 >riskyterm: 9  z: z_58_quad11  card: 1  vars: [('x7', 'x16')]
  j=9 h=0 var=('x7', 'x16') xyval=3.94678752 coeff=7.357076
  z=-0.01 -> displacement 0.000e+00   scaled displacement 0.000e+00
 SUMMARY - feat: e70 (>)  Greedy: 0 at term:    L1norm: 0  L2norm: 0  slack: 39.7351  scale: 72.9467
>feat: 59  name: e71  numrisky: 10
 >riskyterm: 0  z: z_59_quad1  card: 1  vars: [('x5', 'x9')]
  j=0 h=0 var=('x5', 'x9') xyval=-1.5964511804587422 coeff=2.9976666
  z=0.01 -> displacement 0.000e+00   scaled displacement 0.000e+00
 >riskyterm: 1  z: z_59_quad2  card: 1  vars: [('x5', 'x10')]
  j=1 h=0 var=('x5', 'x10') xyval=-0.010196620848914931 coeff=-0.70766974
  z=-0.01 -> displacement 0.000e+00   scaled displacement 0.000e+00
 >riskyterm: 2  z: z_59_quad4  card: 1  vars: [('x9', 'x9')]
  j=2 h=0 var=('x9', 'x9') xyval=0.9999592071977097 coeff=2.371700376
  z=-0.01 -> displacement 0.000e+00   scaled displacement 0.000e+00
 >riskyterm: 3  z: z_59_quad5  card: 1  vars: [('x9', 'x11')]
  j=3 h=0 var=('x9', 'x11') xyval=-1.5375584326020444 coeff=-2.9976666
  z=-0.01 -> displacement 0.000e+00   scaled displacement 0.000e+00
 >riskyterm: 4  z: z_59_quad6  card: 1  vars: [('x9', 'x15')]
  j=4 h=0 var=('x9', 'x15') xyval=-1.6004763994641817 coeff=0.70766974
  z=0.01 -> displacement 0.000e+00   scaled displacement 0.000e+00
 >riskyterm: 5  z: z_59_quad7  card: 1  vars: [('x9', 'x17')]
  j=5 h=0 var=('x9', 'x17') xyval=-8.449809813312426 coeff=-0.70766974
  z=-0.01 -> displacement 0.000e+00   scaled displacement 0.000e+00
 >riskyterm: 6  z: z_59_quad8  card: 1  vars: [('x10', 'x10')]
  j=6 h=0 var=('x10', 'x10') xyval=4.0792802287491546e-05 coeff=2.371700376
  z=-0.01 -> displacement 0.000e+00   scaled displacement 0.000e+00
 >riskyterm: 7  z: z_59_quad9  card: 1  vars: [('x10', 'x11')]
  j=7 h=0 var=('x10', 'x11') xyval=-0.009820469653065059 coeff=0.70766974
  z=0.01 -> displacement 0.000e+00   scaled displacement 0.000e+00
 >riskyterm: 8  z: z_59_quad10  card: 1  vars: [('x10', 'x15')]
  j=8 h=0 var=('x10', 'x15') xyval=-0.010222330142462209 coeff=2.9976666
  z=0.01 -> displacement 0.000e+00   scaled displacement 0.000e+00
 >riskyterm: 9  z: z_59_quad11  card: 1  vars: [('x10', 'x17')]
  j=9 h=0 var=('x10', 'x17') xyval=-0.053969396600671134 coeff=-2.9976666
  z=-0.01 -> displacement 0.000e+00   scaled displacement 0.000e+00
 SUMMARY - feat: e71 (>)  Greedy: 0 at term:    L1norm: 0  L2norm: 0  slack: 46.4258  scale: 27.5647
>feat: 60  name: e72  numrisky: 10
 >riskyterm: 0  z: z_60_quad1  card: 1  vars: [('x5', 'x12')]
  j=0 h=0 var=('x5', 'x12') xyval=0.6705001792090389 coeff=-4.59619514
  z=0.01 -> displacement 0.000e+00   scaled displacement 0.000e+00
 >riskyterm: 1  z: z_60_quad2  card: 1  vars: [('x5', 'x13')]
  j=1 h=0 var=('x5', 'x13') xyval=1.448858120157216 coeff=-1.53205596
  z=0.01 -> displacement 0.000e+00   scaled displacement 0.000e+00
 >riskyterm: 2  z: z_60_quad4  card: 1  vars: [('x12', 'x12')]
  j=2 h=0 var=('x12', 'x12') xyval=0.17638790230442186 coeff=5.868051307
  z=-0.01 -> displacement 0.000e+00   scaled displacement 0.000e+00
 >riskyterm: 3  z: z_60_quad5  card: 1  vars: [('x12', 'x14')]
  j=3 h=0 var=('x12', 'x14') xyval=0.6995108730772841 coeff=4.59619514
  z=-0.01 -> displacement 0.000e+00   scaled displacement 0.000e+00
 >riskyterm: 4  z: z_60_quad6  card: 1  vars: [('x12', 'x15')]
  j=4 h=0 var=('x12', 'x15') xyval=0.6721907477009156 coeff=1.53205596
  z=-0.01 -> displacement 0.000e+00   scaled displacement 0.000e+00
 >riskyterm: 5  z: z_60_quad7  card: 1  vars: [('x12', 'x18')]
  j=5 h=0 var=('x12', 'x18') xyval=2.3547392325962853 coeff=-1.53205596
  z=0.01 -> displacement 0.000e+00   scaled displacement 0.000e+00
 >riskyterm: 6  z: z_60_quad8  card: 1  vars: [('x13', 'x13')]
  j=6 h=0 var=('x13', 'x13') xyval=0.823612097695578 coeff=5.868051307
  z=-0.01 -> displacement 0.000e+00   scaled displacement 0.000e+00
 >riskyterm: 7  z: z_60_quad9  card: 1  vars: [('x13', 'x14')]
  j=7 h=0 var=('x13', 'x14') xyval=1.511546215829295 coeff=1.53205596
  z=-0.01 -> displacement 0.000e+00   scaled displacement 0.000e+00
 >riskyterm: 8  z: z_60_quad10  card: 1  vars: [('x13', 'x15')]
  j=8 h=0 var=('x13', 'x15') xyval=1.4525112047694033 coeff=-4.59619514
  z=0.01 -> displacement 0.000e+00   scaled displacement 0.000e+00
 >riskyterm: 9  z: z_60_quad11  card: 1  vars: [('x13', 'x18')]
  j=9 h=0 var=('x13', 'x18') xyval=5.088265691479037 coeff=4.59619514
  z=-0.01 -> displacement 0.000e+00   scaled displacement 0.000e+00
 SUMMARY - feat: e72 (>)  Greedy: 0 at term:    L1norm: 0  L2norm: 0  slack: 32.7582  scale: 44.2491
>feat: 61  name: e73  numrisky: 10
 >riskyterm: 0  z: z_61_quad1  card: 1  vars: [('x5', 'x6')]
  j=0 h=0 var=('x5', 'x6') xyval=0.0 coeff=-9.1317749
  z=-0.01 -> displacement 0.000e+00   scaled displacement 0.000e+00
 >riskyterm: 1  z: z_61_quad2  card: 1  vars: [('x5', 'x7')]
  j=1 h=0 var=('x5', 'x7') xyval=1.5964837433136785 coeff=-2.15565364
  z=0.01 -> displacement 0.000e+00   scaled displacement 0.000e+00
 >riskyterm: 2  z: z_61_quad4  card: 1  vars: [('x6', 'x6')]
  j=2 h=0 var=('x6', 'x6') xyval=0.0 coeff=22.00903886
  z=-0.01 -> displacement 0.000e+00   scaled displacement 0.000e+00
 >riskyterm: 3  z: z_61_quad5  card: 1  vars: [('x6', 'x8')]
  j=3 h=0 var=('x6', 'x8') xyval=0.0 coeff=9.1317749
  z=-0.01 -> displacement 0.000e+00   scaled displacement 0.000e+00
 >riskyterm: 4  z: z_61_quad6  card: 1  vars: [('x6', 'x15')]
  j=4 h=0 var=('x6', 'x15') xyval=0.0 coeff=2.15565364
  z=-0.01 -> displacement 0.000e+00   scaled displacement 0.000e+00
 >riskyterm: 5  z: z_61_quad7  card: 1  vars: [('x6', 'x16')]
  j=5 h=0 var=('x6', 'x16') xyval=0.0 coeff=-2.15565364
  z=-0.01 -> displacement 0.000e+00   scaled displacement 0.000e+00
 >riskyterm: 6  z: z_61_quad8  card: 1  vars: [('x7', 'x7')]
  j=6 h=0 var=('x7', 'x7') xyval=1.0 coeff=22.00903886
  z=-0.01 -> displacement 0.000e+00   scaled displacement 0.000e+00
 >riskyterm: 7  z: z_61_quad9  card: 1  vars: [('x7', 'x8')]
  j=7 h=0 var=('x7', 'x8') xyval=3.571059873764572 coeff=2.15565364
  z=-0.01 -> displacement 0.000e+00   scaled displacement 0.000e+00
 >riskyterm: 8  z: z_61_quad10  card: 1  vars: [('x7', 'x15')]
  j=8 h=0 var=('x7', 'x15') xyval=1.6005090444216115 coeff=-9.1317749
  z=0.01 -> displacement 0.000e+00   scaled displacement 0.000e+00
 >riskyterm: 9  z: z_61_quad11  card: 1  vars: [('x7', 'x16')]
  j=9 h=0 var=('x7', 'x16') xyval=3.94678752 coeff=9.1317749
  z=-0.01 -> displacement 0.000e+00   scaled displacement 0.000e+00
 SUMMARY - feat: e73 (>)  Greedy: 0 at term:    L1norm: 0  L2norm: 0  slack: 53.3086  scale: 97.1678
>feat: 62  name: e74  numrisky: 10
 >riskyterm: 0  z: z_62_quad1  card: 1  vars: [('x5', 'x9')]
  j=0 h=0 var=('x5', 'x9') xyval=-1.5964511804587422 coeff=-2.5314331
  z=-0.01 -> displacement 0.000e+00   scaled displacement 0.000e+00
 >riskyterm: 1  z: z_62_quad2  card: 1  vars: [('x5', 'x10')]
  j=1 h=0 var=('x5', 'x10') xyval=-0.010196620848914931 coeff=-2.53149414
  z=-0.01 -> displacement 0.000e+00   scaled displacement 0.000e+00
 >riskyterm: 2  z: z_62_quad4  card: 1  vars: [('x9', 'x9')]
  j=2 h=0 var=('x9', 'x9') xyval=0.9999592071977097 coeff=3.20415403
  z=-0.01 -> displacement 0.000e+00   scaled displacement 0.000e+00
 >riskyterm: 3  z: z_62_quad5  card: 1  vars: [('x9', 'x11')]
  j=3 h=0 var=('x9', 'x11') xyval=-1.5375584326020444 coeff=2.5314331
  z=0.01 -> displacement 0.000e+00   scaled displacement 0.000e+00
 >riskyterm: 4  z: z_62_quad6  card: 1  vars: [('x9', 'x15')]
  j=4 h=0 var=('x9', 'x15') xyval=-1.6004763994641817 coeff=2.53149414
  z=0.01 -> displacement 0.000e+00   scaled displacement 0.000e+00
 >riskyterm: 5  z: z_62_quad7  card: 1  vars: [('x9', 'x17')]
  j=5 h=0 var=('x9', 'x17') xyval=-8.449809813312426 coeff=-2.53149414
  z=-0.01 -> displacement 0.000e+00   scaled displacement 0.000e+00
 >riskyterm: 6  z: z_62_quad8  card: 1  vars: [('x10', 'x10')]
  j=6 h=0 var=('x10', 'x10') xyval=4.0792802287491546e-05 coeff=3.20415403
  z=-0.01 -> displacement 0.000e+00   scaled displacement 0.000e+00
 >riskyterm: 7  z: z_62_quad9  card: 1  vars: [('x10', 'x11')]
  j=7 h=0 var=('x10', 'x11') xyval=-0.009820469653065059 coeff=2.53149414
  z=0.01 -> displacement 0.000e+00   scaled displacement 0.000e+00
 >riskyterm: 8  z: z_62_quad10  card: 1  vars: [('x10', 'x15')]
  j=8 h=0 var=('x10', 'x15') xyval=-0.010222330142462209 coeff=-2.5314331
  z=-0.01 -> displacement 0.000e+00   scaled displacement 0.000e+00
 >riskyterm: 9  z: z_62_quad11  card: 1  vars: [('x10', 'x17')]
  j=9 h=0 var=('x10', 'x17') xyval=-0.053969396600671134 coeff=2.5314331
  z=0.01 -> displacement 0.000e+00   scaled displacement 0.000e+00
 SUMMARY - feat: e74 (>)  Greedy: 0 at term:    L1norm: 0  L2norm: 0  slack: 64.053  scale: 34.66
>feat: 63  name: e75  numrisky: 10
 >riskyterm: 0  z: z_63_quad1  card: 1  vars: [('x5', 'x12')]
  j=0 h=0 var=('x5', 'x12') xyval=0.6705001792090389 coeff=0.65916112
  z=-0.01 -> displacement 0.000e+00   scaled displacement 0.000e+00
 >riskyterm: 1  z: z_63_quad2  card: 1  vars: [('x5', 'x13')]
  j=1 h=0 var=('x5', 'x13') xyval=1.448858120157216 coeff=2.50375742
  z=-0.01 -> displacement 0.000e+00   scaled displacement 0.000e+00
 >riskyterm: 2  z: z_63_quad4  card: 1  vars: [('x12', 'x12')]
  j=2 h=0 var=('x12', 'x12') xyval=0.17638790230442186 coeff=1.67582365
  z=-0.01 -> displacement 0.000e+00   scaled displacement 0.000e+00
 >riskyterm: 3  z: z_63_quad5  card: 1  vars: [('x12', 'x14')]
  j=3 h=0 var=('x12', 'x14') xyval=0.6995108730772841 coeff=-0.65916112
  z=0.01 -> displacement 0.000e+00   scaled displacement 0.000e+00
 >riskyterm: 4  z: z_63_quad6  card: 1  vars: [('x12', 'x15')]
  j=4 h=0 var=('x12', 'x15') xyval=0.6721907477009156 coeff=-2.50375742
  z=0.01 -> displacement 0.000e+00   scaled displacement 0.000e+00
 >riskyterm: 5  z: z_63_quad7  card: 1  vars: [('x12', 'x18')]
  j=5 h=0 var=('x12', 'x18') xyval=2.3547392325962853 coeff=2.50375742
  z=-0.01 -> displacement 0.000e+00   scaled displacement 0.000e+00
 >riskyterm: 6  z: z_63_quad8  card: 1  vars: [('x13', 'x13')]
  j=6 h=0 var=('x13', 'x13') xyval=0.823612097695578 coeff=1.67582365
  z=-0.01 -> displacement 0.000e+00   scaled displacement 0.000e+00
 >riskyterm: 7  z: z_63_quad9  card: 1  vars: [('x13', 'x14')]
  j=7 h=0 var=('x13', 'x14') xyval=1.511546215829295 coeff=-2.50375742
  z=0.01 -> displacement 0.000e+00   scaled displacement 0.000e+00
 >riskyterm: 8  z: z_63_quad10  card: 1  vars: [('x13', 'x15')]
  j=8 h=0 var=('x13', 'x15') xyval=1.4525112047694033 coeff=0.65916112
  z=-0.01 -> displacement 0.000e+00   scaled displacement 0.000e+00
 >riskyterm: 9  z: z_63_quad11  card: 1  vars: [('x13', 'x18')]
  j=9 h=0 var=('x13', 'x18') xyval=5.088265691479037 coeff=-0.65916112
  z=0.01 -> displacement 0.000e+00   scaled displacement 0.000e+00
 SUMMARY - feat: e75 (>)  Greedy: 0 at term:    L1norm: 0  L2norm: 0  slack: 15.9838  scale: 24.0033
>feat: 64  name: e78  numrisky: 10
 >riskyterm: 0  z: z_64_quad1  card: 1  vars: [('x8', 'x9')]
  j=0 h=0 var=('x8', 'x9') xyval=-3.570987036252054 coeff=4.3914795
  z=0.01 -> displacement 0.000e+00   scaled displacement 0.000e+00
 >riskyterm: 1  z: z_64_quad2  card: 1  vars: [('x8', 'x10')]
  j=1 h=0 var=('x8', 'x10') xyval=-0.022808089160978665 coeff=-1.47802734
  z=-0.01 -> displacement 0.000e+00   scaled displacement 0.000e+00
 >riskyterm: 2  z: z_64_quad4  card: 1  vars: [('x9', 'x9')]
  j=2 h=0 var=('x9', 'x9') xyval=0.9999592071977097 coeff=5.367414254
  z=-0.01 -> displacement 0.000e+00   scaled displacement 0.000e+00
 >riskyterm: 3  z: z_64_quad5  card: 1  vars: [('x9', 'x11')]
  j=3 h=0 var=('x9', 'x11') xyval=-1.5375584326020444 coeff=-4.3914795
  z=-0.01 -> displacement 0.000e+00   scaled displacement 0.000e+00
 >riskyterm: 4  z: z_64_quad6  card: 1  vars: [('x9', 'x16')]
  j=4 h=0 var=('x9', 'x16') xyval=-3.946707018917533 coeff=1.47802734
  z=0.01 -> displacement 0.000e+00   scaled displacement 0.000e+00
 >riskyterm: 5  z: z_64_quad7  card: 1  vars: [('x9', 'x17')]
  j=5 h=0 var=('x9', 'x17') xyval=-8.449809813312426 coeff=-1.47802734
  z=-0.01 -> displacement 0.000e+00   scaled displacement 0.000e+00
 >riskyterm: 6  z: z_64_quad8  card: 1  vars: [('x10', 'x10')]
  j=6 h=0 var=('x10', 'x10') xyval=4.0792802287491546e-05 coeff=5.367414254
  z=-0.01 -> displacement 0.000e+00   scaled displacement 0.000e+00
 >riskyterm: 7  z: z_64_quad9  card: 1  vars: [('x10', 'x11')]
  j=7 h=0 var=('x10', 'x11') xyval=-0.009820469653065059 coeff=1.47802734
  z=0.01 -> displacement 0.000e+00   scaled displacement 0.000e+00
 >riskyterm: 8  z: z_64_quad10  card: 1  vars: [('x10', 'x16')]
  j=8 h=0 var=('x10', 'x16') xyval=-0.025207833202947998 coeff=4.3914795
  z=0.01 -> displacement 0.000e+00   scaled displacement 0.000e+00
 >riskyterm: 9  z: z_64_quad11  card: 1  vars: [('x10', 'x17')]
  j=9 h=0 var=('x10', 'x17') xyval=-0.053969396600671134 coeff=-4.3914795
  z=-0.01 -> displacement 0.000e+00   scaled displacement 0.000e+00
 SUMMARY - feat: e78 (>)  Greedy: 0 at term:    L1norm: 0  L2norm: 0  slack: 22.734  scale: 42.2129
>feat: 65  name: e79  numrisky: 10
 >riskyterm: 0  z: z_65_quad1  card: 1  vars: [('x8', 'x12')]
  j=0 h=0 var=('x8', 'x12') xyval=1.4997937156287724 coeff=-3.02492942
  z=0.01 -> displacement 0.000e+00   scaled displacement 0.000e+00
 >riskyterm: 1  z: z_65_quad2  card: 1  vars: [('x8', 'x13')]
  j=1 h=0 var=('x8', 'x13') xyval=3.240846715377307 coeff=-1.00827778
  z=0.01 -> displacement 0.000e+00   scaled displacement 0.000e+00
 >riskyterm: 2  z: z_65_quad4  card: 1  vars: [('x12', 'x12')]
  j=2 h=0 var=('x12', 'x12') xyval=0.17638790230442186 coeff=2.541705519
  z=-0.01 -> displacement 0.000e+00   scaled displacement 0.000e+00
 >riskyterm: 3  z: z_65_quad5  card: 1  vars: [('x12', 'x14')]
  j=3 h=0 var=('x12', 'x14') xyval=0.6995108730772841 coeff=3.02492942
  z=-0.01 -> displacement 0.000e+00   scaled displacement 0.000e+00
 >riskyterm: 4  z: z_65_quad6  card: 1  vars: [('x12', 'x16')]
  j=4 h=0 var=('x12', 'x16') xyval=1.6575939157183428 coeff=1.00827778
  z=-0.01 -> displacement 0.000e+00   scaled displacement 0.000e+00
 >riskyterm: 5  z: z_65_quad7  card: 1  vars: [('x12', 'x18')]
  j=5 h=0 var=('x12', 'x18') xyval=2.3547392325962853 coeff=-1.00827778
  z=0.01 -> displacement 0.000e+00   scaled displacement 0.000e+00
 >riskyterm: 6  z: z_65_quad8  card: 1  vars: [('x13', 'x13')]
  j=6 h=0 var=('x13', 'x13') xyval=0.823612097695578 coeff=2.541705519
  z=-0.01 -> displacement 0.000e+00   scaled displacement 0.000e+00
 >riskyterm: 7  z: z_65_quad9  card: 1  vars: [('x13', 'x14')]
  j=7 h=0 var=('x13', 'x14') xyval=1.511546215829295 coeff=1.00827778
  z=-0.01 -> displacement 0.000e+00   scaled displacement 0.000e+00
 >riskyterm: 8  z: z_65_quad10  card: 1  vars: [('x13', 'x16')]
  j=8 h=0 var=('x13', 'x16') xyval=3.5818311153097766 coeff=-3.02492942
  z=0.01 -> displacement 0.000e+00   scaled displacement 0.000e+00
 >riskyterm: 9  z: z_65_quad11  card: 1  vars: [('x13', 'x18')]
  j=9 h=0 var=('x13', 'x18') xyval=5.088265691479037 coeff=3.02492942
  z=-0.01 -> displacement 0.000e+00   scaled displacement 0.000e+00
 SUMMARY - feat: e79 (>)  Greedy: 0 at term:    L1norm: 0  L2norm: 0  slack: 4.72117  scale: 29.2162
>feat: 66  name: e80  numrisky: 10
 >riskyterm: 0  z: z_66_quad1  card: 1  vars: [('x8', 'x9')]
  j=0 h=0 var=('x8', 'x9') xyval=-3.570987036252054 coeff=-2.10591634
  z=-0.01 -> displacement 0.000e+00   scaled displacement 0.000e+00
 >riskyterm: 1  z: z_66_quad2  card: 1  vars: [('x8', 'x10')]
  j=1 h=0 var=('x8', 'x10') xyval=-0.022808089160978665 coeff=3.40738932
  z=0.01 -> displacement 0.000e+00   scaled displacement 0.000e+00
 >riskyterm: 2  z: z_66_quad4  card: 1  vars: [('x9', 'x9')]
  j=2 h=0 var=('x9', 'x9') xyval=0.9999592071977097 coeff=4.011296402
  z=-0.01 -> displacement 0.000e+00   scaled displacement 0.000e+00
 >riskyterm: 3  z: z_66_quad5  card: 1  vars: [('x9', 'x11')]
  j=3 h=0 var=('x9', 'x11') xyval=-1.5375584326020444 coeff=2.10591634
  z=0.01 -> displacement 0.000e+00   scaled displacement 0.000e+00
 >riskyterm: 4  z: z_66_quad6  card: 1  vars: [('x9', 'x16')]
  j=4 h=0 var=('x9', 'x16') xyval=-3.946707018917533 coeff=-3.40738932
  z=-0.01 -> displacement 0.000e+00   scaled displacement 0.000e+00
 >riskyterm: 5  z: z_66_quad7  card: 1  vars: [('x9', 'x17')]
  j=5 h=0 var=('x9', 'x17') xyval=-8.449809813312426 coeff=3.40738932
  z=0.01 -> displacement 0.000e+00   scaled displacement 0.000e+00
 >riskyterm: 6  z: z_66_quad8  card: 1  vars: [('x10', 'x10')]
  j=6 h=0 var=('x10', 'x10') xyval=4.0792802287491546e-05 coeff=4.011296402
  z=-0.01 -> displacement 0.000e+00   scaled displacement 0.000e+00
 >riskyterm: 7  z: z_66_quad9  card: 1  vars: [('x10', 'x11')]
  j=7 h=0 var=('x10', 'x11') xyval=-0.009820469653065059 coeff=-3.40738932
  z=-0.01 -> displacement 0.000e+00   scaled displacement 0.000e+00
 >riskyterm: 8  z: z_66_quad10  card: 1  vars: [('x10', 'x16')]
  j=8 h=0 var=('x10', 'x16') xyval=-0.025207833202947998 coeff=-2.10591634
  z=-0.01 -> displacement 0.000e+00   scaled displacement 0.000e+00
 >riskyterm: 9  z: z_66_quad11  card: 1  vars: [('x10', 'x17')]
  j=9 h=0 var=('x10', 'x17') xyval=-0.053969396600671134 coeff=2.10591634
  z=0.01 -> displacement 0.000e+00   scaled displacement 0.000e+00
 SUMMARY - feat: e80 (>)  Greedy: 0 at term:    L1norm: 0  L2norm: 0  slack: 13.6341  scale: 38.0758
>feat: 67  name: e81  numrisky: 10
 >riskyterm: 0  z: z_67_quad1  card: 1  vars: [('x8', 'x12')]
  j=0 h=0 var=('x8', 'x12') xyval=1.4997937156287724 coeff=2.26962754
  z=-0.01 -> displacement 2.680e-02   scaled displacement 1.004e-03
 >riskyterm: 1  z: z_67_quad2  card: 1  vars: [('x8', 'x13')]
  j=1 h=0 var=('x8', 'x13') xyval=3.240846715377307 coeff=-1.48442486
  z=0.01 -> displacement 4.087e-02   scaled displacement 1.531e-03
 >riskyterm: 2  z: z_67_quad4  card: 1  vars: [('x12', 'x12')]
  j=2 h=0 var=('x12', 'x12') xyval=0.17638790230442186 coeff=1.838681584
  z=-0.01 -> displacement 0.000e+00   scaled displacement 0.000e+00
 >riskyterm: 3  z: z_67_quad5  card: 1  vars: [('x12', 'x14')]
  j=3 h=0 var=('x12', 'x14') xyval=0.6995108730772841 coeff=-2.26962754
  z=0.01 -> displacement 8.640e-03   scaled displacement 3.237e-04
 >riskyterm: 4  z: z_67_quad6  card: 1  vars: [('x12', 'x16')]
  j=4 h=0 var=('x12', 'x16') xyval=1.6575939157183428 coeff=1.48442486
  z=-0.01 -> displacement 1.737e-02   scaled displacement 6.507e-04
 >riskyterm: 5  z: z_67_quad7  card: 1  vars: [('x12', 'x18')]
  j=5 h=0 var=('x12', 'x18') xyval=2.3547392325962853 coeff=-1.48442486
  z=0.01 -> displacement 2.772e-02   scaled displacement 1.038e-03
 >riskyterm: 6  z: z_67_quad8  card: 1  vars: [('x13', 'x13')]
  j=6 h=0 var=('x13', 'x13') xyval=0.823612097695578 coeff=1.838681584
  z=-0.01 -> displacement 7.907e-03   scaled displacement 2.962e-04
 >riskyterm: 7  z: z_67_quad9  card: 1  vars: [('x13', 'x14')]
  j=7 h=0 var=('x13', 'x14') xyval=1.511546215829295 coeff=1.48442486
  z=-0.01 -> displacement 1.520e-02   scaled displacement 5.695e-04
 >riskyterm: 8  z: z_67_quad10  card: 1  vars: [('x13', 'x16')]
  j=8 h=0 var=('x13', 'x16') xyval=3.5818311153097766 coeff=2.26962754
  z=-0.01 -> displacement 7.406e-02   scaled displacement 2.774e-03
 >riskyterm: 9  z: z_67_quad11  card: 1  vars: [('x13', 'x18')]
  j=9 h=0 var=('x13', 'x18') xyval=5.088265691479037 coeff=-2.26962754
  z=0.01 -> displacement 1.082e-01   scaled displacement 4.055e-03
 SUMMARY - feat: e81 (>)  Greedy: 0.00405522 at term: z_67_quad11   L1norm: 0.0122433  L2norm: 0.00543259  slack: 0.00723635  scale: 26.6936
>feat: 68  name: e82  numrisky: 10
 >riskyterm: 0  z: z_68_quad1  card: 1  vars: [('x8', 'x9')]
  j=0 h=0 var=('x8', 'x9') xyval=-3.570987036252054 coeff=2.9976666
  z=0.01 -> displacement 0.000e+00   scaled displacement 0.000e+00
 >riskyterm: 1  z: z_68_quad2  card: 1  vars: [('x8', 'x10')]
  j=1 h=0 var=('x8', 'x10') xyval=-0.022808089160978665 coeff=-0.70766974
  z=-0.01 -> displacement 0.000e+00   scaled displacement 0.000e+00
 >riskyterm: 2  z: z_68_quad4  card: 1  vars: [('x9', 'x9')]
  j=2 h=0 var=('x9', 'x9') xyval=0.9999592071977097 coeff=2.371700376
  z=-0.01 -> displacement 0.000e+00   scaled displacement 0.000e+00
 >riskyterm: 3  z: z_68_quad5  card: 1  vars: [('x9', 'x11')]
  j=3 h=0 var=('x9', 'x11') xyval=-1.5375584326020444 coeff=-2.9976666
  z=-0.01 -> displacement 0.000e+00   scaled displacement 0.000e+00
 >riskyterm: 4  z: z_68_quad6  card: 1  vars: [('x9', 'x16')]
  j=4 h=0 var=('x9', 'x16') xyval=-3.946707018917533 coeff=0.70766974
  z=0.01 -> displacement 0.000e+00   scaled displacement 0.000e+00
 >riskyterm: 5  z: z_68_quad7  card: 1  vars: [('x9', 'x17')]
  j=5 h=0 var=('x9', 'x17') xyval=-8.449809813312426 coeff=-0.70766974
  z=-0.01 -> displacement 0.000e+00   scaled displacement 0.000e+00
 >riskyterm: 6  z: z_68_quad8  card: 1  vars: [('x10', 'x10')]
  j=6 h=0 var=('x10', 'x10') xyval=4.0792802287491546e-05 coeff=2.371700376
  z=-0.01 -> displacement 0.000e+00   scaled displacement 0.000e+00
 >riskyterm: 7  z: z_68_quad9  card: 1  vars: [('x10', 'x11')]
  j=7 h=0 var=('x10', 'x11') xyval=-0.009820469653065059 coeff=0.70766974
  z=0.01 -> displacement 0.000e+00   scaled displacement 0.000e+00
 >riskyterm: 8  z: z_68_quad10  card: 1  vars: [('x10', 'x16')]
  j=8 h=0 var=('x10', 'x16') xyval=-0.025207833202947998 coeff=2.9976666
  z=0.01 -> displacement 0.000e+00   scaled displacement 0.000e+00
 >riskyterm: 9  z: z_68_quad11  card: 1  vars: [('x10', 'x17')]
  j=9 h=0 var=('x10', 'x17') xyval=-0.053969396600671134 coeff=-2.9976666
  z=-0.01 -> displacement 0.000e+00   scaled displacement 0.000e+00
 SUMMARY - feat: e82 (>)  Greedy: 0 at term:    L1norm: 0  L2norm: 0  slack: 17.1966  scale: 27.5647
>feat: 69  name: e83  numrisky: 10
 >riskyterm: 0  z: z_69_quad1  card: 1  vars: [('x8', 'x12')]
  j=0 h=0 var=('x8', 'x12') xyval=1.4997937156287724 coeff=-4.59619514
  z=0.01 -> displacement 0.000e+00   scaled displacement 0.000e+00
 >riskyterm: 1  z: z_69_quad2  card: 1  vars: [('x8', 'x13')]
  j=1 h=0 var=('x8', 'x13') xyval=3.240846715377307 coeff=-1.53205596
  z=0.01 -> displacement 0.000e+00   scaled displacement 0.000e+00
 >riskyterm: 2  z: z_69_quad4  card: 1  vars: [('x12', 'x12')]
  j=2 h=0 var=('x12', 'x12') xyval=0.17638790230442186 coeff=5.868051307
  z=-0.01 -> displacement 0.000e+00   scaled displacement 0.000e+00
 >riskyterm: 3  z: z_69_quad5  card: 1  vars: [('x12', 'x14')]
  j=3 h=0 var=('x12', 'x14') xyval=0.6995108730772841 coeff=4.59619514
  z=-0.01 -> displacement 0.000e+00   scaled displacement 0.000e+00
 >riskyterm: 4  z: z_69_quad6  card: 1  vars: [('x12', 'x16')]
  j=4 h=0 var=('x12', 'x16') xyval=1.6575939157183428 coeff=1.53205596
  z=-0.01 -> displacement 0.000e+00   scaled displacement 0.000e+00
 >riskyterm: 5  z: z_69_quad7  card: 1  vars: [('x12', 'x18')]
  j=5 h=0 var=('x12', 'x18') xyval=2.3547392325962853 coeff=-1.53205596
  z=0.01 -> displacement 0.000e+00   scaled displacement 0.000e+00
 >riskyterm: 6  z: z_69_quad8  card: 1  vars: [('x13', 'x13')]
  j=6 h=0 var=('x13', 'x13') xyval=0.823612097695578 coeff=5.868051307
  z=-0.01 -> displacement 0.000e+00   scaled displacement 0.000e+00
 >riskyterm: 7  z: z_69_quad9  card: 1  vars: [('x13', 'x14')]
  j=7 h=0 var=('x13', 'x14') xyval=1.511546215829295 coeff=1.53205596
  z=-0.01 -> displacement 0.000e+00   scaled displacement 0.000e+00
 >riskyterm: 8  z: z_69_quad10  card: 1  vars: [('x13', 'x16')]
  j=8 h=0 var=('x13', 'x16') xyval=3.5818311153097766 coeff=-4.59619514
  z=0.01 -> displacement 0.000e+00   scaled displacement 0.000e+00
 >riskyterm: 9  z: z_69_quad11  card: 1  vars: [('x13', 'x18')]
  j=9 h=0 var=('x13', 'x18') xyval=5.088265691479037 coeff=4.59619514
  z=-0.01 -> displacement 0.000e+00   scaled displacement 0.000e+00
 SUMMARY - feat: e83 (>)  Greedy: 0 at term:    L1norm: 0  L2norm: 0  slack: 8.85146  scale: 44.2491
>feat: 70  name: e84  numrisky: 10
 >riskyterm: 0  z: z_70_quad1  card: 1  vars: [('x8', 'x9')]
  j=0 h=0 var=('x8', 'x9') xyval=-3.570987036252054 coeff=-2.5314331
  z=-0.01 -> displacement 0.000e+00   scaled displacement 0.000e+00
 >riskyterm: 1  z: z_70_quad2  card: 1  vars: [('x8', 'x10')]
  j=1 h=0 var=('x8', 'x10') xyval=-0.022808089160978665 coeff=-2.53149414
  z=-0.01 -> displacement 0.000e+00   scaled displacement 0.000e+00
 >riskyterm: 2  z: z_70_quad4  card: 1  vars: [('x9', 'x9')]
  j=2 h=0 var=('x9', 'x9') xyval=0.9999592071977097 coeff=3.20415403
  z=-0.01 -> displacement 0.000e+00   scaled displacement 0.000e+00
 >riskyterm: 3  z: z_70_quad5  card: 1  vars: [('x9', 'x11')]
  j=3 h=0 var=('x9', 'x11') xyval=-1.5375584326020444 coeff=2.5314331
  z=0.01 -> displacement 0.000e+00   scaled displacement 0.000e+00
 >riskyterm: 4  z: z_70_quad6  card: 1  vars: [('x9', 'x16')]
  j=4 h=0 var=('x9', 'x16') xyval=-3.946707018917533 coeff=2.53149414
  z=0.01 -> displacement 0.000e+00   scaled displacement 0.000e+00
 >riskyterm: 5  z: z_70_quad7  card: 1  vars: [('x9', 'x17')]
  j=5 h=0 var=('x9', 'x17') xyval=-8.449809813312426 coeff=-2.53149414
  z=-0.01 -> displacement 0.000e+00   scaled displacement 0.000e+00
 >riskyterm: 6  z: z_70_quad8  card: 1  vars: [('x10', 'x10')]
  j=6 h=0 var=('x10', 'x10') xyval=4.0792802287491546e-05 coeff=3.20415403
  z=-0.01 -> displacement 0.000e+00   scaled displacement 0.000e+00
 >riskyterm: 7  z: z_70_quad9  card: 1  vars: [('x10', 'x11')]
  j=7 h=0 var=('x10', 'x11') xyval=-0.009820469653065059 coeff=2.53149414
  z=0.01 -> displacement 0.000e+00   scaled displacement 0.000e+00
 >riskyterm: 8  z: z_70_quad10  card: 1  vars: [('x10', 'x16')]
  j=8 h=0 var=('x10', 'x16') xyval=-0.025207833202947998 coeff=-2.5314331
  z=-0.01 -> displacement 0.000e+00   scaled displacement 0.000e+00
 >riskyterm: 9  z: z_70_quad11  card: 1  vars: [('x10', 'x17')]
  j=9 h=0 var=('x10', 'x17') xyval=-0.053969396600671134 coeff=2.5314331
  z=0.01 -> displacement 0.000e+00   scaled displacement 0.000e+00
 SUMMARY - feat: e84 (>)  Greedy: 0 at term:    L1norm: 0  L2norm: 0  slack: 41.2654  scale: 34.66
>feat: 71  name: e85  numrisky: 10
 >riskyterm: 0  z: z_71_quad1  card: 1  vars: [('x8', 'x12')]
  j=0 h=0 var=('x8', 'x12') xyval=1.4997937156287724 coeff=0.65916112
  z=-0.01 -> displacement 0.000e+00   scaled displacement 0.000e+00
 >riskyterm: 1  z: z_71_quad2  card: 1  vars: [('x8', 'x13')]
  j=1 h=0 var=('x8', 'x13') xyval=3.240846715377307 coeff=2.50375742
  z=-0.01 -> displacement 0.000e+00   scaled displacement 0.000e+00
 >riskyterm: 2  z: z_71_quad4  card: 1  vars: [('x12', 'x12')]
  j=2 h=0 var=('x12', 'x12') xyval=0.17638790230442186 coeff=1.67582365
  z=-0.01 -> displacement 0.000e+00   scaled displacement 0.000e+00
 >riskyterm: 3  z: z_71_quad5  card: 1  vars: [('x12', 'x14')]
  j=3 h=0 var=('x12', 'x14') xyval=0.6995108730772841 coeff=-0.65916112
  z=0.01 -> displacement 0.000e+00   scaled displacement 0.000e+00
 >riskyterm: 4  z: z_71_quad6  card: 1  vars: [('x12', 'x16')]
  j=4 h=0 var=('x12', 'x16') xyval=1.6575939157183428 coeff=-2.50375742
  z=0.01 -> displacement 0.000e+00   scaled displacement 0.000e+00
 >riskyterm: 5  z: z_71_quad7  card: 1  vars: [('x12', 'x18')]
  j=5 h=0 var=('x12', 'x18') xyval=2.3547392325962853 coeff=2.50375742
  z=-0.01 -> displacement 0.000e+00   scaled displacement 0.000e+00
 >riskyterm: 6  z: z_71_quad8  card: 1  vars: [('x13', 'x13')]
  j=6 h=0 var=('x13', 'x13') xyval=0.823612097695578 coeff=1.67582365
  z=-0.01 -> displacement 0.000e+00   scaled displacement 0.000e+00
 >riskyterm: 7  z: z_71_quad9  card: 1  vars: [('x13', 'x14')]
  j=7 h=0 var=('x13', 'x14') xyval=1.511546215829295 coeff=-2.50375742
  z=0.01 -> displacement 0.000e+00   scaled displacement 0.000e+00
 >riskyterm: 8  z: z_71_quad10  card: 1  vars: [('x13', 'x16')]
  j=8 h=0 var=('x13', 'x16') xyval=3.5818311153097766 coeff=0.65916112
  z=-0.01 -> displacement 0.000e+00   scaled displacement 0.000e+00
 >riskyterm: 9  z: z_71_quad11  card: 1  vars: [('x13', 'x18')]
  j=9 h=0 var=('x13', 'x18') xyval=5.088265691479037 coeff=-0.65916112
  z=0.01 -> displacement 0.000e+00   scaled displacement 0.000e+00
 SUMMARY - feat: e85 (>)  Greedy: 0 at term:    L1norm: 0  L2norm: 0  slack: 10.8684  scale: 24.0033
>feat: 72  name: e87  numrisky: 10
 >riskyterm: 0  z: z_72_quad1  card: 1  vars: [('x11', 'x12')]
  j=0 h=0 var=('x11', 'x12') xyval=0.6457655687960341 coeff=-3.02492942
  z=0.01 -> displacement 0.000e+00   scaled displacement 0.000e+00
 >riskyterm: 1  z: z_72_quad2  card: 1  vars: [('x11', 'x13')]
  j=1 h=0 var=('x11', 'x13') xyval=1.3954100492139947 coeff=-1.00827778
  z=0.01 -> displacement 0.000e+00   scaled displacement 0.000e+00
 >riskyterm: 2  z: z_72_quad4  card: 1  vars: [('x12', 'x12')]
  j=2 h=0 var=('x12', 'x12') xyval=0.17638790230442186 coeff=2.541705519
  z=-0.01 -> displacement 0.000e+00   scaled displacement 0.000e+00
 >riskyterm: 3  z: z_72_quad5  card: 1  vars: [('x12', 'x14')]
  j=3 h=0 var=('x12', 'x14') xyval=0.6995108730772841 coeff=3.02492942
  z=-0.01 -> displacement 0.000e+00   scaled displacement 0.000e+00
 >riskyterm: 4  z: z_72_quad6  card: 1  vars: [('x12', 'x17')]
  j=4 h=0 var=('x12', 'x17') xyval=3.548870810117889 coeff=1.00827778
  z=-0.01 -> displacement 1.191e-02   scaled displacement 4.075e-04
 >riskyterm: 5  z: z_72_quad7  card: 1  vars: [('x12', 'x18')]
  j=5 h=0 var=('x12', 'x18') xyval=2.3547392325962853 coeff=-1.00827778
  z=0.01 -> displacement 0.000e+00   scaled displacement 0.000e+00
 >riskyterm: 6  z: z_72_quad8  card: 1  vars: [('x13', 'x13')]
  j=6 h=0 var=('x13', 'x13') xyval=0.823612097695578 coeff=2.541705519
  z=-0.01 -> displacement 0.000e+00   scaled displacement 0.000e+00
 >riskyterm: 7  z: z_72_quad9  card: 1  vars: [('x13', 'x14')]
  j=7 h=0 var=('x13', 'x14') xyval=1.511546215829295 coeff=1.00827778
  z=-0.01 -> displacement 0.000e+00   scaled displacement 0.000e+00
 >riskyterm: 8  z: z_72_quad10  card: 1  vars: [('x13', 'x17')]
  j=8 h=0 var=('x13', 'x17') xyval=7.668618816319782 coeff=-3.02492942
  z=0.01 -> displacement 2.081e-01   scaled displacement 7.123e-03
 >riskyterm: 9  z: z_72_quad11  card: 1  vars: [('x13', 'x18')]
  j=9 h=0 var=('x13', 'x18') xyval=5.088265691479037 coeff=3.02492942
  z=-0.01 -> displacement 1.300e-01   scaled displacement 4.451e-03
 SUMMARY - feat: e87 (>)  Greedy: 0.00712257 at term: z_72_quad10   L1norm: 0.0119811  L2norm: 0.00840882  slack: 0.0238757  scale: 29.2162
>feat: 73  name: e88  numrisky: 10
 >riskyterm: 0  z: z_73_quad1  card: 1  vars: [('x11', 'x12')]
  j=0 h=0 var=('x11', 'x12') xyval=0.6457655687960341 coeff=2.26962754
  z=-0.01 -> displacement 0.000e+00   scaled displacement 0.000e+00
 >riskyterm: 1  z: z_73_quad2  card: 1  vars: [('x11', 'x13')]
  j=1 h=0 var=('x11', 'x13') xyval=1.3954100492139947 coeff=-1.48442486
  z=0.01 -> displacement 0.000e+00   scaled displacement 0.000e+00
 >riskyterm: 2  z: z_73_quad4  card: 1  vars: [('x12', 'x12')]
  j=2 h=0 var=('x12', 'x12') xyval=0.17638790230442186 coeff=1.838681584
  z=-0.01 -> displacement 0.000e+00   scaled displacement 0.000e+00
 >riskyterm: 3  z: z_73_quad5  card: 1  vars: [('x12', 'x14')]
  j=3 h=0 var=('x12', 'x14') xyval=0.6995108730772841 coeff=-2.26962754
  z=0.01 -> displacement 0.000e+00   scaled displacement 0.000e+00
 >riskyterm: 4  z: z_73_quad6  card: 1  vars: [('x12', 'x17')]
  j=4 h=0 var=('x12', 'x17') xyval=3.548870810117889 coeff=1.48442486
  z=-0.01 -> displacement 0.000e+00   scaled displacement 0.000e+00
 >riskyterm: 5  z: z_73_quad7  card: 1  vars: [('x12', 'x18')]
  j=5 h=0 var=('x12', 'x18') xyval=2.3547392325962853 coeff=-1.48442486
  z=0.01 -> displacement 0.000e+00   scaled displacement 0.000e+00
 >riskyterm: 6  z: z_73_quad8  card: 1  vars: [('x13', 'x13')]
  j=6 h=0 var=('x13', 'x13') xyval=0.823612097695578 coeff=1.838681584
  z=-0.01 -> displacement 0.000e+00   scaled displacement 0.000e+00
 >riskyterm: 7  z: z_73_quad9  card: 1  vars: [('x13', 'x14')]
  j=7 h=0 var=('x13', 'x14') xyval=1.511546215829295 coeff=1.48442486
  z=-0.01 -> displacement 0.000e+00   scaled displacement 0.000e+00
 >riskyterm: 8  z: z_73_quad10  card: 1  vars: [('x13', 'x17')]
  j=8 h=0 var=('x13', 'x17') xyval=7.668618816319782 coeff=2.26962754
  z=-0.01 -> displacement 0.000e+00   scaled displacement 0.000e+00
 >riskyterm: 9  z: z_73_quad11  card: 1  vars: [('x13', 'x18')]
  j=9 h=0 var=('x13', 'x18') xyval=5.088265691479037 coeff=-2.26962754
  z=0.01 -> displacement 0.000e+00   scaled displacement 0.000e+00
 SUMMARY - feat: e88 (>)  Greedy: 0 at term:    L1norm: 0  L2norm: 0  slack: 14.2523  scale: 26.6936
>feat: 74  name: e89  numrisky: 10
 >riskyterm: 0  z: z_74_quad1  card: 1  vars: [('x11', 'x12')]
  j=0 h=0 var=('x11', 'x12') xyval=0.6457655687960341 coeff=-4.59619514
  z=0.01 -> displacement 0.000e+00   scaled displacement 0.000e+00
 >riskyterm: 1  z: z_74_quad2  card: 1  vars: [('x11', 'x13')]
  j=1 h=0 var=('x11', 'x13') xyval=1.3954100492139947 coeff=-1.53205596
  z=0.01 -> displacement 0.000e+00   scaled displacement 0.000e+00
 >riskyterm: 2  z: z_74_quad4  card: 1  vars: [('x12', 'x12')]
  j=2 h=0 var=('x12', 'x12') xyval=0.17638790230442186 coeff=5.868051307
  z=-0.01 -> displacement 0.000e+00   scaled displacement 0.000e+00
 >riskyterm: 3  z: z_74_quad5  card: 1  vars: [('x12', 'x14')]
  j=3 h=0 var=('x12', 'x14') xyval=0.6995108730772841 coeff=4.59619514
  z=-0.01 -> displacement 0.000e+00   scaled displacement 0.000e+00
 >riskyterm: 4  z: z_74_quad6  card: 1  vars: [('x12', 'x17')]
  j=4 h=0 var=('x12', 'x17') xyval=3.548870810117889 coeff=1.53205596
  z=-0.01 -> displacement 0.000e+00   scaled displacement 0.000e+00
 >riskyterm: 5  z: z_74_quad7  card: 1  vars: [('x12', 'x18')]
  j=5 h=0 var=('x12', 'x18') xyval=2.3547392325962853 coeff=-1.53205596
  z=0.01 -> displacement 0.000e+00   scaled displacement 0.000e+00
 >riskyterm: 6  z: z_74_quad8  card: 1  vars: [('x13', 'x13')]
  j=6 h=0 var=('x13', 'x13') xyval=0.823612097695578 coeff=5.868051307
  z=-0.01 -> displacement 0.000e+00   scaled displacement 0.000e+00
 >riskyterm: 7  z: z_74_quad9  card: 1  vars: [('x13', 'x14')]
  j=7 h=0 var=('x13', 'x14') xyval=1.511546215829295 coeff=1.53205596
  z=-0.01 -> displacement 0.000e+00   scaled displacement 0.000e+00
 >riskyterm: 8  z: z_74_quad10  card: 1  vars: [('x13', 'x17')]
  j=8 h=0 var=('x13', 'x17') xyval=7.668618816319782 coeff=-4.59619514
  z=0.01 -> displacement 0.000e+00   scaled displacement 0.000e+00
 >riskyterm: 9  z: z_74_quad11  card: 1  vars: [('x13', 'x18')]
  j=9 h=0 var=('x13', 'x18') xyval=5.088265691479037 coeff=4.59619514
  z=-0.01 -> displacement 0.000e+00   scaled displacement 0.000e+00
 SUMMARY - feat: e89 (>)  Greedy: 0 at term:    L1norm: 0  L2norm: 0  slack: 1.08366  scale: 44.2491
>feat: 75  name: e90  numrisky: 10
 >riskyterm: 0  z: z_75_quad1  card: 1  vars: [('x11', 'x12')]
  j=0 h=0 var=('x11', 'x12') xyval=0.6457655687960341 coeff=0.65916112
  z=-0.01 -> displacement 0.000e+00   scaled displacement 0.000e+00
 >riskyterm: 1  z: z_75_quad2  card: 1  vars: [('x11', 'x13')]
  j=1 h=0 var=('x11', 'x13') xyval=1.3954100492139947 coeff=2.50375742
  z=-0.01 -> displacement 0.000e+00   scaled displacement 0.000e+00
 >riskyterm: 2  z: z_75_quad4  card: 1  vars: [('x12', 'x12')]
  j=2 h=0 var=('x12', 'x12') xyval=0.17638790230442186 coeff=1.67582365
  z=-0.01 -> displacement 0.000e+00   scaled displacement 0.000e+00
 >riskyterm: 3  z: z_75_quad5  card: 1  vars: [('x12', 'x14')]
  j=3 h=0 var=('x12', 'x14') xyval=0.6995108730772841 coeff=-0.65916112
  z=0.01 -> displacement 0.000e+00   scaled displacement 0.000e+00
 >riskyterm: 4  z: z_75_quad6  card: 1  vars: [('x12', 'x17')]
  j=4 h=0 var=('x12', 'x17') xyval=3.548870810117889 coeff=-2.50375742
  z=0.01 -> displacement 0.000e+00   scaled displacement 0.000e+00
 >riskyterm: 5  z: z_75_quad7  card: 1  vars: [('x12', 'x18')]
  j=5 h=0 var=('x12', 'x18') xyval=2.3547392325962853 coeff=2.50375742
  z=-0.01 -> displacement 0.000e+00   scaled displacement 0.000e+00
 >riskyterm: 6  z: z_75_quad8  card: 1  vars: [('x13', 'x13')]
  j=6 h=0 var=('x13', 'x13') xyval=0.823612097695578 coeff=1.67582365
  z=-0.01 -> displacement 0.000e+00   scaled displacement 0.000e+00
 >riskyterm: 7  z: z_75_quad9  card: 1  vars: [('x13', 'x14')]
  j=7 h=0 var=('x13', 'x14') xyval=1.511546215829295 coeff=-2.50375742
  z=0.01 -> displacement 0.000e+00   scaled displacement 0.000e+00
 >riskyterm: 8  z: z_75_quad10  card: 1  vars: [('x13', 'x17')]
  j=8 h=0 var=('x13', 'x17') xyval=7.668618816319782 coeff=0.65916112
  z=-0.01 -> displacement 0.000e+00   scaled displacement 0.000e+00
 >riskyterm: 9  z: z_75_quad11  card: 1  vars: [('x13', 'x18')]
  j=9 h=0 var=('x13', 'x18') xyval=5.088265691479037 coeff=-0.65916112
  z=0.01 -> displacement 0.000e+00   scaled displacement 0.000e+00
 SUMMARY - feat: e90 (>)  Greedy: 0 at term:    L1norm: 0  L2norm: 0  slack: 5.01668  scale: 24.0033
>feat: 76  name: e91  numrisky: 10
 >riskyterm: 0  z: z_76_quad0  card: 1  vars: [('x3', 'x3')]
  j=0 h=0 var=('x3', 'x3') xyval=0.4089109114164637 coeff=5.662725869
  z=-0.01 -> displacement 0.000e+00   scaled displacement 0.000e+00
 >riskyterm: 1  z: z_76_quad1  card: 1  vars: [('x3', 'x5')]
  j=1 h=0 var=('x3', 'x5') xyval=-1.0208897661849805 coeff=4.47509892
  z=0.01 -> displacement 0.000e+00   scaled displacement 0.000e+00
 >riskyterm: 2  z: z_76_quad2  card: 1  vars: [('x3', 'x8')]
  j=2 h=0 var=('x3', 'x8') xyval=-2.2835550282479624 coeff=-4.47509892
  z=-0.01 -> displacement 0.000e+00   scaled displacement 0.000e+00
 >riskyterm: 3  z: z_76_quad3  card: 1  vars: [('x3', 'x15')]
  j=3 h=0 var=('x3', 'x15') xyval=-1.0234637909591835 coeff=-1.61999788
  z=-0.01 -> displacement 0.000e+00   scaled displacement 0.000e+00
 >riskyterm: 4  z: z_76_quad4  card: 1  vars: [('x3', 'x16')]
  j=4 h=0 var=('x3', 'x16') xyval=-2.523818363544045 coeff=1.61999788
  z=0.01 -> displacement 0.000e+00   scaled displacement 0.000e+00
 >riskyterm: 5  z: z_76_quad5  card: 1  vars: [('x4', 'x4')]
  j=5 h=0 var=('x4', 'x4') xyval=0.5910890885835367 coeff=5.662725869
  z=-0.01 -> displacement 0.000e+00   scaled displacement 0.000e+00
 >riskyterm: 6  z: z_76_quad6  card: 1  vars: [('x4', 'x5')]
  j=6 h=0 var=('x4', 'x5') xyval=1.227413715078837 coeff=1.61999788
  z=-0.01 -> displacement 0.000e+00   scaled displacement 0.000e+00
 >riskyterm: 7  z: z_76_quad7  card: 1  vars: [('x4', 'x8')]
  j=7 h=0 var=('x4', 'x8') xyval=2.745513623163231 coeff=-1.61999788
  z=0.01 -> displacement 0.000e+00   scaled displacement 0.000e+00
 >riskyterm: 8  z: z_76_quad8  card: 1  vars: [('x4', 'x15')]
  j=8 h=0 var=('x4', 'x15') xyval=1.2305084598940543 coeff=4.47509892
  z=-0.01 -> displacement 0.000e+00   scaled displacement 0.000e+00
 >riskyterm: 9  z: z_76_quad9  card: 1  vars: [('x4', 'x16')]
  j=9 h=0 var=('x4', 'x16') xyval=3.034381748538838 coeff=-4.47509892
  z=0.01 -> displacement 0.000e+00   scaled displacement 0.000e+00
 SUMMARY - feat: e91 (>)  Greedy: 0 at term:    L1norm: 0  L2norm: 0  slack: 2.85425  scale: 43.7058
>feat: 77  name: e92  numrisky: 10
 >riskyterm: 0  z: z_77_quad0  card: 1  vars: [('x3', 'x3')]
  j=0 h=0 var=('x3', 'x3') xyval=0.4089109114164637 coeff=5.662725869
  z=-0.01 -> displacement 0.000e+00   scaled displacement 0.000e+00
 >riskyterm: 1  z: z_77_quad1  card: 1  vars: [('x3', 'x5')]
  j=1 h=0 var=('x3', 'x5') xyval=-1.0208897661849805 coeff=4.47509892
  z=0.01 -> displacement 0.000e+00   scaled displacement 0.000e+00
 >riskyterm: 2  z: z_77_quad2  card: 1  vars: [('x3', 'x11')]
  j=2 h=0 var=('x3', 'x11') xyval=-0.9832293576956092 coeff=-4.47509892
  z=-0.01 -> displacement 0.000e+00   scaled displacement 0.000e+00
 >riskyterm: 3  z: z_77_quad3  card: 1  vars: [('x3', 'x15')]
  j=3 h=0 var=('x3', 'x15') xyval=-1.0234637909591835 coeff=-1.61999788
  z=-0.01 -> displacement 0.000e+00   scaled displacement 0.000e+00
 >riskyterm: 4  z: z_77_quad4  card: 1  vars: [('x3', 'x17')]
  j=4 h=0 var=('x3', 'x17') xyval=-5.403437618519153 coeff=1.61999788
  z=0.01 -> displacement 0.000e+00   scaled displacement 0.000e+00
 >riskyterm: 5  z: z_77_quad5  card: 1  vars: [('x4', 'x4')]
  j=5 h=0 var=('x4', 'x4') xyval=0.5910890885835367 coeff=5.662725869
  z=-0.01 -> displacement 0.000e+00   scaled displacement 0.000e+00
 >riskyterm: 6  z: z_77_quad6  card: 1  vars: [('x4', 'x5')]
  j=6 h=0 var=('x4', 'x5') xyval=1.227413715078837 coeff=1.61999788
  z=-0.01 -> displacement 0.000e+00   scaled displacement 0.000e+00
 >riskyterm: 7  z: z_77_quad7  card: 1  vars: [('x4', 'x11')]
  j=7 h=0 var=('x4', 'x11') xyval=1.1821346816058438 coeff=-1.61999788
  z=0.01 -> displacement 0.000e+00   scaled displacement 0.000e+00
 >riskyterm: 8  z: z_77_quad8  card: 1  vars: [('x4', 'x15')]
  j=8 h=0 var=('x4', 'x15') xyval=1.2305084598940543 coeff=4.47509892
  z=-0.01 -> displacement 0.000e+00   scaled displacement 0.000e+00
 >riskyterm: 9  z: z_77_quad9  card: 1  vars: [('x4', 'x17')]
  j=9 h=0 var=('x4', 'x17') xyval=6.496542194097773 coeff=-4.47509892
  z=0.01 -> displacement 0.000e+00   scaled displacement 0.000e+00
 SUMMARY - feat: e92 (>)  Greedy: 0 at term:    L1norm: 0  L2norm: 0  slack: 16.4763  scale: 43.7058
>feat: 78  name: e93  numrisky: 10
 >riskyterm: 0  z: z_78_quad0  card: 1  vars: [('x3', 'x3')]
  j=0 h=0 var=('x3', 'x3') xyval=0.4089109114164637 coeff=5.662725869
  z=-0.01 -> displacement 0.000e+00   scaled displacement 0.000e+00
 >riskyterm: 1  z: z_78_quad1  card: 1  vars: [('x3', 'x5')]
  j=1 h=0 var=('x3', 'x5') xyval=-1.0208897661849805 coeff=4.47509892
  z=0.01 -> displacement 0.000e+00   scaled displacement 0.000e+00
 >riskyterm: 2  z: z_78_quad2  card: 1  vars: [('x3', 'x14')]
  j=2 h=0 var=('x3', 'x14') xyval=-1.065060851291855 coeff=-4.47509892
  z=-0.01 -> displacement 0.000e+00   scaled displacement 0.000e+00
 >riskyterm: 3  z: z_78_quad3  card: 1  vars: [('x3', 'x15')]
  j=3 h=0 var=('x3', 'x15') xyval=-1.0234637909591835 coeff=-1.61999788
  z=-0.01 -> displacement 0.000e+00   scaled displacement 0.000e+00
 >riskyterm: 4  z: z_78_quad4  card: 1  vars: [('x3', 'x18')]
  j=4 h=0 var=('x3', 'x18') xyval=-3.585277467677394 coeff=1.61999788
  z=0.01 -> displacement 0.000e+00   scaled displacement 0.000e+00
 >riskyterm: 5  z: z_78_quad5  card: 1  vars: [('x4', 'x4')]
  j=5 h=0 var=('x4', 'x4') xyval=0.5910890885835367 coeff=5.662725869
  z=-0.01 -> displacement 0.000e+00   scaled displacement 0.000e+00
 >riskyterm: 6  z: z_78_quad6  card: 1  vars: [('x4', 'x5')]
  j=6 h=0 var=('x4', 'x5') xyval=1.227413715078837 coeff=1.61999788
  z=-0.01 -> displacement 0.000e+00   scaled displacement 0.000e+00
 >riskyterm: 7  z: z_78_quad7  card: 1  vars: [('x4', 'x14')]
  j=7 h=0 var=('x4', 'x14') xyval=1.2805205219701388 coeff=-1.61999788
  z=0.01 -> displacement 0.000e+00   scaled displacement 0.000e+00
 >riskyterm: 8  z: z_78_quad8  card: 1  vars: [('x4', 'x15')]
  j=8 h=0 var=('x4', 'x15') xyval=1.2305084598940543 coeff=4.47509892
  z=-0.01 -> displacement 0.000e+00   scaled displacement 0.000e+00
 >riskyterm: 9  z: z_78_quad9  card: 1  vars: [('x4', 'x18')]
  j=9 h=0 var=('x4', 'x18') xyval=4.3105718971356435 coeff=-4.47509892
  z=0.01 -> displacement 0.000e+00   scaled displacement 0.000e+00
 SUMMARY - feat: e93 (>)  Greedy: 0 at term:    L1norm: 0  L2norm: 0  slack: 0.531815  scale: 43.7058
>feat: 79  name: e94  numrisky: 24
 >riskyterm: 0  z: z_79_quad0  card: 1  vars: [('x3', 'x3')]
  j=0 h=0 var=('x3', 'x3') xyval=0.4089109114164637 coeff=5.662725869
  z=-0.01 -> displacement 0.000e+00   scaled displacement 0.000e+00
 >riskyterm: 1  z: z_79_quad1  card: 1  vars: [('x3', 'x5')]
  j=1 h=0 var=('x3', 'x5') xyval=-1.0208897661849805 coeff=4.47509892
  z=0.01 -> displacement 0.000e+00   scaled displacement 0.000e+00
 >riskyterm: 2  z: z_79_quad2  card: 1  vars: [('x3', 'x6')]
  j=2 h=0 var=('x3', 'x6') xyval=-0.0 coeff=-10.9867653
  z=-0.01 -> displacement 0.000e+00   scaled displacement 0.000e+00
 >riskyterm: 3  z: z_79_quad3  card: 1  vars: [('x3', 'x7')]
  j=3 h=0 var=('x3', 'x7') xyval=-0.6394614229306281 coeff=1.274807375
  z=0.01 -> displacement 0.000e+00   scaled displacement 0.000e+00
 >riskyterm: 4  z: z_79_quad4  card: 1  vars: [('x3', 'x8')]
  j=4 h=0 var=('x3', 'x8') xyval=-2.2835550282479624 coeff=-4.47509892
  z=-0.01 -> displacement 0.000e+00   scaled displacement 0.000e+00
 >riskyterm: 5  z: z_79_quad5  card: 1  vars: [('x3', 'x15')]
  j=5 h=0 var=('x3', 'x15') xyval=-1.0234637909591835 coeff=-1.61999788
  z=-0.01 -> displacement 0.000e+00   scaled displacement 0.000e+00
 >riskyterm: 6  z: z_79_quad6  card: 1  vars: [('x3', 'x16')]
  j=6 h=0 var=('x3', 'x16') xyval=-2.523818363544045 coeff=1.61999788
  z=0.01 -> displacement 0.000e+00   scaled displacement 0.000e+00
 >riskyterm: 7  z: z_79_quad7  card: 1  vars: [('x4', 'x4')]
  j=7 h=0 var=('x4', 'x4') xyval=0.5910890885835367 coeff=5.662725869
  z=-0.01 -> displacement 0.000e+00   scaled displacement 0.000e+00
 >riskyterm: 8  z: z_79_quad8  card: 1  vars: [('x4', 'x5')]
  j=8 h=0 var=('x4', 'x5') xyval=1.227413715078837 coeff=1.61999788
  z=-0.01 -> displacement 0.000e+00   scaled displacement 0.000e+00
 >riskyterm: 9  z: z_79_quad9  card: 1  vars: [('x4', 'x6')]
  j=9 h=0 var=('x4', 'x6') xyval=0.0 coeff=-1.274807375
  z=-0.01 -> displacement 0.000e+00   scaled displacement 0.000e+00
 >riskyterm: 10  z: z_79_quad10  card: 1  vars: [('x4', 'x7')]
  j=10 h=0 var=('x4', 'x7') xyval=0.7688231842130782 coeff=-10.9867653
  z=0.01 -> displacement 0.000e+00   scaled displacement 0.000e+00
 >riskyterm: 11  z: z_79_quad11  card: 1  vars: [('x4', 'x8')]
  j=11 h=0 var=('x4', 'x8') xyval=2.745513623163231 coeff=-1.61999788
  z=0.01 -> displacement 0.000e+00   scaled displacement 0.000e+00
 >riskyterm: 12  z: z_79_quad12  card: 1  vars: [('x4', 'x15')]
  j=12 h=0 var=('x4', 'x15') xyval=1.2305084598940543 coeff=4.47509892
  z=-0.01 -> displacement 0.000e+00   scaled displacement 0.000e+00
 >riskyterm: 13  z: z_79_quad13  card: 1  vars: [('x4', 'x16')]
  j=13 h=0 var=('x4', 'x16') xyval=3.034381748538838 coeff=-4.47509892
  z=0.01 -> displacement 0.000e+00   scaled displacement 0.000e+00
 >riskyterm: 14  z: z_79_quad15  card: 1  vars: [('x5', 'x6')]
  j=14 h=0 var=('x5', 'x6') xyval=0.0 coeff=-4.5236206
  z=-0.01 -> displacement 0.000e+00   scaled displacement 0.000e+00
 >riskyterm: 15  z: z_79_quad16  card: 1  vars: [('x5', 'x7')]
  j=15 h=0 var=('x5', 'x7') xyval=1.5964837433136785 coeff=-1.06782914
  z=0.01 -> displacement 0.000e+00   scaled displacement 0.000e+00
 >riskyterm: 16  z: z_79_quad18  card: 1  vars: [('x6', 'x6')]
  j=16 h=0 var=('x6', 'x6') xyval=0.0 coeff=5.400850601
  z=-0.01 -> displacement 0.000e+00   scaled displacement 0.000e+00
 >riskyterm: 17  z: z_79_quad19  card: 1  vars: [('x6', 'x8')]
  j=17 h=0 var=('x6', 'x8') xyval=0.0 coeff=4.5236206
  z=-0.01 -> displacement 0.000e+00   scaled displacement 0.000e+00
 >riskyterm: 18  z: z_79_quad20  card: 1  vars: [('x6', 'x15')]
  j=18 h=0 var=('x6', 'x15') xyval=0.0 coeff=1.06782914
  z=-0.01 -> displacement 0.000e+00   scaled displacement 0.000e+00
 >riskyterm: 19  z: z_79_quad21  card: 1  vars: [('x6', 'x16')]
  j=19 h=0 var=('x6', 'x16') xyval=0.0 coeff=-1.06782914
  z=-0.01 -> displacement 0.000e+00   scaled displacement 0.000e+00
 >riskyterm: 20  z: z_79_quad22  card: 1  vars: [('x7', 'x7')]
  j=20 h=0 var=('x7', 'x7') xyval=1.0 coeff=5.400850601
  z=-0.01 -> displacement 0.000e+00   scaled displacement 0.000e+00
 >riskyterm: 21  z: z_79_quad23  card: 1  vars: [('x7', 'x8')]
  j=21 h=0 var=('x7', 'x8') xyval=3.571059873764572 coeff=1.06782914
  z=-0.01 -> displacement 0.000e+00   scaled displacement 0.000e+00
 >riskyterm: 22  z: z_79_quad24  card: 1  vars: [('x7', 'x15')]
  j=22 h=0 var=('x7', 'x15') xyval=1.6005090444216115 coeff=-4.5236206
  z=0.01 -> displacement 0.000e+00   scaled displacement 0.000e+00
 >riskyterm: 23  z: z_79_quad25  card: 1  vars: [('x7', 'x16')]
  j=23 h=0 var=('x7', 'x16') xyval=3.94678752 coeff=4.5236206
  z=-0.01 -> displacement 0.000e+00   scaled displacement 0.000e+00
 SUMMARY - feat: e94 (>)  Greedy: 0 at term:    L1norm: 0  L2norm: 0  slack: 13.794  scale: 101.396
>feat: 80  name: e95  numrisky: 24
 >riskyterm: 0  z: z_80_quad0  card: 1  vars: [('x3', 'x3')]
  j=0 h=0 var=('x3', 'x3') xyval=0.4089109114164637 coeff=5.662725869
  z=-0.01 -> displacement 0.000e+00   scaled displacement 0.000e+00
 >riskyterm: 1  z: z_80_quad1  card: 1  vars: [('x3', 'x5')]
  j=1 h=0 var=('x3', 'x5') xyval=-1.0208897661849805 coeff=4.47509892
  z=0.01 -> displacement 0.000e+00   scaled displacement 0.000e+00
 >riskyterm: 2  z: z_80_quad2  card: 1  vars: [('x3', 'x9')]
  j=2 h=0 var=('x3', 'x9') xyval=0.6394483800859143 coeff=8.628952005
  z=-0.01 -> displacement 0.000e+00   scaled displacement 0.000e+00
 >riskyterm: 3  z: z_80_quad3  card: 1  vars: [('x3', 'x10')]
  j=3 h=0 var=('x3', 'x10') xyval=0.004084191714722727 coeff=-6.864253017
  z=0.01 -> displacement 0.000e+00   scaled displacement 0.000e+00
 >riskyterm: 4  z: z_80_quad4  card: 1  vars: [('x3', 'x11')]
  j=4 h=0 var=('x3', 'x11') xyval=-0.9832293576956092 coeff=-4.47509892
  z=-0.01 -> displacement 0.000e+00   scaled displacement 0.000e+00
 >riskyterm: 5  z: z_80_quad5  card: 1  vars: [('x3', 'x15')]
  j=5 h=0 var=('x3', 'x15') xyval=-1.0234637909591835 coeff=-1.61999788
  z=-0.01 -> displacement 0.000e+00   scaled displacement 0.000e+00
 >riskyterm: 6  z: z_80_quad6  card: 1  vars: [('x3', 'x17')]
  j=6 h=0 var=('x3', 'x17') xyval=-5.403437618519153 coeff=1.61999788
  z=0.01 -> displacement 0.000e+00   scaled displacement 0.000e+00
 >riskyterm: 7  z: z_80_quad7  card: 1  vars: [('x4', 'x4')]
  j=7 h=0 var=('x4', 'x4') xyval=0.5910890885835367 coeff=5.662725869
  z=-0.01 -> displacement 0.000e+00   scaled displacement 0.000e+00
 >riskyterm: 8  z: z_80_quad8  card: 1  vars: [('x4', 'x5')]
  j=8 h=0 var=('x4', 'x5') xyval=1.227413715078837 coeff=1.61999788
  z=-0.01 -> displacement 0.000e+00   scaled displacement 0.000e+00
 >riskyterm: 9  z: z_80_quad9  card: 1  vars: [('x4', 'x9')]
  j=9 h=0 var=('x4', 'x9') xyval=-0.7688075028270797 coeff=6.864253017
  z=0.01 -> displacement 0.000e+00   scaled displacement 0.000e+00
 >riskyterm: 10  z: z_80_quad10  card: 1  vars: [('x4', 'x10')]
  j=10 h=0 var=('x4', 'x10') xyval=-0.004910415494118781 coeff=8.628952005
  z=0.01 -> displacement 0.000e+00   scaled displacement 0.000e+00
 >riskyterm: 11  z: z_80_quad11  card: 1  vars: [('x4', 'x11')]
  j=11 h=0 var=('x4', 'x11') xyval=1.1821346816058438 coeff=-1.61999788
  z=0.01 -> displacement 0.000e+00   scaled displacement 0.000e+00
 >riskyterm: 12  z: z_80_quad12  card: 1  vars: [('x4', 'x15')]
  j=12 h=0 var=('x4', 'x15') xyval=1.2305084598940543 coeff=4.47509892
  z=-0.01 -> displacement 0.000e+00   scaled displacement 0.000e+00
 >riskyterm: 13  z: z_80_quad13  card: 1  vars: [('x4', 'x17')]
  j=13 h=0 var=('x4', 'x17') xyval=6.496542194097773 coeff=-4.47509892
  z=0.01 -> displacement 0.000e+00   scaled displacement 0.000e+00
 >riskyterm: 14  z: z_80_quad15  card: 1  vars: [('x5', 'x9')]
  j=14 h=0 var=('x5', 'x9') xyval=-1.5964511804587422 coeff=4.3914795
  z=0.01 -> displacement 0.000e+00   scaled displacement 0.000e+00
 >riskyterm: 15  z: z_80_quad16  card: 1  vars: [('x5', 'x10')]
  j=15 h=0 var=('x5', 'x10') xyval=-0.010196620848914931 coeff=-1.47802734
  z=-0.01 -> displacement 0.000e+00   scaled displacement 0.000e+00
 >riskyterm: 16  z: z_80_quad18  card: 1  vars: [('x9', 'x9')]
  j=16 h=0 var=('x9', 'x9') xyval=0.9999592071977097 coeff=5.367414254
  z=-0.01 -> displacement 0.000e+00   scaled displacement 0.000e+00
 >riskyterm: 17  z: z_80_quad19  card: 1  vars: [('x9', 'x11')]
  j=17 h=0 var=('x9', 'x11') xyval=-1.5375584326020444 coeff=-4.3914795
  z=-0.01 -> displacement 0.000e+00   scaled displacement 0.000e+00
 >riskyterm: 18  z: z_80_quad20  card: 1  vars: [('x9', 'x15')]
  j=18 h=0 var=('x9', 'x15') xyval=-1.6004763994641817 coeff=1.47802734
  z=0.01 -> displacement 0.000e+00   scaled displacement 0.000e+00
 >riskyterm: 19  z: z_80_quad21  card: 1  vars: [('x9', 'x17')]
  j=19 h=0 var=('x9', 'x17') xyval=-8.449809813312426 coeff=-1.47802734
  z=-0.01 -> displacement 0.000e+00   scaled displacement 0.000e+00
 >riskyterm: 20  z: z_80_quad22  card: 1  vars: [('x10', 'x10')]
  j=20 h=0 var=('x10', 'x10') xyval=4.0792802287491546e-05 coeff=5.367414254
  z=-0.01 -> displacement 0.000e+00   scaled displacement 0.000e+00
 >riskyterm: 21  z: z_80_quad23  card: 1  vars: [('x10', 'x11')]
  j=21 h=0 var=('x10', 'x11') xyval=-0.009820469653065059 coeff=1.47802734
  z=0.01 -> displacement 0.000e+00   scaled displacement 0.000e+00
 >riskyterm: 22  z: z_80_quad24  card: 1  vars: [('x10', 'x15')]
  j=22 h=0 var=('x10', 'x15') xyval=-0.010222330142462209 coeff=4.3914795
  z=0.01 -> displacement 0.000e+00   scaled displacement 0.000e+00
 >riskyterm: 23  z: z_80_quad25  card: 1  vars: [('x10', 'x17')]
  j=23 h=0 var=('x10', 'x17') xyval=-0.053969396600671134 coeff=-4.3914795
  z=-0.01 -> displacement 0.000e+00   scaled displacement 0.000e+00
 SUMMARY - feat: e95 (>)  Greedy: 0 at term:    L1norm: 0  L2norm: 0  slack: 34.9434  scale: 108.905
>feat: 81  name: e96  numrisky: 24
 >riskyterm: 0  z: z_81_quad0  card: 1  vars: [('x3', 'x3')]
  j=0 h=0 var=('x3', 'x3') xyval=0.4089109114164637 coeff=5.662725869
  z=-0.01 -> displacement 0.000e+00   scaled displacement 0.000e+00
 >riskyterm: 1  z: z_81_quad1  card: 1  vars: [('x3', 'x5')]
  j=1 h=0 var=('x3', 'x5') xyval=-1.0208897661849805 coeff=4.47509892
  z=0.01 -> displacement 0.000e+00   scaled displacement 0.000e+00
 >riskyterm: 2  z: z_81_quad2  card: 1  vars: [('x3', 'x12')]
  j=2 h=0 var=('x3', 'x12') xyval=-0.2685645879376864 coeff=-7.585133123
  z=-0.01 -> displacement 0.000e+00   scaled displacement 0.000e+00
 >riskyterm: 3  z: z_81_quad3  card: 1  vars: [('x3', 'x13')]
  j=3 h=0 var=('x3', 'x13') xyval=-0.5803309172552539 coeff=0.1941182216
  z=0.01 -> displacement 0.000e+00   scaled displacement 0.000e+00
 >riskyterm: 4  z: z_81_quad4  card: 1  vars: [('x3', 'x14')]
  j=4 h=0 var=('x3', 'x14') xyval=-1.065060851291855 coeff=-4.47509892
  z=-0.01 -> displacement 0.000e+00   scaled displacement 0.000e+00
 >riskyterm: 5  z: z_81_quad5  card: 1  vars: [('x3', 'x15')]
  j=5 h=0 var=('x3', 'x15') xyval=-1.0234637909591835 coeff=-1.61999788
  z=-0.01 -> displacement 0.000e+00   scaled displacement 0.000e+00
 >riskyterm: 6  z: z_81_quad6  card: 1  vars: [('x3', 'x18')]
  j=6 h=0 var=('x3', 'x18') xyval=-3.585277467677394 coeff=1.61999788
  z=0.01 -> displacement 0.000e+00   scaled displacement 0.000e+00
 >riskyterm: 7  z: z_81_quad7  card: 1  vars: [('x4', 'x4')]
  j=7 h=0 var=('x4', 'x4') xyval=0.5910890885835367 coeff=5.662725869
  z=-0.01 -> displacement 0.000e+00   scaled displacement 0.000e+00
 >riskyterm: 8  z: z_81_quad8  card: 1  vars: [('x4', 'x5')]
  j=8 h=0 var=('x4', 'x5') xyval=1.227413715078837 coeff=1.61999788
  z=-0.01 -> displacement 0.000e+00   scaled displacement 0.000e+00
 >riskyterm: 9  z: z_81_quad9  card: 1  vars: [('x4', 'x12')]
  j=9 h=0 var=('x4', 'x12') xyval=0.32289466457388644 coeff=-0.1941182216
  z=0.01 -> displacement 0.000e+00   scaled displacement 0.000e+00
 >riskyterm: 10  z: z_81_quad10  card: 1  vars: [('x4', 'x13')]
  j=10 h=0 var=('x4', 'x13') xyval=0.6977306960233683 coeff=-7.585133123
  z=0.01 -> displacement 0.000e+00   scaled displacement 0.000e+00
 >riskyterm: 11  z: z_81_quad11  card: 1  vars: [('x4', 'x14')]
  j=11 h=0 var=('x4', 'x14') xyval=1.2805205219701388 coeff=-1.61999788
  z=0.01 -> displacement 0.000e+00   scaled displacement 0.000e+00
 >riskyterm: 12  z: z_81_quad12  card: 1  vars: [('x4', 'x15')]
  j=12 h=0 var=('x4', 'x15') xyval=1.2305084598940543 coeff=4.47509892
  z=-0.01 -> displacement 0.000e+00   scaled displacement 0.000e+00
 >riskyterm: 13  z: z_81_quad13  card: 1  vars: [('x4', 'x18')]
  j=13 h=0 var=('x4', 'x18') xyval=4.3105718971356435 coeff=-4.47509892
  z=0.01 -> displacement 0.000e+00   scaled displacement 0.000e+00
 >riskyterm: 14  z: z_81_quad15  card: 1  vars: [('x5', 'x12')]
  j=14 h=0 var=('x5', 'x12') xyval=0.6705001792090389 coeff=-3.02492942
  z=0.01 -> displacement 0.000e+00   scaled displacement 0.000e+00
 >riskyterm: 15  z: z_81_quad16  card: 1  vars: [('x5', 'x13')]
  j=15 h=0 var=('x5', 'x13') xyval=1.448858120157216 coeff=-1.00827778
  z=0.01 -> displacement 0.000e+00   scaled displacement 0.000e+00
 >riskyterm: 16  z: z_81_quad18  card: 1  vars: [('x12', 'x12')]
  j=16 h=0 var=('x12', 'x12') xyval=0.17638790230442186 coeff=2.541705519
  z=-0.01 -> displacement 0.000e+00   scaled displacement 0.000e+00
 >riskyterm: 17  z: z_81_quad19  card: 1  vars: [('x12', 'x14')]
  j=17 h=0 var=('x12', 'x14') xyval=0.6995108730772841 coeff=3.02492942
  z=-0.01 -> displacement 0.000e+00   scaled displacement 0.000e+00
 >riskyterm: 18  z: z_81_quad20  card: 1  vars: [('x12', 'x15')]
  j=18 h=0 var=('x12', 'x15') xyval=0.6721907477009156 coeff=1.00827778
  z=-0.01 -> displacement 0.000e+00   scaled displacement 0.000e+00
 >riskyterm: 19  z: z_81_quad21  card: 1  vars: [('x12', 'x18')]
  j=19 h=0 var=('x12', 'x18') xyval=2.3547392325962853 coeff=-1.00827778
  z=0.01 -> displacement 0.000e+00   scaled displacement 0.000e+00
 >riskyterm: 20  z: z_81_quad22  card: 1  vars: [('x13', 'x13')]
  j=20 h=0 var=('x13', 'x13') xyval=0.823612097695578 coeff=2.541705519
  z=-0.01 -> displacement 0.000e+00   scaled displacement 0.000e+00
 >riskyterm: 21  z: z_81_quad23  card: 1  vars: [('x13', 'x14')]
  j=21 h=0 var=('x13', 'x14') xyval=1.511546215829295 coeff=1.00827778
  z=-0.01 -> displacement 0.000e+00   scaled displacement 0.000e+00
 >riskyterm: 22  z: z_81_quad24  card: 1  vars: [('x13', 'x15')]
  j=22 h=0 var=('x13', 'x15') xyval=1.4525112047694033 coeff=-3.02492942
  z=0.01 -> displacement 0.000e+00   scaled displacement 0.000e+00
 >riskyterm: 23  z: z_81_quad25  card: 1  vars: [('x13', 'x18')]
  j=23 h=0 var=('x13', 'x18') xyval=5.088265691479037 coeff=3.02492942
  z=-0.01 -> displacement 0.000e+00   scaled displacement 0.000e+00
 SUMMARY - feat: e96 (>)  Greedy: 0 at term:    L1norm: 0  L2norm: 0  slack: 10.6902  scale: 80.4806
>feat: 82  name: e97  numrisky: 24
 >riskyterm: 0  z: z_82_quad0  card: 1  vars: [('x3', 'x3')]
  j=0 h=0 var=('x3', 'x3') xyval=0.4089109114164637 coeff=5.662725869
  z=-0.01 -> displacement 0.000e+00   scaled displacement 0.000e+00
 >riskyterm: 1  z: z_82_quad1  card: 1  vars: [('x3', 'x5')]
  j=1 h=0 var=('x3', 'x5') xyval=-1.0208897661849805 coeff=4.47509892
  z=0.01 -> displacement 0.000e+00   scaled displacement 0.000e+00
 >riskyterm: 2  z: z_82_quad2  card: 1  vars: [('x3', 'x6')]
  j=2 h=0 var=('x3', 'x6') xyval=-0.0 coeff=7.795722068
  z=-0.01 -> displacement 0.000e+00   scaled displacement 0.000e+00
 >riskyterm: 3  z: z_82_quad3  card: 1  vars: [('x3', 'x7')]
  j=3 h=0 var=('x3', 'x7') xyval=-0.6394614229306281 coeff=-6.495909895
  z=-0.01 -> displacement 0.000e+00   scaled displacement 0.000e+00
 >riskyterm: 4  z: z_82_quad4  card: 1  vars: [('x3', 'x8')]
  j=4 h=0 var=('x3', 'x8') xyval=-2.2835550282479624 coeff=-4.47509892
  z=-0.01 -> displacement 0.000e+00   scaled displacement 0.000e+00
 >riskyterm: 5  z: z_82_quad5  card: 1  vars: [('x3', 'x15')]
  j=5 h=0 var=('x3', 'x15') xyval=-1.0234637909591835 coeff=-1.61999788
  z=-0.01 -> displacement 0.000e+00   scaled displacement 0.000e+00
 >riskyterm: 6  z: z_82_quad6  card: 1  vars: [('x3', 'x16')]
  j=6 h=0 var=('x3', 'x16') xyval=-2.523818363544045 coeff=1.61999788
  z=0.01 -> displacement 0.000e+00   scaled displacement 0.000e+00
 >riskyterm: 7  z: z_82_quad7  card: 1  vars: [('x4', 'x4')]
  j=7 h=0 var=('x4', 'x4') xyval=0.5910890885835367 coeff=5.662725869
  z=-0.01 -> displacement 0.000e+00   scaled displacement 0.000e+00
 >riskyterm: 8  z: z_82_quad8  card: 1  vars: [('x4', 'x5')]
  j=8 h=0 var=('x4', 'x5') xyval=1.227413715078837 coeff=1.61999788
  z=-0.01 -> displacement 0.000e+00   scaled displacement 0.000e+00
 >riskyterm: 9  z: z_82_quad9  card: 1  vars: [('x4', 'x6')]
  j=9 h=0 var=('x4', 'x6') xyval=0.0 coeff=6.495909895
  z=-0.01 -> displacement 0.000e+00   scaled displacement 0.000e+00
 >riskyterm: 10  z: z_82_quad10  card: 1  vars: [('x4', 'x7')]
  j=10 h=0 var=('x4', 'x7') xyval=0.7688231842130782 coeff=7.795722068
  z=-0.01 -> displacement 0.000e+00   scaled displacement 0.000e+00
 >riskyterm: 11  z: z_82_quad11  card: 1  vars: [('x4', 'x8')]
  j=11 h=0 var=('x4', 'x8') xyval=2.745513623163231 coeff=-1.61999788
  z=0.01 -> displacement 0.000e+00   scaled displacement 0.000e+00
 >riskyterm: 12  z: z_82_quad12  card: 1  vars: [('x4', 'x15')]
  j=12 h=0 var=('x4', 'x15') xyval=1.2305084598940543 coeff=4.47509892
  z=-0.01 -> displacement 0.000e+00   scaled displacement 0.000e+00
 >riskyterm: 13  z: z_82_quad13  card: 1  vars: [('x4', 'x16')]
  j=13 h=0 var=('x4', 'x16') xyval=3.034381748538838 coeff=-4.47509892
  z=0.01 -> displacement 0.000e+00   scaled displacement 0.000e+00
 >riskyterm: 14  z: z_82_quad15  card: 1  vars: [('x5', 'x6')]
  j=14 h=0 var=('x5', 'x6') xyval=0.0 coeff=4.009552
  z=-0.01 -> displacement 0.000e+00   scaled displacement 0.000e+00
 >riskyterm: 15  z: z_82_quad16  card: 1  vars: [('x5', 'x7')]
  j=15 h=0 var=('x5', 'x7') xyval=1.5964837433136785 coeff=-1.45166714
  z=0.01 -> displacement 0.000e+00   scaled displacement 0.000e+00
 >riskyterm: 16  z: z_82_quad18  card: 1  vars: [('x6', 'x6')]
  j=16 h=0 var=('x6', 'x6') xyval=0.0 coeff=4.545961182
  z=-0.01 -> displacement 0.000e+00   scaled displacement 0.000e+00
 >riskyterm: 17  z: z_82_quad19  card: 1  vars: [('x6', 'x8')]
  j=17 h=0 var=('x6', 'x8') xyval=0.0 coeff=-4.009552
  z=-0.01 -> displacement 0.000e+00   scaled displacement 0.000e+00
 >riskyterm: 18  z: z_82_quad20  card: 1  vars: [('x6', 'x15')]
  j=18 h=0 var=('x6', 'x15') xyval=0.0 coeff=1.45166714
  z=-0.01 -> displacement 0.000e+00   scaled displacement 0.000e+00
 >riskyterm: 19  z: z_82_quad21  card: 1  vars: [('x6', 'x16')]
  j=19 h=0 var=('x6', 'x16') xyval=0.0 coeff=-1.45166714
  z=-0.01 -> displacement 0.000e+00   scaled displacement 0.000e+00
 >riskyterm: 20  z: z_82_quad22  card: 1  vars: [('x7', 'x7')]
  j=20 h=0 var=('x7', 'x7') xyval=1.0 coeff=4.545961182
  z=-0.01 -> displacement 0.000e+00   scaled displacement 0.000e+00
 >riskyterm: 21  z: z_82_quad23  card: 1  vars: [('x7', 'x8')]
  j=21 h=0 var=('x7', 'x8') xyval=3.571059873764572 coeff=1.45166714
  z=-0.01 -> displacement 0.000e+00   scaled displacement 0.000e+00
 >riskyterm: 22  z: z_82_quad24  card: 1  vars: [('x7', 'x15')]
  j=22 h=0 var=('x7', 'x15') xyval=1.6005090444216115 coeff=4.009552
  z=-0.01 -> displacement 0.000e+00   scaled displacement 0.000e+00
 >riskyterm: 23  z: z_82_quad25  card: 1  vars: [('x7', 'x16')]
  j=23 h=0 var=('x7', 'x16') xyval=3.94678752 coeff=-4.009552
  z=0.01 -> displacement 0.000e+00   scaled displacement 0.000e+00
 SUMMARY - feat: e97 (>)  Greedy: 0 at term:    L1norm: 0  L2norm: 0  slack: 13.6933  scale: 103.226
>feat: 83  name: e98  numrisky: 24
 >riskyterm: 0  z: z_83_quad0  card: 1  vars: [('x3', 'x3')]
  j=0 h=0 var=('x3', 'x3') xyval=0.4089109114164637 coeff=5.662725869
  z=-0.01 -> displacement 0.000e+00   scaled displacement 0.000e+00
 >riskyterm: 1  z: z_83_quad1  card: 1  vars: [('x3', 'x5')]
  j=1 h=0 var=('x3', 'x5') xyval=-1.0208897661849805 coeff=4.47509892
  z=0.01 -> displacement 0.000e+00   scaled displacement 0.000e+00
 >riskyterm: 2  z: z_83_quad2  card: 1  vars: [('x3', 'x9')]
  j=2 h=0 var=('x3', 'x9') xyval=0.6394483800859143 coeff=-1.952110232
  z=0.01 -> displacement 0.000e+00   scaled displacement 0.000e+00
 >riskyterm: 3  z: z_83_quad3  card: 1  vars: [('x3', 'x10')]
  j=3 h=0 var=('x3', 'x10') xyval=0.004084191714722727 coeff=9.329992136
  z=-0.01 -> displacement 0.000e+00   scaled displacement 0.000e+00
 >riskyterm: 4  z: z_83_quad4  card: 1  vars: [('x3', 'x11')]
  j=4 h=0 var=('x3', 'x11') xyval=-0.9832293576956092 coeff=-4.47509892
  z=-0.01 -> displacement 0.000e+00   scaled displacement 0.000e+00
 >riskyterm: 5  z: z_83_quad5  card: 1  vars: [('x3', 'x15')]
  j=5 h=0 var=('x3', 'x15') xyval=-1.0234637909591835 coeff=-1.61999788
  z=-0.01 -> displacement 0.000e+00   scaled displacement 0.000e+00
 >riskyterm: 6  z: z_83_quad6  card: 1  vars: [('x3', 'x17')]
  j=6 h=0 var=('x3', 'x17') xyval=-5.403437618519153 coeff=1.61999788
  z=0.01 -> displacement 0.000e+00   scaled displacement 0.000e+00
 >riskyterm: 7  z: z_83_quad7  card: 1  vars: [('x4', 'x4')]
  j=7 h=0 var=('x4', 'x4') xyval=0.5910890885835367 coeff=5.662725869
  z=-0.01 -> displacement 0.000e+00   scaled displacement 0.000e+00
 >riskyterm: 8  z: z_83_quad8  card: 1  vars: [('x4', 'x5')]
  j=8 h=0 var=('x4', 'x5') xyval=1.227413715078837 coeff=1.61999788
  z=-0.01 -> displacement 0.000e+00   scaled displacement 0.000e+00
 >riskyterm: 9  z: z_83_quad9  card: 1  vars: [('x4', 'x9')]
  j=9 h=0 var=('x4', 'x9') xyval=-0.7688075028270797 coeff=-9.329992136
  z=-0.01 -> displacement 0.000e+00   scaled displacement 0.000e+00
 >riskyterm: 10  z: z_83_quad10  card: 1  vars: [('x4', 'x10')]
  j=10 h=0 var=('x4', 'x10') xyval=-0.004910415494118781 coeff=-1.952110232
  z=-0.01 -> displacement 0.000e+00   scaled displacement 0.000e+00
 >riskyterm: 11  z: z_83_quad11  card: 1  vars: [('x4', 'x11')]
  j=11 h=0 var=('x4', 'x11') xyval=1.1821346816058438 coeff=-1.61999788
  z=0.01 -> displacement 0.000e+00   scaled displacement 0.000e+00
 >riskyterm: 12  z: z_83_quad12  card: 1  vars: [('x4', 'x15')]
  j=12 h=0 var=('x4', 'x15') xyval=1.2305084598940543 coeff=4.47509892
  z=-0.01 -> displacement 0.000e+00   scaled displacement 0.000e+00
 >riskyterm: 13  z: z_83_quad13  card: 1  vars: [('x4', 'x17')]
  j=13 h=0 var=('x4', 'x17') xyval=6.496542194097773 coeff=-4.47509892
  z=0.01 -> displacement 0.000e+00   scaled displacement 0.000e+00
 >riskyterm: 14  z: z_83_quad15  card: 1  vars: [('x5', 'x9')]
  j=14 h=0 var=('x5', 'x9') xyval=-1.5964511804587422 coeff=-2.10591634
  z=-0.01 -> displacement 0.000e+00   scaled displacement 0.000e+00
 >riskyterm: 15  z: z_83_quad16  card: 1  vars: [('x5', 'x10')]
  j=15 h=0 var=('x5', 'x10') xyval=-0.010196620848914931 coeff=3.40738932
  z=0.01 -> displacement 0.000e+00   scaled displacement 0.000e+00
 >riskyterm: 16  z: z_83_quad18  card: 1  vars: [('x9', 'x9')]
  j=16 h=0 var=('x9', 'x9') xyval=0.9999592071977097 coeff=4.011296402
  z=-0.01 -> displacement 0.000e+00   scaled displacement 0.000e+00
 >riskyterm: 17  z: z_83_quad19  card: 1  vars: [('x9', 'x11')]
  j=17 h=0 var=('x9', 'x11') xyval=-1.5375584326020444 coeff=2.10591634
  z=0.01 -> displacement 0.000e+00   scaled displacement 0.000e+00
 >riskyterm: 18  z: z_83_quad20  card: 1  vars: [('x9', 'x15')]
  j=18 h=0 var=('x9', 'x15') xyval=-1.6004763994641817 coeff=-3.40738932
  z=-0.01 -> displacement 0.000e+00   scaled displacement 0.000e+00
 >riskyterm: 19  z: z_83_quad21  card: 1  vars: [('x9', 'x17')]
  j=19 h=0 var=('x9', 'x17') xyval=-8.449809813312426 coeff=3.40738932
  z=0.01 -> displacement 0.000e+00   scaled displacement 0.000e+00
 >riskyterm: 20  z: z_83_quad22  card: 1  vars: [('x10', 'x10')]
  j=20 h=0 var=('x10', 'x10') xyval=4.0792802287491546e-05 coeff=4.011296402
  z=-0.01 -> displacement 0.000e+00   scaled displacement 0.000e+00
 >riskyterm: 21  z: z_83_quad23  card: 1  vars: [('x10', 'x11')]
  j=21 h=0 var=('x10', 'x11') xyval=-0.009820469653065059 coeff=-3.40738932
  z=-0.01 -> displacement 0.000e+00   scaled displacement 0.000e+00
 >riskyterm: 22  z: z_83_quad24  card: 1  vars: [('x10', 'x15')]
  j=22 h=0 var=('x10', 'x15') xyval=-0.010222330142462209 coeff=-2.10591634
  z=-0.01 -> displacement 0.000e+00   scaled displacement 0.000e+00
 >riskyterm: 23  z: z_83_quad25  card: 1  vars: [('x10', 'x17')]
  j=23 h=0 var=('x10', 'x17') xyval=-0.053969396600671134 coeff=2.10591634
  z=0.01 -> displacement 0.000e+00   scaled displacement 0.000e+00
 SUMMARY - feat: e98 (>)  Greedy: 0 at term:    L1norm: 0  L2norm: 0  slack: 6.91382  scale: 96.3459
>feat: 84  name: e99  numrisky: 24
 >riskyterm: 0  z: z_84_quad0  card: 1  vars: [('x3', 'x3')]
  j=0 h=0 var=('x3', 'x3') xyval=0.4089109114164637 coeff=5.662725869
  z=-0.01 -> displacement 0.000e+00   scaled displacement 0.000e+00
 >riskyterm: 1  z: z_84_quad1  card: 1  vars: [('x3', 'x5')]
  j=1 h=0 var=('x3', 'x5') xyval=-1.0208897661849805 coeff=4.47509892
  z=0.01 -> displacement 0.000e+00   scaled displacement 0.000e+00
 >riskyterm: 2  z: z_84_quad2  card: 1  vars: [('x3', 'x12')]
  j=2 h=0 var=('x3', 'x12') xyval=-0.2685645879376864 coeff=3.876021313
  z=0.01 -> displacement 0.000e+00   scaled displacement 0.000e+00
 >riskyterm: 3  z: z_84_quad3  card: 1  vars: [('x3', 'x13')]
  j=3 h=0 var=('x3', 'x13') xyval=-0.5803309172552539 coeff=-5.159869945
  z=-0.01 -> displacement 0.000e+00   scaled displacement 0.000e+00
 >riskyterm: 4  z: z_84_quad4  card: 1  vars: [('x3', 'x14')]
  j=4 h=0 var=('x3', 'x14') xyval=-1.065060851291855 coeff=-4.47509892
  z=-0.01 -> displacement 0.000e+00   scaled displacement 0.000e+00
 >riskyterm: 5  z: z_84_quad5  card: 1  vars: [('x3', 'x15')]
  j=5 h=0 var=('x3', 'x15') xyval=-1.0234637909591835 coeff=-1.61999788
  z=-0.01 -> displacement 0.000e+00   scaled displacement 0.000e+00
 >riskyterm: 6  z: z_84_quad6  card: 1  vars: [('x3', 'x18')]
  j=6 h=0 var=('x3', 'x18') xyval=-3.585277467677394 coeff=1.61999788
  z=0.01 -> displacement 0.000e+00   scaled displacement 0.000e+00
 >riskyterm: 7  z: z_84_quad7  card: 1  vars: [('x4', 'x4')]
  j=7 h=0 var=('x4', 'x4') xyval=0.5910890885835367 coeff=5.662725869
  z=-0.01 -> displacement 0.000e+00   scaled displacement 0.000e+00
 >riskyterm: 8  z: z_84_quad8  card: 1  vars: [('x4', 'x5')]
  j=8 h=0 var=('x4', 'x5') xyval=1.227413715078837 coeff=1.61999788
  z=-0.01 -> displacement 0.000e+00   scaled displacement 0.000e+00
 >riskyterm: 9  z: z_84_quad9  card: 1  vars: [('x4', 'x12')]
  j=9 h=0 var=('x4', 'x12') xyval=0.32289466457388644 coeff=5.159869945
  z=-0.01 -> displacement 0.000e+00   scaled displacement 0.000e+00
 >riskyterm: 10  z: z_84_quad10  card: 1  vars: [('x4', 'x13')]
  j=10 h=0 var=('x4', 'x13') xyval=0.6977306960233683 coeff=3.876021313
  z=-0.01 -> displacement 0.000e+00   scaled displacement 0.000e+00
 >riskyterm: 11  z: z_84_quad11  card: 1  vars: [('x4', 'x14')]
  j=11 h=0 var=('x4', 'x14') xyval=1.2805205219701388 coeff=-1.61999788
  z=0.01 -> displacement 0.000e+00   scaled displacement 0.000e+00
 >riskyterm: 12  z: z_84_quad12  card: 1  vars: [('x4', 'x15')]
  j=12 h=0 var=('x4', 'x15') xyval=1.2305084598940543 coeff=4.47509892
  z=-0.01 -> displacement 0.000e+00   scaled displacement 0.000e+00
 >riskyterm: 13  z: z_84_quad13  card: 1  vars: [('x4', 'x18')]
  j=13 h=0 var=('x4', 'x18') xyval=4.3105718971356435 coeff=-4.47509892
  z=0.01 -> displacement 4.919e-02   scaled displacement 6.113e-04
 >riskyterm: 14  z: z_84_quad15  card: 1  vars: [('x5', 'x12')]
  j=14 h=0 var=('x5', 'x12') xyval=0.6705001792090389 coeff=2.26962754
  z=-0.01 -> displacement 0.000e+00   scaled displacement 0.000e+00
 >riskyterm: 15  z: z_84_quad16  card: 1  vars: [('x5', 'x13')]
  j=15 h=0 var=('x5', 'x13') xyval=1.448858120157216 coeff=-1.48442486
  z=0.01 -> displacement 0.000e+00   scaled displacement 0.000e+00
 >riskyterm: 16  z: z_84_quad18  card: 1  vars: [('x12', 'x12')]
  j=16 h=0 var=('x12', 'x12') xyval=0.17638790230442186 coeff=1.838681584
  z=-0.01 -> displacement 0.000e+00   scaled displacement 0.000e+00
 >riskyterm: 17  z: z_84_quad19  card: 1  vars: [('x12', 'x14')]
  j=17 h=0 var=('x12', 'x14') xyval=0.6995108730772841 coeff=-2.26962754
  z=0.01 -> displacement 0.000e+00   scaled displacement 0.000e+00
 >riskyterm: 18  z: z_84_quad20  card: 1  vars: [('x12', 'x15')]
  j=18 h=0 var=('x12', 'x15') xyval=0.6721907477009156 coeff=1.48442486
  z=-0.01 -> displacement 0.000e+00   scaled displacement 0.000e+00
 >riskyterm: 19  z: z_84_quad21  card: 1  vars: [('x12', 'x18')]
  j=19 h=0 var=('x12', 'x18') xyval=2.3547392325962853 coeff=-1.48442486
  z=0.01 -> displacement 0.000e+00   scaled displacement 0.000e+00
 >riskyterm: 20  z: z_84_quad22  card: 1  vars: [('x13', 'x13')]
  j=20 h=0 var=('x13', 'x13') xyval=0.823612097695578 coeff=1.838681584
  z=-0.01 -> displacement 0.000e+00   scaled displacement 0.000e+00
 >riskyterm: 21  z: z_84_quad23  card: 1  vars: [('x13', 'x14')]
  j=21 h=0 var=('x13', 'x14') xyval=1.511546215829295 coeff=1.48442486
  z=-0.01 -> displacement 0.000e+00   scaled displacement 0.000e+00
 >riskyterm: 22  z: z_84_quad24  card: 1  vars: [('x13', 'x15')]
  j=22 h=0 var=('x13', 'x15') xyval=1.4525112047694033 coeff=2.26962754
  z=-0.01 -> displacement 0.000e+00   scaled displacement 0.000e+00
 >riskyterm: 23  z: z_84_quad25  card: 1  vars: [('x13', 'x18')]
  j=23 h=0 var=('x13', 'x18') xyval=5.088265691479037 coeff=-2.26962754
  z=0.01 -> displacement 0.000e+00   scaled displacement 0.000e+00
 SUMMARY - feat: e99 (>)  Greedy: 0.000611294 at term: z_84_quad13   L1norm: 0.000611294  L2norm: 0.000611294  slack: 0.143711  scale: 80.4712
>feat: 85  name: e100  numrisky: 24
 >riskyterm: 0  z: z_85_quad0  card: 1  vars: [('x3', 'x3')]
  j=0 h=0 var=('x3', 'x3') xyval=0.4089109114164637 coeff=5.662725869
  z=-0.01 -> displacement 0.000e+00   scaled displacement 0.000e+00
 >riskyterm: 1  z: z_85_quad1  card: 1  vars: [('x3', 'x5')]
  j=1 h=0 var=('x3', 'x5') xyval=-1.0208897661849805 coeff=4.47509892
  z=0.01 -> displacement 0.000e+00   scaled displacement 0.000e+00
 >riskyterm: 2  z: z_85_quad2  card: 1  vars: [('x3', 'x6')]
  j=2 h=0 var=('x3', 'x6') xyval=-0.0 coeff=-17.86857599
  z=-0.01 -> displacement 0.000e+00   scaled displacement 0.000e+00
 >riskyterm: 3  z: z_85_quad3  card: 1  vars: [('x3', 'x7')]
  j=3 h=0 var=('x3', 'x7') xyval=-0.6394614229306281 coeff=2.073190391
  z=0.01 -> displacement 0.000e+00   scaled displacement 0.000e+00
 >riskyterm: 4  z: z_85_quad4  card: 1  vars: [('x3', 'x8')]
  j=4 h=0 var=('x3', 'x8') xyval=-2.2835550282479624 coeff=-4.47509892
  z=-0.01 -> displacement 0.000e+00   scaled displacement 0.000e+00
 >riskyterm: 5  z: z_85_quad5  card: 1  vars: [('x3', 'x15')]
  j=5 h=0 var=('x3', 'x15') xyval=-1.0234637909591835 coeff=-1.61999788
  z=-0.01 -> displacement 0.000e+00   scaled displacement 0.000e+00
 >riskyterm: 6  z: z_85_quad6  card: 1  vars: [('x3', 'x16')]
  j=6 h=0 var=('x3', 'x16') xyval=-2.523818363544045 coeff=1.61999788
  z=0.01 -> displacement 0.000e+00   scaled displacement 0.000e+00
 >riskyterm: 7  z: z_85_quad7  card: 1  vars: [('x4', 'x4')]
  j=7 h=0 var=('x4', 'x4') xyval=0.5910890885835367 coeff=5.662725869
  z=-0.01 -> displacement 0.000e+00   scaled displacement 0.000e+00
 >riskyterm: 8  z: z_85_quad8  card: 1  vars: [('x4', 'x5')]
  j=8 h=0 var=('x4', 'x5') xyval=1.227413715078837 coeff=1.61999788
  z=-0.01 -> displacement 0.000e+00   scaled displacement 0.000e+00
 >riskyterm: 9  z: z_85_quad9  card: 1  vars: [('x4', 'x6')]
  j=9 h=0 var=('x4', 'x6') xyval=0.0 coeff=-2.073190391
  z=-0.01 -> displacement 0.000e+00   scaled displacement 0.000e+00
 >riskyterm: 10  z: z_85_quad10  card: 1  vars: [('x4', 'x7')]
  j=10 h=0 var=('x4', 'x7') xyval=0.7688231842130782 coeff=-17.86857599
  z=0.01 -> displacement 0.000e+00   scaled displacement 0.000e+00
 >riskyterm: 11  z: z_85_quad11  card: 1  vars: [('x4', 'x8')]
  j=11 h=0 var=('x4', 'x8') xyval=2.745513623163231 coeff=-1.61999788
  z=0.01 -> displacement 0.000e+00   scaled displacement 0.000e+00
 >riskyterm: 12  z: z_85_quad12  card: 1  vars: [('x4', 'x15')]
  j=12 h=0 var=('x4', 'x15') xyval=1.2305084598940543 coeff=4.47509892
  z=-0.01 -> displacement 0.000e+00   scaled displacement 0.000e+00
 >riskyterm: 13  z: z_85_quad13  card: 1  vars: [('x4', 'x16')]
  j=13 h=0 var=('x4', 'x16') xyval=3.034381748538838 coeff=-4.47509892
  z=0.01 -> displacement 0.000e+00   scaled displacement 0.000e+00
 >riskyterm: 14  z: z_85_quad15  card: 1  vars: [('x5', 'x6')]
  j=14 h=0 var=('x5', 'x6') xyval=0.0 coeff=-7.357076
  z=-0.01 -> displacement 0.000e+00   scaled displacement 0.000e+00
 >riskyterm: 15  z: z_85_quad16  card: 1  vars: [('x5', 'x7')]
  j=15 h=0 var=('x5', 'x7') xyval=1.5964837433136785 coeff=-1.7367363
  z=0.01 -> displacement 0.000e+00   scaled displacement 0.000e+00
 >riskyterm: 16  z: z_85_quad18  card: 1  vars: [('x6', 'x6')]
  j=16 h=0 var=('x6', 'x6') xyval=0.0 coeff=14.28570506
  z=-0.01 -> displacement 0.000e+00   scaled displacement 0.000e+00
 >riskyterm: 17  z: z_85_quad19  card: 1  vars: [('x6', 'x8')]
  j=17 h=0 var=('x6', 'x8') xyval=0.0 coeff=7.357076
  z=-0.01 -> displacement 0.000e+00   scaled displacement 0.000e+00
 >riskyterm: 18  z: z_85_quad20  card: 1  vars: [('x6', 'x15')]
  j=18 h=0 var=('x6', 'x15') xyval=0.0 coeff=1.7367363
  z=-0.01 -> displacement 0.000e+00   scaled displacement 0.000e+00
 >riskyterm: 19  z: z_85_quad21  card: 1  vars: [('x6', 'x16')]
  j=19 h=0 var=('x6', 'x16') xyval=0.0 coeff=-1.7367363
  z=-0.01 -> displacement 0.000e+00   scaled displacement 0.000e+00
 >riskyterm: 20  z: z_85_quad22  card: 1  vars: [('x7', 'x7')]
  j=20 h=0 var=('x7', 'x7') xyval=1.0 coeff=14.28570506
  z=-0.01 -> displacement 0.000e+00   scaled displacement 0.000e+00
 >riskyterm: 21  z: z_85_quad23  card: 1  vars: [('x7', 'x8')]
  j=21 h=0 var=('x7', 'x8') xyval=3.571059873764572 coeff=1.7367363
  z=-0.01 -> displacement 0.000e+00   scaled displacement 0.000e+00
 >riskyterm: 22  z: z_85_quad24  card: 1  vars: [('x7', 'x15')]
  j=22 h=0 var=('x7', 'x15') xyval=1.6005090444216115 coeff=-7.357076
  z=0.01 -> displacement 0.000e+00   scaled displacement 0.000e+00
 >riskyterm: 23  z: z_85_quad25  card: 1  vars: [('x7', 'x16')]
  j=23 h=0 var=('x7', 'x16') xyval=3.94678752 coeff=7.357076
  z=-0.01 -> displacement 0.000e+00   scaled displacement 0.000e+00
 SUMMARY - feat: e100 (>)  Greedy: 0 at term:    L1norm: 0  L2norm: 0  slack: 25.8581  scale: 148.536
>feat: 86  name: e101  numrisky: 24
 >riskyterm: 0  z: z_86_quad0  card: 1  vars: [('x3', 'x3')]
  j=0 h=0 var=('x3', 'x3') xyval=0.4089109114164637 coeff=5.662725869
  z=-0.01 -> displacement 0.000e+00   scaled displacement 0.000e+00
 >riskyterm: 1  z: z_86_quad1  card: 1  vars: [('x3', 'x5')]
  j=1 h=0 var=('x3', 'x5') xyval=-1.0208897661849805 coeff=4.47509892
  z=0.01 -> displacement 0.000e+00   scaled displacement 0.000e+00
 >riskyterm: 2  z: z_86_quad2  card: 1  vars: [('x3', 'x9')]
  j=2 h=0 var=('x3', 'x9') xyval=0.6394483800859143 coeff=6.134215543
  z=-0.01 -> displacement 0.000e+00   scaled displacement 0.000e+00
 >riskyterm: 3  z: z_86_quad3  card: 1  vars: [('x3', 'x10')]
  j=3 h=0 var=('x3', 'x10') xyval=0.004084191714722727 coeff=-4.011552813
  z=0.01 -> displacement 0.000e+00   scaled displacement 0.000e+00
 >riskyterm: 4  z: z_86_quad4  card: 1  vars: [('x3', 'x11')]
  j=4 h=0 var=('x3', 'x11') xyval=-0.9832293576956092 coeff=-4.47509892
  z=-0.01 -> displacement 0.000e+00   scaled displacement 0.000e+00
 >riskyterm: 5  z: z_86_quad5  card: 1  vars: [('x3', 'x15')]
  j=5 h=0 var=('x3', 'x15') xyval=-1.0234637909591835 coeff=-1.61999788
  z=-0.01 -> displacement 0.000e+00   scaled displacement 0.000e+00
 >riskyterm: 6  z: z_86_quad6  card: 1  vars: [('x3', 'x17')]
  j=6 h=0 var=('x3', 'x17') xyval=-5.403437618519153 coeff=1.61999788
  z=0.01 -> displacement 0.000e+00   scaled displacement 0.000e+00
 >riskyterm: 7  z: z_86_quad7  card: 1  vars: [('x4', 'x4')]
  j=7 h=0 var=('x4', 'x4') xyval=0.5910890885835367 coeff=5.662725869
  z=-0.01 -> displacement 0.000e+00   scaled displacement 0.000e+00
 >riskyterm: 8  z: z_86_quad8  card: 1  vars: [('x4', 'x5')]
  j=8 h=0 var=('x4', 'x5') xyval=1.227413715078837 coeff=1.61999788
  z=-0.01 -> displacement 0.000e+00   scaled displacement 0.000e+00
 >riskyterm: 9  z: z_86_quad9  card: 1  vars: [('x4', 'x9')]
  j=9 h=0 var=('x4', 'x9') xyval=-0.7688075028270797 coeff=4.011552813
  z=0.01 -> displacement 0.000e+00   scaled displacement 0.000e+00
 >riskyterm: 10  z: z_86_quad10  card: 1  vars: [('x4', 'x10')]
  j=10 h=0 var=('x4', 'x10') xyval=-0.004910415494118781 coeff=6.134215543
  z=0.01 -> displacement 0.000e+00   scaled displacement 0.000e+00
 >riskyterm: 11  z: z_86_quad11  card: 1  vars: [('x4', 'x11')]
  j=11 h=0 var=('x4', 'x11') xyval=1.1821346816058438 coeff=-1.61999788
  z=0.01 -> displacement 0.000e+00   scaled displacement 0.000e+00
 >riskyterm: 12  z: z_86_quad12  card: 1  vars: [('x4', 'x15')]
  j=12 h=0 var=('x4', 'x15') xyval=1.2305084598940543 coeff=4.47509892
  z=-0.01 -> displacement 0.000e+00   scaled displacement 0.000e+00
 >riskyterm: 13  z: z_86_quad13  card: 1  vars: [('x4', 'x17')]
  j=13 h=0 var=('x4', 'x17') xyval=6.496542194097773 coeff=-4.47509892
  z=0.01 -> displacement 0.000e+00   scaled displacement 0.000e+00
 >riskyterm: 14  z: z_86_quad15  card: 1  vars: [('x5', 'x9')]
  j=14 h=0 var=('x5', 'x9') xyval=-1.5964511804587422 coeff=2.9976666
  z=0.01 -> displacement 0.000e+00   scaled displacement 0.000e+00
 >riskyterm: 15  z: z_86_quad16  card: 1  vars: [('x5', 'x10')]
  j=15 h=0 var=('x5', 'x10') xyval=-0.010196620848914931 coeff=-0.70766974
  z=-0.01 -> displacement 0.000e+00   scaled displacement 0.000e+00
 >riskyterm: 16  z: z_86_quad18  card: 1  vars: [('x9', 'x9')]
  j=16 h=0 var=('x9', 'x9') xyval=0.9999592071977097 coeff=2.371700376
  z=-0.01 -> displacement 0.000e+00   scaled displacement 0.000e+00
 >riskyterm: 17  z: z_86_quad19  card: 1  vars: [('x9', 'x11')]
  j=17 h=0 var=('x9', 'x11') xyval=-1.5375584326020444 coeff=-2.9976666
  z=-0.01 -> displacement 0.000e+00   scaled displacement 0.000e+00
 >riskyterm: 18  z: z_86_quad20  card: 1  vars: [('x9', 'x15')]
  j=18 h=0 var=('x9', 'x15') xyval=-1.6004763994641817 coeff=0.70766974
  z=0.01 -> displacement 0.000e+00   scaled displacement 0.000e+00
 >riskyterm: 19  z: z_86_quad21  card: 1  vars: [('x9', 'x17')]
  j=19 h=0 var=('x9', 'x17') xyval=-8.449809813312426 coeff=-0.70766974
  z=-0.01 -> displacement 0.000e+00   scaled displacement 0.000e+00
 >riskyterm: 20  z: z_86_quad22  card: 1  vars: [('x10', 'x10')]
  j=20 h=0 var=('x10', 'x10') xyval=4.0792802287491546e-05 coeff=2.371700376
  z=-0.01 -> displacement 0.000e+00   scaled displacement 0.000e+00
 >riskyterm: 21  z: z_86_quad23  card: 1  vars: [('x10', 'x11')]
  j=21 h=0 var=('x10', 'x11') xyval=-0.009820469653065059 coeff=0.70766974
  z=0.01 -> displacement 0.000e+00   scaled displacement 0.000e+00
 >riskyterm: 22  z: z_86_quad24  card: 1  vars: [('x10', 'x15')]
  j=22 h=0 var=('x10', 'x15') xyval=-0.010222330142462209 coeff=2.9976666
  z=0.01 -> displacement 0.000e+00   scaled displacement 0.000e+00
 >riskyterm: 23  z: z_86_quad25  card: 1  vars: [('x10', 'x17')]
  j=23 h=0 var=('x10', 'x17') xyval=-0.053969396600671134 coeff=-2.9976666
  z=-0.01 -> displacement 0.000e+00   scaled displacement 0.000e+00
 SUMMARY - feat: e101 (>)  Greedy: 0 at term:    L1norm: 0  L2norm: 0  slack: 25.9532  scale: 83.5621
>feat: 87  name: e102  numrisky: 24
 >riskyterm: 0  z: z_87_quad0  card: 1  vars: [('x3', 'x3')]
  j=0 h=0 var=('x3', 'x3') xyval=0.4089109114164637 coeff=5.662725869
  z=-0.01 -> displacement 0.000e+00   scaled displacement 0.000e+00
 >riskyterm: 1  z: z_87_quad1  card: 1  vars: [('x3', 'x5')]
  j=1 h=0 var=('x3', 'x5') xyval=-1.0208897661849805 coeff=4.47509892
  z=0.01 -> displacement 0.000e+00   scaled displacement 0.000e+00
 >riskyterm: 2  z: z_87_quad2  card: 1  vars: [('x3', 'x12')]
  j=2 h=0 var=('x3', 'x12') xyval=-0.2685645879376864 coeff=-11.52517766
  z=-0.01 -> displacement 0.000e+00   scaled displacement 0.000e+00
 >riskyterm: 3  z: z_87_quad3  card: 1  vars: [('x3', 'x13')]
  j=3 h=0 var=('x3', 'x13') xyval=-0.5803309172552539 coeff=0.2948622054
  z=0.01 -> displacement 0.000e+00   scaled displacement 0.000e+00
 >riskyterm: 4  z: z_87_quad4  card: 1  vars: [('x3', 'x14')]
  j=4 h=0 var=('x3', 'x14') xyval=-1.065060851291855 coeff=-4.47509892
  z=-0.01 -> displacement 0.000e+00   scaled displacement 0.000e+00
 >riskyterm: 5  z: z_87_quad5  card: 1  vars: [('x3', 'x15')]
  j=5 h=0 var=('x3', 'x15') xyval=-1.0234637909591835 coeff=-1.61999788
  z=-0.01 -> displacement 0.000e+00   scaled displacement 0.000e+00
 >riskyterm: 6  z: z_87_quad6  card: 1  vars: [('x3', 'x18')]
  j=6 h=0 var=('x3', 'x18') xyval=-3.585277467677394 coeff=1.61999788
  z=0.01 -> displacement 0.000e+00   scaled displacement 0.000e+00
 >riskyterm: 7  z: z_87_quad7  card: 1  vars: [('x4', 'x4')]
  j=7 h=0 var=('x4', 'x4') xyval=0.5910890885835367 coeff=5.662725869
  z=-0.01 -> displacement 0.000e+00   scaled displacement 0.000e+00
 >riskyterm: 8  z: z_87_quad8  card: 1  vars: [('x4', 'x5')]
  j=8 h=0 var=('x4', 'x5') xyval=1.227413715078837 coeff=1.61999788
  z=-0.01 -> displacement 0.000e+00   scaled displacement 0.000e+00
 >riskyterm: 9  z: z_87_quad9  card: 1  vars: [('x4', 'x12')]
  j=9 h=0 var=('x4', 'x12') xyval=0.32289466457388644 coeff=-0.2948622054
  z=0.01 -> displacement 0.000e+00   scaled displacement 0.000e+00
 >riskyterm: 10  z: z_87_quad10  card: 1  vars: [('x4', 'x13')]
  j=10 h=0 var=('x4', 'x13') xyval=0.6977306960233683 coeff=-11.52517766
  z=0.01 -> displacement 0.000e+00   scaled displacement 0.000e+00
 >riskyterm: 11  z: z_87_quad11  card: 1  vars: [('x4', 'x14')]
  j=11 h=0 var=('x4', 'x14') xyval=1.2805205219701388 coeff=-1.61999788
  z=0.01 -> displacement 0.000e+00   scaled displacement 0.000e+00
 >riskyterm: 12  z: z_87_quad12  card: 1  vars: [('x4', 'x15')]
  j=12 h=0 var=('x4', 'x15') xyval=1.2305084598940543 coeff=4.47509892
  z=-0.01 -> displacement 0.000e+00   scaled displacement 0.000e+00
 >riskyterm: 13  z: z_87_quad13  card: 1  vars: [('x4', 'x18')]
  j=13 h=0 var=('x4', 'x18') xyval=4.3105718971356435 coeff=-4.47509892
  z=0.01 -> displacement 0.000e+00   scaled displacement 0.000e+00
 >riskyterm: 14  z: z_87_quad15  card: 1  vars: [('x5', 'x12')]
  j=14 h=0 var=('x5', 'x12') xyval=0.6705001792090389 coeff=-4.59619514
  z=0.01 -> displacement 0.000e+00   scaled displacement 0.000e+00
 >riskyterm: 15  z: z_87_quad16  card: 1  vars: [('x5', 'x13')]
  j=15 h=0 var=('x5', 'x13') xyval=1.448858120157216 coeff=-1.53205596
  z=0.01 -> displacement 0.000e+00   scaled displacement 0.000e+00
 >riskyterm: 16  z: z_87_quad18  card: 1  vars: [('x12', 'x12')]
  j=16 h=0 var=('x12', 'x12') xyval=0.17638790230442186 coeff=5.868051307
  z=-0.01 -> displacement 0.000e+00   scaled displacement 0.000e+00
 >riskyterm: 17  z: z_87_quad19  card: 1  vars: [('x12', 'x14')]
  j=17 h=0 var=('x12', 'x14') xyval=0.6995108730772841 coeff=4.59619514
  z=-0.01 -> displacement 0.000e+00   scaled displacement 0.000e+00
 >riskyterm: 18  z: z_87_quad20  card: 1  vars: [('x12', 'x15')]
  j=18 h=0 var=('x12', 'x15') xyval=0.6721907477009156 coeff=1.53205596
  z=-0.01 -> displacement 0.000e+00   scaled displacement 0.000e+00
 >riskyterm: 19  z: z_87_quad21  card: 1  vars: [('x12', 'x18')]
  j=19 h=0 var=('x12', 'x18') xyval=2.3547392325962853 coeff=-1.53205596
  z=0.01 -> displacement 0.000e+00   scaled displacement 0.000e+00
 >riskyterm: 20  z: z_87_quad22  card: 1  vars: [('x13', 'x13')]
  j=20 h=0 var=('x13', 'x13') xyval=0.823612097695578 coeff=5.868051307
  z=-0.01 -> displacement 0.000e+00   scaled displacement 0.000e+00
 >riskyterm: 21  z: z_87_quad23  card: 1  vars: [('x13', 'x14')]
  j=21 h=0 var=('x13', 'x14') xyval=1.511546215829295 coeff=1.53205596
  z=-0.01 -> displacement 0.000e+00   scaled displacement 0.000e+00
 >riskyterm: 22  z: z_87_quad24  card: 1  vars: [('x13', 'x15')]
  j=22 h=0 var=('x13', 'x15') xyval=1.4525112047694033 coeff=-4.59619514
  z=0.01 -> displacement 0.000e+00   scaled displacement 0.000e+00
 >riskyterm: 23  z: z_87_quad25  card: 1  vars: [('x13', 'x18')]
  j=23 h=0 var=('x13', 'x18') xyval=5.088265691479037 coeff=4.59619514
  z=-0.01 -> displacement 0.000e+00   scaled displacement 0.000e+00
 SUMMARY - feat: e102 (>)  Greedy: 0 at term:    L1norm: 0  L2norm: 0  slack: 17.7725  scale: 103.595
>feat: 88  name: e103  numrisky: 24
 >riskyterm: 0  z: z_88_quad0  card: 1  vars: [('x3', 'x3')]
  j=0 h=0 var=('x3', 'x3') xyval=0.4089109114164637 coeff=5.662725869
  z=-0.01 -> displacement 0.000e+00   scaled displacement 0.000e+00
 >riskyterm: 1  z: z_88_quad1  card: 1  vars: [('x3', 'x5')]
  j=1 h=0 var=('x3', 'x5') xyval=-1.0208897661849805 coeff=4.47509892
  z=0.01 -> displacement 0.000e+00   scaled displacement 0.000e+00
 >riskyterm: 2  z: z_88_quad2  card: 1  vars: [('x3', 'x6')]
  j=2 h=0 var=('x3', 'x6') xyval=-0.0 coeff=-22.17887516
  z=-0.01 -> displacement 0.000e+00   scaled displacement 0.000e+00
 >riskyterm: 3  z: z_88_quad3  card: 1  vars: [('x3', 'x7')]
  j=3 h=0 var=('x3', 'x7') xyval=-0.6394614229306281 coeff=2.573346351
  z=0.01 -> displacement 0.000e+00   scaled displacement 0.000e+00
 >riskyterm: 4  z: z_88_quad4  card: 1  vars: [('x3', 'x8')]
  j=4 h=0 var=('x3', 'x8') xyval=-2.2835550282479624 coeff=-4.47509892
  z=-0.01 -> displacement 0.000e+00   scaled displacement 0.000e+00
 >riskyterm: 5  z: z_88_quad5  card: 1  vars: [('x3', 'x15')]
  j=5 h=0 var=('x3', 'x15') xyval=-1.0234637909591835 coeff=-1.61999788
  z=-0.01 -> displacement 0.000e+00   scaled displacement 0.000e+00
 >riskyterm: 6  z: z_88_quad6  card: 1  vars: [('x3', 'x16')]
  j=6 h=0 var=('x3', 'x16') xyval=-2.523818363544045 coeff=1.61999788
  z=0.01 -> displacement 0.000e+00   scaled displacement 0.000e+00
 >riskyterm: 7  z: z_88_quad7  card: 1  vars: [('x4', 'x4')]
  j=7 h=0 var=('x4', 'x4') xyval=0.5910890885835367 coeff=5.662725869
  z=-0.01 -> displacement 0.000e+00   scaled displacement 0.000e+00
 >riskyterm: 8  z: z_88_quad8  card: 1  vars: [('x4', 'x5')]
  j=8 h=0 var=('x4', 'x5') xyval=1.227413715078837 coeff=1.61999788
  z=-0.01 -> displacement 0.000e+00   scaled displacement 0.000e+00
 >riskyterm: 9  z: z_88_quad9  card: 1  vars: [('x4', 'x6')]
  j=9 h=0 var=('x4', 'x6') xyval=0.0 coeff=-2.573346351
  z=-0.01 -> displacement 0.000e+00   scaled displacement 0.000e+00
 >riskyterm: 10  z: z_88_quad10  card: 1  vars: [('x4', 'x7')]
  j=10 h=0 var=('x4', 'x7') xyval=0.7688231842130782 coeff=-22.17887516
  z=0.01 -> displacement 0.000e+00   scaled displacement 0.000e+00
 >riskyterm: 11  z: z_88_quad11  card: 1  vars: [('x4', 'x8')]
  j=11 h=0 var=('x4', 'x8') xyval=2.745513623163231 coeff=-1.61999788
  z=0.01 -> displacement 0.000e+00   scaled displacement 0.000e+00
 >riskyterm: 12  z: z_88_quad12  card: 1  vars: [('x4', 'x15')]
  j=12 h=0 var=('x4', 'x15') xyval=1.2305084598940543 coeff=4.47509892
  z=-0.01 -> displacement 0.000e+00   scaled displacement 0.000e+00
 >riskyterm: 13  z: z_88_quad13  card: 1  vars: [('x4', 'x16')]
  j=13 h=0 var=('x4', 'x16') xyval=3.034381748538838 coeff=-4.47509892
  z=0.01 -> displacement 0.000e+00   scaled displacement 0.000e+00
 >riskyterm: 14  z: z_88_quad15  card: 1  vars: [('x5', 'x6')]
  j=14 h=0 var=('x5', 'x6') xyval=0.0 coeff=-9.1317749
  z=-0.01 -> displacement 0.000e+00   scaled displacement 0.000e+00
 >riskyterm: 15  z: z_88_quad16  card: 1  vars: [('x5', 'x7')]
  j=15 h=0 var=('x5', 'x7') xyval=1.5964837433136785 coeff=-2.15565364
  z=0.01 -> displacement 0.000e+00   scaled displacement 0.000e+00
 >riskyterm: 16  z: z_88_quad18  card: 1  vars: [('x6', 'x6')]
  j=16 h=0 var=('x6', 'x6') xyval=0.0 coeff=22.00903886
  z=-0.01 -> displacement 0.000e+00   scaled displacement 0.000e+00
 >riskyterm: 17  z: z_88_quad19  card: 1  vars: [('x6', 'x8')]
  j=17 h=0 var=('x6', 'x8') xyval=0.0 coeff=9.1317749
  z=-0.01 -> displacement 0.000e+00   scaled displacement 0.000e+00
 >riskyterm: 18  z: z_88_quad20  card: 1  vars: [('x6', 'x15')]
  j=18 h=0 var=('x6', 'x15') xyval=0.0 coeff=2.15565364
  z=-0.01 -> displacement 0.000e+00   scaled displacement 0.000e+00
 >riskyterm: 19  z: z_88_quad21  card: 1  vars: [('x6', 'x16')]
  j=19 h=0 var=('x6', 'x16') xyval=0.0 coeff=-2.15565364
  z=-0.01 -> displacement 0.000e+00   scaled displacement 0.000e+00
 >riskyterm: 20  z: z_88_quad22  card: 1  vars: [('x7', 'x7')]
  j=20 h=0 var=('x7', 'x7') xyval=1.0 coeff=22.00903886
  z=-0.01 -> displacement 0.000e+00   scaled displacement 0.000e+00
 >riskyterm: 21  z: z_88_quad23  card: 1  vars: [('x7', 'x8')]
  j=21 h=0 var=('x7', 'x8') xyval=3.571059873764572 coeff=2.15565364
  z=-0.01 -> displacement 0.000e+00   scaled displacement 0.000e+00
 >riskyterm: 22  z: z_88_quad24  card: 1  vars: [('x7', 'x15')]
  j=22 h=0 var=('x7', 'x15') xyval=1.6005090444216115 coeff=-9.1317749
  z=0.01 -> displacement 0.000e+00   scaled displacement 0.000e+00
 >riskyterm: 23  z: z_88_quad25  card: 1  vars: [('x7', 'x16')]
  j=23 h=0 var=('x7', 'x16') xyval=3.94678752 coeff=9.1317749
  z=-0.01 -> displacement 0.000e+00   scaled displacement 0.000e+00
 SUMMARY - feat: e103 (>)  Greedy: 0 at term:    L1norm: 0  L2norm: 0  slack: 35.4586  scale: 182.378
>feat: 89  name: e104  numrisky: 24
 >riskyterm: 0  z: z_89_quad0  card: 1  vars: [('x3', 'x3')]
  j=0 h=0 var=('x3', 'x3') xyval=0.4089109114164637 coeff=5.662725869
  z=-0.01 -> displacement 0.000e+00   scaled displacement 0.000e+00
 >riskyterm: 1  z: z_89_quad1  card: 1  vars: [('x3', 'x5')]
  j=1 h=0 var=('x3', 'x5') xyval=-1.0208897661849805 coeff=4.47509892
  z=0.01 -> displacement 0.000e+00   scaled displacement 0.000e+00
 >riskyterm: 2  z: z_89_quad2  card: 1  vars: [('x3', 'x9')]
  j=2 h=0 var=('x3', 'x9') xyval=0.6394483800859143 coeff=-7.714714336
  z=0.01 -> displacement 0.000e+00   scaled displacement 0.000e+00
 >riskyterm: 3  z: z_89_quad3  card: 1  vars: [('x3', 'x10')]
  j=3 h=0 var=('x3', 'x10') xyval=0.004084191714722727 coeff=-3.613885218
  z=0.01 -> displacement 0.000e+00   scaled displacement 0.000e+00
 >riskyterm: 4  z: z_89_quad4  card: 1  vars: [('x3', 'x11')]
  j=4 h=0 var=('x3', 'x11') xyval=-0.9832293576956092 coeff=-4.47509892
  z=-0.01 -> displacement 0.000e+00   scaled displacement 0.000e+00
 >riskyterm: 5  z: z_89_quad5  card: 1  vars: [('x3', 'x15')]
  j=5 h=0 var=('x3', 'x15') xyval=-1.0234637909591835 coeff=-1.61999788
  z=-0.01 -> displacement 0.000e+00   scaled displacement 0.000e+00
 >riskyterm: 6  z: z_89_quad6  card: 1  vars: [('x3', 'x17')]
  j=6 h=0 var=('x3', 'x17') xyval=-5.403437618519153 coeff=1.61999788
  z=0.01 -> displacement 0.000e+00   scaled displacement 0.000e+00
 >riskyterm: 7  z: z_89_quad7  card: 1  vars: [('x4', 'x4')]
  j=7 h=0 var=('x4', 'x4') xyval=0.5910890885835367 coeff=5.662725869
  z=-0.01 -> displacement 0.000e+00   scaled displacement 0.000e+00
 >riskyterm: 8  z: z_89_quad8  card: 1  vars: [('x4', 'x5')]
  j=8 h=0 var=('x4', 'x5') xyval=1.227413715078837 coeff=1.61999788
  z=-0.01 -> displacement 0.000e+00   scaled displacement 0.000e+00
 >riskyterm: 9  z: z_89_quad9  card: 1  vars: [('x4', 'x9')]
  j=9 h=0 var=('x4', 'x9') xyval=-0.7688075028270797 coeff=3.613885218
  z=0.01 -> displacement 0.000e+00   scaled displacement 0.000e+00
 >riskyterm: 10  z: z_89_quad10  card: 1  vars: [('x4', 'x10')]
  j=10 h=0 var=('x4', 'x10') xyval=-0.004910415494118781 coeff=-7.714714336
  z=-0.01 -> displacement 0.000e+00   scaled displacement 0.000e+00
 >riskyterm: 11  z: z_89_quad11  card: 1  vars: [('x4', 'x11')]
  j=11 h=0 var=('x4', 'x11') xyval=1.1821346816058438 coeff=-1.61999788
  z=0.01 -> displacement 0.000e+00   scaled displacement 0.000e+00
 >riskyterm: 12  z: z_89_quad12  card: 1  vars: [('x4', 'x15')]
  j=12 h=0 var=('x4', 'x15') xyval=1.2305084598940543 coeff=4.47509892
  z=-0.01 -> displacement 0.000e+00   scaled displacement 0.000e+00
 >riskyterm: 13  z: z_89_quad13  card: 1  vars: [('x4', 'x17')]
  j=13 h=0 var=('x4', 'x17') xyval=6.496542194097773 coeff=-4.47509892
  z=0.01 -> displacement 0.000e+00   scaled displacement 0.000e+00
 >riskyterm: 14  z: z_89_quad15  card: 1  vars: [('x5', 'x9')]
  j=14 h=0 var=('x5', 'x9') xyval=-1.5964511804587422 coeff=-2.5314331
  z=-0.01 -> displacement 0.000e+00   scaled displacement 0.000e+00
 >riskyterm: 15  z: z_89_quad16  card: 1  vars: [('x5', 'x10')]
  j=15 h=0 var=('x5', 'x10') xyval=-0.010196620848914931 coeff=-2.53149414
  z=-0.01 -> displacement 0.000e+00   scaled displacement 0.000e+00
 >riskyterm: 16  z: z_89_quad18  card: 1  vars: [('x9', 'x9')]
  j=16 h=0 var=('x9', 'x9') xyval=0.9999592071977097 coeff=3.20415403
  z=-0.01 -> displacement 0.000e+00   scaled displacement 0.000e+00
 >riskyterm: 17  z: z_89_quad19  card: 1  vars: [('x9', 'x11')]
  j=17 h=0 var=('x9', 'x11') xyval=-1.5375584326020444 coeff=2.5314331
  z=0.01 -> displacement 0.000e+00   scaled displacement 0.000e+00
 >riskyterm: 18  z: z_89_quad20  card: 1  vars: [('x9', 'x15')]
  j=18 h=0 var=('x9', 'x15') xyval=-1.6004763994641817 coeff=2.53149414
  z=0.01 -> displacement 0.000e+00   scaled displacement 0.000e+00
 >riskyterm: 19  z: z_89_quad21  card: 1  vars: [('x9', 'x17')]
  j=19 h=0 var=('x9', 'x17') xyval=-8.449809813312426 coeff=-2.53149414
  z=-0.01 -> displacement 0.000e+00   scaled displacement 0.000e+00
 >riskyterm: 20  z: z_89_quad22  card: 1  vars: [('x10', 'x10')]
  j=20 h=0 var=('x10', 'x10') xyval=4.0792802287491546e-05 coeff=3.20415403
  z=-0.01 -> displacement 0.000e+00   scaled displacement 0.000e+00
 >riskyterm: 21  z: z_89_quad23  card: 1  vars: [('x10', 'x11')]
  j=21 h=0 var=('x10', 'x11') xyval=-0.009820469653065059 coeff=2.53149414
  z=0.01 -> displacement 0.000e+00   scaled displacement 0.000e+00
 >riskyterm: 22  z: z_89_quad24  card: 1  vars: [('x10', 'x15')]
  j=22 h=0 var=('x10', 'x15') xyval=-0.010222330142462209 coeff=-2.5314331
  z=-0.01 -> displacement 0.000e+00   scaled displacement 0.000e+00
 >riskyterm: 23  z: z_89_quad25  card: 1  vars: [('x10', 'x17')]
  j=23 h=0 var=('x10', 'x17') xyval=-0.053969396600671134 coeff=2.5314331
  z=0.01 -> displacement 0.000e+00   scaled displacement 0.000e+00
 SUMMARY - feat: e104 (>)  Greedy: 0 at term:    L1norm: 0  L2norm: 0  slack: 33.6227  scale: 93.0231
>feat: 90  name: e105  numrisky: 24
 >riskyterm: 0  z: z_90_quad0  card: 1  vars: [('x3', 'x3')]
  j=0 h=0 var=('x3', 'x3') xyval=0.4089109114164637 coeff=5.662725869
  z=-0.01 -> displacement 0.000e+00   scaled displacement 0.000e+00
 >riskyterm: 1  z: z_90_quad1  card: 1  vars: [('x3', 'x5')]
  j=1 h=0 var=('x3', 'x5') xyval=-1.0208897661849805 coeff=4.47509892
  z=0.01 -> displacement 0.000e+00   scaled displacement 0.000e+00
 >riskyterm: 2  z: z_90_quad2  card: 1  vars: [('x3', 'x12')]
  j=2 h=0 var=('x3', 'x12') xyval=-0.2685645879376864 coeff=3.502946464
  z=0.01 -> displacement 0.000e+00   scaled displacement 0.000e+00
 >riskyterm: 3  z: z_90_quad3  card: 1  vars: [('x3', 'x13')]
  j=3 h=0 var=('x3', 'x13') xyval=-0.5803309172552539 coeff=5.068361255
  z=0.01 -> displacement 0.000e+00   scaled displacement 0.000e+00
 >riskyterm: 4  z: z_90_quad4  card: 1  vars: [('x3', 'x14')]
  j=4 h=0 var=('x3', 'x14') xyval=-1.065060851291855 coeff=-4.47509892
  z=-0.01 -> displacement 0.000e+00   scaled displacement 0.000e+00
 >riskyterm: 5  z: z_90_quad5  card: 1  vars: [('x3', 'x15')]
  j=5 h=0 var=('x3', 'x15') xyval=-1.0234637909591835 coeff=-1.61999788
  z=-0.01 -> displacement 0.000e+00   scaled displacement 0.000e+00
 >riskyterm: 6  z: z_90_quad6  card: 1  vars: [('x3', 'x18')]
  j=6 h=0 var=('x3', 'x18') xyval=-3.585277467677394 coeff=1.61999788
  z=0.01 -> displacement 0.000e+00   scaled displacement 0.000e+00
 >riskyterm: 7  z: z_90_quad7  card: 1  vars: [('x4', 'x4')]
  j=7 h=0 var=('x4', 'x4') xyval=0.5910890885835367 coeff=5.662725869
  z=-0.01 -> displacement 0.000e+00   scaled displacement 0.000e+00
 >riskyterm: 8  z: z_90_quad8  card: 1  vars: [('x4', 'x5')]
  j=8 h=0 var=('x4', 'x5') xyval=1.227413715078837 coeff=1.61999788
  z=-0.01 -> displacement 0.000e+00   scaled displacement 0.000e+00
 >riskyterm: 9  z: z_90_quad9  card: 1  vars: [('x4', 'x12')]
  j=9 h=0 var=('x4', 'x12') xyval=0.32289466457388644 coeff=-5.068361255
  z=0.01 -> displacement 0.000e+00   scaled displacement 0.000e+00
 >riskyterm: 10  z: z_90_quad10  card: 1  vars: [('x4', 'x13')]
  j=10 h=0 var=('x4', 'x13') xyval=0.6977306960233683 coeff=3.502946464
  z=-0.01 -> displacement 0.000e+00   scaled displacement 0.000e+00
 >riskyterm: 11  z: z_90_quad11  card: 1  vars: [('x4', 'x14')]
  j=11 h=0 var=('x4', 'x14') xyval=1.2805205219701388 coeff=-1.61999788
  z=0.01 -> displacement 0.000e+00   scaled displacement 0.000e+00
 >riskyterm: 12  z: z_90_quad12  card: 1  vars: [('x4', 'x15')]
  j=12 h=0 var=('x4', 'x15') xyval=1.2305084598940543 coeff=4.47509892
  z=-0.01 -> displacement 0.000e+00   scaled displacement 0.000e+00
 >riskyterm: 13  z: z_90_quad13  card: 1  vars: [('x4', 'x18')]
  j=13 h=0 var=('x4', 'x18') xyval=4.3105718971356435 coeff=-4.47509892
  z=0.01 -> displacement 0.000e+00   scaled displacement 0.000e+00
 >riskyterm: 14  z: z_90_quad15  card: 1  vars: [('x5', 'x12')]
  j=14 h=0 var=('x5', 'x12') xyval=0.6705001792090389 coeff=0.65916112
  z=-0.01 -> displacement 0.000e+00   scaled displacement 0.000e+00
 >riskyterm: 15  z: z_90_quad16  card: 1  vars: [('x5', 'x13')]
  j=15 h=0 var=('x5', 'x13') xyval=1.448858120157216 coeff=2.50375742
  z=-0.01 -> displacement 0.000e+00   scaled displacement 0.000e+00
 >riskyterm: 16  z: z_90_quad18  card: 1  vars: [('x12', 'x12')]
  j=16 h=0 var=('x12', 'x12') xyval=0.17638790230442186 coeff=1.67582365
  z=-0.01 -> displacement 0.000e+00   scaled displacement 0.000e+00
 >riskyterm: 17  z: z_90_quad19  card: 1  vars: [('x12', 'x14')]
  j=17 h=0 var=('x12', 'x14') xyval=0.6995108730772841 coeff=-0.65916112
  z=0.01 -> displacement 0.000e+00   scaled displacement 0.000e+00
 >riskyterm: 18  z: z_90_quad20  card: 1  vars: [('x12', 'x15')]
  j=18 h=0 var=('x12', 'x15') xyval=0.6721907477009156 coeff=-2.50375742
  z=0.01 -> displacement 0.000e+00   scaled displacement 0.000e+00
 >riskyterm: 19  z: z_90_quad21  card: 1  vars: [('x12', 'x18')]
  j=19 h=0 var=('x12', 'x18') xyval=2.3547392325962853 coeff=2.50375742
  z=-0.01 -> displacement 0.000e+00   scaled displacement 0.000e+00
 >riskyterm: 20  z: z_90_quad22  card: 1  vars: [('x13', 'x13')]
  j=20 h=0 var=('x13', 'x13') xyval=0.823612097695578 coeff=1.67582365
  z=-0.01 -> displacement 0.000e+00   scaled displacement 0.000e+00
 >riskyterm: 21  z: z_90_quad23  card: 1  vars: [('x13', 'x14')]
  j=21 h=0 var=('x13', 'x14') xyval=1.511546215829295 coeff=-2.50375742
  z=0.01 -> displacement 0.000e+00   scaled displacement 0.000e+00
 >riskyterm: 22  z: z_90_quad24  card: 1  vars: [('x13', 'x15')]
  j=22 h=0 var=('x13', 'x15') xyval=1.4525112047694033 coeff=0.65916112
  z=-0.01 -> displacement 0.000e+00   scaled displacement 0.000e+00
 >riskyterm: 23  z: z_90_quad25  card: 1  vars: [('x13', 'x18')]
  j=23 h=0 var=('x13', 'x18') xyval=5.088265691479037 coeff=-0.65916112
  z=0.01 -> displacement 0.000e+00   scaled displacement 0.000e+00
 SUMMARY - feat: e105 (>)  Greedy: 0 at term:    L1norm: 0  L2norm: 0  slack: 3.07509  scale: 76.8518
>feat: 91  name: e106  numrisky: 10
 >riskyterm: 0  z: z_91_quad0  card: 1  vars: [('x6', 'x6')]
  j=0 h=0 var=('x6', 'x6') xyval=0.0 coeff=5.400850601
  z=-0.01 -> displacement 0.000e+00   scaled displacement 0.000e+00
 >riskyterm: 1  z: z_91_quad1  card: 1  vars: [('x6', 'x8')]
  j=1 h=0 var=('x6', 'x8') xyval=0.0 coeff=4.5236206
  z=-0.01 -> displacement 0.000e+00   scaled displacement 0.000e+00
 >riskyterm: 2  z: z_91_quad2  card: 1  vars: [('x6', 'x11')]
  j=2 h=0 var=('x6', 'x11') xyval=0.0 coeff=-4.5236206
  z=-0.01 -> displacement 0.000e+00   scaled displacement 0.000e+00
 >riskyterm: 3  z: z_91_quad3  card: 1  vars: [('x6', 'x16')]
  j=3 h=0 var=('x6', 'x16') xyval=0.0 coeff=-1.06782914
  z=-0.01 -> displacement 0.000e+00   scaled displacement 0.000e+00
 >riskyterm: 4  z: z_91_quad4  card: 1  vars: [('x6', 'x17')]
  j=4 h=0 var=('x6', 'x17') xyval=0.0 coeff=1.06782914
  z=-0.01 -> displacement 0.000e+00   scaled displacement 0.000e+00
 >riskyterm: 5  z: z_91_quad5  card: 1  vars: [('x7', 'x7')]
  j=5 h=0 var=('x7', 'x7') xyval=1.0 coeff=5.400850601
  z=-0.01 -> displacement 0.000e+00   scaled displacement 0.000e+00
 >riskyterm: 6  z: z_91_quad6  card: 1  vars: [('x7', 'x8')]
  j=6 h=0 var=('x7', 'x8') xyval=3.571059873764572 coeff=1.06782914
  z=-0.01 -> displacement 0.000e+00   scaled displacement 0.000e+00
 >riskyterm: 7  z: z_91_quad7  card: 1  vars: [('x7', 'x11')]
  j=7 h=0 var=('x7', 'x11') xyval=1.5375897942201193 coeff=-1.06782914
  z=0.01 -> displacement 0.000e+00   scaled displacement 0.000e+00
 >riskyterm: 8  z: z_91_quad8  card: 1  vars: [('x7', 'x16')]
  j=8 h=0 var=('x7', 'x16') xyval=3.94678752 coeff=4.5236206
  z=-0.01 -> displacement 0.000e+00   scaled displacement 0.000e+00
 >riskyterm: 9  z: z_91_quad9  card: 1  vars: [('x7', 'x17')]
  j=9 h=0 var=('x7', 'x17') xyval=8.449982164296006 coeff=-4.5236206
  z=0.01 -> displacement 0.000e+00   scaled displacement 0.000e+00
 SUMMARY - feat: e106 (>)  Greedy: 0 at term:    L1norm: 0  L2norm: 0  slack: 5.74492  scale: 41.1675
>feat: 92  name: e107  numrisky: 10
 >riskyterm: 0  z: z_92_quad0  card: 1  vars: [('x6', 'x6')]
  j=0 h=0 var=('x6', 'x6') xyval=0.0 coeff=5.400850601
  z=-0.01 -> displacement 0.000e+00   scaled displacement 0.000e+00
 >riskyterm: 1  z: z_92_quad1  card: 1  vars: [('x6', 'x8')]
  j=1 h=0 var=('x6', 'x8') xyval=0.0 coeff=4.5236206
  z=-0.01 -> displacement 0.000e+00   scaled displacement 0.000e+00
 >riskyterm: 2  z: z_92_quad2  card: 1  vars: [('x6', 'x14')]
  j=2 h=0 var=('x6', 'x14') xyval=0.0 coeff=-4.5236206
  z=-0.01 -> displacement 0.000e+00   scaled displacement 0.000e+00
 >riskyterm: 3  z: z_92_quad3  card: 1  vars: [('x6', 'x16')]
  j=3 h=0 var=('x6', 'x16') xyval=0.0 coeff=-1.06782914
  z=-0.01 -> displacement 0.000e+00   scaled displacement 0.000e+00
 >riskyterm: 4  z: z_92_quad4  card: 1  vars: [('x6', 'x18')]
  j=4 h=0 var=('x6', 'x18') xyval=0.0 coeff=1.06782914
  z=-0.01 -> displacement 0.000e+00   scaled displacement 0.000e+00
 >riskyterm: 5  z: z_92_quad5  card: 1  vars: [('x7', 'x7')]
  j=5 h=0 var=('x7', 'x7') xyval=1.0 coeff=5.400850601
  z=-0.01 -> displacement 0.000e+00   scaled displacement 0.000e+00
 >riskyterm: 6  z: z_92_quad6  card: 1  vars: [('x7', 'x8')]
  j=6 h=0 var=('x7', 'x8') xyval=3.571059873764572 coeff=1.06782914
  z=-0.01 -> displacement 0.000e+00   scaled displacement 0.000e+00
 >riskyterm: 7  z: z_92_quad7  card: 1  vars: [('x7', 'x14')]
  j=7 h=0 var=('x7', 'x14') xyval=1.66555919262607 coeff=-1.06782914
  z=0.01 -> displacement 0.000e+00   scaled displacement 0.000e+00
 >riskyterm: 8  z: z_92_quad8  card: 1  vars: [('x7', 'x16')]
  j=8 h=0 var=('x7', 'x16') xyval=3.94678752 coeff=4.5236206
  z=-0.01 -> displacement 0.000e+00   scaled displacement 0.000e+00
 >riskyterm: 9  z: z_92_quad9  card: 1  vars: [('x7', 'x18')]
  j=9 h=0 var=('x7', 'x18') xyval=5.606714242817338 coeff=-4.5236206
  z=0.01 -> displacement 0.000e+00   scaled displacement 0.000e+00
 SUMMARY - feat: e107 (>)  Greedy: 0 at term:    L1norm: 0  L2norm: 0  slack: 2.53329  scale: 41.1675
>feat: 93  name: e108  numrisky: 24
 >riskyterm: 0  z: z_93_quad0  card: 1  vars: [('x6', 'x6')]
  j=0 h=0 var=('x6', 'x6') xyval=0.0 coeff=5.400850601
  z=-0.01 -> displacement 0.000e+00   scaled displacement 0.000e+00
 >riskyterm: 1  z: z_93_quad1  card: 1  vars: [('x6', 'x8')]
  j=1 h=0 var=('x6', 'x8') xyval=0.0 coeff=4.5236206
  z=-0.01 -> displacement 0.000e+00   scaled displacement 0.000e+00
 >riskyterm: 2  z: z_93_quad2  card: 1  vars: [('x6', 'x9')]
  j=2 h=0 var=('x6', 'x9') xyval=-0.0 coeff=9.143553234
  z=-0.01 -> displacement 0.000e+00   scaled displacement 0.000e+00
 >riskyterm: 3  z: z_93_quad3  card: 1  vars: [('x6', 'x10')]
  j=3 h=0 var=('x6', 'x10') xyval=-0.0 coeff=-5.68769235
  z=-0.01 -> displacement 0.000e+00   scaled displacement 0.000e+00
 >riskyterm: 4  z: z_93_quad4  card: 1  vars: [('x6', 'x11')]
  j=4 h=0 var=('x6', 'x11') xyval=0.0 coeff=-4.5236206
  z=-0.01 -> displacement 0.000e+00   scaled displacement 0.000e+00
 >riskyterm: 5  z: z_93_quad5  card: 1  vars: [('x6', 'x16')]
  j=5 h=0 var=('x6', 'x16') xyval=0.0 coeff=-1.06782914
  z=-0.01 -> displacement 0.000e+00   scaled displacement 0.000e+00
 >riskyterm: 6  z: z_93_quad6  card: 1  vars: [('x6', 'x17')]
  j=6 h=0 var=('x6', 'x17') xyval=0.0 coeff=1.06782914
  z=-0.01 -> displacement 0.000e+00   scaled displacement 0.000e+00
 >riskyterm: 7  z: z_93_quad7  card: 1  vars: [('x7', 'x7')]
  j=7 h=0 var=('x7', 'x7') xyval=1.0 coeff=5.400850601
  z=-0.01 -> displacement 0.000e+00   scaled displacement 0.000e+00
 >riskyterm: 8  z: z_93_quad8  card: 1  vars: [('x7', 'x8')]
  j=8 h=0 var=('x7', 'x8') xyval=3.571059873764572 coeff=1.06782914
  z=-0.01 -> displacement 0.000e+00   scaled displacement 0.000e+00
 >riskyterm: 9  z: z_93_quad9  card: 1  vars: [('x7', 'x9')]
  j=9 h=0 var=('x7', 'x9') xyval=-0.999979603390844 coeff=5.68769235
  z=0.01 -> displacement 0.000e+00   scaled displacement 0.000e+00
 >riskyterm: 10  z: z_93_quad10  card: 1  vars: [('x7', 'x10')]
  j=10 h=0 var=('x7', 'x10') xyval=-0.006386924321415711 coeff=9.143553234
  z=0.01 -> displacement 0.000e+00   scaled displacement 0.000e+00
 >riskyterm: 11  z: z_93_quad11  card: 1  vars: [('x7', 'x11')]
  j=11 h=0 var=('x7', 'x11') xyval=1.5375897942201193 coeff=-1.06782914
  z=0.01 -> displacement 0.000e+00   scaled displacement 0.000e+00
 >riskyterm: 12  z: z_93_quad12  card: 1  vars: [('x7', 'x16')]
  j=12 h=0 var=('x7', 'x16') xyval=3.94678752 coeff=4.5236206
  z=-0.01 -> displacement 0.000e+00   scaled displacement 0.000e+00
 >riskyterm: 13  z: z_93_quad13  card: 1  vars: [('x7', 'x17')]
  j=13 h=0 var=('x7', 'x17') xyval=8.449982164296006 coeff=-4.5236206
  z=0.01 -> displacement 0.000e+00   scaled displacement 0.000e+00
 >riskyterm: 14  z: z_93_quad15  card: 1  vars: [('x8', 'x9')]
  j=14 h=0 var=('x8', 'x9') xyval=-3.570987036252054 coeff=4.3914795
  z=0.01 -> displacement 0.000e+00   scaled displacement 0.000e+00
 >riskyterm: 15  z: z_93_quad16  card: 1  vars: [('x8', 'x10')]
  j=15 h=0 var=('x8', 'x10') xyval=-0.022808089160978665 coeff=-1.47802734
  z=-0.01 -> displacement 0.000e+00   scaled displacement 0.000e+00
 >riskyterm: 16  z: z_93_quad18  card: 1  vars: [('x9', 'x9')]
  j=16 h=0 var=('x9', 'x9') xyval=0.9999592071977097 coeff=5.367414254
  z=-0.01 -> displacement 0.000e+00   scaled displacement 0.000e+00
 >riskyterm: 17  z: z_93_quad19  card: 1  vars: [('x9', 'x11')]
  j=17 h=0 var=('x9', 'x11') xyval=-1.5375584326020444 coeff=-4.3914795
  z=-0.01 -> displacement 0.000e+00   scaled displacement 0.000e+00
 >riskyterm: 18  z: z_93_quad20  card: 1  vars: [('x9', 'x16')]
  j=18 h=0 var=('x9', 'x16') xyval=-3.946707018917533 coeff=1.47802734
  z=0.01 -> displacement 0.000e+00   scaled displacement 0.000e+00
 >riskyterm: 19  z: z_93_quad21  card: 1  vars: [('x9', 'x17')]
  j=19 h=0 var=('x9', 'x17') xyval=-8.449809813312426 coeff=-1.47802734
  z=-0.01 -> displacement 0.000e+00   scaled displacement 0.000e+00
 >riskyterm: 20  z: z_93_quad22  card: 1  vars: [('x10', 'x10')]
  j=20 h=0 var=('x10', 'x10') xyval=4.0792802287491546e-05 coeff=5.367414254
  z=-0.01 -> displacement 0.000e+00   scaled displacement 0.000e+00
 >riskyterm: 21  z: z_93_quad23  card: 1  vars: [('x10', 'x11')]
  j=21 h=0 var=('x10', 'x11') xyval=-0.009820469653065059 coeff=1.47802734
  z=0.01 -> displacement 0.000e+00   scaled displacement 0.000e+00
 >riskyterm: 22  z: z_93_quad24  card: 1  vars: [('x10', 'x16')]
  j=22 h=0 var=('x10', 'x16') xyval=-0.025207833202947998 coeff=4.3914795
  z=0.01 -> displacement 0.000e+00   scaled displacement 0.000e+00
 >riskyterm: 23  z: z_93_quad25  card: 1  vars: [('x10', 'x17')]
  j=23 h=0 var=('x10', 'x17') xyval=-0.053969396600671134 coeff=-4.3914795
  z=-0.01 -> displacement 0.000e+00   scaled displacement 0.000e+00
 SUMMARY - feat: e108 (>)  Greedy: 0 at term:    L1norm: 0  L2norm: 0  slack: 6.27271  scale: 105.043
>feat: 94  name: e109  numrisky: 24
 >riskyterm: 0  z: z_94_quad0  card: 1  vars: [('x6', 'x6')]
  j=0 h=0 var=('x6', 'x6') xyval=0.0 coeff=5.400850601
  z=-0.01 -> displacement 0.000e+00   scaled displacement 0.000e+00
 >riskyterm: 1  z: z_94_quad1  card: 1  vars: [('x6', 'x8')]
  j=1 h=0 var=('x6', 'x8') xyval=0.0 coeff=4.5236206
  z=-0.01 -> displacement 0.000e+00   scaled displacement 0.000e+00
 >riskyterm: 2  z: z_94_quad2  card: 1  vars: [('x6', 'x12')]
  j=2 h=0 var=('x6', 'x12') xyval=0.0 coeff=-7.380150716
  z=-0.01 -> displacement 0.000e+00   scaled displacement 0.000e+00
 >riskyterm: 3  z: z_94_quad3  card: 1  vars: [('x6', 'x13')]
  j=3 h=0 var=('x6', 'x13') xyval=0.0 coeff=-0.6654791775
  z=-0.01 -> displacement 0.000e+00   scaled displacement 0.000e+00
 >riskyterm: 4  z: z_94_quad4  card: 1  vars: [('x6', 'x14')]
  j=4 h=0 var=('x6', 'x14') xyval=0.0 coeff=-4.5236206
  z=-0.01 -> displacement 0.000e+00   scaled displacement 0.000e+00
 >riskyterm: 5  z: z_94_quad5  card: 1  vars: [('x6', 'x16')]
  j=5 h=0 var=('x6', 'x16') xyval=0.0 coeff=-1.06782914
  z=-0.01 -> displacement 0.000e+00   scaled displacement 0.000e+00
 >riskyterm: 6  z: z_94_quad6  card: 1  vars: [('x6', 'x18')]
  j=6 h=0 var=('x6', 'x18') xyval=0.0 coeff=1.06782914
  z=-0.01 -> displacement 0.000e+00   scaled displacement 0.000e+00
 >riskyterm: 7  z: z_94_quad7  card: 1  vars: [('x7', 'x7')]
  j=7 h=0 var=('x7', 'x7') xyval=1.0 coeff=5.400850601
  z=-0.01 -> displacement 1.617e-03   scaled displacement 2.060e-05
 >riskyterm: 8  z: z_94_quad8  card: 1  vars: [('x7', 'x8')]
  j=8 h=0 var=('x7', 'x8') xyval=3.571059873764572 coeff=1.06782914
  z=-0.01 -> displacement 0.000e+00   scaled displacement 0.000e+00
 >riskyterm: 9  z: z_94_quad9  card: 1  vars: [('x7', 'x12')]
  j=9 h=0 var=('x7', 'x12') xyval=0.41998559773451977 coeff=0.6654791775
  z=-0.01 -> displacement 0.000e+00   scaled displacement 0.000e+00
 >riskyterm: 10  z: z_94_quad10  card: 1  vars: [('x7', 'x13')]
  j=10 h=0 var=('x7', 'x13') xyval=0.9075307695585743 coeff=-7.380150716
  z=0.01 -> displacement 1.459e-02   scaled displacement 1.859e-04
 >riskyterm: 11  z: z_94_quad11  card: 1  vars: [('x7', 'x14')]
  j=11 h=0 var=('x7', 'x14') xyval=1.66555919262607 coeff=-1.06782914
  z=0.01 -> displacement 0.000e+00   scaled displacement 0.000e+00
 >riskyterm: 12  z: z_94_quad12  card: 1  vars: [('x7', 'x16')]
  j=12 h=0 var=('x7', 'x16') xyval=3.94678752 coeff=4.5236206
  z=-0.01 -> displacement 1.261e-01   scaled displacement 1.607e-03
 >riskyterm: 13  z: z_94_quad13  card: 1  vars: [('x7', 'x18')]
  j=13 h=0 var=('x7', 'x18') xyval=5.606714242817338 coeff=-4.5236206
  z=0.01 -> displacement 2.012e-01   scaled displacement 2.564e-03
 >riskyterm: 14  z: z_94_quad15  card: 1  vars: [('x8', 'x12')]
  j=14 h=0 var=('x8', 'x12') xyval=1.4997937156287724 coeff=-3.02492942
  z=0.01 -> displacement 0.000e+00   scaled displacement 0.000e+00
 >riskyterm: 15  z: z_94_quad16  card: 1  vars: [('x8', 'x13')]
  j=15 h=0 var=('x8', 'x13') xyval=3.240846715377307 coeff=-1.00827778
  z=0.01 -> displacement 0.000e+00   scaled displacement 0.000e+00
 >riskyterm: 16  z: z_94_quad18  card: 1  vars: [('x12', 'x12')]
  j=16 h=0 var=('x12', 'x12') xyval=0.17638790230442186 coeff=2.541705519
  z=-0.01 -> displacement 0.000e+00   scaled displacement 0.000e+00
 >riskyterm: 17  z: z_94_quad19  card: 1  vars: [('x12', 'x14')]
  j=17 h=0 var=('x12', 'x14') xyval=0.6995108730772841 coeff=3.02492942
  z=-0.01 -> displacement 0.000e+00   scaled displacement 0.000e+00
 >riskyterm: 18  z: z_94_quad20  card: 1  vars: [('x12', 'x16')]
  j=18 h=0 var=('x12', 'x16') xyval=1.6575939157183428 coeff=1.00827778
  z=-0.01 -> displacement 0.000e+00   scaled displacement 0.000e+00
 >riskyterm: 19  z: z_94_quad21  card: 1  vars: [('x12', 'x18')]
  j=19 h=0 var=('x12', 'x18') xyval=2.3547392325962853 coeff=-1.00827778
  z=0.01 -> displacement 0.000e+00   scaled displacement 0.000e+00
 >riskyterm: 20  z: z_94_quad22  card: 1  vars: [('x13', 'x13')]
  j=20 h=0 var=('x13', 'x13') xyval=0.823612097695578 coeff=2.541705519
  z=-0.01 -> displacement 0.000e+00   scaled displacement 0.000e+00
 >riskyterm: 21  z: z_94_quad23  card: 1  vars: [('x13', 'x14')]
  j=21 h=0 var=('x13', 'x14') xyval=1.511546215829295 coeff=1.00827778
  z=-0.01 -> displacement 0.000e+00   scaled displacement 0.000e+00
 >riskyterm: 22  z: z_94_quad24  card: 1  vars: [('x13', 'x16')]
  j=22 h=0 var=('x13', 'x16') xyval=3.5818311153097766 coeff=-3.02492942
  z=0.01 -> displacement 5.596e-02   scaled displacement 7.130e-04
 >riskyterm: 23  z: z_94_quad25  card: 1  vars: [('x13', 'x18')]
  j=23 h=0 var=('x13', 'x18') xyval=5.088265691479037 coeff=3.02492942
  z=-0.01 -> displacement 1.015e-01   scaled displacement 1.294e-03
 SUMMARY - feat: e109 (>)  Greedy: 0.00256431 at term: z_94_quad13   L1norm: 0.006385  L2norm: 0.00337294  slack: 0.0523919  scale: 78.475
>feat: 95  name: e110  numrisky: 24
 >riskyterm: 0  z: z_95_quad0  card: 1  vars: [('x6', 'x6')]
  j=0 h=0 var=('x6', 'x6') xyval=0.0 coeff=5.400850601
  z=-0.01 -> displacement 0.000e+00   scaled displacement 0.000e+00
 >riskyterm: 1  z: z_95_quad1  card: 1  vars: [('x6', 'x8')]
  j=1 h=0 var=('x6', 'x8') xyval=0.0 coeff=4.5236206
  z=-0.01 -> displacement 0.000e+00   scaled displacement 0.000e+00
 >riskyterm: 2  z: z_95_quad2  card: 1  vars: [('x6', 'x9')]
  j=2 h=0 var=('x6', 'x9') xyval=-0.0 coeff=-2.943928465
  z=-0.01 -> displacement 0.000e+00   scaled displacement 0.000e+00
 >riskyterm: 3  z: z_95_quad3  card: 1  vars: [('x6', 'x10')]
  j=3 h=0 var=('x6', 'x10') xyval=-0.0 coeff=8.831247677
  z=-0.01 -> displacement 0.000e+00   scaled displacement 0.000e+00
 >riskyterm: 4  z: z_95_quad4  card: 1  vars: [('x6', 'x11')]
  j=4 h=0 var=('x6', 'x11') xyval=0.0 coeff=-4.5236206
  z=-0.01 -> displacement 0.000e+00   scaled displacement 0.000e+00
 >riskyterm: 5  z: z_95_quad5  card: 1  vars: [('x6', 'x16')]
  j=5 h=0 var=('x6', 'x16') xyval=0.0 coeff=-1.06782914
  z=-0.01 -> displacement 0.000e+00   scaled displacement 0.000e+00
 >riskyterm: 6  z: z_95_quad6  card: 1  vars: [('x6', 'x17')]
  j=6 h=0 var=('x6', 'x17') xyval=0.0 coeff=1.06782914
  z=-0.01 -> displacement 0.000e+00   scaled displacement 0.000e+00
 >riskyterm: 7  z: z_95_quad7  card: 1  vars: [('x7', 'x7')]
  j=7 h=0 var=('x7', 'x7') xyval=1.0 coeff=5.400850601
  z=-0.01 -> displacement 0.000e+00   scaled displacement 0.000e+00
 >riskyterm: 8  z: z_95_quad8  card: 1  vars: [('x7', 'x8')]
  j=8 h=0 var=('x7', 'x8') xyval=3.571059873764572 coeff=1.06782914
  z=-0.01 -> displacement 0.000e+00   scaled displacement 0.000e+00
 >riskyterm: 9  z: z_95_quad9  card: 1  vars: [('x7', 'x9')]
  j=9 h=0 var=('x7', 'x9') xyval=-0.999979603390844 coeff=-8.831247677
  z=-0.01 -> displacement 0.000e+00   scaled displacement 0.000e+00
 >riskyterm: 10  z: z_95_quad10  card: 1  vars: [('x7', 'x10')]
  j=10 h=0 var=('x7', 'x10') xyval=-0.006386924321415711 coeff=-2.943928465
  z=-0.01 -> displacement 0.000e+00   scaled displacement 0.000e+00
 >riskyterm: 11  z: z_95_quad11  card: 1  vars: [('x7', 'x11')]
  j=11 h=0 var=('x7', 'x11') xyval=1.5375897942201193 coeff=-1.06782914
  z=0.01 -> displacement 0.000e+00   scaled displacement 0.000e+00
 >riskyterm: 12  z: z_95_quad12  card: 1  vars: [('x7', 'x16')]
  j=12 h=0 var=('x7', 'x16') xyval=3.94678752 coeff=4.5236206
  z=-0.01 -> displacement 0.000e+00   scaled displacement 0.000e+00
 >riskyterm: 13  z: z_95_quad13  card: 1  vars: [('x7', 'x17')]
  j=13 h=0 var=('x7', 'x17') xyval=8.449982164296006 coeff=-4.5236206
  z=0.01 -> displacement 0.000e+00   scaled displacement 0.000e+00
 >riskyterm: 14  z: z_95_quad15  card: 1  vars: [('x8', 'x9')]
  j=14 h=0 var=('x8', 'x9') xyval=-3.570987036252054 coeff=-2.10591634
  z=-0.01 -> displacement 0.000e+00   scaled displacement 0.000e+00
 >riskyterm: 15  z: z_95_quad16  card: 1  vars: [('x8', 'x10')]
  j=15 h=0 var=('x8', 'x10') xyval=-0.022808089160978665 coeff=3.40738932
  z=0.01 -> displacement 0.000e+00   scaled displacement 0.000e+00
 >riskyterm: 16  z: z_95_quad18  card: 1  vars: [('x9', 'x9')]
  j=16 h=0 var=('x9', 'x9') xyval=0.9999592071977097 coeff=4.011296402
  z=-0.01 -> displacement 0.000e+00   scaled displacement 0.000e+00
 >riskyterm: 17  z: z_95_quad19  card: 1  vars: [('x9', 'x11')]
  j=17 h=0 var=('x9', 'x11') xyval=-1.5375584326020444 coeff=2.10591634
  z=0.01 -> displacement 0.000e+00   scaled displacement 0.000e+00
 >riskyterm: 18  z: z_95_quad20  card: 1  vars: [('x9', 'x16')]
  j=18 h=0 var=('x9', 'x16') xyval=-3.946707018917533 coeff=-3.40738932
  z=-0.01 -> displacement 0.000e+00   scaled displacement 0.000e+00
 >riskyterm: 19  z: z_95_quad21  card: 1  vars: [('x9', 'x17')]
  j=19 h=0 var=('x9', 'x17') xyval=-8.449809813312426 coeff=3.40738932
  z=0.01 -> displacement 0.000e+00   scaled displacement 0.000e+00
 >riskyterm: 20  z: z_95_quad22  card: 1  vars: [('x10', 'x10')]
  j=20 h=0 var=('x10', 'x10') xyval=4.0792802287491546e-05 coeff=4.011296402
  z=-0.01 -> displacement 0.000e+00   scaled displacement 0.000e+00
 >riskyterm: 21  z: z_95_quad23  card: 1  vars: [('x10', 'x11')]
  j=21 h=0 var=('x10', 'x11') xyval=-0.009820469653065059 coeff=-3.40738932
  z=-0.01 -> displacement 0.000e+00   scaled displacement 0.000e+00
 >riskyterm: 22  z: z_95_quad24  card: 1  vars: [('x10', 'x16')]
  j=22 h=0 var=('x10', 'x16') xyval=-0.025207833202947998 coeff=-2.10591634
  z=-0.01 -> displacement 0.000e+00   scaled displacement 0.000e+00
 >riskyterm: 23  z: z_95_quad25  card: 1  vars: [('x10', 'x17')]
  j=23 h=0 var=('x10', 'x17') xyval=-0.053969396600671134 coeff=2.10591634
  z=0.01 -> displacement 0.000e+00   scaled displacement 0.000e+00
 SUMMARY - feat: e110 (>)  Greedy: 0 at term:    L1norm: 0  L2norm: 0  slack: 11.4333  scale: 94.7937
>feat: 96  name: e111  numrisky: 24
 >riskyterm: 0  z: z_96_quad0  card: 1  vars: [('x6', 'x6')]
  j=0 h=0 var=('x6', 'x6') xyval=0.0 coeff=5.400850601
  z=-0.01 -> displacement 0.000e+00   scaled displacement 0.000e+00
 >riskyterm: 1  z: z_96_quad1  card: 1  vars: [('x6', 'x8')]
  j=1 h=0 var=('x6', 'x8') xyval=0.0 coeff=4.5236206
  z=-0.01 -> displacement 0.000e+00   scaled displacement 0.000e+00
 >riskyterm: 2  z: z_96_quad2  card: 1  vars: [('x6', 'x12')]
  j=2 h=0 var=('x6', 'x12') xyval=0.0 coeff=4.340910886
  z=-0.01 -> displacement 0.000e+00   scaled displacement 0.000e+00
 >riskyterm: 3  z: z_96_quad3  card: 1  vars: [('x6', 'x13')]
  j=3 h=0 var=('x6', 'x13') xyval=0.0 coeff=-4.56927465
  z=-0.01 -> displacement 0.000e+00   scaled displacement 0.000e+00
 >riskyterm: 4  z: z_96_quad4  card: 1  vars: [('x6', 'x14')]
  j=4 h=0 var=('x6', 'x14') xyval=0.0 coeff=-4.5236206
  z=-0.01 -> displacement 0.000e+00   scaled displacement 0.000e+00
 >riskyterm: 5  z: z_96_quad5  card: 1  vars: [('x6', 'x16')]
  j=5 h=0 var=('x6', 'x16') xyval=0.0 coeff=-1.06782914
  z=-0.01 -> displacement 0.000e+00   scaled displacement 0.000e+00
 >riskyterm: 6  z: z_96_quad6  card: 1  vars: [('x6', 'x18')]
  j=6 h=0 var=('x6', 'x18') xyval=0.0 coeff=1.06782914
  z=-0.01 -> displacement 0.000e+00   scaled displacement 0.000e+00
 >riskyterm: 7  z: z_96_quad7  card: 1  vars: [('x7', 'x7')]
  j=7 h=0 var=('x7', 'x7') xyval=1.0 coeff=5.400850601
  z=-0.01 -> displacement 0.000e+00   scaled displacement 0.000e+00
 >riskyterm: 8  z: z_96_quad8  card: 1  vars: [('x7', 'x8')]
  j=8 h=0 var=('x7', 'x8') xyval=3.571059873764572 coeff=1.06782914
  z=-0.01 -> displacement 0.000e+00   scaled displacement 0.000e+00
 >riskyterm: 9  z: z_96_quad9  card: 1  vars: [('x7', 'x12')]
  j=9 h=0 var=('x7', 'x12') xyval=0.41998559773451977 coeff=4.56927465
  z=-0.01 -> displacement 0.000e+00   scaled displacement 0.000e+00
 >riskyterm: 10  z: z_96_quad10  card: 1  vars: [('x7', 'x13')]
  j=10 h=0 var=('x7', 'x13') xyval=0.9075307695585743 coeff=4.340910886
  z=-0.01 -> displacement 0.000e+00   scaled displacement 0.000e+00
 >riskyterm: 11  z: z_96_quad11  card: 1  vars: [('x7', 'x14')]
  j=11 h=0 var=('x7', 'x14') xyval=1.66555919262607 coeff=-1.06782914
  z=0.01 -> displacement 0.000e+00   scaled displacement 0.000e+00
 >riskyterm: 12  z: z_96_quad12  card: 1  vars: [('x7', 'x16')]
  j=12 h=0 var=('x7', 'x16') xyval=3.94678752 coeff=4.5236206
  z=-0.01 -> displacement 0.000e+00   scaled displacement 0.000e+00
 >riskyterm: 13  z: z_96_quad13  card: 1  vars: [('x7', 'x18')]
  j=13 h=0 var=('x7', 'x18') xyval=5.606714242817338 coeff=-4.5236206
  z=0.01 -> displacement 0.000e+00   scaled displacement 0.000e+00
 >riskyterm: 14  z: z_96_quad15  card: 1  vars: [('x8', 'x12')]
  j=14 h=0 var=('x8', 'x12') xyval=1.4997937156287724 coeff=2.26962754
  z=-0.01 -> displacement 0.000e+00   scaled displacement 0.000e+00
 >riskyterm: 15  z: z_96_quad16  card: 1  vars: [('x8', 'x13')]
  j=15 h=0 var=('x8', 'x13') xyval=3.240846715377307 coeff=-1.48442486
  z=0.01 -> displacement 0.000e+00   scaled displacement 0.000e+00
 >riskyterm: 16  z: z_96_quad18  card: 1  vars: [('x12', 'x12')]
  j=16 h=0 var=('x12', 'x12') xyval=0.17638790230442186 coeff=1.838681584
  z=-0.01 -> displacement 0.000e+00   scaled displacement 0.000e+00
 >riskyterm: 17  z: z_96_quad19  card: 1  vars: [('x12', 'x14')]
  j=17 h=0 var=('x12', 'x14') xyval=0.6995108730772841 coeff=-2.26962754
  z=0.01 -> displacement 0.000e+00   scaled displacement 0.000e+00
 >riskyterm: 18  z: z_96_quad20  card: 1  vars: [('x12', 'x16')]
  j=18 h=0 var=('x12', 'x16') xyval=1.6575939157183428 coeff=1.48442486
  z=-0.01 -> displacement 0.000e+00   scaled displacement 0.000e+00
 >riskyterm: 19  z: z_96_quad21  card: 1  vars: [('x12', 'x18')]
  j=19 h=0 var=('x12', 'x18') xyval=2.3547392325962853 coeff=-1.48442486
  z=0.01 -> displacement 0.000e+00   scaled displacement 0.000e+00
 >riskyterm: 20  z: z_96_quad22  card: 1  vars: [('x13', 'x13')]
  j=20 h=0 var=('x13', 'x13') xyval=0.823612097695578 coeff=1.838681584
  z=-0.01 -> displacement 0.000e+00   scaled displacement 0.000e+00
 >riskyterm: 21  z: z_96_quad23  card: 1  vars: [('x13', 'x14')]
  j=21 h=0 var=('x13', 'x14') xyval=1.511546215829295 coeff=1.48442486
  z=-0.01 -> displacement 0.000e+00   scaled displacement 0.000e+00
 >riskyterm: 22  z: z_96_quad24  card: 1  vars: [('x13', 'x16')]
  j=22 h=0 var=('x13', 'x16') xyval=3.5818311153097766 coeff=2.26962754
  z=-0.01 -> displacement 0.000e+00   scaled displacement 0.000e+00
 >riskyterm: 23  z: z_96_quad25  card: 1  vars: [('x13', 'x18')]
  j=23 h=0 var=('x13', 'x18') xyval=5.088265691479037 coeff=-2.26962754
  z=0.01 -> displacement 0.000e+00   scaled displacement 0.000e+00
 SUMMARY - feat: e111 (>)  Greedy: 0 at term:    L1norm: 0  L2norm: 0  slack: 7.361  scale: 77.6814
>feat: 97  name: e112  numrisky: 24
 >riskyterm: 0  z: z_97_quad0  card: 1  vars: [('x6', 'x6')]
  j=0 h=0 var=('x6', 'x6') xyval=0.0 coeff=5.400850601
  z=-0.01 -> displacement 0.000e+00   scaled displacement 0.000e+00
 >riskyterm: 1  z: z_97_quad1  card: 1  vars: [('x6', 'x8')]
  j=1 h=0 var=('x6', 'x8') xyval=0.0 coeff=4.5236206
  z=-0.01 -> displacement 0.000e+00   scaled displacement 0.000e+00
 >riskyterm: 2  z: z_97_quad2  card: 1  vars: [('x6', 'x9')]
  j=2 h=0 var=('x6', 'x9') xyval=-0.0 coeff=6.402318007
  z=-0.01 -> displacement 0.000e+00   scaled displacement 0.000e+00
 >riskyterm: 3  z: z_97_quad3  card: 1  vars: [('x6', 'x10')]
  j=3 h=0 var=('x6', 'x10') xyval=-0.0 coeff=-3.201112581
  z=-0.01 -> displacement 0.000e+00   scaled displacement 0.000e+00
 >riskyterm: 4  z: z_97_quad4  card: 1  vars: [('x6', 'x11')]
  j=4 h=0 var=('x6', 'x11') xyval=0.0 coeff=-4.5236206
  z=-0.01 -> displacement 0.000e+00   scaled displacement 0.000e+00
 >riskyterm: 5  z: z_97_quad5  card: 1  vars: [('x6', 'x16')]
  j=5 h=0 var=('x6', 'x16') xyval=0.0 coeff=-1.06782914
  z=-0.01 -> displacement 0.000e+00   scaled displacement 0.000e+00
 >riskyterm: 6  z: z_97_quad6  card: 1  vars: [('x6', 'x17')]
  j=6 h=0 var=('x6', 'x17') xyval=0.0 coeff=1.06782914
  z=-0.01 -> displacement 0.000e+00   scaled displacement 0.000e+00
 >riskyterm: 7  z: z_97_quad7  card: 1  vars: [('x7', 'x7')]
  j=7 h=0 var=('x7', 'x7') xyval=1.0 coeff=5.400850601
  z=-0.01 -> displacement 0.000e+00   scaled displacement 0.000e+00
 >riskyterm: 8  z: z_97_quad8  card: 1  vars: [('x7', 'x8')]
  j=8 h=0 var=('x7', 'x8') xyval=3.571059873764572 coeff=1.06782914
  z=-0.01 -> displacement 0.000e+00   scaled displacement 0.000e+00
 >riskyterm: 9  z: z_97_quad9  card: 1  vars: [('x7', 'x9')]
  j=9 h=0 var=('x7', 'x9') xyval=-0.999979603390844 coeff=3.201112581
  z=0.01 -> displacement 0.000e+00   scaled displacement 0.000e+00
 >riskyterm: 10  z: z_97_quad10  card: 1  vars: [('x7', 'x10')]
  j=10 h=0 var=('x7', 'x10') xyval=-0.006386924321415711 coeff=6.402318007
  z=0.01 -> displacement 0.000e+00   scaled displacement 0.000e+00
 >riskyterm: 11  z: z_97_quad11  card: 1  vars: [('x7', 'x11')]
  j=11 h=0 var=('x7', 'x11') xyval=1.5375897942201193 coeff=-1.06782914
  z=0.01 -> displacement 0.000e+00   scaled displacement 0.000e+00
 >riskyterm: 12  z: z_97_quad12  card: 1  vars: [('x7', 'x16')]
  j=12 h=0 var=('x7', 'x16') xyval=3.94678752 coeff=4.5236206
  z=-0.01 -> displacement 0.000e+00   scaled displacement 0.000e+00
 >riskyterm: 13  z: z_97_quad13  card: 1  vars: [('x7', 'x17')]
  j=13 h=0 var=('x7', 'x17') xyval=8.449982164296006 coeff=-4.5236206
  z=0.01 -> displacement 0.000e+00   scaled displacement 0.000e+00
 >riskyterm: 14  z: z_97_quad15  card: 1  vars: [('x8', 'x9')]
  j=14 h=0 var=('x8', 'x9') xyval=-3.570987036252054 coeff=2.9976666
  z=0.01 -> displacement 0.000e+00   scaled displacement 0.000e+00
 >riskyterm: 15  z: z_97_quad16  card: 1  vars: [('x8', 'x10')]
  j=15 h=0 var=('x8', 'x10') xyval=-0.022808089160978665 coeff=-0.70766974
  z=-0.01 -> displacement 0.000e+00   scaled displacement 0.000e+00
 >riskyterm: 16  z: z_97_quad18  card: 1  vars: [('x9', 'x9')]
  j=16 h=0 var=('x9', 'x9') xyval=0.9999592071977097 coeff=2.371700376
  z=-0.01 -> displacement 0.000e+00   scaled displacement 0.000e+00
 >riskyterm: 17  z: z_97_quad19  card: 1  vars: [('x9', 'x11')]
  j=17 h=0 var=('x9', 'x11') xyval=-1.5375584326020444 coeff=-2.9976666
  z=-0.01 -> displacement 0.000e+00   scaled displacement 0.000e+00
 >riskyterm: 18  z: z_97_quad20  card: 1  vars: [('x9', 'x16')]
  j=18 h=0 var=('x9', 'x16') xyval=-3.946707018917533 coeff=0.70766974
  z=0.01 -> displacement 0.000e+00   scaled displacement 0.000e+00
 >riskyterm: 19  z: z_97_quad21  card: 1  vars: [('x9', 'x17')]
  j=19 h=0 var=('x9', 'x17') xyval=-8.449809813312426 coeff=-0.70766974
  z=-0.01 -> displacement 0.000e+00   scaled displacement 0.000e+00
 >riskyterm: 20  z: z_97_quad22  card: 1  vars: [('x10', 'x10')]
  j=20 h=0 var=('x10', 'x10') xyval=4.0792802287491546e-05 coeff=2.371700376
  z=-0.01 -> displacement 0.000e+00   scaled displacement 0.000e+00
 >riskyterm: 21  z: z_97_quad23  card: 1  vars: [('x10', 'x11')]
  j=21 h=0 var=('x10', 'x11') xyval=-0.009820469653065059 coeff=0.70766974
  z=0.01 -> displacement 0.000e+00   scaled displacement 0.000e+00
 >riskyterm: 22  z: z_97_quad24  card: 1  vars: [('x10', 'x16')]
  j=22 h=0 var=('x10', 'x16') xyval=-0.025207833202947998 coeff=2.9976666
  z=0.01 -> displacement 0.000e+00   scaled displacement 0.000e+00
 >riskyterm: 23  z: z_97_quad25  card: 1  vars: [('x10', 'x17')]
  j=23 h=0 var=('x10', 'x17') xyval=-0.053969396600671134 coeff=-2.9976666
  z=-0.01 -> displacement 0.000e+00   scaled displacement 0.000e+00
 SUMMARY - feat: e112 (>)  Greedy: 0 at term:    L1norm: 0  L2norm: 0  slack: 3.65059  scale: 79.9391
>feat: 98  name: e113  numrisky: 24
 >riskyterm: 0  z: z_98_quad0  card: 1  vars: [('x6', 'x6')]
  j=0 h=0 var=('x6', 'x6') xyval=0.0 coeff=5.400850601
  z=-0.01 -> displacement 0.000e+00   scaled displacement 0.000e+00
 >riskyterm: 1  z: z_98_quad1  card: 1  vars: [('x6', 'x8')]
  j=1 h=0 var=('x6', 'x8') xyval=0.0 coeff=4.5236206
  z=-0.01 -> displacement 0.000e+00   scaled displacement 0.000e+00
 >riskyterm: 2  z: z_98_quad2  card: 1  vars: [('x6', 'x12')]
  j=2 h=0 var=('x6', 'x12') xyval=0.0 coeff=-11.21370851
  z=-0.01 -> displacement 0.000e+00   scaled displacement 0.000e+00
 >riskyterm: 3  z: z_98_quad3  card: 1  vars: [('x6', 'x13')]
  j=3 h=0 var=('x6', 'x13') xyval=0.0 coeff=-1.011244399
  z=-0.01 -> displacement 0.000e+00   scaled displacement 0.000e+00
 >riskyterm: 4  z: z_98_quad4  card: 1  vars: [('x6', 'x14')]
  j=4 h=0 var=('x6', 'x14') xyval=0.0 coeff=-4.5236206
  z=-0.01 -> displacement 0.000e+00   scaled displacement 0.000e+00
 >riskyterm: 5  z: z_98_quad5  card: 1  vars: [('x6', 'x16')]
  j=5 h=0 var=('x6', 'x16') xyval=0.0 coeff=-1.06782914
  z=-0.01 -> displacement 0.000e+00   scaled displacement 0.000e+00
 >riskyterm: 6  z: z_98_quad6  card: 1  vars: [('x6', 'x18')]
  j=6 h=0 var=('x6', 'x18') xyval=0.0 coeff=1.06782914
  z=-0.01 -> displacement 0.000e+00   scaled displacement 0.000e+00
 >riskyterm: 7  z: z_98_quad7  card: 1  vars: [('x7', 'x7')]
  j=7 h=0 var=('x7', 'x7') xyval=1.0 coeff=5.400850601
  z=-0.01 -> displacement 0.000e+00   scaled displacement 0.000e+00
 >riskyterm: 8  z: z_98_quad8  card: 1  vars: [('x7', 'x8')]
  j=8 h=0 var=('x7', 'x8') xyval=3.571059873764572 coeff=1.06782914
  z=-0.01 -> displacement 0.000e+00   scaled displacement 0.000e+00
 >riskyterm: 9  z: z_98_quad9  card: 1  vars: [('x7', 'x12')]
  j=9 h=0 var=('x7', 'x12') xyval=0.41998559773451977 coeff=1.011244399
  z=-0.01 -> displacement 0.000e+00   scaled displacement 0.000e+00
 >riskyterm: 10  z: z_98_quad10  card: 1  vars: [('x7', 'x13')]
  j=10 h=0 var=('x7', 'x13') xyval=0.9075307695585743 coeff=-11.21370851
  z=0.01 -> displacement 0.000e+00   scaled displacement 0.000e+00
 >riskyterm: 11  z: z_98_quad11  card: 1  vars: [('x7', 'x14')]
  j=11 h=0 var=('x7', 'x14') xyval=1.66555919262607 coeff=-1.06782914
  z=0.01 -> displacement 0.000e+00   scaled displacement 0.000e+00
 >riskyterm: 12  z: z_98_quad12  card: 1  vars: [('x7', 'x16')]
  j=12 h=0 var=('x7', 'x16') xyval=3.94678752 coeff=4.5236206
  z=-0.01 -> displacement 0.000e+00   scaled displacement 0.000e+00
 >riskyterm: 13  z: z_98_quad13  card: 1  vars: [('x7', 'x18')]
  j=13 h=0 var=('x7', 'x18') xyval=5.606714242817338 coeff=-4.5236206
  z=0.01 -> displacement 0.000e+00   scaled displacement 0.000e+00
 >riskyterm: 14  z: z_98_quad15  card: 1  vars: [('x8', 'x12')]
  j=14 h=0 var=('x8', 'x12') xyval=1.4997937156287724 coeff=-4.59619514
  z=0.01 -> displacement 0.000e+00   scaled displacement 0.000e+00
 >riskyterm: 15  z: z_98_quad16  card: 1  vars: [('x8', 'x13')]
  j=15 h=0 var=('x8', 'x13') xyval=3.240846715377307 coeff=-1.53205596
  z=0.01 -> displacement 0.000e+00   scaled displacement 0.000e+00
 >riskyterm: 16  z: z_98_quad18  card: 1  vars: [('x12', 'x12')]
  j=16 h=0 var=('x12', 'x12') xyval=0.17638790230442186 coeff=5.868051307
  z=-0.01 -> displacement 0.000e+00   scaled displacement 0.000e+00
 >riskyterm: 17  z: z_98_quad19  card: 1  vars: [('x12', 'x14')]
  j=17 h=0 var=('x12', 'x14') xyval=0.6995108730772841 coeff=4.59619514
  z=-0.01 -> displacement 0.000e+00   scaled displacement 0.000e+00
 >riskyterm: 18  z: z_98_quad20  card: 1  vars: [('x12', 'x16')]
  j=18 h=0 var=('x12', 'x16') xyval=1.6575939157183428 coeff=1.53205596
  z=-0.01 -> displacement 0.000e+00   scaled displacement 0.000e+00
 >riskyterm: 19  z: z_98_quad21  card: 1  vars: [('x12', 'x18')]
  j=19 h=0 var=('x12', 'x18') xyval=2.3547392325962853 coeff=-1.53205596
  z=0.01 -> displacement 0.000e+00   scaled displacement 0.000e+00
 >riskyterm: 20  z: z_98_quad22  card: 1  vars: [('x13', 'x13')]
  j=20 h=0 var=('x13', 'x13') xyval=0.823612097695578 coeff=5.868051307
  z=-0.01 -> displacement 0.000e+00   scaled displacement 0.000e+00
 >riskyterm: 21  z: z_98_quad23  card: 1  vars: [('x13', 'x14')]
  j=21 h=0 var=('x13', 'x14') xyval=1.511546215829295 coeff=1.53205596
  z=-0.01 -> displacement 0.000e+00   scaled displacement 0.000e+00
 >riskyterm: 22  z: z_98_quad24  card: 1  vars: [('x13', 'x16')]
  j=22 h=0 var=('x13', 'x16') xyval=3.5818311153097766 coeff=-4.59619514
  z=0.01 -> displacement 0.000e+00   scaled displacement 0.000e+00
 >riskyterm: 23  z: z_98_quad25  card: 1  vars: [('x13', 'x18')]
  j=23 h=0 var=('x13', 'x18') xyval=5.088265691479037 coeff=4.59619514
  z=-0.01 -> displacement 0.000e+00   scaled displacement 0.000e+00
 SUMMARY - feat: e113 (>)  Greedy: 0 at term:    L1norm: 0  L2norm: 0  slack: 0.569175  scale: 101.867
>feat: 99  name: e114  numrisky: 24
 >riskyterm: 0  z: z_99_quad0  card: 1  vars: [('x6', 'x6')]
  j=0 h=0 var=('x6', 'x6') xyval=0.0 coeff=5.400850601
  z=-0.01 -> displacement 0.000e+00   scaled displacement 0.000e+00
 >riskyterm: 1  z: z_99_quad1  card: 1  vars: [('x6', 'x8')]
  j=1 h=0 var=('x6', 'x8') xyval=0.0 coeff=4.5236206
  z=-0.01 -> displacement 0.000e+00   scaled displacement 0.000e+00
 >riskyterm: 2  z: z_99_quad2  card: 1  vars: [('x6', 'x9')]
  j=2 h=0 var=('x6', 'x9') xyval=-0.0 coeff=-7.077223065
  z=-0.01 -> displacement 0.000e+00   scaled displacement 0.000e+00
 >riskyterm: 3  z: z_99_quad3  card: 1  vars: [('x6', 'x10')]
  j=3 h=0 var=('x6', 'x10') xyval=-0.0 coeff=-4.374190505
  z=-0.01 -> displacement 0.000e+00   scaled displacement 0.000e+00
 >riskyterm: 4  z: z_99_quad4  card: 1  vars: [('x6', 'x11')]
  j=4 h=0 var=('x6', 'x11') xyval=0.0 coeff=-4.5236206
  z=-0.01 -> displacement 0.000e+00   scaled displacement 0.000e+00
 >riskyterm: 5  z: z_99_quad5  card: 1  vars: [('x6', 'x16')]
  j=5 h=0 var=('x6', 'x16') xyval=0.0 coeff=-1.06782914
  z=-0.01 -> displacement 0.000e+00   scaled displacement 0.000e+00
 >riskyterm: 6  z: z_99_quad6  card: 1  vars: [('x6', 'x17')]
  j=6 h=0 var=('x6', 'x17') xyval=0.0 coeff=1.06782914
  z=-0.01 -> displacement 0.000e+00   scaled displacement 0.000e+00
 >riskyterm: 7  z: z_99_quad7  card: 1  vars: [('x7', 'x7')]
  j=7 h=0 var=('x7', 'x7') xyval=1.0 coeff=5.400850601
  z=-0.01 -> displacement 0.000e+00   scaled displacement 0.000e+00
 >riskyterm: 8  z: z_99_quad8  card: 1  vars: [('x7', 'x8')]
  j=8 h=0 var=('x7', 'x8') xyval=3.571059873764572 coeff=1.06782914
  z=-0.01 -> displacement 0.000e+00   scaled displacement 0.000e+00
 >riskyterm: 9  z: z_99_quad9  card: 1  vars: [('x7', 'x9')]
  j=9 h=0 var=('x7', 'x9') xyval=-0.999979603390844 coeff=4.374190505
  z=0.01 -> displacement 0.000e+00   scaled displacement 0.000e+00
 >riskyterm: 10  z: z_99_quad10  card: 1  vars: [('x7', 'x10')]
  j=10 h=0 var=('x7', 'x10') xyval=-0.006386924321415711 coeff=-7.077223065
  z=-0.01 -> displacement 0.000e+00   scaled displacement 0.000e+00
 >riskyterm: 11  z: z_99_quad11  card: 1  vars: [('x7', 'x11')]
  j=11 h=0 var=('x7', 'x11') xyval=1.5375897942201193 coeff=-1.06782914
  z=0.01 -> displacement 0.000e+00   scaled displacement 0.000e+00
 >riskyterm: 12  z: z_99_quad12  card: 1  vars: [('x7', 'x16')]
  j=12 h=0 var=('x7', 'x16') xyval=3.94678752 coeff=4.5236206
  z=-0.01 -> displacement 0.000e+00   scaled displacement 0.000e+00
 >riskyterm: 13  z: z_99_quad13  card: 1  vars: [('x7', 'x17')]
  j=13 h=0 var=('x7', 'x17') xyval=8.449982164296006 coeff=-4.5236206
  z=0.01 -> displacement 0.000e+00   scaled displacement 0.000e+00
 >riskyterm: 14  z: z_99_quad15  card: 1  vars: [('x8', 'x9')]
  j=14 h=0 var=('x8', 'x9') xyval=-3.570987036252054 coeff=-2.5314331
  z=-0.01 -> displacement 0.000e+00   scaled displacement 0.000e+00
 >riskyterm: 15  z: z_99_quad16  card: 1  vars: [('x8', 'x10')]
  j=15 h=0 var=('x8', 'x10') xyval=-0.022808089160978665 coeff=-2.53149414
  z=-0.01 -> displacement 0.000e+00   scaled displacement 0.000e+00
 >riskyterm: 16  z: z_99_quad18  card: 1  vars: [('x9', 'x9')]
  j=16 h=0 var=('x9', 'x9') xyval=0.9999592071977097 coeff=3.20415403
  z=-0.01 -> displacement 0.000e+00   scaled displacement 0.000e+00
 >riskyterm: 17  z: z_99_quad19  card: 1  vars: [('x9', 'x11')]
  j=17 h=0 var=('x9', 'x11') xyval=-1.5375584326020444 coeff=2.5314331
  z=0.01 -> displacement 0.000e+00   scaled displacement 0.000e+00
 >riskyterm: 18  z: z_99_quad20  card: 1  vars: [('x9', 'x16')]
  j=18 h=0 var=('x9', 'x16') xyval=-3.946707018917533 coeff=2.53149414
  z=0.01 -> displacement 0.000e+00   scaled displacement 0.000e+00
 >riskyterm: 19  z: z_99_quad21  card: 1  vars: [('x9', 'x17')]
  j=19 h=0 var=('x9', 'x17') xyval=-8.449809813312426 coeff=-2.53149414
  z=-0.01 -> displacement 0.000e+00   scaled displacement 0.000e+00
 >riskyterm: 20  z: z_99_quad22  card: 1  vars: [('x10', 'x10')]
  j=20 h=0 var=('x10', 'x10') xyval=4.0792802287491546e-05 coeff=3.20415403
  z=-0.01 -> displacement 0.000e+00   scaled displacement 0.000e+00
 >riskyterm: 21  z: z_99_quad23  card: 1  vars: [('x10', 'x11')]
  j=21 h=0 var=('x10', 'x11') xyval=-0.009820469653065059 coeff=2.53149414
  z=0.01 -> displacement 0.000e+00   scaled displacement 0.000e+00
 >riskyterm: 22  z: z_99_quad24  card: 1  vars: [('x10', 'x16')]
  j=22 h=0 var=('x10', 'x16') xyval=-0.025207833202947998 coeff=-2.5314331
  z=-0.01 -> displacement 0.000e+00   scaled displacement 0.000e+00
 >riskyterm: 23  z: z_99_quad25  card: 1  vars: [('x10', 'x17')]
  j=23 h=0 var=('x10', 'x17') xyval=-0.053969396600671134 coeff=2.5314331
  z=0.01 -> displacement 0.000e+00   scaled displacement 0.000e+00
 SUMMARY - feat: e114 (>)  Greedy: 0 at term:    L1norm: 0  L2norm: 0  slack: 25.6587  scale: 90.7303
>feat: 100  name: e115  numrisky: 24
 >riskyterm: 0  z: z_100_quad0  card: 1  vars: [('x6', 'x6')]
  j=0 h=0 var=('x6', 'x6') xyval=0.0 coeff=5.400850601
  z=-0.01 -> displacement 0.000e+00   scaled displacement 0.000e+00
 >riskyterm: 1  z: z_100_quad1  card: 1  vars: [('x6', 'x8')]
  j=1 h=0 var=('x6', 'x8') xyval=0.0 coeff=4.5236206
  z=-0.01 -> displacement 0.000e+00   scaled displacement 0.000e+00
 >riskyterm: 2  z: z_100_quad2  card: 1  vars: [('x6', 'x12')]
  j=2 h=0 var=('x6', 'x12') xyval=0.0 coeff=2.827689977
  z=-0.01 -> displacement 0.000e+00   scaled displacement 0.000e+00
 >riskyterm: 3  z: z_100_quad3  card: 1  vars: [('x6', 'x13')]
  j=3 h=0 var=('x6', 'x13') xyval=0.0 coeff=5.311088595
  z=-0.01 -> displacement 0.000e+00   scaled displacement 0.000e+00
 >riskyterm: 4  z: z_100_quad4  card: 1  vars: [('x6', 'x14')]
  j=4 h=0 var=('x6', 'x14') xyval=0.0 coeff=-4.5236206
  z=-0.01 -> displacement 0.000e+00   scaled displacement 0.000e+00
 >riskyterm: 5  z: z_100_quad5  card: 1  vars: [('x6', 'x16')]
  j=5 h=0 var=('x6', 'x16') xyval=0.0 coeff=-1.06782914
  z=-0.01 -> displacement 0.000e+00   scaled displacement 0.000e+00
 >riskyterm: 6  z: z_100_quad6  card: 1  vars: [('x6', 'x18')]
  j=6 h=0 var=('x6', 'x18') xyval=0.0 coeff=1.06782914
  z=-0.01 -> displacement 0.000e+00   scaled displacement 0.000e+00
 >riskyterm: 7  z: z_100_quad7  card: 1  vars: [('x7', 'x7')]
  j=7 h=0 var=('x7', 'x7') xyval=1.0 coeff=5.400850601
  z=-0.01 -> displacement 0.000e+00   scaled displacement 0.000e+00
 >riskyterm: 8  z: z_100_quad8  card: 1  vars: [('x7', 'x8')]
  j=8 h=0 var=('x7', 'x8') xyval=3.571059873764572 coeff=1.06782914
  z=-0.01 -> displacement 0.000e+00   scaled displacement 0.000e+00
 >riskyterm: 9  z: z_100_quad9  card: 1  vars: [('x7', 'x12')]
  j=9 h=0 var=('x7', 'x12') xyval=0.41998559773451977 coeff=-5.311088595
  z=0.01 -> displacement 0.000e+00   scaled displacement 0.000e+00
 >riskyterm: 10  z: z_100_quad10  card: 1  vars: [('x7', 'x13')]
  j=10 h=0 var=('x7', 'x13') xyval=0.9075307695585743 coeff=2.827689977
  z=-0.01 -> displacement 0.000e+00   scaled displacement 0.000e+00
 >riskyterm: 11  z: z_100_quad11  card: 1  vars: [('x7', 'x14')]
  j=11 h=0 var=('x7', 'x14') xyval=1.66555919262607 coeff=-1.06782914
  z=0.01 -> displacement 0.000e+00   scaled displacement 0.000e+00
 >riskyterm: 12  z: z_100_quad12  card: 1  vars: [('x7', 'x16')]
  j=12 h=0 var=('x7', 'x16') xyval=3.94678752 coeff=4.5236206
  z=-0.01 -> displacement 0.000e+00   scaled displacement 0.000e+00
 >riskyterm: 13  z: z_100_quad13  card: 1  vars: [('x7', 'x18')]
  j=13 h=0 var=('x7', 'x18') xyval=5.606714242817338 coeff=-4.5236206
  z=0.01 -> displacement 0.000e+00   scaled displacement 0.000e+00
 >riskyterm: 14  z: z_100_quad15  card: 1  vars: [('x8', 'x12')]
  j=14 h=0 var=('x8', 'x12') xyval=1.4997937156287724 coeff=0.65916112
  z=-0.01 -> displacement 0.000e+00   scaled displacement 0.000e+00
 >riskyterm: 15  z: z_100_quad16  card: 1  vars: [('x8', 'x13')]
  j=15 h=0 var=('x8', 'x13') xyval=3.240846715377307 coeff=2.50375742
  z=-0.01 -> displacement 0.000e+00   scaled displacement 0.000e+00
 >riskyterm: 16  z: z_100_quad18  card: 1  vars: [('x12', 'x12')]
  j=16 h=0 var=('x12', 'x12') xyval=0.17638790230442186 coeff=1.67582365
  z=-0.01 -> displacement 0.000e+00   scaled displacement 0.000e+00
 >riskyterm: 17  z: z_100_quad19  card: 1  vars: [('x12', 'x14')]
  j=17 h=0 var=('x12', 'x14') xyval=0.6995108730772841 coeff=-0.65916112
  z=0.01 -> displacement 0.000e+00   scaled displacement 0.000e+00
 >riskyterm: 18  z: z_100_quad20  card: 1  vars: [('x12', 'x16')]
  j=18 h=0 var=('x12', 'x16') xyval=1.6575939157183428 coeff=-2.50375742
  z=0.01 -> displacement 0.000e+00   scaled displacement 0.000e+00
 >riskyterm: 19  z: z_100_quad21  card: 1  vars: [('x12', 'x18')]
  j=19 h=0 var=('x12', 'x18') xyval=2.3547392325962853 coeff=2.50375742
  z=-0.01 -> displacement 0.000e+00   scaled displacement 0.000e+00
 >riskyterm: 20  z: z_100_quad22  card: 1  vars: [('x13', 'x13')]
  j=20 h=0 var=('x13', 'x13') xyval=0.823612097695578 coeff=1.67582365
  z=-0.01 -> displacement 0.000e+00   scaled displacement 0.000e+00
 >riskyterm: 21  z: z_100_quad23  card: 1  vars: [('x13', 'x14')]
  j=21 h=0 var=('x13', 'x14') xyval=1.511546215829295 coeff=-2.50375742
  z=0.01 -> displacement 0.000e+00   scaled displacement 0.000e+00
 >riskyterm: 22  z: z_100_quad24  card: 1  vars: [('x13', 'x16')]
  j=22 h=0 var=('x13', 'x16') xyval=3.5818311153097766 coeff=0.65916112
  z=-0.01 -> displacement 0.000e+00   scaled displacement 0.000e+00
 >riskyterm: 23  z: z_100_quad25  card: 1  vars: [('x13', 'x18')]
  j=23 h=0 var=('x13', 'x18') xyval=5.088265691479037 coeff=-0.65916112
  z=0.01 -> displacement 0.000e+00   scaled displacement 0.000e+00
 SUMMARY - feat: e115 (>)  Greedy: 0 at term:    L1norm: 0  L2norm: 0  slack: 12.6336  scale: 73.4484
>feat: 101  name: e116  numrisky: 10
 >riskyterm: 0  z: z_101_quad0  card: 1  vars: [('x9', 'x9')]
  j=0 h=0 var=('x9', 'x9') xyval=0.9999592071977097 coeff=5.367414254
  z=-0.01 -> displacement 0.000e+00   scaled displacement 0.000e+00
 >riskyterm: 1  z: z_101_quad1  card: 1  vars: [('x9', 'x11')]
  j=1 h=0 var=('x9', 'x11') xyval=-1.5375584326020444 coeff=-4.3914795
  z=-0.01 -> displacement 0.000e+00   scaled displacement 0.000e+00
 >riskyterm: 2  z: z_101_quad2  card: 1  vars: [('x9', 'x14')]
  j=2 h=0 var=('x9', 'x14') xyval=-1.665525220866192 coeff=4.3914795
  z=0.01 -> displacement 0.000e+00   scaled displacement 0.000e+00
 >riskyterm: 3  z: z_101_quad3  card: 1  vars: [('x9', 'x17')]
  j=3 h=0 var=('x9', 'x17') xyval=-8.449809813312426 coeff=-1.47802734
  z=-0.01 -> displacement 0.000e+00   scaled displacement 0.000e+00
 >riskyterm: 4  z: z_101_quad4  card: 1  vars: [('x9', 'x18')]
  j=4 h=0 var=('x9', 'x18') xyval=-5.606599884858278 coeff=1.47802734
  z=0.01 -> displacement 0.000e+00   scaled displacement 0.000e+00
 >riskyterm: 5  z: z_101_quad5  card: 1  vars: [('x10', 'x10')]
  j=5 h=0 var=('x10', 'x10') xyval=4.0792802287491546e-05 coeff=5.367414254
  z=-0.01 -> displacement 0.000e+00   scaled displacement 0.000e+00
 >riskyterm: 6  z: z_101_quad6  card: 1  vars: [('x10', 'x11')]
  j=6 h=0 var=('x10', 'x11') xyval=-0.009820469653065059 coeff=1.47802734
  z=0.01 -> displacement 0.000e+00   scaled displacement 0.000e+00
 >riskyterm: 7  z: z_101_quad7  card: 1  vars: [('x10', 'x14')]
  j=7 h=0 var=('x10', 'x14') xyval=-0.010637800516140963 coeff=-1.47802734
  z=-0.01 -> displacement 0.000e+00   scaled displacement 0.000e+00
 >riskyterm: 8  z: z_101_quad8  card: 1  vars: [('x10', 'x17')]
  j=8 h=0 var=('x10', 'x17') xyval=-0.053969396600671134 coeff=-4.3914795
  z=-0.01 -> displacement 0.000e+00   scaled displacement 0.000e+00
 >riskyterm: 9  z: z_101_quad9  card: 1  vars: [('x10', 'x18')]
  j=9 h=0 var=('x10', 'x18') xyval=-0.03580965956067793 coeff=4.3914795
  z=0.01 -> displacement 0.000e+00   scaled displacement 0.000e+00
 SUMMARY - feat: e116 (>)  Greedy: 0 at term:    L1norm: 0  L2norm: 0  slack: 13.8111  scale: 42.2129
>feat: 102  name: e117  numrisky: 24
 >riskyterm: 0  z: z_102_quad0  card: 1  vars: [('x9', 'x9')]
  j=0 h=0 var=('x9', 'x9') xyval=0.9999592071977097 coeff=5.367414254
  z=-0.01 -> displacement 0.000e+00   scaled displacement 0.000e+00
 >riskyterm: 1  z: z_102_quad1  card: 1  vars: [('x9', 'x11')]
  j=1 h=0 var=('x9', 'x11') xyval=-1.5375584326020444 coeff=-4.3914795
  z=-0.01 -> displacement 0.000e+00   scaled displacement 0.000e+00
 >riskyterm: 2  z: z_102_quad2  card: 1  vars: [('x9', 'x12')]
  j=2 h=0 var=('x9', 'x12') xyval=-0.41997703145243165 coeff=5.896826706
  z=0.01 -> displacement 0.000e+00   scaled displacement 0.000e+00
 >riskyterm: 3  z: z_102_quad3  card: 1  vars: [('x9', 'x13')]
  j=3 h=0 var=('x9', 'x13') xyval=-0.9075122590081706 coeff=4.449379793
  z=0.01 -> displacement 0.000e+00   scaled displacement 0.000e+00
 >riskyterm: 4  z: z_102_quad4  card: 1  vars: [('x9', 'x14')]
  j=4 h=0 var=('x9', 'x14') xyval=-1.665525220866192 coeff=4.3914795
  z=0.01 -> displacement 0.000e+00   scaled displacement 0.000e+00
 >riskyterm: 5  z: z_102_quad5  card: 1  vars: [('x9', 'x17')]
  j=5 h=0 var=('x9', 'x17') xyval=-8.449809813312426 coeff=-1.47802734
  z=-0.01 -> displacement 0.000e+00   scaled displacement 0.000e+00
 >riskyterm: 6  z: z_102_quad6  card: 1  vars: [('x9', 'x18')]
  j=6 h=0 var=('x9', 'x18') xyval=-5.606599884858278 coeff=1.47802734
  z=0.01 -> displacement 0.000e+00   scaled displacement 0.000e+00
 >riskyterm: 7  z: z_102_quad7  card: 1  vars: [('x10', 'x10')]
  j=7 h=0 var=('x10', 'x10') xyval=4.0792802287491546e-05 coeff=5.367414254
  z=-0.01 -> displacement 0.000e+00   scaled displacement 0.000e+00
 >riskyterm: 8  z: z_102_quad8  card: 1  vars: [('x10', 'x11')]
  j=8 h=0 var=('x10', 'x11') xyval=-0.009820469653065059 coeff=1.47802734
  z=0.01 -> displacement 0.000e+00   scaled displacement 0.000e+00
 >riskyterm: 9  z: z_102_quad9  card: 1  vars: [('x10', 'x12')]
  j=9 h=0 var=('x10', 'x12') xyval=-0.0026824162288149197 coeff=-4.449379793
  z=-0.01 -> displacement 0.000e+00   scaled displacement 0.000e+00
 >riskyterm: 10  z: z_102_quad10  card: 1  vars: [('x10', 'x13')]
  j=10 h=0 var=('x10', 'x13') xyval=-0.005796330344526775 coeff=5.896826706
  z=0.01 -> displacement 0.000e+00   scaled displacement 0.000e+00
 >riskyterm: 11  z: z_102_quad11  card: 1  vars: [('x10', 'x14')]
  j=11 h=0 var=('x10', 'x14') xyval=-0.010637800516140963 coeff=-1.47802734
  z=-0.01 -> displacement 0.000e+00   scaled displacement 0.000e+00
 >riskyterm: 12  z: z_102_quad12  card: 1  vars: [('x10', 'x17')]
  j=12 h=0 var=('x10', 'x17') xyval=-0.053969396600671134 coeff=-4.3914795
  z=-0.01 -> displacement 0.000e+00   scaled displacement 0.000e+00
 >riskyterm: 13  z: z_102_quad13  card: 1  vars: [('x10', 'x18')]
  j=13 h=0 var=('x10', 'x18') xyval=-0.03580965956067793 coeff=4.3914795
  z=0.01 -> displacement 0.000e+00   scaled displacement 0.000e+00
 >riskyterm: 14  z: z_102_quad15  card: 1  vars: [('x11', 'x12')]
  j=14 h=0 var=('x11', 'x12') xyval=0.6457655687960341 coeff=-3.02492942
  z=0.01 -> displacement 0.000e+00   scaled displacement 0.000e+00
 >riskyterm: 15  z: z_102_quad16  card: 1  vars: [('x11', 'x13')]
  j=15 h=0 var=('x11', 'x13') xyval=1.3954100492139947 coeff=-1.00827778
  z=0.01 -> displacement 0.000e+00   scaled displacement 0.000e+00
 >riskyterm: 16  z: z_102_quad18  card: 1  vars: [('x12', 'x12')]
  j=16 h=0 var=('x12', 'x12') xyval=0.17638790230442186 coeff=2.541705519
  z=-0.01 -> displacement 0.000e+00   scaled displacement 0.000e+00
 >riskyterm: 17  z: z_102_quad19  card: 1  vars: [('x12', 'x14')]
  j=17 h=0 var=('x12', 'x14') xyval=0.6995108730772841 coeff=3.02492942
  z=-0.01 -> displacement 0.000e+00   scaled displacement 0.000e+00
 >riskyterm: 18  z: z_102_quad20  card: 1  vars: [('x12', 'x17')]
  j=18 h=0 var=('x12', 'x17') xyval=3.548870810117889 coeff=1.00827778
  z=-0.01 -> displacement 0.000e+00   scaled displacement 0.000e+00
 >riskyterm: 19  z: z_102_quad21  card: 1  vars: [('x12', 'x18')]
  j=19 h=0 var=('x12', 'x18') xyval=2.3547392325962853 coeff=-1.00827778
  z=0.01 -> displacement 0.000e+00   scaled displacement 0.000e+00
 >riskyterm: 20  z: z_102_quad22  card: 1  vars: [('x13', 'x13')]
  j=20 h=0 var=('x13', 'x13') xyval=0.823612097695578 coeff=2.541705519
  z=-0.01 -> displacement 0.000e+00   scaled displacement 0.000e+00
 >riskyterm: 21  z: z_102_quad23  card: 1  vars: [('x13', 'x14')]
  j=21 h=0 var=('x13', 'x14') xyval=1.511546215829295 coeff=1.00827778
  z=-0.01 -> displacement 0.000e+00   scaled displacement 0.000e+00
 >riskyterm: 22  z: z_102_quad24  card: 1  vars: [('x13', 'x17')]
  j=22 h=0 var=('x13', 'x17') xyval=7.668618816319782 coeff=-3.02492942
  z=0.01 -> displacement 0.000e+00   scaled displacement 0.000e+00
 >riskyterm: 23  z: z_102_quad25  card: 1  vars: [('x13', 'x18')]
  j=23 h=0 var=('x13', 'x18') xyval=5.088265691479037 coeff=3.02492942
  z=-0.01 -> displacement 0.000e+00   scaled displacement 0.000e+00
 SUMMARY - feat: e117 (>)  Greedy: 0 at term:    L1norm: 0  L2norm: 0  slack: 5.09353  scale: 84.1215
>feat: 103  name: e118  numrisky: 24
 >riskyterm: 0  z: z_103_quad0  card: 1  vars: [('x9', 'x9')]
  j=0 h=0 var=('x9', 'x9') xyval=0.9999592071977097 coeff=5.367414254
  z=-0.01 -> displacement 0.000e+00   scaled displacement 0.000e+00
 >riskyterm: 1  z: z_103_quad1  card: 1  vars: [('x9', 'x11')]
  j=1 h=0 var=('x9', 'x11') xyval=-1.5375584326020444 coeff=-4.3914795
  z=-0.01 -> displacement 0.000e+00   scaled displacement 0.000e+00
 >riskyterm: 2  z: z_103_quad2  card: 1  vars: [('x9', 'x12')]
  j=2 h=0 var=('x9', 'x12') xyval=-0.41997703145243165 coeff=-6.080521671
  z=-0.01 -> displacement 0.000e+00   scaled displacement 0.000e+00
 >riskyterm: 3  z: z_103_quad3  card: 1  vars: [('x9', 'x13')]
  j=3 h=0 var=('x9', 'x13') xyval=-0.9075122590081706 coeff=1.582124893
  z=0.01 -> displacement 0.000e+00   scaled displacement 0.000e+00
 >riskyterm: 4  z: z_103_quad4  card: 1  vars: [('x9', 'x14')]
  j=4 h=0 var=('x9', 'x14') xyval=-1.665525220866192 coeff=4.3914795
  z=0.01 -> displacement 0.000e+00   scaled displacement 0.000e+00
 >riskyterm: 5  z: z_103_quad5  card: 1  vars: [('x9', 'x17')]
  j=5 h=0 var=('x9', 'x17') xyval=-8.449809813312426 coeff=-1.47802734
  z=-0.01 -> displacement 0.000e+00   scaled displacement 0.000e+00
 >riskyterm: 6  z: z_103_quad6  card: 1  vars: [('x9', 'x18')]
  j=6 h=0 var=('x9', 'x18') xyval=-5.606599884858278 coeff=1.47802734
  z=0.01 -> displacement 0.000e+00   scaled displacement 0.000e+00
 >riskyterm: 7  z: z_103_quad7  card: 1  vars: [('x10', 'x10')]
  j=7 h=0 var=('x10', 'x10') xyval=4.0792802287491546e-05 coeff=5.367414254
  z=-0.01 -> displacement 0.000e+00   scaled displacement 0.000e+00
 >riskyterm: 8  z: z_103_quad8  card: 1  vars: [('x10', 'x11')]
  j=8 h=0 var=('x10', 'x11') xyval=-0.009820469653065059 coeff=1.47802734
  z=0.01 -> displacement 0.000e+00   scaled displacement 0.000e+00
 >riskyterm: 9  z: z_103_quad9  card: 1  vars: [('x10', 'x12')]
  j=9 h=0 var=('x10', 'x12') xyval=-0.0026824162288149197 coeff=-1.582124893
  z=-0.01 -> displacement 0.000e+00   scaled displacement 0.000e+00
 >riskyterm: 10  z: z_103_quad10  card: 1  vars: [('x10', 'x13')]
  j=10 h=0 var=('x10', 'x13') xyval=-0.005796330344526775 coeff=-6.080521671
  z=-0.01 -> displacement 0.000e+00   scaled displacement 0.000e+00
 >riskyterm: 11  z: z_103_quad11  card: 1  vars: [('x10', 'x14')]
  j=11 h=0 var=('x10', 'x14') xyval=-0.010637800516140963 coeff=-1.47802734
  z=-0.01 -> displacement 0.000e+00   scaled displacement 0.000e+00
 >riskyterm: 12  z: z_103_quad12  card: 1  vars: [('x10', 'x17')]
  j=12 h=0 var=('x10', 'x17') xyval=-0.053969396600671134 coeff=-4.3914795
  z=-0.01 -> displacement 0.000e+00   scaled displacement 0.000e+00
 >riskyterm: 13  z: z_103_quad13  card: 1  vars: [('x10', 'x18')]
  j=13 h=0 var=('x10', 'x18') xyval=-0.03580965956067793 coeff=4.3914795
  z=0.01 -> displacement 0.000e+00   scaled displacement 0.000e+00
 >riskyterm: 14  z: z_103_quad15  card: 1  vars: [('x11', 'x12')]
  j=14 h=0 var=('x11', 'x12') xyval=0.6457655687960341 coeff=2.26962754
  z=-0.01 -> displacement 0.000e+00   scaled displacement 0.000e+00
 >riskyterm: 15  z: z_103_quad16  card: 1  vars: [('x11', 'x13')]
  j=15 h=0 var=('x11', 'x13') xyval=1.3954100492139947 coeff=-1.48442486
  z=0.01 -> displacement 0.000e+00   scaled displacement 0.000e+00
 >riskyterm: 16  z: z_103_quad18  card: 1  vars: [('x12', 'x12')]
  j=16 h=0 var=('x12', 'x12') xyval=0.17638790230442186 coeff=1.838681584
  z=-0.01 -> displacement 0.000e+00   scaled displacement 0.000e+00
 >riskyterm: 17  z: z_103_quad19  card: 1  vars: [('x12', 'x14')]
  j=17 h=0 var=('x12', 'x14') xyval=0.6995108730772841 coeff=-2.26962754
  z=0.01 -> displacement 0.000e+00   scaled displacement 0.000e+00
 >riskyterm: 18  z: z_103_quad20  card: 1  vars: [('x12', 'x17')]
  j=18 h=0 var=('x12', 'x17') xyval=3.548870810117889 coeff=1.48442486
  z=-0.01 -> displacement 0.000e+00   scaled displacement 0.000e+00
 >riskyterm: 19  z: z_103_quad21  card: 1  vars: [('x12', 'x18')]
  j=19 h=0 var=('x12', 'x18') xyval=2.3547392325962853 coeff=-1.48442486
  z=0.01 -> displacement 0.000e+00   scaled displacement 0.000e+00
 >riskyterm: 20  z: z_103_quad22  card: 1  vars: [('x13', 'x13')]
  j=20 h=0 var=('x13', 'x13') xyval=0.823612097695578 coeff=1.838681584
  z=-0.01 -> displacement 0.000e+00   scaled displacement 0.000e+00
 >riskyterm: 21  z: z_103_quad23  card: 1  vars: [('x13', 'x14')]
  j=21 h=0 var=('x13', 'x14') xyval=1.511546215829295 coeff=1.48442486
  z=-0.01 -> displacement 0.000e+00   scaled displacement 0.000e+00
 >riskyterm: 22  z: z_103_quad24  card: 1  vars: [('x13', 'x17')]
  j=22 h=0 var=('x13', 'x17') xyval=7.668618816319782 coeff=2.26962754
  z=-0.01 -> displacement 0.000e+00   scaled displacement 0.000e+00
 >riskyterm: 23  z: z_103_quad25  card: 1  vars: [('x13', 'x18')]
  j=23 h=0 var=('x13', 'x18') xyval=5.088265691479037 coeff=-2.26962754
  z=0.01 -> displacement 0.000e+00   scaled displacement 0.000e+00
 SUMMARY - feat: e118 (>)  Greedy: 0 at term:    L1norm: 0  L2norm: 0  slack: 26.6641  scale: 76.2317
>feat: 104  name: e119  numrisky: 24
 >riskyterm: 0  z: z_104_quad0  card: 1  vars: [('x9', 'x9')]
  j=0 h=0 var=('x9', 'x9') xyval=0.9999592071977097 coeff=5.367414254
  z=-0.01 -> displacement 0.000e+00   scaled displacement 0.000e+00
 >riskyterm: 1  z: z_104_quad1  card: 1  vars: [('x9', 'x11')]
  j=1 h=0 var=('x9', 'x11') xyval=-1.5375584326020444 coeff=-4.3914795
  z=-0.01 -> displacement 0.000e+00   scaled displacement 0.000e+00
 >riskyterm: 2  z: z_104_quad2  card: 1  vars: [('x9', 'x12')]
  j=2 h=0 var=('x9', 'x12') xyval=-0.41997703145243165 coeff=8.95983807
  z=0.01 -> displacement 0.000e+00   scaled displacement 0.000e+00
 >riskyterm: 3  z: z_104_quad3  card: 1  vars: [('x9', 'x13')]
  j=3 h=0 var=('x9', 'x13') xyval=-0.9075122590081706 coeff=6.760647209
  z=0.01 -> displacement 0.000e+00   scaled displacement 0.000e+00
 >riskyterm: 4  z: z_104_quad4  card: 1  vars: [('x9', 'x14')]
  j=4 h=0 var=('x9', 'x14') xyval=-1.665525220866192 coeff=4.3914795
  z=0.01 -> displacement 0.000e+00   scaled displacement 0.000e+00
 >riskyterm: 5  z: z_104_quad5  card: 1  vars: [('x9', 'x17')]
  j=5 h=0 var=('x9', 'x17') xyval=-8.449809813312426 coeff=-1.47802734
  z=-0.01 -> displacement 0.000e+00   scaled displacement 0.000e+00
 >riskyterm: 6  z: z_104_quad6  card: 1  vars: [('x9', 'x18')]
  j=6 h=0 var=('x9', 'x18') xyval=-5.606599884858278 coeff=1.47802734
  z=0.01 -> displacement 0.000e+00   scaled displacement 0.000e+00
 >riskyterm: 7  z: z_104_quad7  card: 1  vars: [('x10', 'x10')]
  j=7 h=0 var=('x10', 'x10') xyval=4.0792802287491546e-05 coeff=5.367414254
  z=-0.01 -> displacement 0.000e+00   scaled displacement 0.000e+00
 >riskyterm: 8  z: z_104_quad8  card: 1  vars: [('x10', 'x11')]
  j=8 h=0 var=('x10', 'x11') xyval=-0.009820469653065059 coeff=1.47802734
  z=0.01 -> displacement 0.000e+00   scaled displacement 0.000e+00
 >riskyterm: 9  z: z_104_quad9  card: 1  vars: [('x10', 'x12')]
  j=9 h=0 var=('x10', 'x12') xyval=-0.0026824162288149197 coeff=-6.760647209
  z=-0.01 -> displacement 0.000e+00   scaled displacement 0.000e+00
 >riskyterm: 10  z: z_104_quad10  card: 1  vars: [('x10', 'x13')]
  j=10 h=0 var=('x10', 'x13') xyval=-0.005796330344526775 coeff=8.95983807
  z=0.01 -> displacement 0.000e+00   scaled displacement 0.000e+00
 >riskyterm: 11  z: z_104_quad11  card: 1  vars: [('x10', 'x14')]
  j=11 h=0 var=('x10', 'x14') xyval=-0.010637800516140963 coeff=-1.47802734
  z=-0.01 -> displacement 0.000e+00   scaled displacement 0.000e+00
 >riskyterm: 12  z: z_104_quad12  card: 1  vars: [('x10', 'x17')]
  j=12 h=0 var=('x10', 'x17') xyval=-0.053969396600671134 coeff=-4.3914795
  z=-0.01 -> displacement 0.000e+00   scaled displacement 0.000e+00
 >riskyterm: 13  z: z_104_quad13  card: 1  vars: [('x10', 'x18')]
  j=13 h=0 var=('x10', 'x18') xyval=-0.03580965956067793 coeff=4.3914795
  z=0.01 -> displacement 0.000e+00   scaled displacement 0.000e+00
 >riskyterm: 14  z: z_104_quad15  card: 1  vars: [('x11', 'x12')]
  j=14 h=0 var=('x11', 'x12') xyval=0.6457655687960341 coeff=-4.59619514
  z=0.01 -> displacement 0.000e+00   scaled displacement 0.000e+00
 >riskyterm: 15  z: z_104_quad16  card: 1  vars: [('x11', 'x13')]
  j=15 h=0 var=('x11', 'x13') xyval=1.3954100492139947 coeff=-1.53205596
  z=0.01 -> displacement 0.000e+00   scaled displacement 0.000e+00
 >riskyterm: 16  z: z_104_quad18  card: 1  vars: [('x12', 'x12')]
  j=16 h=0 var=('x12', 'x12') xyval=0.17638790230442186 coeff=5.868051307
  z=-0.01 -> displacement 0.000e+00   scaled displacement 0.000e+00
 >riskyterm: 17  z: z_104_quad19  card: 1  vars: [('x12', 'x14')]
  j=17 h=0 var=('x12', 'x14') xyval=0.6995108730772841 coeff=4.59619514
  z=-0.01 -> displacement 0.000e+00   scaled displacement 0.000e+00
 >riskyterm: 18  z: z_104_quad20  card: 1  vars: [('x12', 'x17')]
  j=18 h=0 var=('x12', 'x17') xyval=3.548870810117889 coeff=1.53205596
  z=-0.01 -> displacement 0.000e+00   scaled displacement 0.000e+00
 >riskyterm: 19  z: z_104_quad21  card: 1  vars: [('x12', 'x18')]
  j=19 h=0 var=('x12', 'x18') xyval=2.3547392325962853 coeff=-1.53205596
  z=0.01 -> displacement 0.000e+00   scaled displacement 0.000e+00
 >riskyterm: 20  z: z_104_quad22  card: 1  vars: [('x13', 'x13')]
  j=20 h=0 var=('x13', 'x13') xyval=0.823612097695578 coeff=5.868051307
  z=-0.01 -> displacement 0.000e+00   scaled displacement 0.000e+00
 >riskyterm: 21  z: z_104_quad23  card: 1  vars: [('x13', 'x14')]
  j=21 h=0 var=('x13', 'x14') xyval=1.511546215829295 coeff=1.53205596
  z=-0.01 -> displacement 0.000e+00   scaled displacement 0.000e+00
 >riskyterm: 22  z: z_104_quad24  card: 1  vars: [('x13', 'x17')]
  j=22 h=0 var=('x13', 'x17') xyval=7.668618816319782 coeff=-4.59619514
  z=0.01 -> displacement 0.000e+00   scaled displacement 0.000e+00
 >riskyterm: 23  z: z_104_quad25  card: 1  vars: [('x13', 'x18')]
  j=23 h=0 var=('x13', 'x18') xyval=5.088265691479037 coeff=4.59619514
  z=-0.01 -> displacement 0.000e+00   scaled displacement 0.000e+00
 SUMMARY - feat: e119 (>)  Greedy: 0 at term:    L1norm: 0  L2norm: 0  slack: 2.37079  scale: 109.903
>feat: 105  name: e120  numrisky: 24
 >riskyterm: 0  z: z_105_quad0  card: 1  vars: [('x9', 'x9')]
  j=0 h=0 var=('x9', 'x9') xyval=0.9999592071977097 coeff=5.367414254
  z=-0.01 -> displacement 0.000e+00   scaled displacement 0.000e+00
 >riskyterm: 1  z: z_105_quad1  card: 1  vars: [('x9', 'x11')]
  j=1 h=0 var=('x9', 'x11') xyval=-1.5375584326020444 coeff=-4.3914795
  z=-0.01 -> displacement 0.000e+00   scaled displacement 0.000e+00
 >riskyterm: 2  z: z_105_quad2  card: 1  vars: [('x9', 'x12')]
  j=2 h=0 var=('x9', 'x12') xyval=-0.41997703145243165 coeff=0.4029646869
  z=0.01 -> displacement 0.000e+00   scaled displacement 0.000e+00
 >riskyterm: 3  z: z_105_quad3  card: 1  vars: [('x9', 'x13')]
  j=3 h=0 var=('x9', 'x13') xyval=-0.9075122590081706 coeff=-5.98472877
  z=-0.01 -> displacement 0.000e+00   scaled displacement 0.000e+00
 >riskyterm: 4  z: z_105_quad4  card: 1  vars: [('x9', 'x14')]
  j=4 h=0 var=('x9', 'x14') xyval=-1.665525220866192 coeff=4.3914795
  z=0.01 -> displacement 0.000e+00   scaled displacement 0.000e+00
 >riskyterm: 5  z: z_105_quad5  card: 1  vars: [('x9', 'x17')]
  j=5 h=0 var=('x9', 'x17') xyval=-8.449809813312426 coeff=-1.47802734
  z=-0.01 -> displacement 0.000e+00   scaled displacement 0.000e+00
 >riskyterm: 6  z: z_105_quad6  card: 1  vars: [('x9', 'x18')]
  j=6 h=0 var=('x9', 'x18') xyval=-5.606599884858278 coeff=1.47802734
  z=0.01 -> displacement 0.000e+00   scaled displacement 0.000e+00
 >riskyterm: 7  z: z_105_quad7  card: 1  vars: [('x10', 'x10')]
  j=7 h=0 var=('x10', 'x10') xyval=4.0792802287491546e-05 coeff=5.367414254
  z=-0.01 -> displacement 0.000e+00   scaled displacement 0.000e+00
 >riskyterm: 8  z: z_105_quad8  card: 1  vars: [('x10', 'x11')]
  j=8 h=0 var=('x10', 'x11') xyval=-0.009820469653065059 coeff=1.47802734
  z=0.01 -> displacement 0.000e+00   scaled displacement 0.000e+00
 >riskyterm: 9  z: z_105_quad9  card: 1  vars: [('x10', 'x12')]
  j=9 h=0 var=('x10', 'x12') xyval=-0.0026824162288149197 coeff=5.98472877
  z=0.01 -> displacement 0.000e+00   scaled displacement 0.000e+00
 >riskyterm: 10  z: z_105_quad10  card: 1  vars: [('x10', 'x13')]
  j=10 h=0 var=('x10', 'x13') xyval=-0.005796330344526775 coeff=0.4029646869
  z=0.01 -> displacement 0.000e+00   scaled displacement 0.000e+00
 >riskyterm: 11  z: z_105_quad11  card: 1  vars: [('x10', 'x14')]
  j=11 h=0 var=('x10', 'x14') xyval=-0.010637800516140963 coeff=-1.47802734
  z=-0.01 -> displacement 0.000e+00   scaled displacement 0.000e+00
 >riskyterm: 12  z: z_105_quad12  card: 1  vars: [('x10', 'x17')]
  j=12 h=0 var=('x10', 'x17') xyval=-0.053969396600671134 coeff=-4.3914795
  z=-0.01 -> displacement 0.000e+00   scaled displacement 0.000e+00
 >riskyterm: 13  z: z_105_quad13  card: 1  vars: [('x10', 'x18')]
  j=13 h=0 var=('x10', 'x18') xyval=-0.03580965956067793 coeff=4.3914795
  z=0.01 -> displacement 0.000e+00   scaled displacement 0.000e+00
 >riskyterm: 14  z: z_105_quad15  card: 1  vars: [('x11', 'x12')]
  j=14 h=0 var=('x11', 'x12') xyval=0.6457655687960341 coeff=0.65916112
  z=-0.01 -> displacement 0.000e+00   scaled displacement 0.000e+00
 >riskyterm: 15  z: z_105_quad16  card: 1  vars: [('x11', 'x13')]
  j=15 h=0 var=('x11', 'x13') xyval=1.3954100492139947 coeff=2.50375742
  z=-0.01 -> displacement 0.000e+00   scaled displacement 0.000e+00
 >riskyterm: 16  z: z_105_quad18  card: 1  vars: [('x12', 'x12')]
  j=16 h=0 var=('x12', 'x12') xyval=0.17638790230442186 coeff=1.67582365
  z=-0.01 -> displacement 0.000e+00   scaled displacement 0.000e+00
 >riskyterm: 17  z: z_105_quad19  card: 1  vars: [('x12', 'x14')]
  j=17 h=0 var=('x12', 'x14') xyval=0.6995108730772841 coeff=-0.65916112
  z=0.01 -> displacement 0.000e+00   scaled displacement 0.000e+00
 >riskyterm: 18  z: z_105_quad20  card: 1  vars: [('x12', 'x17')]
  j=18 h=0 var=('x12', 'x17') xyval=3.548870810117889 coeff=-2.50375742
  z=0.01 -> displacement 0.000e+00   scaled displacement 0.000e+00
 >riskyterm: 19  z: z_105_quad21  card: 1  vars: [('x12', 'x18')]
  j=19 h=0 var=('x12', 'x18') xyval=2.3547392325962853 coeff=2.50375742
  z=-0.01 -> displacement 0.000e+00   scaled displacement 0.000e+00
 >riskyterm: 20  z: z_105_quad22  card: 1  vars: [('x13', 'x13')]
  j=20 h=0 var=('x13', 'x13') xyval=0.823612097695578 coeff=1.67582365
  z=-0.01 -> displacement 0.000e+00   scaled displacement 0.000e+00
 >riskyterm: 21  z: z_105_quad23  card: 1  vars: [('x13', 'x14')]
  j=21 h=0 var=('x13', 'x14') xyval=1.511546215829295 coeff=-2.50375742
  z=0.01 -> displacement 0.000e+00   scaled displacement 0.000e+00
 >riskyterm: 22  z: z_105_quad24  card: 1  vars: [('x13', 'x17')]
  j=22 h=0 var=('x13', 'x17') xyval=7.668618816319782 coeff=0.65916112
  z=-0.01 -> displacement 0.000e+00   scaled displacement 0.000e+00
 >riskyterm: 23  z: z_105_quad25  card: 1  vars: [('x13', 'x18')]
  j=23 h=0 var=('x13', 'x18') xyval=5.088265691479037 coeff=-0.65916112
  z=0.01 -> displacement 0.000e+00   scaled displacement 0.000e+00
 SUMMARY - feat: e120 (>)  Greedy: 0 at term:    L1norm: 0  L2norm: 0  slack: 21.4238  scale: 70.9916
>feat: 106  name: e121  numrisky: 10
 >riskyterm: 0  z: z_106_quad0  card: 1  vars: [('x3', 'x3')]
  j=0 h=0 var=('x3', 'x3') xyval=0.4089109114164637 coeff=5.016214727
  z=-0.01 -> displacement 0.000e+00   scaled displacement 0.000e+00
 >riskyterm: 1  z: z_106_quad1  card: 1  vars: [('x3', 'x5')]
  j=1 h=0 var=('x3', 'x5') xyval=-1.0208897661849805 coeff=-4.05647702
  z=-0.01 -> displacement 0.000e+00   scaled displacement 0.000e+00
 >riskyterm: 2  z: z_106_quad2  card: 1  vars: [('x3', 'x8')]
  j=2 h=0 var=('x3', 'x8') xyval=-2.2835550282479624 coeff=4.05647702
  z=0.01 -> displacement 0.000e+00   scaled displacement 0.000e+00
 >riskyterm: 3  z: z_106_quad3  card: 1  vars: [('x3', 'x15')]
  j=3 h=0 var=('x3', 'x15') xyval=-1.0234637909591835 coeff=-1.89996134
  z=-0.01 -> displacement 0.000e+00   scaled displacement 0.000e+00
 >riskyterm: 4  z: z_106_quad4  card: 1  vars: [('x3', 'x16')]
  j=4 h=0 var=('x3', 'x16') xyval=-2.523818363544045 coeff=1.89996134
  z=0.01 -> displacement 0.000e+00   scaled displacement 0.000e+00
 >riskyterm: 5  z: z_106_quad5  card: 1  vars: [('x4', 'x4')]
  j=5 h=0 var=('x4', 'x4') xyval=0.5910890885835367 coeff=5.016214727
  z=-0.01 -> displacement 0.000e+00   scaled displacement 0.000e+00
 >riskyterm: 6  z: z_106_quad6  card: 1  vars: [('x4', 'x5')]
  j=6 h=0 var=('x4', 'x5') xyval=1.227413715078837 coeff=1.89996134
  z=-0.01 -> displacement 0.000e+00   scaled displacement 0.000e+00
 >riskyterm: 7  z: z_106_quad7  card: 1  vars: [('x4', 'x8')]
  j=7 h=0 var=('x4', 'x8') xyval=2.745513623163231 coeff=-1.89996134
  z=0.01 -> displacement 0.000e+00   scaled displacement 0.000e+00
 >riskyterm: 8  z: z_106_quad8  card: 1  vars: [('x4', 'x15')]
  j=8 h=0 var=('x4', 'x15') xyval=1.2305084598940543 coeff=-4.05647702
  z=0.01 -> displacement 0.000e+00   scaled displacement 0.000e+00
 >riskyterm: 9  z: z_106_quad9  card: 1  vars: [('x4', 'x16')]
  j=9 h=0 var=('x4', 'x16') xyval=3.034381748538838 coeff=4.05647702
  z=-0.01 -> displacement 0.000e+00   scaled displacement 0.000e+00
 SUMMARY - feat: e121 (>)  Greedy: 0 at term:    L1norm: 0  L2norm: 0  slack: 6.58014  scale: 41.8582
>feat: 107  name: e122  numrisky: 10
 >riskyterm: 0  z: z_107_quad0  card: 1  vars: [('x3', 'x3')]
  j=0 h=0 var=('x3', 'x3') xyval=0.4089109114164637 coeff=5.016214727
  z=-0.01 -> displacement 0.000e+00   scaled displacement 0.000e+00
 >riskyterm: 1  z: z_107_quad1  card: 1  vars: [('x3', 'x5')]
  j=1 h=0 var=('x3', 'x5') xyval=-1.0208897661849805 coeff=-4.05647702
  z=-0.01 -> displacement 0.000e+00   scaled displacement 0.000e+00
 >riskyterm: 2  z: z_107_quad2  card: 1  vars: [('x3', 'x11')]
  j=2 h=0 var=('x3', 'x11') xyval=-0.9832293576956092 coeff=4.05647702
  z=0.01 -> displacement 0.000e+00   scaled displacement 0.000e+00
 >riskyterm: 3  z: z_107_quad3  card: 1  vars: [('x3', 'x15')]
  j=3 h=0 var=('x3', 'x15') xyval=-1.0234637909591835 coeff=-1.89996134
  z=-0.01 -> displacement 0.000e+00   scaled displacement 0.000e+00
 >riskyterm: 4  z: z_107_quad4  card: 1  vars: [('x3', 'x17')]
  j=4 h=0 var=('x3', 'x17') xyval=-5.403437618519153 coeff=1.89996134
  z=0.01 -> displacement 0.000e+00   scaled displacement 0.000e+00
 >riskyterm: 5  z: z_107_quad5  card: 1  vars: [('x4', 'x4')]
  j=5 h=0 var=('x4', 'x4') xyval=0.5910890885835367 coeff=5.016214727
  z=-0.01 -> displacement 0.000e+00   scaled displacement 0.000e+00
 >riskyterm: 6  z: z_107_quad6  card: 1  vars: [('x4', 'x5')]
  j=6 h=0 var=('x4', 'x5') xyval=1.227413715078837 coeff=1.89996134
  z=-0.01 -> displacement 0.000e+00   scaled displacement 0.000e+00
 >riskyterm: 7  z: z_107_quad7  card: 1  vars: [('x4', 'x11')]
  j=7 h=0 var=('x4', 'x11') xyval=1.1821346816058438 coeff=-1.89996134
  z=0.01 -> displacement 0.000e+00   scaled displacement 0.000e+00
 >riskyterm: 8  z: z_107_quad8  card: 1  vars: [('x4', 'x15')]
  j=8 h=0 var=('x4', 'x15') xyval=1.2305084598940543 coeff=-4.05647702
  z=0.01 -> displacement 0.000e+00   scaled displacement 0.000e+00
 >riskyterm: 9  z: z_107_quad9  card: 1  vars: [('x4', 'x17')]
  j=9 h=0 var=('x4', 'x17') xyval=6.496542194097773 coeff=4.05647702
  z=-0.01 -> displacement 0.000e+00   scaled displacement 0.000e+00
 SUMMARY - feat: e122 (>)  Greedy: 0 at term:    L1norm: 0  L2norm: 0  slack: 60.4929  scale: 41.8582
>feat: 108  name: e123  numrisky: 10
 >riskyterm: 0  z: z_108_quad0  card: 1  vars: [('x3', 'x3')]
  j=0 h=0 var=('x3', 'x3') xyval=0.4089109114164637 coeff=5.016214727
  z=-0.01 -> displacement 0.000e+00   scaled displacement 0.000e+00
 >riskyterm: 1  z: z_108_quad1  card: 1  vars: [('x3', 'x5')]
  j=1 h=0 var=('x3', 'x5') xyval=-1.0208897661849805 coeff=-4.05647702
  z=-0.01 -> displacement 0.000e+00   scaled displacement 0.000e+00
 >riskyterm: 2  z: z_108_quad2  card: 1  vars: [('x3', 'x14')]
  j=2 h=0 var=('x3', 'x14') xyval=-1.065060851291855 coeff=4.05647702
  z=0.01 -> displacement 0.000e+00   scaled displacement 0.000e+00
 >riskyterm: 3  z: z_108_quad3  card: 1  vars: [('x3', 'x15')]
  j=3 h=0 var=('x3', 'x15') xyval=-1.0234637909591835 coeff=-1.89996134
  z=-0.01 -> displacement 0.000e+00   scaled displacement 0.000e+00
 >riskyterm: 4  z: z_108_quad4  card: 1  vars: [('x3', 'x18')]
  j=4 h=0 var=('x3', 'x18') xyval=-3.585277467677394 coeff=1.89996134
  z=0.01 -> displacement 0.000e+00   scaled displacement 0.000e+00
 >riskyterm: 5  z: z_108_quad5  card: 1  vars: [('x4', 'x4')]
  j=5 h=0 var=('x4', 'x4') xyval=0.5910890885835367 coeff=5.016214727
  z=-0.01 -> displacement 0.000e+00   scaled displacement 0.000e+00
 >riskyterm: 6  z: z_108_quad6  card: 1  vars: [('x4', 'x5')]
  j=6 h=0 var=('x4', 'x5') xyval=1.227413715078837 coeff=1.89996134
  z=-0.01 -> displacement 0.000e+00   scaled displacement 0.000e+00
 >riskyterm: 7  z: z_108_quad7  card: 1  vars: [('x4', 'x14')]
  j=7 h=0 var=('x4', 'x14') xyval=1.2805205219701388 coeff=-1.89996134
  z=0.01 -> displacement 0.000e+00   scaled displacement 0.000e+00
 >riskyterm: 8  z: z_108_quad8  card: 1  vars: [('x4', 'x15')]
  j=8 h=0 var=('x4', 'x15') xyval=1.2305084598940543 coeff=-4.05647702
  z=0.01 -> displacement 0.000e+00   scaled displacement 0.000e+00
 >riskyterm: 9  z: z_108_quad9  card: 1  vars: [('x4', 'x18')]
  j=9 h=0 var=('x4', 'x18') xyval=4.3105718971356435 coeff=4.05647702
  z=-0.01 -> displacement 0.000e+00   scaled displacement 0.000e+00
 SUMMARY - feat: e123 (>)  Greedy: 0 at term:    L1norm: 0  L2norm: 0  slack: 25.5479  scale: 41.8582
>feat: 109  name: e124  numrisky: 24
 >riskyterm: 0  z: z_109_quad0  card: 1  vars: [('x3', 'x3')]
  j=0 h=0 var=('x3', 'x3') xyval=0.4089109114164637 coeff=5.016214727
  z=-0.01 -> displacement 0.000e+00   scaled displacement 0.000e+00
 >riskyterm: 1  z: z_109_quad1  card: 1  vars: [('x3', 'x5')]
  j=1 h=0 var=('x3', 'x5') xyval=-1.0208897661849805 coeff=-4.05647702
  z=-0.01 -> displacement 0.000e+00   scaled displacement 0.000e+00
 >riskyterm: 2  z: z_109_quad2  card: 1  vars: [('x3', 'x6')]
  j=2 h=0 var=('x3', 'x6') xyval=-0.0 coeff=8.160564464
  z=-0.01 -> displacement 0.000e+00   scaled displacement 0.000e+00
 >riskyterm: 3  z: z_109_quad3  card: 1  vars: [('x3', 'x7')]
  j=3 h=0 var=('x3', 'x7') xyval=-0.6394614229306281 coeff=6.463164312
  z=0.01 -> displacement 0.000e+00   scaled displacement 0.000e+00
 >riskyterm: 4  z: z_109_quad4  card: 1  vars: [('x3', 'x8')]
  j=4 h=0 var=('x3', 'x8') xyval=-2.2835550282479624 coeff=4.05647702
  z=0.01 -> displacement 0.000e+00   scaled displacement 0.000e+00
 >riskyterm: 5  z: z_109_quad5  card: 1  vars: [('x3', 'x15')]
  j=5 h=0 var=('x3', 'x15') xyval=-1.0234637909591835 coeff=-1.89996134
  z=-0.01 -> displacement 0.000e+00   scaled displacement 0.000e+00
 >riskyterm: 6  z: z_109_quad6  card: 1  vars: [('x3', 'x16')]
  j=6 h=0 var=('x3', 'x16') xyval=-2.523818363544045 coeff=1.89996134
  z=0.01 -> displacement 0.000e+00   scaled displacement 0.000e+00
 >riskyterm: 7  z: z_109_quad7  card: 1  vars: [('x4', 'x4')]
  j=7 h=0 var=('x4', 'x4') xyval=0.5910890885835367 coeff=5.016214727
  z=-0.01 -> displacement 0.000e+00   scaled displacement 0.000e+00
 >riskyterm: 8  z: z_109_quad8  card: 1  vars: [('x4', 'x5')]
  j=8 h=0 var=('x4', 'x5') xyval=1.227413715078837 coeff=1.89996134
  z=-0.01 -> displacement 0.000e+00   scaled displacement 0.000e+00
 >riskyterm: 9  z: z_109_quad9  card: 1  vars: [('x4', 'x6')]
  j=9 h=0 var=('x4', 'x6') xyval=0.0 coeff=-6.463164312
  z=-0.01 -> displacement 0.000e+00   scaled displacement 0.000e+00
 >riskyterm: 10  z: z_109_quad10  card: 1  vars: [('x4', 'x7')]
  j=10 h=0 var=('x4', 'x7') xyval=0.7688231842130782 coeff=8.160564464
  z=-0.01 -> displacement 0.000e+00   scaled displacement 0.000e+00
 >riskyterm: 11  z: z_109_quad11  card: 1  vars: [('x4', 'x8')]
  j=11 h=0 var=('x4', 'x8') xyval=2.745513623163231 coeff=-1.89996134
  z=0.01 -> displacement 0.000e+00   scaled displacement 0.000e+00
 >riskyterm: 12  z: z_109_quad12  card: 1  vars: [('x4', 'x15')]
  j=12 h=0 var=('x4', 'x15') xyval=1.2305084598940543 coeff=-4.05647702
  z=0.01 -> displacement 0.000e+00   scaled displacement 0.000e+00
 >riskyterm: 13  z: z_109_quad13  card: 1  vars: [('x4', 'x16')]
  j=13 h=0 var=('x4', 'x16') xyval=3.034381748538838 coeff=4.05647702
  z=-0.01 -> displacement 0.000e+00   scaled displacement 0.000e+00
 >riskyterm: 14  z: z_109_quad15  card: 1  vars: [('x5', 'x6')]
  j=14 h=0 var=('x5', 'x6') xyval=0.0 coeff=-4.5236206
  z=-0.01 -> displacement 0.000e+00   scaled displacement 0.000e+00
 >riskyterm: 15  z: z_109_quad16  card: 1  vars: [('x5', 'x7')]
  j=15 h=0 var=('x5', 'x7') xyval=1.5964837433136785 coeff=-1.06782914
  z=0.01 -> displacement 0.000e+00   scaled displacement 0.000e+00
 >riskyterm: 16  z: z_109_quad18  card: 1  vars: [('x6', 'x6')]
  j=16 h=0 var=('x6', 'x6') xyval=0.0 coeff=5.400850601
  z=-0.01 -> displacement 0.000e+00   scaled displacement 0.000e+00
 >riskyterm: 17  z: z_109_quad19  card: 1  vars: [('x6', 'x8')]
  j=17 h=0 var=('x6', 'x8') xyval=0.0 coeff=4.5236206
  z=-0.01 -> displacement 0.000e+00   scaled displacement 0.000e+00
 >riskyterm: 18  z: z_109_quad20  card: 1  vars: [('x6', 'x15')]
  j=18 h=0 var=('x6', 'x15') xyval=0.0 coeff=1.06782914
  z=-0.01 -> displacement 0.000e+00   scaled displacement 0.000e+00
 >riskyterm: 19  z: z_109_quad21  card: 1  vars: [('x6', 'x16')]
  j=19 h=0 var=('x6', 'x16') xyval=0.0 coeff=-1.06782914
  z=-0.01 -> displacement 0.000e+00   scaled displacement 0.000e+00
 >riskyterm: 20  z: z_109_quad22  card: 1  vars: [('x7', 'x7')]
  j=20 h=0 var=('x7', 'x7') xyval=1.0 coeff=5.400850601
  z=-0.01 -> displacement 0.000e+00   scaled displacement 0.000e+00
 >riskyterm: 21  z: z_109_quad23  card: 1  vars: [('x7', 'x8')]
  j=21 h=0 var=('x7', 'x8') xyval=3.571059873764572 coeff=1.06782914
  z=-0.01 -> displacement 0.000e+00   scaled displacement 0.000e+00
 >riskyterm: 22  z: z_109_quad24  card: 1  vars: [('x7', 'x15')]
  j=22 h=0 var=('x7', 'x15') xyval=1.6005090444216115 coeff=-4.5236206
  z=0.01 -> displacement 0.000e+00   scaled displacement 0.000e+00
 >riskyterm: 23  z: z_109_quad25  card: 1  vars: [('x7', 'x16')]
  j=23 h=0 var=('x7', 'x16') xyval=3.94678752 coeff=4.5236206
  z=-0.01 -> displacement 0.000e+00   scaled displacement 0.000e+00
 SUMMARY - feat: e124 (>)  Greedy: 0 at term:    L1norm: 0  L2norm: 0  slack: 28.7736  scale: 104.273
>feat: 110  name: e125  numrisky: 24
 >riskyterm: 0  z: z_110_quad0  card: 1  vars: [('x3', 'x3')]
  j=0 h=0 var=('x3', 'x3') xyval=0.4089109114164637 coeff=5.016214727
  z=-0.01 -> displacement 0.000e+00   scaled displacement 0.000e+00
 >riskyterm: 1  z: z_110_quad1  card: 1  vars: [('x3', 'x5')]
  j=1 h=0 var=('x3', 'x5') xyval=-1.0208897661849805 coeff=-4.05647702
  z=-0.01 -> displacement 0.000e+00   scaled displacement 0.000e+00
 >riskyterm: 2  z: z_110_quad2  card: 1  vars: [('x3', 'x9')]
  j=2 h=0 var=('x3', 'x9') xyval=0.6394483800859143 coeff=-10.31106524
  z=0.01 -> displacement 0.000e+00   scaled displacement 0.000e+00
 >riskyterm: 3  z: z_110_quad3  card: 1  vars: [('x3', 'x10')]
  j=3 h=0 var=('x3', 'x10') xyval=0.004084191714722727 coeff=-1.174028668
  z=0.01 -> displacement 0.000e+00   scaled displacement 0.000e+00
 >riskyterm: 4  z: z_110_quad4  card: 1  vars: [('x3', 'x11')]
  j=4 h=0 var=('x3', 'x11') xyval=-0.9832293576956092 coeff=4.05647702
  z=0.01 -> displacement 0.000e+00   scaled displacement 0.000e+00
 >riskyterm: 5  z: z_110_quad5  card: 1  vars: [('x3', 'x15')]
  j=5 h=0 var=('x3', 'x15') xyval=-1.0234637909591835 coeff=-1.89996134
  z=-0.01 -> displacement 0.000e+00   scaled displacement 0.000e+00
 >riskyterm: 6  z: z_110_quad6  card: 1  vars: [('x3', 'x17')]
  j=6 h=0 var=('x3', 'x17') xyval=-5.403437618519153 coeff=1.89996134
  z=0.01 -> displacement 0.000e+00   scaled displacement 0.000e+00
 >riskyterm: 7  z: z_110_quad7  card: 1  vars: [('x4', 'x4')]
  j=7 h=0 var=('x4', 'x4') xyval=0.5910890885835367 coeff=5.016214727
  z=-0.01 -> displacement 0.000e+00   scaled displacement 0.000e+00
 >riskyterm: 8  z: z_110_quad8  card: 1  vars: [('x4', 'x5')]
  j=8 h=0 var=('x4', 'x5') xyval=1.227413715078837 coeff=1.89996134
  z=-0.01 -> displacement 0.000e+00   scaled displacement 0.000e+00
 >riskyterm: 9  z: z_110_quad9  card: 1  vars: [('x4', 'x9')]
  j=9 h=0 var=('x4', 'x9') xyval=-0.7688075028270797 coeff=1.174028668
  z=0.01 -> displacement 0.000e+00   scaled displacement 0.000e+00
 >riskyterm: 10  z: z_110_quad10  card: 1  vars: [('x4', 'x10')]
  j=10 h=0 var=('x4', 'x10') xyval=-0.004910415494118781 coeff=-10.31106524
  z=-0.01 -> displacement 0.000e+00   scaled displacement 0.000e+00
 >riskyterm: 11  z: z_110_quad11  card: 1  vars: [('x4', 'x11')]
  j=11 h=0 var=('x4', 'x11') xyval=1.1821346816058438 coeff=-1.89996134
  z=0.01 -> displacement 0.000e+00   scaled displacement 0.000e+00
 >riskyterm: 12  z: z_110_quad12  card: 1  vars: [('x4', 'x15')]
  j=12 h=0 var=('x4', 'x15') xyval=1.2305084598940543 coeff=-4.05647702
  z=0.01 -> displacement 0.000e+00   scaled displacement 0.000e+00
 >riskyterm: 13  z: z_110_quad13  card: 1  vars: [('x4', 'x17')]
  j=13 h=0 var=('x4', 'x17') xyval=6.496542194097773 coeff=4.05647702
  z=-0.01 -> displacement 0.000e+00   scaled displacement 0.000e+00
 >riskyterm: 14  z: z_110_quad15  card: 1  vars: [('x5', 'x9')]
  j=14 h=0 var=('x5', 'x9') xyval=-1.5964511804587422 coeff=4.3914795
  z=0.01 -> displacement 0.000e+00   scaled displacement 0.000e+00
 >riskyterm: 15  z: z_110_quad16  card: 1  vars: [('x5', 'x10')]
  j=15 h=0 var=('x5', 'x10') xyval=-0.010196620848914931 coeff=-1.47802734
  z=-0.01 -> displacement 0.000e+00   scaled displacement 0.000e+00
 >riskyterm: 16  z: z_110_quad18  card: 1  vars: [('x9', 'x9')]
  j=16 h=0 var=('x9', 'x9') xyval=0.9999592071977097 coeff=5.367414254
  z=-0.01 -> displacement 0.000e+00   scaled displacement 0.000e+00
 >riskyterm: 17  z: z_110_quad19  card: 1  vars: [('x9', 'x11')]
  j=17 h=0 var=('x9', 'x11') xyval=-1.5375584326020444 coeff=-4.3914795
  z=-0.01 -> displacement 0.000e+00   scaled displacement 0.000e+00
 >riskyterm: 18  z: z_110_quad20  card: 1  vars: [('x9', 'x15')]
  j=18 h=0 var=('x9', 'x15') xyval=-1.6004763994641817 coeff=1.47802734
  z=0.01 -> displacement 0.000e+00   scaled displacement 0.000e+00
 >riskyterm: 19  z: z_110_quad21  card: 1  vars: [('x9', 'x17')]
  j=19 h=0 var=('x9', 'x17') xyval=-8.449809813312426 coeff=-1.47802734
  z=-0.01 -> displacement 0.000e+00   scaled displacement 0.000e+00
 >riskyterm: 20  z: z_110_quad22  card: 1  vars: [('x10', 'x10')]
  j=20 h=0 var=('x10', 'x10') xyval=4.0792802287491546e-05 coeff=5.367414254
  z=-0.01 -> displacement 0.000e+00   scaled displacement 0.000e+00
 >riskyterm: 21  z: z_110_quad23  card: 1  vars: [('x10', 'x11')]
  j=21 h=0 var=('x10', 'x11') xyval=-0.009820469653065059 coeff=1.47802734
  z=0.01 -> displacement 0.000e+00   scaled displacement 0.000e+00
 >riskyterm: 22  z: z_110_quad24  card: 1  vars: [('x10', 'x15')]
  j=22 h=0 var=('x10', 'x15') xyval=-0.010222330142462209 coeff=4.3914795
  z=0.01 -> displacement 0.000e+00   scaled displacement 0.000e+00
 >riskyterm: 23  z: z_110_quad25  card: 1  vars: [('x10', 'x17')]
  j=23 h=0 var=('x10', 'x17') xyval=-0.053969396600671134 coeff=-4.3914795
  z=-0.01 -> displacement 0.000e+00   scaled displacement 0.000e+00
 SUMMARY - feat: e125 (>)  Greedy: 0 at term:    L1norm: 0  L2norm: 0  slack: 71.1329  scale: 99.0412
>feat: 111  name: e126  numrisky: 24
 >riskyterm: 0  z: z_111_quad0  card: 1  vars: [('x3', 'x3')]
  j=0 h=0 var=('x3', 'x3') xyval=0.4089109114164637 coeff=5.016214727
  z=-0.01 -> displacement 0.000e+00   scaled displacement 0.000e+00
 >riskyterm: 1  z: z_111_quad1  card: 1  vars: [('x3', 'x5')]
  j=1 h=0 var=('x3', 'x5') xyval=-1.0208897661849805 coeff=-4.05647702
  z=-0.01 -> displacement 0.000e+00   scaled displacement 0.000e+00
 >riskyterm: 2  z: z_111_quad2  card: 1  vars: [('x3', 'x12')]
  j=2 h=0 var=('x3', 'x12') xyval=-0.2685645879376864 coeff=5.177433939
  z=0.01 -> displacement 0.000e+00   scaled displacement 0.000e+00
 >riskyterm: 3  z: z_111_quad3  card: 1  vars: [('x3', 'x13')]
  j=3 h=0 var=('x3', 'x13') xyval=-0.5803309172552539 coeff=4.918652299
  z=0.01 -> displacement 0.000e+00   scaled displacement 0.000e+00
 >riskyterm: 4  z: z_111_quad4  card: 1  vars: [('x3', 'x14')]
  j=4 h=0 var=('x3', 'x14') xyval=-1.065060851291855 coeff=4.05647702
  z=0.01 -> displacement 0.000e+00   scaled displacement 0.000e+00
 >riskyterm: 5  z: z_111_quad5  card: 1  vars: [('x3', 'x15')]
  j=5 h=0 var=('x3', 'x15') xyval=-1.0234637909591835 coeff=-1.89996134
  z=-0.01 -> displacement 0.000e+00   scaled displacement 0.000e+00
 >riskyterm: 6  z: z_111_quad6  card: 1  vars: [('x3', 'x18')]
  j=6 h=0 var=('x3', 'x18') xyval=-3.585277467677394 coeff=1.89996134
  z=0.01 -> displacement 0.000e+00   scaled displacement 0.000e+00
 >riskyterm: 7  z: z_111_quad7  card: 1  vars: [('x4', 'x4')]
  j=7 h=0 var=('x4', 'x4') xyval=0.5910890885835367 coeff=5.016214727
  z=-0.01 -> displacement 0.000e+00   scaled displacement 0.000e+00
 >riskyterm: 8  z: z_111_quad8  card: 1  vars: [('x4', 'x5')]
  j=8 h=0 var=('x4', 'x5') xyval=1.227413715078837 coeff=1.89996134
  z=-0.01 -> displacement 0.000e+00   scaled displacement 0.000e+00
 >riskyterm: 9  z: z_111_quad9  card: 1  vars: [('x4', 'x12')]
  j=9 h=0 var=('x4', 'x12') xyval=0.32289466457388644 coeff=-4.918652299
  z=0.01 -> displacement 0.000e+00   scaled displacement 0.000e+00
 >riskyterm: 10  z: z_111_quad10  card: 1  vars: [('x4', 'x13')]
  j=10 h=0 var=('x4', 'x13') xyval=0.6977306960233683 coeff=5.177433939
  z=-0.01 -> displacement 0.000e+00   scaled displacement 0.000e+00
 >riskyterm: 11  z: z_111_quad11  card: 1  vars: [('x4', 'x14')]
  j=11 h=0 var=('x4', 'x14') xyval=1.2805205219701388 coeff=-1.89996134
  z=0.01 -> displacement 0.000e+00   scaled displacement 0.000e+00
 >riskyterm: 12  z: z_111_quad12  card: 1  vars: [('x4', 'x15')]
  j=12 h=0 var=('x4', 'x15') xyval=1.2305084598940543 coeff=-4.05647702
  z=0.01 -> displacement 0.000e+00   scaled displacement 0.000e+00
 >riskyterm: 13  z: z_111_quad13  card: 1  vars: [('x4', 'x18')]
  j=13 h=0 var=('x4', 'x18') xyval=4.3105718971356435 coeff=4.05647702
  z=-0.01 -> displacement 0.000e+00   scaled displacement 0.000e+00
 >riskyterm: 14  z: z_111_quad15  card: 1  vars: [('x5', 'x12')]
  j=14 h=0 var=('x5', 'x12') xyval=0.6705001792090389 coeff=-3.02492942
  z=0.01 -> displacement 0.000e+00   scaled displacement 0.000e+00
 >riskyterm: 15  z: z_111_quad16  card: 1  vars: [('x5', 'x13')]
  j=15 h=0 var=('x5', 'x13') xyval=1.448858120157216 coeff=-1.00827778
  z=0.01 -> displacement 0.000e+00   scaled displacement 0.000e+00
 >riskyterm: 16  z: z_111_quad18  card: 1  vars: [('x12', 'x12')]
  j=16 h=0 var=('x12', 'x12') xyval=0.17638790230442186 coeff=2.541705519
  z=-0.01 -> displacement 0.000e+00   scaled displacement 0.000e+00
 >riskyterm: 17  z: z_111_quad19  card: 1  vars: [('x12', 'x14')]
  j=17 h=0 var=('x12', 'x14') xyval=0.6995108730772841 coeff=3.02492942
  z=-0.01 -> displacement 0.000e+00   scaled displacement 0.000e+00
 >riskyterm: 18  z: z_111_quad20  card: 1  vars: [('x12', 'x15')]
  j=18 h=0 var=('x12', 'x15') xyval=0.6721907477009156 coeff=1.00827778
  z=-0.01 -> displacement 0.000e+00   scaled displacement 0.000e+00
 >riskyterm: 19  z: z_111_quad21  card: 1  vars: [('x12', 'x18')]
  j=19 h=0 var=('x12', 'x18') xyval=2.3547392325962853 coeff=-1.00827778
  z=0.01 -> displacement 0.000e+00   scaled displacement 0.000e+00
 >riskyterm: 20  z: z_111_quad22  card: 1  vars: [('x13', 'x13')]
  j=20 h=0 var=('x13', 'x13') xyval=0.823612097695578 coeff=2.541705519
  z=-0.01 -> displacement 0.000e+00   scaled displacement 0.000e+00
 >riskyterm: 21  z: z_111_quad23  card: 1  vars: [('x13', 'x14')]
  j=21 h=0 var=('x13', 'x14') xyval=1.511546215829295 coeff=1.00827778
  z=-0.01 -> displacement 0.000e+00   scaled displacement 0.000e+00
 >riskyterm: 22  z: z_111_quad24  card: 1  vars: [('x13', 'x15')]
  j=22 h=0 var=('x13', 'x15') xyval=1.4525112047694033 coeff=-3.02492942
  z=0.01 -> displacement 0.000e+00   scaled displacement 0.000e+00
 >riskyterm: 23  z: z_111_quad25  card: 1  vars: [('x13', 'x18')]
  j=23 h=0 var=('x13', 'x18') xyval=5.088265691479037 coeff=3.02492942
  z=-0.01 -> displacement 0.000e+00   scaled displacement 0.000e+00
 SUMMARY - feat: e126 (>)  Greedy: 0 at term:    L1norm: 0  L2norm: 0  slack: 36.7752  scale: 83.2666
>feat: 112  name: e127  numrisky: 24
 >riskyterm: 0  z: z_112_quad0  card: 1  vars: [('x3', 'x3')]
  j=0 h=0 var=('x3', 'x3') xyval=0.4089109114164637 coeff=5.016214727
  z=-0.01 -> displacement 0.000e+00   scaled displacement 0.000e+00
 >riskyterm: 1  z: z_112_quad1  card: 1  vars: [('x3', 'x5')]
  j=1 h=0 var=('x3', 'x5') xyval=-1.0208897661849805 coeff=-4.05647702
  z=-0.01 -> displacement 0.000e+00   scaled displacement 0.000e+00
 >riskyterm: 2  z: z_112_quad2  card: 1  vars: [('x3', 'x6')]
  j=2 h=0 var=('x3', 'x6') xyval=-0.0 coeff=-9.511383497
  z=-0.01 -> displacement 0.000e+00   scaled displacement 0.000e+00
 >riskyterm: 3  z: z_112_quad3  card: 1  vars: [('x3', 'x7')]
  j=3 h=0 var=('x3', 'x7') xyval=-0.6394614229306281 coeff=-0.8646696983
  z=-0.01 -> displacement 0.000e+00   scaled displacement 0.000e+00
 >riskyterm: 4  z: z_112_quad4  card: 1  vars: [('x3', 'x8')]
  j=4 h=0 var=('x3', 'x8') xyval=-2.2835550282479624 coeff=4.05647702
  z=0.01 -> displacement 0.000e+00   scaled displacement 0.000e+00
 >riskyterm: 5  z: z_112_quad5  card: 1  vars: [('x3', 'x15')]
  j=5 h=0 var=('x3', 'x15') xyval=-1.0234637909591835 coeff=-1.89996134
  z=-0.01 -> displacement 0.000e+00   scaled displacement 0.000e+00
 >riskyterm: 6  z: z_112_quad6  card: 1  vars: [('x3', 'x16')]
  j=6 h=0 var=('x3', 'x16') xyval=-2.523818363544045 coeff=1.89996134
  z=0.01 -> displacement 0.000e+00   scaled displacement 0.000e+00
 >riskyterm: 7  z: z_112_quad7  card: 1  vars: [('x4', 'x4')]
  j=7 h=0 var=('x4', 'x4') xyval=0.5910890885835367 coeff=5.016214727
  z=-0.01 -> displacement 0.000e+00   scaled displacement 0.000e+00
 >riskyterm: 8  z: z_112_quad8  card: 1  vars: [('x4', 'x5')]
  j=8 h=0 var=('x4', 'x5') xyval=1.227413715078837 coeff=1.89996134
  z=-0.01 -> displacement 0.000e+00   scaled displacement 0.000e+00
 >riskyterm: 9  z: z_112_quad9  card: 1  vars: [('x4', 'x6')]
  j=9 h=0 var=('x4', 'x6') xyval=0.0 coeff=0.8646696983
  z=-0.01 -> displacement 0.000e+00   scaled displacement 0.000e+00
 >riskyterm: 10  z: z_112_quad10  card: 1  vars: [('x4', 'x7')]
  j=10 h=0 var=('x4', 'x7') xyval=0.7688231842130782 coeff=-9.511383497
  z=0.01 -> displacement 0.000e+00   scaled displacement 0.000e+00
 >riskyterm: 11  z: z_112_quad11  card: 1  vars: [('x4', 'x8')]
  j=11 h=0 var=('x4', 'x8') xyval=2.745513623163231 coeff=-1.89996134
  z=0.01 -> displacement 0.000e+00   scaled displacement 0.000e+00
 >riskyterm: 12  z: z_112_quad12  card: 1  vars: [('x4', 'x15')]
  j=12 h=0 var=('x4', 'x15') xyval=1.2305084598940543 coeff=-4.05647702
  z=0.01 -> displacement 0.000e+00   scaled displacement 0.000e+00
 >riskyterm: 13  z: z_112_quad13  card: 1  vars: [('x4', 'x16')]
  j=13 h=0 var=('x4', 'x16') xyval=3.034381748538838 coeff=4.05647702
  z=-0.01 -> displacement 0.000e+00   scaled displacement 0.000e+00
 >riskyterm: 14  z: z_112_quad15  card: 1  vars: [('x5', 'x6')]
  j=14 h=0 var=('x5', 'x6') xyval=0.0 coeff=4.009552
  z=-0.01 -> displacement 0.000e+00   scaled displacement 0.000e+00
 >riskyterm: 15  z: z_112_quad16  card: 1  vars: [('x5', 'x7')]
  j=15 h=0 var=('x5', 'x7') xyval=1.5964837433136785 coeff=-1.45166714
  z=0.01 -> displacement 0.000e+00   scaled displacement 0.000e+00
 >riskyterm: 16  z: z_112_quad18  card: 1  vars: [('x6', 'x6')]
  j=16 h=0 var=('x6', 'x6') xyval=0.0 coeff=4.545961182
  z=-0.01 -> displacement 0.000e+00   scaled displacement 0.000e+00
 >riskyterm: 17  z: z_112_quad19  card: 1  vars: [('x6', 'x8')]
  j=17 h=0 var=('x6', 'x8') xyval=0.0 coeff=-4.009552
  z=-0.01 -> displacement 0.000e+00   scaled displacement 0.000e+00
 >riskyterm: 18  z: z_112_quad20  card: 1  vars: [('x6', 'x15')]
  j=18 h=0 var=('x6', 'x15') xyval=0.0 coeff=1.45166714
  z=-0.01 -> displacement 0.000e+00   scaled displacement 0.000e+00
 >riskyterm: 19  z: z_112_quad21  card: 1  vars: [('x6', 'x16')]
  j=19 h=0 var=('x6', 'x16') xyval=0.0 coeff=-1.45166714
  z=-0.01 -> displacement 0.000e+00   scaled displacement 0.000e+00
 >riskyterm: 20  z: z_112_quad22  card: 1  vars: [('x7', 'x7')]
  j=20 h=0 var=('x7', 'x7') xyval=1.0 coeff=4.545961182
  z=-0.01 -> displacement 0.000e+00   scaled displacement 0.000e+00
 >riskyterm: 21  z: z_112_quad23  card: 1  vars: [('x7', 'x8')]
  j=21 h=0 var=('x7', 'x8') xyval=3.571059873764572 coeff=1.45166714
  z=-0.01 -> displacement 0.000e+00   scaled displacement 0.000e+00
 >riskyterm: 22  z: z_112_quad24  card: 1  vars: [('x7', 'x15')]
  j=22 h=0 var=('x7', 'x15') xyval=1.6005090444216115 coeff=4.009552
  z=-0.01 -> displacement 0.000e+00   scaled displacement 0.000e+00
 >riskyterm: 23  z: z_112_quad25  card: 1  vars: [('x7', 'x16')]
  j=23 h=0 var=('x7', 'x16') xyval=3.94678752 coeff=-4.009552
  z=0.01 -> displacement 0.000e+00   scaled displacement 0.000e+00
 SUMMARY - feat: e127 (>)  Greedy: 0 at term:    L1norm: 0  L2norm: 0  slack: 0.308915  scale: 93.5471
>feat: 113  name: e128  numrisky: 24
 >riskyterm: 0  z: z_113_quad0  card: 1  vars: [('x3', 'x3')]
  j=0 h=0 var=('x3', 'x3') xyval=0.4089109114164637 coeff=5.016214727
  z=-0.01 -> displacement 0.000e+00   scaled displacement 0.000e+00
 >riskyterm: 1  z: z_113_quad1  card: 1  vars: [('x3', 'x5')]
  j=1 h=0 var=('x3', 'x5') xyval=-1.0208897661849805 coeff=-4.05647702
  z=-0.01 -> displacement 0.000e+00   scaled displacement 0.000e+00
 >riskyterm: 2  z: z_113_quad2  card: 1  vars: [('x3', 'x9')]
  j=2 h=0 var=('x3', 'x9') xyval=0.6394483800859143 coeff=7.508254609
  z=-0.01 -> displacement 0.000e+00   scaled displacement 0.000e+00
 >riskyterm: 3  z: z_113_quad3  card: 1  vars: [('x3', 'x10')]
  j=3 h=0 var=('x3', 'x10') xyval=0.004084191714722727 coeff=-4.910418422
  z=0.01 -> displacement 0.000e+00   scaled displacement 0.000e+00
 >riskyterm: 4  z: z_113_quad4  card: 1  vars: [('x3', 'x11')]
  j=4 h=0 var=('x3', 'x11') xyval=-0.9832293576956092 coeff=4.05647702
  z=0.01 -> displacement 0.000e+00   scaled displacement 0.000e+00
 >riskyterm: 5  z: z_113_quad5  card: 1  vars: [('x3', 'x15')]
  j=5 h=0 var=('x3', 'x15') xyval=-1.0234637909591835 coeff=-1.89996134
  z=-0.01 -> displacement 0.000e+00   scaled displacement 0.000e+00
 >riskyterm: 6  z: z_113_quad6  card: 1  vars: [('x3', 'x17')]
  j=6 h=0 var=('x3', 'x17') xyval=-5.403437618519153 coeff=1.89996134
  z=0.01 -> displacement 0.000e+00   scaled displacement 0.000e+00
 >riskyterm: 7  z: z_113_quad7  card: 1  vars: [('x4', 'x4')]
  j=7 h=0 var=('x4', 'x4') xyval=0.5910890885835367 coeff=5.016214727
  z=-0.01 -> displacement 0.000e+00   scaled displacement 0.000e+00
 >riskyterm: 8  z: z_113_quad8  card: 1  vars: [('x4', 'x5')]
  j=8 h=0 var=('x4', 'x5') xyval=1.227413715078837 coeff=1.89996134
  z=-0.01 -> displacement 0.000e+00   scaled displacement 0.000e+00
 >riskyterm: 9  z: z_113_quad9  card: 1  vars: [('x4', 'x9')]
  j=9 h=0 var=('x4', 'x9') xyval=-0.7688075028270797 coeff=4.910418422
  z=0.01 -> displacement 0.000e+00   scaled displacement 0.000e+00
 >riskyterm: 10  z: z_113_quad10  card: 1  vars: [('x4', 'x10')]
  j=10 h=0 var=('x4', 'x10') xyval=-0.004910415494118781 coeff=7.508254609
  z=0.01 -> displacement 0.000e+00   scaled displacement 0.000e+00
 >riskyterm: 11  z: z_113_quad11  card: 1  vars: [('x4', 'x11')]
  j=11 h=0 var=('x4', 'x11') xyval=1.1821346816058438 coeff=-1.89996134
  z=0.01 -> displacement 0.000e+00   scaled displacement 0.000e+00
 >riskyterm: 12  z: z_113_quad12  card: 1  vars: [('x4', 'x15')]
  j=12 h=0 var=('x4', 'x15') xyval=1.2305084598940543 coeff=-4.05647702
  z=0.01 -> displacement 0.000e+00   scaled displacement 0.000e+00
 >riskyterm: 13  z: z_113_quad13  card: 1  vars: [('x4', 'x17')]
  j=13 h=0 var=('x4', 'x17') xyval=6.496542194097773 coeff=4.05647702
  z=-0.01 -> displacement 0.000e+00   scaled displacement 0.000e+00
 >riskyterm: 14  z: z_113_quad15  card: 1  vars: [('x5', 'x9')]
  j=14 h=0 var=('x5', 'x9') xyval=-1.5964511804587422 coeff=-2.10591634
  z=-0.01 -> displacement 0.000e+00   scaled displacement 0.000e+00
 >riskyterm: 15  z: z_113_quad16  card: 1  vars: [('x5', 'x10')]
  j=15 h=0 var=('x5', 'x10') xyval=-0.010196620848914931 coeff=3.40738932
  z=0.01 -> displacement 0.000e+00   scaled displacement 0.000e+00
 >riskyterm: 16  z: z_113_quad18  card: 1  vars: [('x9', 'x9')]
  j=16 h=0 var=('x9', 'x9') xyval=0.9999592071977097 coeff=4.011296402
  z=-0.01 -> displacement 0.000e+00   scaled displacement 0.000e+00
 >riskyterm: 17  z: z_113_quad19  card: 1  vars: [('x9', 'x11')]
  j=17 h=0 var=('x9', 'x11') xyval=-1.5375584326020444 coeff=2.10591634
  z=0.01 -> displacement 0.000e+00   scaled displacement 0.000e+00
 >riskyterm: 18  z: z_113_quad20  card: 1  vars: [('x9', 'x15')]
  j=18 h=0 var=('x9', 'x15') xyval=-1.6004763994641817 coeff=-3.40738932
  z=-0.01 -> displacement 0.000e+00   scaled displacement 0.000e+00
 >riskyterm: 19  z: z_113_quad21  card: 1  vars: [('x9', 'x17')]
  j=19 h=0 var=('x9', 'x17') xyval=-8.449809813312426 coeff=3.40738932
  z=0.01 -> displacement 0.000e+00   scaled displacement 0.000e+00
 >riskyterm: 20  z: z_113_quad22  card: 1  vars: [('x10', 'x10')]
  j=20 h=0 var=('x10', 'x10') xyval=4.0792802287491546e-05 coeff=4.011296402
  z=-0.01 -> displacement 0.000e+00   scaled displacement 0.000e+00
 >riskyterm: 21  z: z_113_quad23  card: 1  vars: [('x10', 'x11')]
  j=21 h=0 var=('x10', 'x11') xyval=-0.009820469653065059 coeff=-3.40738932
  z=-0.01 -> displacement 0.000e+00   scaled displacement 0.000e+00
 >riskyterm: 22  z: z_113_quad24  card: 1  vars: [('x10', 'x15')]
  j=22 h=0 var=('x10', 'x15') xyval=-0.010222330142462209 coeff=-2.10591634
  z=-0.01 -> displacement 0.000e+00   scaled displacement 0.000e+00
 >riskyterm: 23  z: z_113_quad25  card: 1  vars: [('x10', 'x17')]
  j=23 h=0 var=('x10', 'x17') xyval=-0.053969396600671134 coeff=2.10591634
  z=0.01 -> displacement 0.000e+00   scaled displacement 0.000e+00
 SUMMARY - feat: e128 (>)  Greedy: 0 at term:    L1norm: 0  L2norm: 0  slack: 45.6323  scale: 96.7713
>feat: 114  name: e129  numrisky: 24
 >riskyterm: 0  z: z_114_quad0  card: 1  vars: [('x3', 'x3')]
  j=0 h=0 var=('x3', 'x3') xyval=0.4089109114164637 coeff=5.016214727
  z=-0.01 -> displacement 0.000e+00   scaled displacement 0.000e+00
 >riskyterm: 1  z: z_114_quad1  card: 1  vars: [('x3', 'x5')]
  j=1 h=0 var=('x3', 'x5') xyval=-1.0208897661849805 coeff=-4.05647702
  z=-0.01 -> displacement 0.000e+00   scaled displacement 0.000e+00
 >riskyterm: 2  z: z_114_quad2  card: 1  vars: [('x3', 'x12')]
  j=2 h=0 var=('x3', 'x12') xyval=-0.2685645879376864 coeff=-6.013520903
  z=-0.01 -> displacement 0.000e+00   scaled displacement 0.000e+00
 >riskyterm: 3  z: z_114_quad3  card: 1  vars: [('x3', 'x13')]
  j=3 h=0 var=('x3', 'x13') xyval=-0.5803309172552539 coeff=0.8546653752
  z=0.01 -> displacement 0.000e+00   scaled displacement 0.000e+00
 >riskyterm: 4  z: z_114_quad4  card: 1  vars: [('x3', 'x14')]
  j=4 h=0 var=('x3', 'x14') xyval=-1.065060851291855 coeff=4.05647702
  z=0.01 -> displacement 0.000e+00   scaled displacement 0.000e+00
 >riskyterm: 5  z: z_114_quad5  card: 1  vars: [('x3', 'x15')]
  j=5 h=0 var=('x3', 'x15') xyval=-1.0234637909591835 coeff=-1.89996134
  z=-0.01 -> displacement 0.000e+00   scaled displacement 0.000e+00
 >riskyterm: 6  z: z_114_quad6  card: 1  vars: [('x3', 'x18')]
  j=6 h=0 var=('x3', 'x18') xyval=-3.585277467677394 coeff=1.89996134
  z=0.01 -> displacement 0.000e+00   scaled displacement 0.000e+00
 >riskyterm: 7  z: z_114_quad7  card: 1  vars: [('x4', 'x4')]
  j=7 h=0 var=('x4', 'x4') xyval=0.5910890885835367 coeff=5.016214727
  z=-0.01 -> displacement 0.000e+00   scaled displacement 0.000e+00
 >riskyterm: 8  z: z_114_quad8  card: 1  vars: [('x4', 'x5')]
  j=8 h=0 var=('x4', 'x5') xyval=1.227413715078837 coeff=1.89996134
  z=-0.01 -> displacement 0.000e+00   scaled displacement 0.000e+00
 >riskyterm: 9  z: z_114_quad9  card: 1  vars: [('x4', 'x12')]
  j=9 h=0 var=('x4', 'x12') xyval=0.32289466457388644 coeff=-0.8546653752
  z=0.01 -> displacement 0.000e+00   scaled displacement 0.000e+00
 >riskyterm: 10  z: z_114_quad10  card: 1  vars: [('x4', 'x13')]
  j=10 h=0 var=('x4', 'x13') xyval=0.6977306960233683 coeff=-6.013520903
  z=0.01 -> displacement 0.000e+00   scaled displacement 0.000e+00
 >riskyterm: 11  z: z_114_quad11  card: 1  vars: [('x4', 'x14')]
  j=11 h=0 var=('x4', 'x14') xyval=1.2805205219701388 coeff=-1.89996134
  z=0.01 -> displacement 0.000e+00   scaled displacement 0.000e+00
 >riskyterm: 12  z: z_114_quad12  card: 1  vars: [('x4', 'x15')]
  j=12 h=0 var=('x4', 'x15') xyval=1.2305084598940543 coeff=-4.05647702
  z=0.01 -> displacement 0.000e+00   scaled displacement 0.000e+00
 >riskyterm: 13  z: z_114_quad13  card: 1  vars: [('x4', 'x18')]
  j=13 h=0 var=('x4', 'x18') xyval=4.3105718971356435 coeff=4.05647702
  z=-0.01 -> displacement 0.000e+00   scaled displacement 0.000e+00
 >riskyterm: 14  z: z_114_quad15  card: 1  vars: [('x5', 'x12')]
  j=14 h=0 var=('x5', 'x12') xyval=0.6705001792090389 coeff=2.26962754
  z=-0.01 -> displacement 0.000e+00   scaled displacement 0.000e+00
 >riskyterm: 15  z: z_114_quad16  card: 1  vars: [('x5', 'x13')]
  j=15 h=0 var=('x5', 'x13') xyval=1.448858120157216 coeff=-1.48442486
  z=0.01 -> displacement 0.000e+00   scaled displacement 0.000e+00
 >riskyterm: 16  z: z_114_quad18  card: 1  vars: [('x12', 'x12')]
  j=16 h=0 var=('x12', 'x12') xyval=0.17638790230442186 coeff=1.838681584
  z=-0.01 -> displacement 0.000e+00   scaled displacement 0.000e+00
 >riskyterm: 17  z: z_114_quad19  card: 1  vars: [('x12', 'x14')]
  j=17 h=0 var=('x12', 'x14') xyval=0.6995108730772841 coeff=-2.26962754
  z=0.01 -> displacement 0.000e+00   scaled displacement 0.000e+00
 >riskyterm: 18  z: z_114_quad20  card: 1  vars: [('x12', 'x15')]
  j=18 h=0 var=('x12', 'x15') xyval=0.6721907477009156 coeff=1.48442486
  z=-0.01 -> displacement 0.000e+00   scaled displacement 0.000e+00
 >riskyterm: 19  z: z_114_quad21  card: 1  vars: [('x12', 'x18')]
  j=19 h=0 var=('x12', 'x18') xyval=2.3547392325962853 coeff=-1.48442486
  z=0.01 -> displacement 0.000e+00   scaled displacement 0.000e+00
 >riskyterm: 20  z: z_114_quad22  card: 1  vars: [('x13', 'x13')]
  j=20 h=0 var=('x13', 'x13') xyval=0.823612097695578 coeff=1.838681584
  z=-0.01 -> displacement 0.000e+00   scaled displacement 0.000e+00
 >riskyterm: 21  z: z_114_quad23  card: 1  vars: [('x13', 'x14')]
  j=21 h=0 var=('x13', 'x14') xyval=1.511546215829295 coeff=1.48442486
  z=-0.01 -> displacement 0.000e+00   scaled displacement 0.000e+00
 >riskyterm: 22  z: z_114_quad24  card: 1  vars: [('x13', 'x15')]
  j=22 h=0 var=('x13', 'x15') xyval=1.4525112047694033 coeff=2.26962754
  z=-0.01 -> displacement 0.000e+00   scaled displacement 0.000e+00
 >riskyterm: 23  z: z_114_quad25  card: 1  vars: [('x13', 'x18')]
  j=23 h=0 var=('x13', 'x18') xyval=5.088265691479037 coeff=-2.26962754
  z=0.01 -> displacement 0.000e+00   scaled displacement 0.000e+00
 SUMMARY - feat: e129 (>)  Greedy: 0 at term:    L1norm: 0  L2norm: 0  slack: 15.2753  scale: 74.2881
>feat: 115  name: e130  numrisky: 24
 >riskyterm: 0  z: z_115_quad0  card: 1  vars: [('x3', 'x3')]
  j=0 h=0 var=('x3', 'x3') xyval=0.4089109114164637 coeff=5.016214727
  z=-0.01 -> displacement 0.000e+00   scaled displacement 0.000e+00
 >riskyterm: 1  z: z_115_quad1  card: 1  vars: [('x3', 'x5')]
  j=1 h=0 var=('x3', 'x5') xyval=-1.0208897661849805 coeff=-4.05647702
  z=-0.01 -> displacement 0.000e+00   scaled displacement 0.000e+00
 >riskyterm: 2  z: z_115_quad2  card: 1  vars: [('x3', 'x6')]
  j=2 h=0 var=('x3', 'x6') xyval=-0.0 coeff=13.27203895
  z=-0.01 -> displacement 0.000e+00   scaled displacement 0.000e+00
 >riskyterm: 3  z: z_115_quad3  card: 1  vars: [('x3', 'x7')]
  j=3 h=0 var=('x3', 'x7') xyval=-0.6394614229306281 coeff=10.51159543
  z=0.01 -> displacement 0.000e+00   scaled displacement 0.000e+00
 >riskyterm: 4  z: z_115_quad4  card: 1  vars: [('x3', 'x8')]
  j=4 h=0 var=('x3', 'x8') xyval=-2.2835550282479624 coeff=4.05647702
  z=0.01 -> displacement 0.000e+00   scaled displacement 0.000e+00
 >riskyterm: 5  z: z_115_quad5  card: 1  vars: [('x3', 'x15')]
  j=5 h=0 var=('x3', 'x15') xyval=-1.0234637909591835 coeff=-1.89996134
  z=-0.01 -> displacement 0.000e+00   scaled displacement 0.000e+00
 >riskyterm: 6  z: z_115_quad6  card: 1  vars: [('x3', 'x16')]
  j=6 h=0 var=('x3', 'x16') xyval=-2.523818363544045 coeff=1.89996134
  z=0.01 -> displacement 0.000e+00   scaled displacement 0.000e+00
 >riskyterm: 7  z: z_115_quad7  card: 1  vars: [('x4', 'x4')]
  j=7 h=0 var=('x4', 'x4') xyval=0.5910890885835367 coeff=5.016214727
  z=-0.01 -> displacement 0.000e+00   scaled displacement 0.000e+00
 >riskyterm: 8  z: z_115_quad8  card: 1  vars: [('x4', 'x5')]
  j=8 h=0 var=('x4', 'x5') xyval=1.227413715078837 coeff=1.89996134
  z=-0.01 -> displacement 0.000e+00   scaled displacement 0.000e+00
 >riskyterm: 9  z: z_115_quad9  card: 1  vars: [('x4', 'x6')]
  j=9 h=0 var=('x4', 'x6') xyval=0.0 coeff=-10.51159543
  z=-0.01 -> displacement 0.000e+00   scaled displacement 0.000e+00
 >riskyterm: 10  z: z_115_quad10  card: 1  vars: [('x4', 'x7')]
  j=10 h=0 var=('x4', 'x7') xyval=0.7688231842130782 coeff=13.27203895
  z=-0.01 -> displacement 0.000e+00   scaled displacement 0.000e+00
 >riskyterm: 11  z: z_115_quad11  card: 1  vars: [('x4', 'x8')]
  j=11 h=0 var=('x4', 'x8') xyval=2.745513623163231 coeff=-1.89996134
  z=0.01 -> displacement 0.000e+00   scaled displacement 0.000e+00
 >riskyterm: 12  z: z_115_quad12  card: 1  vars: [('x4', 'x15')]
  j=12 h=0 var=('x4', 'x15') xyval=1.2305084598940543 coeff=-4.05647702
  z=0.01 -> displacement 0.000e+00   scaled displacement 0.000e+00
 >riskyterm: 13  z: z_115_quad13  card: 1  vars: [('x4', 'x16')]
  j=13 h=0 var=('x4', 'x16') xyval=3.034381748538838 coeff=4.05647702
  z=-0.01 -> displacement 0.000e+00   scaled displacement 0.000e+00
 >riskyterm: 14  z: z_115_quad15  card: 1  vars: [('x5', 'x6')]
  j=14 h=0 var=('x5', 'x6') xyval=0.0 coeff=-7.357076
  z=-0.01 -> displacement 0.000e+00   scaled displacement 0.000e+00
 >riskyterm: 15  z: z_115_quad16  card: 1  vars: [('x5', 'x7')]
  j=15 h=0 var=('x5', 'x7') xyval=1.5964837433136785 coeff=-1.7367363
  z=0.01 -> displacement 0.000e+00   scaled displacement 0.000e+00
 >riskyterm: 16  z: z_115_quad18  card: 1  vars: [('x6', 'x6')]
  j=16 h=0 var=('x6', 'x6') xyval=0.0 coeff=14.28570506
  z=-0.01 -> displacement 0.000e+00   scaled displacement 0.000e+00
 >riskyterm: 17  z: z_115_quad19  card: 1  vars: [('x6', 'x8')]
  j=17 h=0 var=('x6', 'x8') xyval=0.0 coeff=7.357076
  z=-0.01 -> displacement 0.000e+00   scaled displacement 0.000e+00
 >riskyterm: 18  z: z_115_quad20  card: 1  vars: [('x6', 'x15')]
  j=18 h=0 var=('x6', 'x15') xyval=0.0 coeff=1.7367363
  z=-0.01 -> displacement 0.000e+00   scaled displacement 0.000e+00
 >riskyterm: 19  z: z_115_quad21  card: 1  vars: [('x6', 'x16')]
  j=19 h=0 var=('x6', 'x16') xyval=0.0 coeff=-1.7367363
  z=-0.01 -> displacement 0.000e+00   scaled displacement 0.000e+00
 >riskyterm: 20  z: z_115_quad22  card: 1  vars: [('x7', 'x7')]
  j=20 h=0 var=('x7', 'x7') xyval=1.0 coeff=14.28570506
  z=-0.01 -> displacement 0.000e+00   scaled displacement 0.000e+00
 >riskyterm: 21  z: z_115_quad23  card: 1  vars: [('x7', 'x8')]
  j=21 h=0 var=('x7', 'x8') xyval=3.571059873764572 coeff=1.7367363
  z=-0.01 -> displacement 0.000e+00   scaled displacement 0.000e+00
 >riskyterm: 22  z: z_115_quad24  card: 1  vars: [('x7', 'x15')]
  j=22 h=0 var=('x7', 'x15') xyval=1.6005090444216115 coeff=-7.357076
  z=0.01 -> displacement 0.000e+00   scaled displacement 0.000e+00
 >riskyterm: 23  z: z_115_quad25  card: 1  vars: [('x7', 'x16')]
  j=23 h=0 var=('x7', 'x16') xyval=3.94678752 coeff=7.357076
  z=-0.01 -> displacement 0.000e+00   scaled displacement 0.000e+00
 SUMMARY - feat: e130 (>)  Greedy: 0 at term:    L1norm: 0  L2norm: 0  slack: 47.8865  scale: 154.372
>feat: 116  name: e131  numrisky: 24
 >riskyterm: 0  z: z_116_quad0  card: 1  vars: [('x3', 'x3')]
  j=0 h=0 var=('x3', 'x3') xyval=0.4089109114164637 coeff=5.016214727
  z=-0.01 -> displacement 0.000e+00   scaled displacement 0.000e+00
 >riskyterm: 1  z: z_116_quad1  card: 1  vars: [('x3', 'x5')]
  j=1 h=0 var=('x3', 'x5') xyval=-1.0208897661849805 coeff=-4.05647702
  z=-0.01 -> displacement 0.000e+00   scaled displacement 0.000e+00
 >riskyterm: 2  z: z_116_quad2  card: 1  vars: [('x3', 'x9')]
  j=2 h=0 var=('x3', 'x9') xyval=0.6394483800859143 coeff=-6.752255412
  z=0.01 -> displacement 0.000e+00   scaled displacement 0.000e+00
 >riskyterm: 3  z: z_116_quad3  card: 1  vars: [('x3', 'x10')]
  j=3 h=0 var=('x3', 'x10') xyval=0.004084191714722727 coeff=-1.412402306
  z=0.01 -> displacement 0.000e+00   scaled displacement 0.000e+00
 >riskyterm: 4  z: z_116_quad4  card: 1  vars: [('x3', 'x11')]
  j=4 h=0 var=('x3', 'x11') xyval=-0.9832293576956092 coeff=4.05647702
  z=0.01 -> displacement 0.000e+00   scaled displacement 0.000e+00
 >riskyterm: 5  z: z_116_quad5  card: 1  vars: [('x3', 'x15')]
  j=5 h=0 var=('x3', 'x15') xyval=-1.0234637909591835 coeff=-1.89996134
  z=-0.01 -> displacement 0.000e+00   scaled displacement 0.000e+00
 >riskyterm: 6  z: z_116_quad6  card: 1  vars: [('x3', 'x17')]
  j=6 h=0 var=('x3', 'x17') xyval=-5.403437618519153 coeff=1.89996134
  z=0.01 -> displacement 0.000e+00   scaled displacement 0.000e+00
 >riskyterm: 7  z: z_116_quad7  card: 1  vars: [('x4', 'x4')]
  j=7 h=0 var=('x4', 'x4') xyval=0.5910890885835367 coeff=5.016214727
  z=-0.01 -> displacement 0.000e+00   scaled displacement 0.000e+00
 >riskyterm: 8  z: z_116_quad8  card: 1  vars: [('x4', 'x5')]
  j=8 h=0 var=('x4', 'x5') xyval=1.227413715078837 coeff=1.89996134
  z=-0.01 -> displacement 0.000e+00   scaled displacement 0.000e+00
 >riskyterm: 9  z: z_116_quad9  card: 1  vars: [('x4', 'x9')]
  j=9 h=0 var=('x4', 'x9') xyval=-0.7688075028270797 coeff=1.412402306
  z=0.01 -> displacement 0.000e+00   scaled displacement 0.000e+00
 >riskyterm: 10  z: z_116_quad10  card: 1  vars: [('x4', 'x10')]
  j=10 h=0 var=('x4', 'x10') xyval=-0.004910415494118781 coeff=-6.752255412
  z=-0.01 -> displacement 0.000e+00   scaled displacement 0.000e+00
 >riskyterm: 11  z: z_116_quad11  card: 1  vars: [('x4', 'x11')]
  j=11 h=0 var=('x4', 'x11') xyval=1.1821346816058438 coeff=-1.89996134
  z=0.01 -> displacement 0.000e+00   scaled displacement 0.000e+00
 >riskyterm: 12  z: z_116_quad12  card: 1  vars: [('x4', 'x15')]
  j=12 h=0 var=('x4', 'x15') xyval=1.2305084598940543 coeff=-4.05647702
  z=0.01 -> displacement 0.000e+00   scaled displacement 0.000e+00
 >riskyterm: 13  z: z_116_quad13  card: 1  vars: [('x4', 'x17')]
  j=13 h=0 var=('x4', 'x17') xyval=6.496542194097773 coeff=4.05647702
  z=-0.01 -> displacement 0.000e+00   scaled displacement 0.000e+00
 >riskyterm: 14  z: z_116_quad15  card: 1  vars: [('x5', 'x9')]
  j=14 h=0 var=('x5', 'x9') xyval=-1.5964511804587422 coeff=2.9976666
  z=0.01 -> displacement 0.000e+00   scaled displacement 0.000e+00
 >riskyterm: 15  z: z_116_quad16  card: 1  vars: [('x5', 'x10')]
  j=15 h=0 var=('x5', 'x10') xyval=-0.010196620848914931 coeff=-0.70766974
  z=-0.01 -> displacement 0.000e+00   scaled displacement 0.000e+00
 >riskyterm: 16  z: z_116_quad18  card: 1  vars: [('x9', 'x9')]
  j=16 h=0 var=('x9', 'x9') xyval=0.9999592071977097 coeff=2.371700376
  z=-0.01 -> displacement 0.000e+00   scaled displacement 0.000e+00
 >riskyterm: 17  z: z_116_quad19  card: 1  vars: [('x9', 'x11')]
  j=17 h=0 var=('x9', 'x11') xyval=-1.5375584326020444 coeff=-2.9976666
  z=-0.01 -> displacement 0.000e+00   scaled displacement 0.000e+00
 >riskyterm: 18  z: z_116_quad20  card: 1  vars: [('x9', 'x15')]
  j=18 h=0 var=('x9', 'x15') xyval=-1.6004763994641817 coeff=0.70766974
  z=0.01 -> displacement 0.000e+00   scaled displacement 0.000e+00
 >riskyterm: 19  z: z_116_quad21  card: 1  vars: [('x9', 'x17')]
  j=19 h=0 var=('x9', 'x17') xyval=-8.449809813312426 coeff=-0.70766974
  z=-0.01 -> displacement 0.000e+00   scaled displacement 0.000e+00
 >riskyterm: 20  z: z_116_quad22  card: 1  vars: [('x10', 'x10')]
  j=20 h=0 var=('x10', 'x10') xyval=4.0792802287491546e-05 coeff=2.371700376
  z=-0.01 -> displacement 0.000e+00   scaled displacement 0.000e+00
 >riskyterm: 21  z: z_116_quad23  card: 1  vars: [('x10', 'x11')]
  j=21 h=0 var=('x10', 'x11') xyval=-0.009820469653065059 coeff=0.70766974
  z=0.01 -> displacement 0.000e+00   scaled displacement 0.000e+00
 >riskyterm: 22  z: z_116_quad24  card: 1  vars: [('x10', 'x15')]
  j=22 h=0 var=('x10', 'x15') xyval=-0.010222330142462209 coeff=2.9976666
  z=0.01 -> displacement 0.000e+00   scaled displacement 0.000e+00
 >riskyterm: 23  z: z_116_quad25  card: 1  vars: [('x10', 'x17')]
  j=23 h=0 var=('x10', 'x17') xyval=-0.053969396600671134 coeff=-2.9976666
  z=-0.01 -> displacement 0.000e+00   scaled displacement 0.000e+00
 SUMMARY - feat: e131 (>)  Greedy: 0 at term:    L1norm: 0  L2norm: 0  slack: 63.7027  scale: 77.7522
>feat: 117  name: e132  numrisky: 24
 >riskyterm: 0  z: z_117_quad0  card: 1  vars: [('x3', 'x3')]
  j=0 h=0 var=('x3', 'x3') xyval=0.4089109114164637 coeff=5.016214727
  z=-0.01 -> displacement 0.000e+00   scaled displacement 0.000e+00
 >riskyterm: 1  z: z_117_quad1  card: 1  vars: [('x3', 'x5')]
  j=1 h=0 var=('x3', 'x5') xyval=-1.0208897661849805 coeff=-4.05647702
  z=-0.01 -> displacement 0.000e+00   scaled displacement 0.000e+00
 >riskyterm: 2  z: z_117_quad2  card: 1  vars: [('x3', 'x12')]
  j=2 h=0 var=('x3', 'x12') xyval=-0.2685645879376864 coeff=7.866756435
  z=0.01 -> displacement 0.000e+00   scaled displacement 0.000e+00
 >riskyterm: 3  z: z_117_quad3  card: 1  vars: [('x3', 'x13')]
  j=3 h=0 var=('x3', 'x13') xyval=-0.5803309172552539 coeff=7.473671436
  z=0.01 -> displacement 0.000e+00   scaled displacement 0.000e+00
 >riskyterm: 4  z: z_117_quad4  card: 1  vars: [('x3', 'x14')]
  j=4 h=0 var=('x3', 'x14') xyval=-1.065060851291855 coeff=4.05647702
  z=0.01 -> displacement 0.000e+00   scaled displacement 0.000e+00
 >riskyterm: 5  z: z_117_quad5  card: 1  vars: [('x3', 'x15')]
  j=5 h=0 var=('x3', 'x15') xyval=-1.0234637909591835 coeff=-1.89996134
  z=-0.01 -> displacement 0.000e+00   scaled displacement 0.000e+00
 >riskyterm: 6  z: z_117_quad6  card: 1  vars: [('x3', 'x18')]
  j=6 h=0 var=('x3', 'x18') xyval=-3.585277467677394 coeff=1.89996134
  z=0.01 -> displacement 0.000e+00   scaled displacement 0.000e+00
 >riskyterm: 7  z: z_117_quad7  card: 1  vars: [('x4', 'x4')]
  j=7 h=0 var=('x4', 'x4') xyval=0.5910890885835367 coeff=5.016214727
  z=-0.01 -> displacement 0.000e+00   scaled displacement 0.000e+00
 >riskyterm: 8  z: z_117_quad8  card: 1  vars: [('x4', 'x5')]
  j=8 h=0 var=('x4', 'x5') xyval=1.227413715078837 coeff=1.89996134
  z=-0.01 -> displacement 0.000e+00   scaled displacement 0.000e+00
 >riskyterm: 9  z: z_117_quad9  card: 1  vars: [('x4', 'x12')]
  j=9 h=0 var=('x4', 'x12') xyval=0.32289466457388644 coeff=-7.473671436
  z=0.01 -> displacement 0.000e+00   scaled displacement 0.000e+00
 >riskyterm: 10  z: z_117_quad10  card: 1  vars: [('x4', 'x13')]
  j=10 h=0 var=('x4', 'x13') xyval=0.6977306960233683 coeff=7.866756435
  z=-0.01 -> displacement 0.000e+00   scaled displacement 0.000e+00
 >riskyterm: 11  z: z_117_quad11  card: 1  vars: [('x4', 'x14')]
  j=11 h=0 var=('x4', 'x14') xyval=1.2805205219701388 coeff=-1.89996134
  z=0.01 -> displacement 0.000e+00   scaled displacement 0.000e+00
 >riskyterm: 12  z: z_117_quad12  card: 1  vars: [('x4', 'x15')]
  j=12 h=0 var=('x4', 'x15') xyval=1.2305084598940543 coeff=-4.05647702
  z=0.01 -> displacement 0.000e+00   scaled displacement 0.000e+00
 >riskyterm: 13  z: z_117_quad13  card: 1  vars: [('x4', 'x18')]
  j=13 h=0 var=('x4', 'x18') xyval=4.3105718971356435 coeff=4.05647702
  z=-0.01 -> displacement 0.000e+00   scaled displacement 0.000e+00
 >riskyterm: 14  z: z_117_quad15  card: 1  vars: [('x5', 'x12')]
  j=14 h=0 var=('x5', 'x12') xyval=0.6705001792090389 coeff=-4.59619514
  z=0.01 -> displacement 0.000e+00   scaled displacement 0.000e+00
 >riskyterm: 15  z: z_117_quad16  card: 1  vars: [('x5', 'x13')]
  j=15 h=0 var=('x5', 'x13') xyval=1.448858120157216 coeff=-1.53205596
  z=0.01 -> displacement 0.000e+00   scaled displacement 0.000e+00
 >riskyterm: 16  z: z_117_quad18  card: 1  vars: [('x12', 'x12')]
  j=16 h=0 var=('x12', 'x12') xyval=0.17638790230442186 coeff=5.868051307
  z=-0.01 -> displacement 0.000e+00   scaled displacement 0.000e+00
 >riskyterm: 17  z: z_117_quad19  card: 1  vars: [('x12', 'x14')]
  j=17 h=0 var=('x12', 'x14') xyval=0.6995108730772841 coeff=4.59619514
  z=-0.01 -> displacement 0.000e+00   scaled displacement 0.000e+00
 >riskyterm: 18  z: z_117_quad20  card: 1  vars: [('x12', 'x15')]
  j=18 h=0 var=('x12', 'x15') xyval=0.6721907477009156 coeff=1.53205596
  z=-0.01 -> displacement 0.000e+00   scaled displacement 0.000e+00
 >riskyterm: 19  z: z_117_quad21  card: 1  vars: [('x12', 'x18')]
  j=19 h=0 var=('x12', 'x18') xyval=2.3547392325962853 coeff=-1.53205596
  z=0.01 -> displacement 0.000e+00   scaled displacement 0.000e+00
 >riskyterm: 20  z: z_117_quad22  card: 1  vars: [('x13', 'x13')]
  j=20 h=0 var=('x13', 'x13') xyval=0.823612097695578 coeff=5.868051307
  z=-0.01 -> displacement 0.000e+00   scaled displacement 0.000e+00
 >riskyterm: 21  z: z_117_quad23  card: 1  vars: [('x13', 'x14')]
  j=21 h=0 var=('x13', 'x14') xyval=1.511546215829295 coeff=1.53205596
  z=-0.01 -> displacement 0.000e+00   scaled displacement 0.000e+00
 >riskyterm: 22  z: z_117_quad24  card: 1  vars: [('x13', 'x15')]
  j=22 h=0 var=('x13', 'x15') xyval=1.4525112047694033 coeff=-4.59619514
  z=0.01 -> displacement 0.000e+00   scaled displacement 0.000e+00
 >riskyterm: 23  z: z_117_quad25  card: 1  vars: [('x13', 'x18')]
  j=23 h=0 var=('x13', 'x18') xyval=5.088265691479037 coeff=4.59619514
  z=-0.01 -> displacement 0.000e+00   scaled displacement 0.000e+00
 SUMMARY - feat: e132 (>)  Greedy: 0 at term:    L1norm: 0  L2norm: 0  slack: 44.4124  scale: 108.788
>feat: 118  name: e133  numrisky: 24
 >riskyterm: 0  z: z_118_quad0  card: 1  vars: [('x3', 'x3')]
  j=0 h=0 var=('x3', 'x3') xyval=0.4089109114164637 coeff=5.016214727
  z=-0.01 -> displacement 0.000e+00   scaled displacement 0.000e+00
 >riskyterm: 1  z: z_118_quad1  card: 1  vars: [('x3', 'x5')]
  j=1 h=0 var=('x3', 'x5') xyval=-1.0208897661849805 coeff=-4.05647702
  z=-0.01 -> displacement 0.000e+00   scaled displacement 0.000e+00
 >riskyterm: 2  z: z_118_quad2  card: 1  vars: [('x3', 'x6')]
  j=2 h=0 var=('x3', 'x6') xyval=-0.0 coeff=16.47358823
  z=-0.01 -> displacement 0.000e+00   scaled displacement 0.000e+00
 >riskyterm: 3  z: z_118_quad3  card: 1  vars: [('x3', 'x7')]
  j=3 h=0 var=('x3', 'x7') xyval=-0.6394614229306281 coeff=13.04718936
  z=0.01 -> displacement 0.000e+00   scaled displacement 0.000e+00
 >riskyterm: 4  z: z_118_quad4  card: 1  vars: [('x3', 'x8')]
  j=4 h=0 var=('x3', 'x8') xyval=-2.2835550282479624 coeff=4.05647702
  z=0.01 -> displacement 0.000e+00   scaled displacement 0.000e+00
 >riskyterm: 5  z: z_118_quad5  card: 1  vars: [('x3', 'x15')]
  j=5 h=0 var=('x3', 'x15') xyval=-1.0234637909591835 coeff=-1.89996134
  z=-0.01 -> displacement 0.000e+00   scaled displacement 0.000e+00
 >riskyterm: 6  z: z_118_quad6  card: 1  vars: [('x3', 'x16')]
  j=6 h=0 var=('x3', 'x16') xyval=-2.523818363544045 coeff=1.89996134
  z=0.01 -> displacement 0.000e+00   scaled displacement 0.000e+00
 >riskyterm: 7  z: z_118_quad7  card: 1  vars: [('x4', 'x4')]
  j=7 h=0 var=('x4', 'x4') xyval=0.5910890885835367 coeff=5.016214727
  z=-0.01 -> displacement 0.000e+00   scaled displacement 0.000e+00
 >riskyterm: 8  z: z_118_quad8  card: 1  vars: [('x4', 'x5')]
  j=8 h=0 var=('x4', 'x5') xyval=1.227413715078837 coeff=1.89996134
  z=-0.01 -> displacement 0.000e+00   scaled displacement 0.000e+00
 >riskyterm: 9  z: z_118_quad9  card: 1  vars: [('x4', 'x6')]
  j=9 h=0 var=('x4', 'x6') xyval=0.0 coeff=-13.04718936
  z=-0.01 -> displacement 0.000e+00   scaled displacement 0.000e+00
 >riskyterm: 10  z: z_118_quad10  card: 1  vars: [('x4', 'x7')]
  j=10 h=0 var=('x4', 'x7') xyval=0.7688231842130782 coeff=16.47358823
  z=-0.01 -> displacement 0.000e+00   scaled displacement 0.000e+00
 >riskyterm: 11  z: z_118_quad11  card: 1  vars: [('x4', 'x8')]
  j=11 h=0 var=('x4', 'x8') xyval=2.745513623163231 coeff=-1.89996134
  z=0.01 -> displacement 0.000e+00   scaled displacement 0.000e+00
 >riskyterm: 12  z: z_118_quad12  card: 1  vars: [('x4', 'x15')]
  j=12 h=0 var=('x4', 'x15') xyval=1.2305084598940543 coeff=-4.05647702
  z=0.01 -> displacement 0.000e+00   scaled displacement 0.000e+00
 >riskyterm: 13  z: z_118_quad13  card: 1  vars: [('x4', 'x16')]
  j=13 h=0 var=('x4', 'x16') xyval=3.034381748538838 coeff=4.05647702
  z=-0.01 -> displacement 0.000e+00   scaled displacement 0.000e+00
 >riskyterm: 14  z: z_118_quad15  card: 1  vars: [('x5', 'x6')]
  j=14 h=0 var=('x5', 'x6') xyval=0.0 coeff=-9.1317749
  z=-0.01 -> displacement 0.000e+00   scaled displacement 0.000e+00
 >riskyterm: 15  z: z_118_quad16  card: 1  vars: [('x5', 'x7')]
  j=15 h=0 var=('x5', 'x7') xyval=1.5964837433136785 coeff=-2.15565364
  z=0.01 -> displacement 0.000e+00   scaled displacement 0.000e+00
 >riskyterm: 16  z: z_118_quad18  card: 1  vars: [('x6', 'x6')]
  j=16 h=0 var=('x6', 'x6') xyval=0.0 coeff=22.00903886
  z=-0.01 -> displacement 0.000e+00   scaled displacement 0.000e+00
 >riskyterm: 17  z: z_118_quad19  card: 1  vars: [('x6', 'x8')]
  j=17 h=0 var=('x6', 'x8') xyval=0.0 coeff=9.1317749
  z=-0.01 -> displacement 0.000e+00   scaled displacement 0.000e+00
 >riskyterm: 18  z: z_118_quad20  card: 1  vars: [('x6', 'x15')]
  j=18 h=0 var=('x6', 'x15') xyval=0.0 coeff=2.15565364
  z=-0.01 -> displacement 0.000e+00   scaled displacement 0.000e+00
 >riskyterm: 19  z: z_118_quad21  card: 1  vars: [('x6', 'x16')]
  j=19 h=0 var=('x6', 'x16') xyval=0.0 coeff=-2.15565364
  z=-0.01 -> displacement 0.000e+00   scaled displacement 0.000e+00
 >riskyterm: 20  z: z_118_quad22  card: 1  vars: [('x7', 'x7')]
  j=20 h=0 var=('x7', 'x7') xyval=1.0 coeff=22.00903886
  z=-0.01 -> displacement 0.000e+00   scaled displacement 0.000e+00
 >riskyterm: 21  z: z_118_quad23  card: 1  vars: [('x7', 'x8')]
  j=21 h=0 var=('x7', 'x8') xyval=3.571059873764572 coeff=2.15565364
  z=-0.01 -> displacement 0.000e+00   scaled displacement 0.000e+00
 >riskyterm: 22  z: z_118_quad24  card: 1  vars: [('x7', 'x15')]
  j=22 h=0 var=('x7', 'x15') xyval=1.6005090444216115 coeff=-9.1317749
  z=0.01 -> displacement 0.000e+00   scaled displacement 0.000e+00
 >riskyterm: 23  z: z_118_quad25  card: 1  vars: [('x7', 'x16')]
  j=23 h=0 var=('x7', 'x16') xyval=3.94678752 coeff=9.1317749
  z=-0.01 -> displacement 0.000e+00   scaled displacement 0.000e+00
 SUMMARY - feat: e133 (>)  Greedy: 0 at term:    L1norm: 0  L2norm: 0  slack: 61.9021  scale: 190.068
>feat: 119  name: e134  numrisky: 24
 >riskyterm: 0  z: z_119_quad0  card: 1  vars: [('x3', 'x3')]
  j=0 h=0 var=('x3', 'x3') xyval=0.4089109114164637 coeff=5.016214727
  z=-0.01 -> displacement 0.000e+00   scaled displacement 0.000e+00
 >riskyterm: 1  z: z_119_quad1  card: 1  vars: [('x3', 'x5')]
  j=1 h=0 var=('x3', 'x5') xyval=-1.0208897661849805 coeff=-4.05647702
  z=-0.01 -> displacement 0.000e+00   scaled displacement 0.000e+00
 >riskyterm: 2  z: z_119_quad2  card: 1  vars: [('x3', 'x9')]
  j=2 h=0 var=('x3', 'x9') xyval=0.6394483800859143 coeff=2.7294796
  z=-0.01 -> displacement 0.000e+00   scaled displacement 0.000e+00
 >riskyterm: 3  z: z_119_quad3  card: 1  vars: [('x3', 'x10')]
  j=3 h=0 var=('x3', 'x10') xyval=0.004084191714722727 coeff=7.539286415
  z=-0.01 -> displacement 0.000e+00   scaled displacement 0.000e+00
 >riskyterm: 4  z: z_119_quad4  card: 1  vars: [('x3', 'x11')]
  j=4 h=0 var=('x3', 'x11') xyval=-0.9832293576956092 coeff=4.05647702
  z=0.01 -> displacement 0.000e+00   scaled displacement 0.000e+00
 >riskyterm: 5  z: z_119_quad5  card: 1  vars: [('x3', 'x15')]
  j=5 h=0 var=('x3', 'x15') xyval=-1.0234637909591835 coeff=-1.89996134
  z=-0.01 -> displacement 0.000e+00   scaled displacement 0.000e+00
 >riskyterm: 6  z: z_119_quad6  card: 1  vars: [('x3', 'x17')]
  j=6 h=0 var=('x3', 'x17') xyval=-5.403437618519153 coeff=1.89996134
  z=0.01 -> displacement 0.000e+00   scaled displacement 0.000e+00
 >riskyterm: 7  z: z_119_quad7  card: 1  vars: [('x4', 'x4')]
  j=7 h=0 var=('x4', 'x4') xyval=0.5910890885835367 coeff=5.016214727
  z=-0.01 -> displacement 0.000e+00   scaled displacement 0.000e+00
 >riskyterm: 8  z: z_119_quad8  card: 1  vars: [('x4', 'x5')]
  j=8 h=0 var=('x4', 'x5') xyval=1.227413715078837 coeff=1.89996134
  z=-0.01 -> displacement 0.000e+00   scaled displacement 0.000e+00
 >riskyterm: 9  z: z_119_quad9  card: 1  vars: [('x4', 'x9')]
  j=9 h=0 var=('x4', 'x9') xyval=-0.7688075028270797 coeff=-7.539286415
  z=-0.01 -> displacement 0.000e+00   scaled displacement 0.000e+00
 >riskyterm: 10  z: z_119_quad10  card: 1  vars: [('x4', 'x10')]
  j=10 h=0 var=('x4', 'x10') xyval=-0.004910415494118781 coeff=2.7294796
  z=0.01 -> displacement 0.000e+00   scaled displacement 0.000e+00
 >riskyterm: 11  z: z_119_quad11  card: 1  vars: [('x4', 'x11')]
  j=11 h=0 var=('x4', 'x11') xyval=1.1821346816058438 coeff=-1.89996134
  z=0.01 -> displacement 0.000e+00   scaled displacement 0.000e+00
 >riskyterm: 12  z: z_119_quad12  card: 1  vars: [('x4', 'x15')]
  j=12 h=0 var=('x4', 'x15') xyval=1.2305084598940543 coeff=-4.05647702
  z=0.01 -> displacement 0.000e+00   scaled displacement 0.000e+00
 >riskyterm: 13  z: z_119_quad13  card: 1  vars: [('x4', 'x17')]
  j=13 h=0 var=('x4', 'x17') xyval=6.496542194097773 coeff=4.05647702
  z=-0.01 -> displacement 0.000e+00   scaled displacement 0.000e+00
 >riskyterm: 14  z: z_119_quad15  card: 1  vars: [('x5', 'x9')]
  j=14 h=0 var=('x5', 'x9') xyval=-1.5964511804587422 coeff=-2.5314331
  z=-0.01 -> displacement 0.000e+00   scaled displacement 0.000e+00
 >riskyterm: 15  z: z_119_quad16  card: 1  vars: [('x5', 'x10')]
  j=15 h=0 var=('x5', 'x10') xyval=-0.010196620848914931 coeff=-2.53149414
  z=-0.01 -> displacement 0.000e+00   scaled displacement 0.000e+00
 >riskyterm: 16  z: z_119_quad18  card: 1  vars: [('x9', 'x9')]
  j=16 h=0 var=('x9', 'x9') xyval=0.9999592071977097 coeff=3.20415403
  z=-0.01 -> displacement 0.000e+00   scaled displacement 0.000e+00
 >riskyterm: 17  z: z_119_quad19  card: 1  vars: [('x9', 'x11')]
  j=17 h=0 var=('x9', 'x11') xyval=-1.5375584326020444 coeff=2.5314331
  z=0.01 -> displacement 0.000e+00   scaled displacement 0.000e+00
 >riskyterm: 18  z: z_119_quad20  card: 1  vars: [('x9', 'x15')]
  j=18 h=0 var=('x9', 'x15') xyval=-1.6004763994641817 coeff=2.53149414
  z=0.01 -> displacement 0.000e+00   scaled displacement 0.000e+00
 >riskyterm: 19  z: z_119_quad21  card: 1  vars: [('x9', 'x17')]
  j=19 h=0 var=('x9', 'x17') xyval=-8.449809813312426 coeff=-2.53149414
  z=-0.01 -> displacement 0.000e+00   scaled displacement 0.000e+00
 >riskyterm: 20  z: z_119_quad22  card: 1  vars: [('x10', 'x10')]
  j=20 h=0 var=('x10', 'x10') xyval=4.0792802287491546e-05 coeff=3.20415403
  z=-0.01 -> displacement 0.000e+00   scaled displacement 0.000e+00
 >riskyterm: 21  z: z_119_quad23  card: 1  vars: [('x10', 'x11')]
  j=21 h=0 var=('x10', 'x11') xyval=-0.009820469653065059 coeff=2.53149414
  z=0.01 -> displacement 0.000e+00   scaled displacement 0.000e+00
 >riskyterm: 22  z: z_119_quad24  card: 1  vars: [('x10', 'x15')]
  j=22 h=0 var=('x10', 'x15') xyval=-0.010222330142462209 coeff=-2.5314331
  z=-0.01 -> displacement 0.000e+00   scaled displacement 0.000e+00
 >riskyterm: 23  z: z_119_quad25  card: 1  vars: [('x10', 'x17')]
  j=23 h=0 var=('x10', 'x17') xyval=-0.053969396600671134 coeff=2.5314331
  z=0.01 -> displacement 0.000e+00   scaled displacement 0.000e+00
 SUMMARY - feat: e134 (>)  Greedy: 0 at term:    L1norm: 0  L2norm: 0  slack: 92.5325  scale: 89.0557
>feat: 120  name: e135  numrisky: 24
 >riskyterm: 0  z: z_120_quad0  card: 1  vars: [('x3', 'x3')]
  j=0 h=0 var=('x3', 'x3') xyval=0.4089109114164637 coeff=5.016214727
  z=-0.01 -> displacement 0.000e+00   scaled displacement 0.000e+00
 >riskyterm: 1  z: z_120_quad1  card: 1  vars: [('x3', 'x5')]
  j=1 h=0 var=('x3', 'x5') xyval=-1.0208897661849805 coeff=-4.05647702
  z=-0.01 -> displacement 0.000e+00   scaled displacement 0.000e+00
 >riskyterm: 2  z: z_120_quad2  card: 1  vars: [('x3', 'x12')]
  j=2 h=0 var=('x3', 'x12') xyval=-0.2685645879376864 coeff=1.041585183
  z=0.01 -> displacement 0.000e+00   scaled displacement 0.000e+00
 >riskyterm: 3  z: z_120_quad3  card: 1  vars: [('x3', 'x13')]
  j=3 h=0 var=('x3', 'x13') xyval=-0.5803309172552539 coeff=-5.704407541
  z=-0.01 -> displacement 0.000e+00   scaled displacement 0.000e+00
 >riskyterm: 4  z: z_120_quad4  card: 1  vars: [('x3', 'x14')]
  j=4 h=0 var=('x3', 'x14') xyval=-1.065060851291855 coeff=4.05647702
  z=0.01 -> displacement 0.000e+00   scaled displacement 0.000e+00
 >riskyterm: 5  z: z_120_quad5  card: 1  vars: [('x3', 'x15')]
  j=5 h=0 var=('x3', 'x15') xyval=-1.0234637909591835 coeff=-1.89996134
  z=-0.01 -> displacement 0.000e+00   scaled displacement 0.000e+00
 >riskyterm: 6  z: z_120_quad6  card: 1  vars: [('x3', 'x18')]
  j=6 h=0 var=('x3', 'x18') xyval=-3.585277467677394 coeff=1.89996134
  z=0.01 -> displacement 0.000e+00   scaled displacement 0.000e+00
 >riskyterm: 7  z: z_120_quad7  card: 1  vars: [('x4', 'x4')]
  j=7 h=0 var=('x4', 'x4') xyval=0.5910890885835367 coeff=5.016214727
  z=-0.01 -> displacement 0.000e+00   scaled displacement 0.000e+00
 >riskyterm: 8  z: z_120_quad8  card: 1  vars: [('x4', 'x5')]
  j=8 h=0 var=('x4', 'x5') xyval=1.227413715078837 coeff=1.89996134
  z=-0.01 -> displacement 0.000e+00   scaled displacement 0.000e+00
 >riskyterm: 9  z: z_120_quad9  card: 1  vars: [('x4', 'x12')]
  j=9 h=0 var=('x4', 'x12') xyval=0.32289466457388644 coeff=5.704407541
  z=-0.01 -> displacement 0.000e+00   scaled displacement 0.000e+00
 >riskyterm: 10  z: z_120_quad10  card: 1  vars: [('x4', 'x13')]
  j=10 h=0 var=('x4', 'x13') xyval=0.6977306960233683 coeff=1.041585183
  z=-0.01 -> displacement 0.000e+00   scaled displacement 0.000e+00
 >riskyterm: 11  z: z_120_quad11  card: 1  vars: [('x4', 'x14')]
  j=11 h=0 var=('x4', 'x14') xyval=1.2805205219701388 coeff=-1.89996134
  z=0.01 -> displacement 0.000e+00   scaled displacement 0.000e+00
 >riskyterm: 12  z: z_120_quad12  card: 1  vars: [('x4', 'x15')]
  j=12 h=0 var=('x4', 'x15') xyval=1.2305084598940543 coeff=-4.05647702
  z=0.01 -> displacement 0.000e+00   scaled displacement 0.000e+00
 >riskyterm: 13  z: z_120_quad13  card: 1  vars: [('x4', 'x18')]
  j=13 h=0 var=('x4', 'x18') xyval=4.3105718971356435 coeff=4.05647702
  z=-0.01 -> displacement 0.000e+00   scaled displacement 0.000e+00
 >riskyterm: 14  z: z_120_quad15  card: 1  vars: [('x5', 'x12')]
  j=14 h=0 var=('x5', 'x12') xyval=0.6705001792090389 coeff=0.65916112
  z=-0.01 -> displacement 0.000e+00   scaled displacement 0.000e+00
 >riskyterm: 15  z: z_120_quad16  card: 1  vars: [('x5', 'x13')]
  j=15 h=0 var=('x5', 'x13') xyval=1.448858120157216 coeff=2.50375742
  z=-0.01 -> displacement 0.000e+00   scaled displacement 0.000e+00
 >riskyterm: 16  z: z_120_quad18  card: 1  vars: [('x12', 'x12')]
  j=16 h=0 var=('x12', 'x12') xyval=0.17638790230442186 coeff=1.67582365
  z=-0.01 -> displacement 0.000e+00   scaled displacement 0.000e+00
 >riskyterm: 17  z: z_120_quad19  card: 1  vars: [('x12', 'x14')]
  j=17 h=0 var=('x12', 'x14') xyval=0.6995108730772841 coeff=-0.65916112
  z=0.01 -> displacement 0.000e+00   scaled displacement 0.000e+00
 >riskyterm: 18  z: z_120_quad20  card: 1  vars: [('x12', 'x15')]
  j=18 h=0 var=('x12', 'x15') xyval=0.6721907477009156 coeff=-2.50375742
  z=0.01 -> displacement 0.000e+00   scaled displacement 0.000e+00
 >riskyterm: 19  z: z_120_quad21  card: 1  vars: [('x12', 'x18')]
  j=19 h=0 var=('x12', 'x18') xyval=2.3547392325962853 coeff=2.50375742
  z=-0.01 -> displacement 0.000e+00   scaled displacement 0.000e+00
 >riskyterm: 20  z: z_120_quad22  card: 1  vars: [('x13', 'x13')]
  j=20 h=0 var=('x13', 'x13') xyval=0.823612097695578 coeff=1.67582365
  z=-0.01 -> displacement 0.000e+00   scaled displacement 0.000e+00
 >riskyterm: 21  z: z_120_quad23  card: 1  vars: [('x13', 'x14')]
  j=21 h=0 var=('x13', 'x14') xyval=1.511546215829295 coeff=-2.50375742
  z=0.01 -> displacement 0.000e+00   scaled displacement 0.000e+00
 >riskyterm: 22  z: z_120_quad24  card: 1  vars: [('x13', 'x15')]
  j=22 h=0 var=('x13', 'x15') xyval=1.4525112047694033 coeff=0.65916112
  z=-0.01 -> displacement 0.000e+00   scaled displacement 0.000e+00
 >riskyterm: 23  z: z_120_quad25  card: 1  vars: [('x13', 'x18')]
  j=23 h=0 var=('x13', 'x18') xyval=5.088265691479037 coeff=-0.65916112
  z=0.01 -> displacement 0.000e+00   scaled displacement 0.000e+00
 SUMMARY - feat: e135 (>)  Greedy: 0 at term:    L1norm: 0  L2norm: 0  slack: 36.5401  scale: 71.3535
>feat: 121  name: e136  numrisky: 10
 >riskyterm: 0  z: z_121_quad0  card: 1  vars: [('x6', 'x6')]
  j=0 h=0 var=('x6', 'x6') xyval=0.0 coeff=4.545961182
  z=-0.01 -> displacement 0.000e+00   scaled displacement 0.000e+00
 >riskyterm: 1  z: z_121_quad1  card: 1  vars: [('x6', 'x8')]
  j=1 h=0 var=('x6', 'x8') xyval=0.0 coeff=-4.009552
  z=-0.01 -> displacement 0.000e+00   scaled displacement 0.000e+00
 >riskyterm: 2  z: z_121_quad2  card: 1  vars: [('x6', 'x11')]
  j=2 h=0 var=('x6', 'x11') xyval=0.0 coeff=4.009552
  z=-0.01 -> displacement 0.000e+00   scaled displacement 0.000e+00
 >riskyterm: 3  z: z_121_quad3  card: 1  vars: [('x6', 'x16')]
  j=3 h=0 var=('x6', 'x16') xyval=0.0 coeff=-1.45166714
  z=-0.01 -> displacement 0.000e+00   scaled displacement 0.000e+00
 >riskyterm: 4  z: z_121_quad4  card: 1  vars: [('x6', 'x17')]
  j=4 h=0 var=('x6', 'x17') xyval=0.0 coeff=1.45166714
  z=-0.01 -> displacement 0.000e+00   scaled displacement 0.000e+00
 >riskyterm: 5  z: z_121_quad5  card: 1  vars: [('x7', 'x7')]
  j=5 h=0 var=('x7', 'x7') xyval=1.0 coeff=4.545961182
  z=-0.01 -> displacement 0.000e+00   scaled displacement 0.000e+00
 >riskyterm: 6  z: z_121_quad6  card: 1  vars: [('x7', 'x8')]
  j=6 h=0 var=('x7', 'x8') xyval=3.571059873764572 coeff=1.45166714
  z=-0.01 -> displacement 0.000e+00   scaled displacement 0.000e+00
 >riskyterm: 7  z: z_121_quad7  card: 1  vars: [('x7', 'x11')]
  j=7 h=0 var=('x7', 'x11') xyval=1.5375897942201193 coeff=-1.45166714
  z=0.01 -> displacement 0.000e+00   scaled displacement 0.000e+00
 >riskyterm: 8  z: z_121_quad8  card: 1  vars: [('x7', 'x16')]
  j=8 h=0 var=('x7', 'x16') xyval=3.94678752 coeff=-4.009552
  z=0.01 -> displacement 0.000e+00   scaled displacement 0.000e+00
 >riskyterm: 9  z: z_121_quad9  card: 1  vars: [('x7', 'x17')]
  j=9 h=0 var=('x7', 'x17') xyval=8.449982164296006 coeff=4.009552
  z=-0.01 -> displacement 0.000e+00   scaled displacement 0.000e+00
 SUMMARY - feat: e136 (>)  Greedy: 0 at term:    L1norm: 0  L2norm: 0  slack: 44.9903  scale: 38.9368
>feat: 122  name: e137  numrisky: 10
 >riskyterm: 0  z: z_122_quad0  card: 1  vars: [('x6', 'x6')]
  j=0 h=0 var=('x6', 'x6') xyval=0.0 coeff=4.545961182
  z=-0.01 -> displacement 0.000e+00   scaled displacement 0.000e+00
 >riskyterm: 1  z: z_122_quad1  card: 1  vars: [('x6', 'x8')]
  j=1 h=0 var=('x6', 'x8') xyval=0.0 coeff=-4.009552
  z=-0.01 -> displacement 0.000e+00   scaled displacement 0.000e+00
 >riskyterm: 2  z: z_122_quad2  card: 1  vars: [('x6', 'x14')]
  j=2 h=0 var=('x6', 'x14') xyval=0.0 coeff=4.009552
  z=-0.01 -> displacement 0.000e+00   scaled displacement 0.000e+00
 >riskyterm: 3  z: z_122_quad3  card: 1  vars: [('x6', 'x16')]
  j=3 h=0 var=('x6', 'x16') xyval=0.0 coeff=-1.45166714
  z=-0.01 -> displacement 0.000e+00   scaled displacement 0.000e+00
 >riskyterm: 4  z: z_122_quad4  card: 1  vars: [('x6', 'x18')]
  j=4 h=0 var=('x6', 'x18') xyval=0.0 coeff=1.45166714
  z=-0.01 -> displacement 0.000e+00   scaled displacement 0.000e+00
 >riskyterm: 5  z: z_122_quad5  card: 1  vars: [('x7', 'x7')]
  j=5 h=0 var=('x7', 'x7') xyval=1.0 coeff=4.545961182
  z=-0.01 -> displacement 0.000e+00   scaled displacement 0.000e+00
 >riskyterm: 6  z: z_122_quad6  card: 1  vars: [('x7', 'x8')]
  j=6 h=0 var=('x7', 'x8') xyval=3.571059873764572 coeff=1.45166714
  z=-0.01 -> displacement 0.000e+00   scaled displacement 0.000e+00
 >riskyterm: 7  z: z_122_quad7  card: 1  vars: [('x7', 'x14')]
  j=7 h=0 var=('x7', 'x14') xyval=1.66555919262607 coeff=-1.45166714
  z=0.01 -> displacement 0.000e+00   scaled displacement 0.000e+00
 >riskyterm: 8  z: z_122_quad8  card: 1  vars: [('x7', 'x16')]
  j=8 h=0 var=('x7', 'x16') xyval=3.94678752 coeff=-4.009552
  z=0.01 -> displacement 0.000e+00   scaled displacement 0.000e+00
 >riskyterm: 9  z: z_122_quad9  card: 1  vars: [('x7', 'x18')]
  j=9 h=0 var=('x7', 'x18') xyval=5.606714242817338 coeff=4.009552
  z=-0.01 -> displacement 0.000e+00   scaled displacement 0.000e+00
 SUMMARY - feat: e137 (>)  Greedy: 0 at term:    L1norm: 0  L2norm: 0  slack: 17.2837  scale: 38.9368
>feat: 123  name: e138  numrisky: 24
 >riskyterm: 0  z: z_123_quad0  card: 1  vars: [('x6', 'x6')]
  j=0 h=0 var=('x6', 'x6') xyval=0.0 coeff=4.545961182
  z=-0.01 -> displacement 0.000e+00   scaled displacement 0.000e+00
 >riskyterm: 1  z: z_123_quad1  card: 1  vars: [('x6', 'x8')]
  j=1 h=0 var=('x6', 'x8') xyval=0.0 coeff=-4.009552
  z=-0.01 -> displacement 0.000e+00   scaled displacement 0.000e+00
 >riskyterm: 2  z: z_123_quad2  card: 1  vars: [('x6', 'x9')]
  j=2 h=0 var=('x6', 'x9') xyval=-0.0 coeff=-9.876734567
  z=-0.01 -> displacement 0.000e+00   scaled displacement 0.000e+00
 >riskyterm: 3  z: z_123_quad3  card: 1  vars: [('x6', 'x10')]
  j=3 h=0 var=('x6', 'x10') xyval=-0.0 coeff=-0.2243695045
  z=-0.01 -> displacement 0.000e+00   scaled displacement 0.000e+00
 >riskyterm: 4  z: z_123_quad4  card: 1  vars: [('x6', 'x11')]
  j=4 h=0 var=('x6', 'x11') xyval=0.0 coeff=4.009552
  z=-0.01 -> displacement 0.000e+00   scaled displacement 0.000e+00
 >riskyterm: 5  z: z_123_quad5  card: 1  vars: [('x6', 'x16')]
  j=5 h=0 var=('x6', 'x16') xyval=0.0 coeff=-1.45166714
  z=-0.01 -> displacement 0.000e+00   scaled displacement 0.000e+00
 >riskyterm: 6  z: z_123_quad6  card: 1  vars: [('x6', 'x17')]
  j=6 h=0 var=('x6', 'x17') xyval=0.0 coeff=1.45166714
  z=-0.01 -> displacement 0.000e+00   scaled displacement 0.000e+00
 >riskyterm: 7  z: z_123_quad7  card: 1  vars: [('x7', 'x7')]
  j=7 h=0 var=('x7', 'x7') xyval=1.0 coeff=4.545961182
  z=-0.01 -> displacement 0.000e+00   scaled displacement 0.000e+00
 >riskyterm: 8  z: z_123_quad8  card: 1  vars: [('x7', 'x8')]
  j=8 h=0 var=('x7', 'x8') xyval=3.571059873764572 coeff=1.45166714
  z=-0.01 -> displacement 0.000e+00   scaled displacement 0.000e+00
 >riskyterm: 9  z: z_123_quad9  card: 1  vars: [('x7', 'x9')]
  j=9 h=0 var=('x7', 'x9') xyval=-0.999979603390844 coeff=0.2243695045
  z=0.01 -> displacement 0.000e+00   scaled displacement 0.000e+00
 >riskyterm: 10  z: z_123_quad10  card: 1  vars: [('x7', 'x10')]
  j=10 h=0 var=('x7', 'x10') xyval=-0.006386924321415711 coeff=-9.876734567
  z=-0.01 -> displacement 0.000e+00   scaled displacement 0.000e+00
 >riskyterm: 11  z: z_123_quad11  card: 1  vars: [('x7', 'x11')]
  j=11 h=0 var=('x7', 'x11') xyval=1.5375897942201193 coeff=-1.45166714
  z=0.01 -> displacement 0.000e+00   scaled displacement 0.000e+00
 >riskyterm: 12  z: z_123_quad12  card: 1  vars: [('x7', 'x16')]
  j=12 h=0 var=('x7', 'x16') xyval=3.94678752 coeff=-4.009552
  z=0.01 -> displacement 0.000e+00   scaled displacement 0.000e+00
 >riskyterm: 13  z: z_123_quad13  card: 1  vars: [('x7', 'x17')]
  j=13 h=0 var=('x7', 'x17') xyval=8.449982164296006 coeff=4.009552
  z=-0.01 -> displacement 0.000e+00   scaled displacement 0.000e+00
 >riskyterm: 14  z: z_123_quad15  card: 1  vars: [('x8', 'x9')]
  j=14 h=0 var=('x8', 'x9') xyval=-3.570987036252054 coeff=4.3914795
  z=0.01 -> displacement 0.000e+00   scaled displacement 0.000e+00
 >riskyterm: 15  z: z_123_quad16  card: 1  vars: [('x8', 'x10')]
  j=15 h=0 var=('x8', 'x10') xyval=-0.022808089160978665 coeff=-1.47802734
  z=-0.01 -> displacement 0.000e+00   scaled displacement 0.000e+00
 >riskyterm: 16  z: z_123_quad18  card: 1  vars: [('x9', 'x9')]
  j=16 h=0 var=('x9', 'x9') xyval=0.9999592071977097 coeff=5.367414254
  z=-0.01 -> displacement 0.000e+00   scaled displacement 0.000e+00
 >riskyterm: 17  z: z_123_quad19  card: 1  vars: [('x9', 'x11')]
  j=17 h=0 var=('x9', 'x11') xyval=-1.5375584326020444 coeff=-4.3914795
  z=-0.01 -> displacement 0.000e+00   scaled displacement 0.000e+00
 >riskyterm: 18  z: z_123_quad20  card: 1  vars: [('x9', 'x16')]
  j=18 h=0 var=('x9', 'x16') xyval=-3.946707018917533 coeff=1.47802734
  z=0.01 -> displacement 0.000e+00   scaled displacement 0.000e+00
 >riskyterm: 19  z: z_123_quad21  card: 1  vars: [('x9', 'x17')]
  j=19 h=0 var=('x9', 'x17') xyval=-8.449809813312426 coeff=-1.47802734
  z=-0.01 -> displacement 0.000e+00   scaled displacement 0.000e+00
 >riskyterm: 20  z: z_123_quad22  card: 1  vars: [('x10', 'x10')]
  j=20 h=0 var=('x10', 'x10') xyval=4.0792802287491546e-05 coeff=5.367414254
  z=-0.01 -> displacement 0.000e+00   scaled displacement 0.000e+00
 >riskyterm: 21  z: z_123_quad23  card: 1  vars: [('x10', 'x11')]
  j=21 h=0 var=('x10', 'x11') xyval=-0.009820469653065059 coeff=1.47802734
  z=0.01 -> displacement 0.000e+00   scaled displacement 0.000e+00
 >riskyterm: 22  z: z_123_quad24  card: 1  vars: [('x10', 'x16')]
  j=22 h=0 var=('x10', 'x16') xyval=-0.025207833202947998 coeff=4.3914795
  z=0.01 -> displacement 0.000e+00   scaled displacement 0.000e+00
 >riskyterm: 23  z: z_123_quad25  card: 1  vars: [('x10', 'x17')]
  j=23 h=0 var=('x10', 'x17') xyval=-0.053969396600671134 coeff=-4.3914795
  z=-0.01 -> displacement 0.000e+00   scaled displacement 0.000e+00
 SUMMARY - feat: e138 (>)  Greedy: 0 at term:    L1norm: 0  L2norm: 0  slack: 50.8191  scale: 93.3519
>feat: 124  name: e139  numrisky: 24
 >riskyterm: 0  z: z_124_quad0  card: 1  vars: [('x6', 'x6')]
  j=0 h=0 var=('x6', 'x6') xyval=0.0 coeff=4.545961182
  z=-0.01 -> displacement 0.000e+00   scaled displacement 0.000e+00
 >riskyterm: 1  z: z_124_quad1  card: 1  vars: [('x6', 'x8')]
  j=1 h=0 var=('x6', 'x8') xyval=0.0 coeff=-4.009552
  z=-0.01 -> displacement 0.000e+00   scaled displacement 0.000e+00
 >riskyterm: 2  z: z_124_quad2  card: 1  vars: [('x6', 'x12')]
  j=2 h=0 var=('x6', 'x12') xyval=0.0 coeff=5.332464042
  z=-0.01 -> displacement 0.000e+00   scaled displacement 0.000e+00
 >riskyterm: 3  z: z_124_quad3  card: 1  vars: [('x6', 'x13')]
  j=3 h=0 var=('x6', 'x13') xyval=0.0 coeff=4.216966415
  z=-0.01 -> displacement 0.000e+00   scaled displacement 0.000e+00
 >riskyterm: 4  z: z_124_quad4  card: 1  vars: [('x6', 'x14')]
  j=4 h=0 var=('x6', 'x14') xyval=0.0 coeff=4.009552
  z=-0.01 -> displacement 0.000e+00   scaled displacement 0.000e+00
 >riskyterm: 5  z: z_124_quad5  card: 1  vars: [('x6', 'x16')]
  j=5 h=0 var=('x6', 'x16') xyval=0.0 coeff=-1.45166714
  z=-0.01 -> displacement 0.000e+00   scaled displacement 0.000e+00
 >riskyterm: 6  z: z_124_quad6  card: 1  vars: [('x6', 'x18')]
  j=6 h=0 var=('x6', 'x18') xyval=0.0 coeff=1.45166714
  z=-0.01 -> displacement 0.000e+00   scaled displacement 0.000e+00
 >riskyterm: 7  z: z_124_quad7  card: 1  vars: [('x7', 'x7')]
  j=7 h=0 var=('x7', 'x7') xyval=1.0 coeff=4.545961182
  z=-0.01 -> displacement 0.000e+00   scaled displacement 0.000e+00
 >riskyterm: 8  z: z_124_quad8  card: 1  vars: [('x7', 'x8')]
  j=8 h=0 var=('x7', 'x8') xyval=3.571059873764572 coeff=1.45166714
  z=-0.01 -> displacement 0.000e+00   scaled displacement 0.000e+00
 >riskyterm: 9  z: z_124_quad9  card: 1  vars: [('x7', 'x12')]
  j=9 h=0 var=('x7', 'x12') xyval=0.41998559773451977 coeff=-4.216966415
  z=0.01 -> displacement 0.000e+00   scaled displacement 0.000e+00
 >riskyterm: 10  z: z_124_quad10  card: 1  vars: [('x7', 'x13')]
  j=10 h=0 var=('x7', 'x13') xyval=0.9075307695585743 coeff=5.332464042
  z=-0.01 -> displacement 0.000e+00   scaled displacement 0.000e+00
 >riskyterm: 11  z: z_124_quad11  card: 1  vars: [('x7', 'x14')]
  j=11 h=0 var=('x7', 'x14') xyval=1.66555919262607 coeff=-1.45166714
  z=0.01 -> displacement 0.000e+00   scaled displacement 0.000e+00
 >riskyterm: 12  z: z_124_quad12  card: 1  vars: [('x7', 'x16')]
  j=12 h=0 var=('x7', 'x16') xyval=3.94678752 coeff=-4.009552
  z=0.01 -> displacement 0.000e+00   scaled displacement 0.000e+00
 >riskyterm: 13  z: z_124_quad13  card: 1  vars: [('x7', 'x18')]
  j=13 h=0 var=('x7', 'x18') xyval=5.606714242817338 coeff=4.009552
  z=-0.01 -> displacement 0.000e+00   scaled displacement 0.000e+00
 >riskyterm: 14  z: z_124_quad15  card: 1  vars: [('x8', 'x12')]
  j=14 h=0 var=('x8', 'x12') xyval=1.4997937156287724 coeff=-3.02492942
  z=0.01 -> displacement 0.000e+00   scaled displacement 0.000e+00
 >riskyterm: 15  z: z_124_quad16  card: 1  vars: [('x8', 'x13')]
  j=15 h=0 var=('x8', 'x13') xyval=3.240846715377307 coeff=-1.00827778
  z=0.01 -> displacement 0.000e+00   scaled displacement 0.000e+00
 >riskyterm: 16  z: z_124_quad18  card: 1  vars: [('x12', 'x12')]
  j=16 h=0 var=('x12', 'x12') xyval=0.17638790230442186 coeff=2.541705519
  z=-0.01 -> displacement 0.000e+00   scaled displacement 0.000e+00
 >riskyterm: 17  z: z_124_quad19  card: 1  vars: [('x12', 'x14')]
  j=17 h=0 var=('x12', 'x14') xyval=0.6995108730772841 coeff=3.02492942
  z=-0.01 -> displacement 0.000e+00   scaled displacement 0.000e+00
 >riskyterm: 18  z: z_124_quad20  card: 1  vars: [('x12', 'x16')]
  j=18 h=0 var=('x12', 'x16') xyval=1.6575939157183428 coeff=1.00827778
  z=-0.01 -> displacement 0.000e+00   scaled displacement 0.000e+00
 >riskyterm: 19  z: z_124_quad21  card: 1  vars: [('x12', 'x18')]
  j=19 h=0 var=('x12', 'x18') xyval=2.3547392325962853 coeff=-1.00827778
  z=0.01 -> displacement 0.000e+00   scaled displacement 0.000e+00
 >riskyterm: 20  z: z_124_quad22  card: 1  vars: [('x13', 'x13')]
  j=20 h=0 var=('x13', 'x13') xyval=0.823612097695578 coeff=2.541705519
  z=-0.01 -> displacement 0.000e+00   scaled displacement 0.000e+00
 >riskyterm: 21  z: z_124_quad23  card: 1  vars: [('x13', 'x14')]
  j=21 h=0 var=('x13', 'x14') xyval=1.511546215829295 coeff=1.00827778
  z=-0.01 -> displacement 0.000e+00   scaled displacement 0.000e+00
 >riskyterm: 22  z: z_124_quad24  card: 1  vars: [('x13', 'x16')]
  j=22 h=0 var=('x13', 'x16') xyval=3.5818311153097766 coeff=-3.02492942
  z=0.01 -> displacement 0.000e+00   scaled displacement 0.000e+00
 >riskyterm: 23  z: z_124_quad25  card: 1  vars: [('x13', 'x18')]
  j=23 h=0 var=('x13', 'x18') xyval=5.088265691479037 coeff=3.02492942
  z=-0.01 -> displacement 0.000e+00   scaled displacement 0.000e+00
 SUMMARY - feat: e139 (>)  Greedy: 0 at term:    L1norm: 0  L2norm: 0  slack: 24.0958  scale: 79.2519
>feat: 125  name: e140  numrisky: 24
 >riskyterm: 0  z: z_125_quad0  card: 1  vars: [('x6', 'x6')]
  j=0 h=0 var=('x6', 'x6') xyval=0.0 coeff=4.545961182
  z=-0.01 -> displacement 0.000e+00   scaled displacement 0.000e+00
 >riskyterm: 1  z: z_125_quad1  card: 1  vars: [('x6', 'x8')]
  j=1 h=0 var=('x6', 'x8') xyval=0.0 coeff=-4.009552
  z=-0.01 -> displacement 0.000e+00   scaled displacement 0.000e+00
 >riskyterm: 2  z: z_125_quad2  card: 1  vars: [('x6', 'x9')]
  j=2 h=0 var=('x6', 'x9') xyval=-0.0 coeff=6.695088091
  z=-0.01 -> displacement 0.000e+00   scaled displacement 0.000e+00
 >riskyterm: 3  z: z_125_quad3  card: 1  vars: [('x6', 'x10')]
  j=3 h=0 var=('x6', 'x10') xyval=-0.0 coeff=-5.302507556
  z=-0.01 -> displacement 0.000e+00   scaled displacement 0.000e+00
 >riskyterm: 4  z: z_125_quad4  card: 1  vars: [('x6', 'x11')]
  j=4 h=0 var=('x6', 'x11') xyval=0.0 coeff=4.009552
  z=-0.01 -> displacement 0.000e+00   scaled displacement 0.000e+00
 >riskyterm: 5  z: z_125_quad5  card: 1  vars: [('x6', 'x16')]
  j=5 h=0 var=('x6', 'x16') xyval=0.0 coeff=-1.45166714
  z=-0.01 -> displacement 0.000e+00   scaled displacement 0.000e+00
 >riskyterm: 6  z: z_125_quad6  card: 1  vars: [('x6', 'x17')]
  j=6 h=0 var=('x6', 'x17') xyval=0.0 coeff=1.45166714
  z=-0.01 -> displacement 0.000e+00   scaled displacement 0.000e+00
 >riskyterm: 7  z: z_125_quad7  card: 1  vars: [('x7', 'x7')]
  j=7 h=0 var=('x7', 'x7') xyval=1.0 coeff=4.545961182
  z=-0.01 -> displacement 0.000e+00   scaled displacement 0.000e+00
 >riskyterm: 8  z: z_125_quad8  card: 1  vars: [('x7', 'x8')]
  j=8 h=0 var=('x7', 'x8') xyval=3.571059873764572 coeff=1.45166714
  z=-0.01 -> displacement 0.000e+00   scaled displacement 0.000e+00
 >riskyterm: 9  z: z_125_quad9  card: 1  vars: [('x7', 'x9')]
  j=9 h=0 var=('x7', 'x9') xyval=-0.999979603390844 coeff=5.302507556
  z=0.01 -> displacement 0.000e+00   scaled displacement 0.000e+00
 >riskyterm: 10  z: z_125_quad10  card: 1  vars: [('x7', 'x10')]
  j=10 h=0 var=('x7', 'x10') xyval=-0.006386924321415711 coeff=6.695088091
  z=0.01 -> displacement 0.000e+00   scaled displacement 0.000e+00
 >riskyterm: 11  z: z_125_quad11  card: 1  vars: [('x7', 'x11')]
  j=11 h=0 var=('x7', 'x11') xyval=1.5375897942201193 coeff=-1.45166714
  z=0.01 -> displacement 0.000e+00   scaled displacement 0.000e+00
 >riskyterm: 12  z: z_125_quad12  card: 1  vars: [('x7', 'x16')]
  j=12 h=0 var=('x7', 'x16') xyval=3.94678752 coeff=-4.009552
  z=0.01 -> displacement 0.000e+00   scaled displacement 0.000e+00
 >riskyterm: 13  z: z_125_quad13  card: 1  vars: [('x7', 'x17')]
  j=13 h=0 var=('x7', 'x17') xyval=8.449982164296006 coeff=4.009552
  z=-0.01 -> displacement 0.000e+00   scaled displacement 0.000e+00
 >riskyterm: 14  z: z_125_quad15  card: 1  vars: [('x8', 'x9')]
  j=14 h=0 var=('x8', 'x9') xyval=-3.570987036252054 coeff=-2.10591634
  z=-0.01 -> displacement 0.000e+00   scaled displacement 0.000e+00
 >riskyterm: 15  z: z_125_quad16  card: 1  vars: [('x8', 'x10')]
  j=15 h=0 var=('x8', 'x10') xyval=-0.022808089160978665 coeff=3.40738932
  z=0.01 -> displacement 0.000e+00   scaled displacement 0.000e+00
 >riskyterm: 16  z: z_125_quad18  card: 1  vars: [('x9', 'x9')]
  j=16 h=0 var=('x9', 'x9') xyval=0.9999592071977097 coeff=4.011296402
  z=-0.01 -> displacement 0.000e+00   scaled displacement 0.000e+00
 >riskyterm: 17  z: z_125_quad19  card: 1  vars: [('x9', 'x11')]
  j=17 h=0 var=('x9', 'x11') xyval=-1.5375584326020444 coeff=2.10591634
  z=0.01 -> displacement 0.000e+00   scaled displacement 0.000e+00
 >riskyterm: 18  z: z_125_quad20  card: 1  vars: [('x9', 'x16')]
  j=18 h=0 var=('x9', 'x16') xyval=-3.946707018917533 coeff=-3.40738932
  z=-0.01 -> displacement 0.000e+00   scaled displacement 0.000e+00
 >riskyterm: 19  z: z_125_quad21  card: 1  vars: [('x9', 'x17')]
  j=19 h=0 var=('x9', 'x17') xyval=-8.449809813312426 coeff=3.40738932
  z=0.01 -> displacement 0.000e+00   scaled displacement 0.000e+00
 >riskyterm: 20  z: z_125_quad22  card: 1  vars: [('x10', 'x10')]
  j=20 h=0 var=('x10', 'x10') xyval=4.0792802287491546e-05 coeff=4.011296402
  z=-0.01 -> displacement 0.000e+00   scaled displacement 0.000e+00
 >riskyterm: 21  z: z_125_quad23  card: 1  vars: [('x10', 'x11')]
  j=21 h=0 var=('x10', 'x11') xyval=-0.009820469653065059 coeff=-3.40738932
  z=-0.01 -> displacement 0.000e+00   scaled displacement 0.000e+00
 >riskyterm: 22  z: z_125_quad24  card: 1  vars: [('x10', 'x16')]
  j=22 h=0 var=('x10', 'x16') xyval=-0.025207833202947998 coeff=-2.10591634
  z=-0.01 -> displacement 0.000e+00   scaled displacement 0.000e+00
 >riskyterm: 23  z: z_125_quad25  card: 1  vars: [('x10', 'x17')]
  j=23 h=0 var=('x10', 'x17') xyval=-0.053969396600671134 coeff=2.10591634
  z=0.01 -> displacement 0.000e+00   scaled displacement 0.000e+00
 SUMMARY - feat: e140 (>)  Greedy: 0 at term:    L1norm: 0  L2norm: 0  slack: 36.0795  scale: 93.0078
>feat: 126  name: e141  numrisky: 24
 >riskyterm: 0  z: z_126_quad0  card: 1  vars: [('x6', 'x6')]
  j=0 h=0 var=('x6', 'x6') xyval=0.0 coeff=4.545961182
  z=-0.01 -> displacement 0.000e+00   scaled displacement 0.000e+00
 >riskyterm: 1  z: z_126_quad1  card: 1  vars: [('x6', 'x8')]
  j=1 h=0 var=('x6', 'x8') xyval=0.0 coeff=-4.009552
  z=-0.01 -> displacement 0.000e+00   scaled displacement 0.000e+00
 >riskyterm: 2  z: z_126_quad2  card: 1  vars: [('x6', 'x12')]
  j=2 h=0 var=('x6', 'x12') xyval=0.0 coeff=-5.627540217
  z=-0.01 -> displacement 0.000e+00   scaled displacement 0.000e+00
 >riskyterm: 3  z: z_126_quad3  card: 1  vars: [('x6', 'x13')]
  j=3 h=0 var=('x6', 'x13') xyval=0.0 coeff=1.328567473
  z=-0.01 -> displacement 0.000e+00   scaled displacement 0.000e+00
 >riskyterm: 4  z: z_126_quad4  card: 1  vars: [('x6', 'x14')]
  j=4 h=0 var=('x6', 'x14') xyval=0.0 coeff=4.009552
  z=-0.01 -> displacement 0.000e+00   scaled displacement 0.000e+00
 >riskyterm: 5  z: z_126_quad5  card: 1  vars: [('x6', 'x16')]
  j=5 h=0 var=('x6', 'x16') xyval=0.0 coeff=-1.45166714
  z=-0.01 -> displacement 0.000e+00   scaled displacement 0.000e+00
 >riskyterm: 6  z: z_126_quad6  card: 1  vars: [('x6', 'x18')]
  j=6 h=0 var=('x6', 'x18') xyval=0.0 coeff=1.45166714
  z=-0.01 -> displacement 0.000e+00   scaled displacement 0.000e+00
 >riskyterm: 7  z: z_126_quad7  card: 1  vars: [('x7', 'x7')]
  j=7 h=0 var=('x7', 'x7') xyval=1.0 coeff=4.545961182
  z=-0.01 -> displacement 0.000e+00   scaled displacement 0.000e+00
 >riskyterm: 8  z: z_126_quad8  card: 1  vars: [('x7', 'x8')]
  j=8 h=0 var=('x7', 'x8') xyval=3.571059873764572 coeff=1.45166714
  z=-0.01 -> displacement 0.000e+00   scaled displacement 0.000e+00
 >riskyterm: 9  z: z_126_quad9  card: 1  vars: [('x7', 'x12')]
  j=9 h=0 var=('x7', 'x12') xyval=0.41998559773451977 coeff=-1.328567473
  z=0.01 -> displacement 0.000e+00   scaled displacement 0.000e+00
 >riskyterm: 10  z: z_126_quad10  card: 1  vars: [('x7', 'x13')]
  j=10 h=0 var=('x7', 'x13') xyval=0.9075307695585743 coeff=-5.627540217
  z=0.01 -> displacement 0.000e+00   scaled displacement 0.000e+00
 >riskyterm: 11  z: z_126_quad11  card: 1  vars: [('x7', 'x14')]
  j=11 h=0 var=('x7', 'x14') xyval=1.66555919262607 coeff=-1.45166714
  z=0.01 -> displacement 0.000e+00   scaled displacement 0.000e+00
 >riskyterm: 12  z: z_126_quad12  card: 1  vars: [('x7', 'x16')]
  j=12 h=0 var=('x7', 'x16') xyval=3.94678752 coeff=-4.009552
  z=0.01 -> displacement 0.000e+00   scaled displacement 0.000e+00
 >riskyterm: 13  z: z_126_quad13  card: 1  vars: [('x7', 'x18')]
  j=13 h=0 var=('x7', 'x18') xyval=5.606714242817338 coeff=4.009552
  z=-0.01 -> displacement 0.000e+00   scaled displacement 0.000e+00
 >riskyterm: 14  z: z_126_quad15  card: 1  vars: [('x8', 'x12')]
  j=14 h=0 var=('x8', 'x12') xyval=1.4997937156287724 coeff=2.26962754
  z=-0.01 -> displacement 0.000e+00   scaled displacement 0.000e+00
 >riskyterm: 15  z: z_126_quad16  card: 1  vars: [('x8', 'x13')]
  j=15 h=0 var=('x8', 'x13') xyval=3.240846715377307 coeff=-1.48442486
  z=0.01 -> displacement 0.000e+00   scaled displacement 0.000e+00
 >riskyterm: 16  z: z_126_quad18  card: 1  vars: [('x12', 'x12')]
  j=16 h=0 var=('x12', 'x12') xyval=0.17638790230442186 coeff=1.838681584
  z=-0.01 -> displacement 0.000e+00   scaled displacement 0.000e+00
 >riskyterm: 17  z: z_126_quad19  card: 1  vars: [('x12', 'x14')]
  j=17 h=0 var=('x12', 'x14') xyval=0.6995108730772841 coeff=-2.26962754
  z=0.01 -> displacement 0.000e+00   scaled displacement 0.000e+00
 >riskyterm: 18  z: z_126_quad20  card: 1  vars: [('x12', 'x16')]
  j=18 h=0 var=('x12', 'x16') xyval=1.6575939157183428 coeff=1.48442486
  z=-0.01 -> displacement 0.000e+00   scaled displacement 0.000e+00
 >riskyterm: 19  z: z_126_quad21  card: 1  vars: [('x12', 'x18')]
  j=19 h=0 var=('x12', 'x18') xyval=2.3547392325962853 coeff=-1.48442486
  z=0.01 -> displacement 0.000e+00   scaled displacement 0.000e+00
 >riskyterm: 20  z: z_126_quad22  card: 1  vars: [('x13', 'x13')]
  j=20 h=0 var=('x13', 'x13') xyval=0.823612097695578 coeff=1.838681584
  z=-0.01 -> displacement 0.000e+00   scaled displacement 0.000e+00
 >riskyterm: 21  z: z_126_quad23  card: 1  vars: [('x13', 'x14')]
  j=21 h=0 var=('x13', 'x14') xyval=1.511546215829295 coeff=1.48442486
  z=-0.01 -> displacement 0.000e+00   scaled displacement 0.000e+00
 >riskyterm: 22  z: z_126_quad24  card: 1  vars: [('x13', 'x16')]
  j=22 h=0 var=('x13', 'x16') xyval=3.5818311153097766 coeff=2.26962754
  z=-0.01 -> displacement 0.000e+00   scaled displacement 0.000e+00
 >riskyterm: 23  z: z_126_quad25  card: 1  vars: [('x13', 'x18')]
  j=23 h=0 var=('x13', 'x18') xyval=5.088265691479037 coeff=-2.26962754
  z=0.01 -> displacement 0.000e+00   scaled displacement 0.000e+00
 SUMMARY - feat: e141 (>)  Greedy: 0 at term:    L1norm: 0  L2norm: 0  slack: 10.3028  scale: 71.5426
>feat: 127  name: e142  numrisky: 24
 >riskyterm: 0  z: z_127_quad0  card: 1  vars: [('x6', 'x6')]
  j=0 h=0 var=('x6', 'x6') xyval=0.0 coeff=4.545961182
  z=-0.01 -> displacement 0.000e+00   scaled displacement 0.000e+00
 >riskyterm: 1  z: z_127_quad1  card: 1  vars: [('x6', 'x8')]
  j=1 h=0 var=('x6', 'x8') xyval=0.0 coeff=-4.009552
  z=-0.01 -> displacement 0.000e+00   scaled displacement 0.000e+00
 >riskyterm: 2  z: z_127_quad2  card: 1  vars: [('x6', 'x9')]
  j=2 h=0 var=('x6', 'x9') xyval=-0.0 coeff=-6.523300509
  z=-0.01 -> displacement 0.000e+00   scaled displacement 0.000e+00
 >riskyterm: 3  z: z_127_quad3  card: 1  vars: [('x6', 'x10')]
  j=3 h=0 var=('x6', 'x10') xyval=-0.0 coeff=-0.7570877393
  z=-0.01 -> displacement 0.000e+00   scaled displacement 0.000e+00
 >riskyterm: 4  z: z_127_quad4  card: 1  vars: [('x6', 'x11')]
  j=4 h=0 var=('x6', 'x11') xyval=0.0 coeff=4.009552
  z=-0.01 -> displacement 0.000e+00   scaled displacement 0.000e+00
 >riskyterm: 5  z: z_127_quad5  card: 1  vars: [('x6', 'x16')]
  j=5 h=0 var=('x6', 'x16') xyval=0.0 coeff=-1.45166714
  z=-0.01 -> displacement 0.000e+00   scaled displacement 0.000e+00
 >riskyterm: 6  z: z_127_quad6  card: 1  vars: [('x6', 'x17')]
  j=6 h=0 var=('x6', 'x17') xyval=0.0 coeff=1.45166714
  z=-0.01 -> displacement 0.000e+00   scaled displacement 0.000e+00
 >riskyterm: 7  z: z_127_quad7  card: 1  vars: [('x7', 'x7')]
  j=7 h=0 var=('x7', 'x7') xyval=1.0 coeff=4.545961182
  z=-0.01 -> displacement 0.000e+00   scaled displacement 0.000e+00
 >riskyterm: 8  z: z_127_quad8  card: 1  vars: [('x7', 'x8')]
  j=8 h=0 var=('x7', 'x8') xyval=3.571059873764572 coeff=1.45166714
  z=-0.01 -> displacement 0.000e+00   scaled displacement 0.000e+00
 >riskyterm: 9  z: z_127_quad9  card: 1  vars: [('x7', 'x9')]
  j=9 h=0 var=('x7', 'x9') xyval=-0.999979603390844 coeff=0.7570877393
  z=0.01 -> displacement 0.000e+00   scaled displacement 0.000e+00
 >riskyterm: 10  z: z_127_quad10  card: 1  vars: [('x7', 'x10')]
  j=10 h=0 var=('x7', 'x10') xyval=-0.006386924321415711 coeff=-6.523300509
  z=-0.01 -> displacement 0.000e+00   scaled displacement 0.000e+00
 >riskyterm: 11  z: z_127_quad11  card: 1  vars: [('x7', 'x11')]
  j=11 h=0 var=('x7', 'x11') xyval=1.5375897942201193 coeff=-1.45166714
  z=0.01 -> displacement 0.000e+00   scaled displacement 0.000e+00
 >riskyterm: 12  z: z_127_quad12  card: 1  vars: [('x7', 'x16')]
  j=12 h=0 var=('x7', 'x16') xyval=3.94678752 coeff=-4.009552
  z=0.01 -> displacement 0.000e+00   scaled displacement 0.000e+00
 >riskyterm: 13  z: z_127_quad13  card: 1  vars: [('x7', 'x17')]
  j=13 h=0 var=('x7', 'x17') xyval=8.449982164296006 coeff=4.009552
  z=-0.01 -> displacement 0.000e+00   scaled displacement 0.000e+00
 >riskyterm: 14  z: z_127_quad15  card: 1  vars: [('x8', 'x9')]
  j=14 h=0 var=('x8', 'x9') xyval=-3.570987036252054 coeff=2.9976666
  z=0.01 -> displacement 0.000e+00   scaled displacement 0.000e+00
 >riskyterm: 15  z: z_127_quad16  card: 1  vars: [('x8', 'x10')]
  j=15 h=0 var=('x8', 'x10') xyval=-0.022808089160978665 coeff=-0.70766974
  z=-0.01 -> displacement 0.000e+00   scaled displacement 0.000e+00
 >riskyterm: 16  z: z_127_quad18  card: 1  vars: [('x9', 'x9')]
  j=16 h=0 var=('x9', 'x9') xyval=0.9999592071977097 coeff=2.371700376
  z=-0.01 -> displacement 0.000e+00   scaled displacement 0.000e+00
 >riskyterm: 17  z: z_127_quad19  card: 1  vars: [('x9', 'x11')]
  j=17 h=0 var=('x9', 'x11') xyval=-1.5375584326020444 coeff=-2.9976666
  z=-0.01 -> displacement 0.000e+00   scaled displacement 0.000e+00
 >riskyterm: 18  z: z_127_quad20  card: 1  vars: [('x9', 'x16')]
  j=18 h=0 var=('x9', 'x16') xyval=-3.946707018917533 coeff=0.70766974
  z=0.01 -> displacement 0.000e+00   scaled displacement 0.000e+00
 >riskyterm: 19  z: z_127_quad21  card: 1  vars: [('x9', 'x17')]
  j=19 h=0 var=('x9', 'x17') xyval=-8.449809813312426 coeff=-0.70766974
  z=-0.01 -> displacement 0.000e+00   scaled displacement 0.000e+00
 >riskyterm: 20  z: z_127_quad22  card: 1  vars: [('x10', 'x10')]
  j=20 h=0 var=('x10', 'x10') xyval=4.0792802287491546e-05 coeff=2.371700376
  z=-0.01 -> displacement 0.000e+00   scaled displacement 0.000e+00
 >riskyterm: 21  z: z_127_quad23  card: 1  vars: [('x10', 'x11')]
  j=21 h=0 var=('x10', 'x11') xyval=-0.009820469653065059 coeff=0.70766974
  z=0.01 -> displacement 0.000e+00   scaled displacement 0.000e+00
 >riskyterm: 22  z: z_127_quad24  card: 1  vars: [('x10', 'x16')]
  j=22 h=0 var=('x10', 'x16') xyval=-0.025207833202947998 coeff=2.9976666
  z=0.01 -> displacement 0.000e+00   scaled displacement 0.000e+00
 >riskyterm: 23  z: z_127_quad25  card: 1  vars: [('x10', 'x17')]
  j=23 h=0 var=('x10', 'x17') xyval=-0.053969396600671134 coeff=-2.9976666
  z=-0.01 -> displacement 0.000e+00   scaled displacement 0.000e+00
 SUMMARY - feat: e142 (>)  Greedy: 0 at term:    L1norm: 0  L2norm: 0  slack: 45.2866  scale: 73.0623
>feat: 128  name: e143  numrisky: 24
 >riskyterm: 0  z: z_128_quad0  card: 1  vars: [('x6', 'x6')]
  j=0 h=0 var=('x6', 'x6') xyval=0.0 coeff=4.545961182
  z=-0.01 -> displacement 0.000e+00   scaled displacement 0.000e+00
 >riskyterm: 1  z: z_128_quad1  card: 1  vars: [('x6', 'x8')]
  j=1 h=0 var=('x6', 'x8') xyval=0.0 coeff=-4.009552
  z=-0.01 -> displacement 0.000e+00   scaled displacement 0.000e+00
 >riskyterm: 2  z: z_128_quad2  card: 1  vars: [('x6', 'x12')]
  j=2 h=0 var=('x6', 'x12') xyval=0.0 coeff=8.102324061
  z=-0.01 -> displacement 0.000e+00   scaled displacement 0.000e+00
 >riskyterm: 3  z: z_128_quad3  card: 1  vars: [('x6', 'x13')]
  j=3 h=0 var=('x6', 'x13') xyval=0.0 coeff=6.407501746
  z=-0.01 -> displacement 0.000e+00   scaled displacement 0.000e+00
 >riskyterm: 4  z: z_128_quad4  card: 1  vars: [('x6', 'x14')]
  j=4 h=0 var=('x6', 'x14') xyval=0.0 coeff=4.009552
  z=-0.01 -> displacement 0.000e+00   scaled displacement 0.000e+00
 >riskyterm: 5  z: z_128_quad5  card: 1  vars: [('x6', 'x16')]
  j=5 h=0 var=('x6', 'x16') xyval=0.0 coeff=-1.45166714
  z=-0.01 -> displacement 0.000e+00   scaled displacement 0.000e+00
 >riskyterm: 6  z: z_128_quad6  card: 1  vars: [('x6', 'x18')]
  j=6 h=0 var=('x6', 'x18') xyval=0.0 coeff=1.45166714
  z=-0.01 -> displacement 0.000e+00   scaled displacement 0.000e+00
 >riskyterm: 7  z: z_128_quad7  card: 1  vars: [('x7', 'x7')]
  j=7 h=0 var=('x7', 'x7') xyval=1.0 coeff=4.545961182
  z=-0.01 -> displacement 0.000e+00   scaled displacement 0.000e+00
 >riskyterm: 8  z: z_128_quad8  card: 1  vars: [('x7', 'x8')]
  j=8 h=0 var=('x7', 'x8') xyval=3.571059873764572 coeff=1.45166714
  z=-0.01 -> displacement 0.000e+00   scaled displacement 0.000e+00
 >riskyterm: 9  z: z_128_quad9  card: 1  vars: [('x7', 'x12')]
  j=9 h=0 var=('x7', 'x12') xyval=0.41998559773451977 coeff=-6.407501746
  z=0.01 -> displacement 0.000e+00   scaled displacement 0.000e+00
 >riskyterm: 10  z: z_128_quad10  card: 1  vars: [('x7', 'x13')]
  j=10 h=0 var=('x7', 'x13') xyval=0.9075307695585743 coeff=8.102324061
  z=-0.01 -> displacement 0.000e+00   scaled displacement 0.000e+00
 >riskyterm: 11  z: z_128_quad11  card: 1  vars: [('x7', 'x14')]
  j=11 h=0 var=('x7', 'x14') xyval=1.66555919262607 coeff=-1.45166714
  z=0.01 -> displacement 0.000e+00   scaled displacement 0.000e+00
 >riskyterm: 12  z: z_128_quad12  card: 1  vars: [('x7', 'x16')]
  j=12 h=0 var=('x7', 'x16') xyval=3.94678752 coeff=-4.009552
  z=0.01 -> displacement 0.000e+00   scaled displacement 0.000e+00
 >riskyterm: 13  z: z_128_quad13  card: 1  vars: [('x7', 'x18')]
  j=13 h=0 var=('x7', 'x18') xyval=5.606714242817338 coeff=4.009552
  z=-0.01 -> displacement 0.000e+00   scaled displacement 0.000e+00
 >riskyterm: 14  z: z_128_quad15  card: 1  vars: [('x8', 'x12')]
  j=14 h=0 var=('x8', 'x12') xyval=1.4997937156287724 coeff=-4.59619514
  z=0.01 -> displacement 0.000e+00   scaled displacement 0.000e+00
 >riskyterm: 15  z: z_128_quad16  card: 1  vars: [('x8', 'x13')]
  j=15 h=0 var=('x8', 'x13') xyval=3.240846715377307 coeff=-1.53205596
  z=0.01 -> displacement 0.000e+00   scaled displacement 0.000e+00
 >riskyterm: 16  z: z_128_quad18  card: 1  vars: [('x12', 'x12')]
  j=16 h=0 var=('x12', 'x12') xyval=0.17638790230442186 coeff=5.868051307
  z=-0.01 -> displacement 0.000e+00   scaled displacement 0.000e+00
 >riskyterm: 17  z: z_128_quad19  card: 1  vars: [('x12', 'x14')]
  j=17 h=0 var=('x12', 'x14') xyval=0.6995108730772841 coeff=4.59619514
  z=-0.01 -> displacement 0.000e+00   scaled displacement 0.000e+00
 >riskyterm: 18  z: z_128_quad20  card: 1  vars: [('x12', 'x16')]
  j=18 h=0 var=('x12', 'x16') xyval=1.6575939157183428 coeff=1.53205596
  z=-0.01 -> displacement 0.000e+00   scaled displacement 0.000e+00
 >riskyterm: 19  z: z_128_quad21  card: 1  vars: [('x12', 'x18')]
  j=19 h=0 var=('x12', 'x18') xyval=2.3547392325962853 coeff=-1.53205596
  z=0.01 -> displacement 0.000e+00   scaled displacement 0.000e+00
 >riskyterm: 20  z: z_128_quad22  card: 1  vars: [('x13', 'x13')]
  j=20 h=0 var=('x13', 'x13') xyval=0.823612097695578 coeff=5.868051307
  z=-0.01 -> displacement 0.000e+00   scaled displacement 0.000e+00
 >riskyterm: 21  z: z_128_quad23  card: 1  vars: [('x13', 'x14')]
  j=21 h=0 var=('x13', 'x14') xyval=1.511546215829295 coeff=1.53205596
  z=-0.01 -> displacement 0.000e+00   scaled displacement 0.000e+00
 >riskyterm: 22  z: z_128_quad24  card: 1  vars: [('x13', 'x16')]
  j=22 h=0 var=('x13', 'x16') xyval=3.5818311153097766 coeff=-4.59619514
  z=0.01 -> displacement 0.000e+00   scaled displacement 0.000e+00
 >riskyterm: 23  z: z_128_quad25  card: 1  vars: [('x13', 'x18')]
  j=23 h=0 var=('x13', 'x18') xyval=5.088265691479037 coeff=4.59619514
  z=-0.01 -> displacement 0.000e+00   scaled displacement 0.000e+00
 SUMMARY - feat: e143 (>)  Greedy: 0 at term:    L1norm: 0  L2norm: 0  slack: 29.4396  scale: 104.206
>feat: 129  name: e144  numrisky: 24
 >riskyterm: 0  z: z_129_quad0  card: 1  vars: [('x6', 'x6')]
  j=0 h=0 var=('x6', 'x6') xyval=0.0 coeff=4.545961182
  z=-0.01 -> displacement 0.000e+00   scaled displacement 0.000e+00
 >riskyterm: 1  z: z_129_quad1  card: 1  vars: [('x6', 'x8')]
  j=1 h=0 var=('x6', 'x8') xyval=0.0 coeff=-4.009552
  z=-0.01 -> displacement 0.000e+00   scaled displacement 0.000e+00
 >riskyterm: 2  z: z_129_quad2  card: 1  vars: [('x6', 'x9')]
  j=2 h=0 var=('x6', 'x9') xyval=-0.0 coeff=3.237512895
  z=-0.01 -> displacement 0.000e+00   scaled displacement 0.000e+00
 >riskyterm: 3  z: z_129_quad3  card: 1  vars: [('x6', 'x10')]
  j=3 h=0 var=('x6', 'x10') xyval=-0.0 coeff=6.91247782
  z=-0.01 -> displacement 0.000e+00   scaled displacement 0.000e+00
 >riskyterm: 4  z: z_129_quad4  card: 1  vars: [('x6', 'x11')]
  j=4 h=0 var=('x6', 'x11') xyval=0.0 coeff=4.009552
  z=-0.01 -> displacement 0.000e+00   scaled displacement 0.000e+00
 >riskyterm: 5  z: z_129_quad5  card: 1  vars: [('x6', 'x16')]
  j=5 h=0 var=('x6', 'x16') xyval=0.0 coeff=-1.45166714
  z=-0.01 -> displacement 0.000e+00   scaled displacement 0.000e+00
 >riskyterm: 6  z: z_129_quad6  card: 1  vars: [('x6', 'x17')]
  j=6 h=0 var=('x6', 'x17') xyval=0.0 coeff=1.45166714
  z=-0.01 -> displacement 0.000e+00   scaled displacement 0.000e+00
 >riskyterm: 7  z: z_129_quad7  card: 1  vars: [('x7', 'x7')]
  j=7 h=0 var=('x7', 'x7') xyval=1.0 coeff=4.545961182
  z=-0.01 -> displacement 0.000e+00   scaled displacement 0.000e+00
 >riskyterm: 8  z: z_129_quad8  card: 1  vars: [('x7', 'x8')]
  j=8 h=0 var=('x7', 'x8') xyval=3.571059873764572 coeff=1.45166714
  z=-0.01 -> displacement 0.000e+00   scaled displacement 0.000e+00
 >riskyterm: 9  z: z_129_quad9  card: 1  vars: [('x7', 'x9')]
  j=9 h=0 var=('x7', 'x9') xyval=-0.999979603390844 coeff=-6.91247782
  z=-0.01 -> displacement 0.000e+00   scaled displacement 0.000e+00
 >riskyterm: 10  z: z_129_quad10  card: 1  vars: [('x7', 'x10')]
  j=10 h=0 var=('x7', 'x10') xyval=-0.006386924321415711 coeff=3.237512895
  z=0.01 -> displacement 0.000e+00   scaled displacement 0.000e+00
 >riskyterm: 11  z: z_129_quad11  card: 1  vars: [('x7', 'x11')]
  j=11 h=0 var=('x7', 'x11') xyval=1.5375897942201193 coeff=-1.45166714
  z=0.01 -> displacement 0.000e+00   scaled displacement 0.000e+00
 >riskyterm: 12  z: z_129_quad12  card: 1  vars: [('x7', 'x16')]
  j=12 h=0 var=('x7', 'x16') xyval=3.94678752 coeff=-4.009552
  z=0.01 -> displacement 0.000e+00   scaled displacement 0.000e+00
 >riskyterm: 13  z: z_129_quad13  card: 1  vars: [('x7', 'x17')]
  j=13 h=0 var=('x7', 'x17') xyval=8.449982164296006 coeff=4.009552
  z=-0.01 -> displacement 0.000e+00   scaled displacement 0.000e+00
 >riskyterm: 14  z: z_129_quad15  card: 1  vars: [('x8', 'x9')]
  j=14 h=0 var=('x8', 'x9') xyval=-3.570987036252054 coeff=-2.5314331
  z=-0.01 -> displacement 0.000e+00   scaled displacement 0.000e+00
 >riskyterm: 15  z: z_129_quad16  card: 1  vars: [('x8', 'x10')]
  j=15 h=0 var=('x8', 'x10') xyval=-0.022808089160978665 coeff=-2.53149414
  z=-0.01 -> displacement 0.000e+00   scaled displacement 0.000e+00
 >riskyterm: 16  z: z_129_quad18  card: 1  vars: [('x9', 'x9')]
  j=16 h=0 var=('x9', 'x9') xyval=0.9999592071977097 coeff=3.20415403
  z=-0.01 -> displacement 0.000e+00   scaled displacement 0.000e+00
 >riskyterm: 17  z: z_129_quad19  card: 1  vars: [('x9', 'x11')]
  j=17 h=0 var=('x9', 'x11') xyval=-1.5375584326020444 coeff=2.5314331
  z=0.01 -> displacement 0.000e+00   scaled displacement 0.000e+00
 >riskyterm: 18  z: z_129_quad20  card: 1  vars: [('x9', 'x16')]
  j=18 h=0 var=('x9', 'x16') xyval=-3.946707018917533 coeff=2.53149414
  z=0.01 -> displacement 0.000e+00   scaled displacement 0.000e+00
 >riskyterm: 19  z: z_129_quad21  card: 1  vars: [('x9', 'x17')]
  j=19 h=0 var=('x9', 'x17') xyval=-8.449809813312426 coeff=-2.53149414
  z=-0.01 -> displacement 0.000e+00   scaled displacement 0.000e+00
 >riskyterm: 20  z: z_129_quad22  card: 1  vars: [('x10', 'x10')]
  j=20 h=0 var=('x10', 'x10') xyval=4.0792802287491546e-05 coeff=3.20415403
  z=-0.01 -> displacement 0.000e+00   scaled displacement 0.000e+00
 >riskyterm: 21  z: z_129_quad23  card: 1  vars: [('x10', 'x11')]
  j=21 h=0 var=('x10', 'x11') xyval=-0.009820469653065059 coeff=2.53149414
  z=0.01 -> displacement 0.000e+00   scaled displacement 0.000e+00
 >riskyterm: 22  z: z_129_quad24  card: 1  vars: [('x10', 'x16')]
  j=22 h=0 var=('x10', 'x16') xyval=-0.025207833202947998 coeff=-2.5314331
  z=-0.01 -> displacement 0.000e+00   scaled displacement 0.000e+00
 >riskyterm: 23  z: z_129_quad25  card: 1  vars: [('x10', 'x17')]
  j=23 h=0 var=('x10', 'x17') xyval=-0.053969396600671134 coeff=2.5314331
  z=0.01 -> displacement 0.000e+00   scaled displacement 0.000e+00
 SUMMARY - feat: e144 (>)  Greedy: 0 at term:    L1norm: 0  L2norm: 0  slack: 75.6387  scale: 85.8968
>feat: 130  name: e145  numrisky: 24
 >riskyterm: 0  z: z_130_quad0  card: 1  vars: [('x6', 'x6')]
  j=0 h=0 var=('x6', 'x6') xyval=0.0 coeff=4.545961182
  z=-0.01 -> displacement 0.000e+00   scaled displacement 0.000e+00
 >riskyterm: 1  z: z_130_quad1  card: 1  vars: [('x6', 'x8')]
  j=1 h=0 var=('x6', 'x8') xyval=0.0 coeff=-4.009552
  z=-0.01 -> displacement 0.000e+00   scaled displacement 0.000e+00
 >riskyterm: 2  z: z_130_quad2  card: 1  vars: [('x6', 'x12')]
  j=2 h=0 var=('x6', 'x12') xyval=0.0 coeff=0.4958407931
  z=-0.01 -> displacement 0.000e+00   scaled displacement 0.000e+00
 >riskyterm: 3  z: z_130_quad3  card: 1  vars: [('x6', 'x13')]
  j=3 h=0 var=('x6', 'x13') xyval=0.0 coeff=-5.497914054
  z=-0.01 -> displacement 0.000e+00   scaled displacement 0.000e+00
 >riskyterm: 4  z: z_130_quad4  card: 1  vars: [('x6', 'x14')]
  j=4 h=0 var=('x6', 'x14') xyval=0.0 coeff=4.009552
  z=-0.01 -> displacement 0.000e+00   scaled displacement 0.000e+00
 >riskyterm: 5  z: z_130_quad5  card: 1  vars: [('x6', 'x16')]
  j=5 h=0 var=('x6', 'x16') xyval=0.0 coeff=-1.45166714
  z=-0.01 -> displacement 0.000e+00   scaled displacement 0.000e+00
 >riskyterm: 6  z: z_130_quad6  card: 1  vars: [('x6', 'x18')]
  j=6 h=0 var=('x6', 'x18') xyval=0.0 coeff=1.45166714
  z=-0.01 -> displacement 0.000e+00   scaled displacement 0.000e+00
 >riskyterm: 7  z: z_130_quad7  card: 1  vars: [('x7', 'x7')]
  j=7 h=0 var=('x7', 'x7') xyval=1.0 coeff=4.545961182
  z=-0.01 -> displacement 0.000e+00   scaled displacement 0.000e+00
 >riskyterm: 8  z: z_130_quad8  card: 1  vars: [('x7', 'x8')]
  j=8 h=0 var=('x7', 'x8') xyval=3.571059873764572 coeff=1.45166714
  z=-0.01 -> displacement 0.000e+00   scaled displacement 0.000e+00
 >riskyterm: 9  z: z_130_quad9  card: 1  vars: [('x7', 'x12')]
  j=9 h=0 var=('x7', 'x12') xyval=0.41998559773451977 coeff=5.497914054
  z=-0.01 -> displacement 0.000e+00   scaled displacement 0.000e+00
 >riskyterm: 10  z: z_130_quad10  card: 1  vars: [('x7', 'x13')]
  j=10 h=0 var=('x7', 'x13') xyval=0.9075307695585743 coeff=0.4958407931
  z=-0.01 -> displacement 0.000e+00   scaled displacement 0.000e+00
 >riskyterm: 11  z: z_130_quad11  card: 1  vars: [('x7', 'x14')]
  j=11 h=0 var=('x7', 'x14') xyval=1.66555919262607 coeff=-1.45166714
  z=0.01 -> displacement 0.000e+00   scaled displacement 0.000e+00
 >riskyterm: 12  z: z_130_quad12  card: 1  vars: [('x7', 'x16')]
  j=12 h=0 var=('x7', 'x16') xyval=3.94678752 coeff=-4.009552
  z=0.01 -> displacement 0.000e+00   scaled displacement 0.000e+00
 >riskyterm: 13  z: z_130_quad13  card: 1  vars: [('x7', 'x18')]
  j=13 h=0 var=('x7', 'x18') xyval=5.606714242817338 coeff=4.009552
  z=-0.01 -> displacement 0.000e+00   scaled displacement 0.000e+00
 >riskyterm: 14  z: z_130_quad15  card: 1  vars: [('x8', 'x12')]
  j=14 h=0 var=('x8', 'x12') xyval=1.4997937156287724 coeff=0.65916112
  z=-0.01 -> displacement 0.000e+00   scaled displacement 0.000e+00
 >riskyterm: 15  z: z_130_quad16  card: 1  vars: [('x8', 'x13')]
  j=15 h=0 var=('x8', 'x13') xyval=3.240846715377307 coeff=2.50375742
  z=-0.01 -> displacement 0.000e+00   scaled displacement 0.000e+00
 >riskyterm: 16  z: z_130_quad18  card: 1  vars: [('x12', 'x12')]
  j=16 h=0 var=('x12', 'x12') xyval=0.17638790230442186 coeff=1.67582365
  z=-0.01 -> displacement 0.000e+00   scaled displacement 0.000e+00
 >riskyterm: 17  z: z_130_quad19  card: 1  vars: [('x12', 'x14')]
  j=17 h=0 var=('x12', 'x14') xyval=0.6995108730772841 coeff=-0.65916112
  z=0.01 -> displacement 0.000e+00   scaled displacement 0.000e+00
 >riskyterm: 18  z: z_130_quad20  card: 1  vars: [('x12', 'x16')]
  j=18 h=0 var=('x12', 'x16') xyval=1.6575939157183428 coeff=-2.50375742
  z=0.01 -> displacement 0.000e+00   scaled displacement 0.000e+00
 >riskyterm: 19  z: z_130_quad21  card: 1  vars: [('x12', 'x18')]
  j=19 h=0 var=('x12', 'x18') xyval=2.3547392325962853 coeff=2.50375742
  z=-0.01 -> displacement 0.000e+00   scaled displacement 0.000e+00
 >riskyterm: 20  z: z_130_quad22  card: 1  vars: [('x13', 'x13')]
  j=20 h=0 var=('x13', 'x13') xyval=0.823612097695578 coeff=1.67582365
  z=-0.01 -> displacement 0.000e+00   scaled displacement 0.000e+00
 >riskyterm: 21  z: z_130_quad23  card: 1  vars: [('x13', 'x14')]
  j=21 h=0 var=('x13', 'x14') xyval=1.511546215829295 coeff=-2.50375742
  z=0.01 -> displacement 0.000e+00   scaled displacement 0.000e+00
 >riskyterm: 22  z: z_130_quad24  card: 1  vars: [('x13', 'x16')]
  j=22 h=0 var=('x13', 'x16') xyval=3.5818311153097766 coeff=0.65916112
  z=-0.01 -> displacement 0.000e+00   scaled displacement 0.000e+00
 >riskyterm: 23  z: z_130_quad25  card: 1  vars: [('x13', 'x18')]
  j=23 h=0 var=('x13', 'x18') xyval=5.088265691479037 coeff=-0.65916112
  z=0.01 -> displacement 0.000e+00   scaled displacement 0.000e+00
 SUMMARY - feat: e145 (>)  Greedy: 0 at term:    L1norm: 0  L2norm: 0  slack: 29.4989  scale: 66.9276
>feat: 131  name: e146  numrisky: 10
 >riskyterm: 0  z: z_131_quad0  card: 1  vars: [('x9', 'x9')]
  j=0 h=0 var=('x9', 'x9') xyval=0.9999592071977097 coeff=4.011296402
  z=-0.01 -> displacement 0.000e+00   scaled displacement 0.000e+00
 >riskyterm: 1  z: z_131_quad1  card: 1  vars: [('x9', 'x11')]
  j=1 h=0 var=('x9', 'x11') xyval=-1.5375584326020444 coeff=2.10591634
  z=0.01 -> displacement 0.000e+00   scaled displacement 0.000e+00
 >riskyterm: 2  z: z_131_quad2  card: 1  vars: [('x9', 'x14')]
  j=2 h=0 var=('x9', 'x14') xyval=-1.665525220866192 coeff=-2.10591634
  z=-0.01 -> displacement 0.000e+00   scaled displacement 0.000e+00
 >riskyterm: 3  z: z_131_quad3  card: 1  vars: [('x9', 'x17')]
  j=3 h=0 var=('x9', 'x17') xyval=-8.449809813312426 coeff=3.40738932
  z=0.01 -> displacement 0.000e+00   scaled displacement 0.000e+00
 >riskyterm: 4  z: z_131_quad4  card: 1  vars: [('x9', 'x18')]
  j=4 h=0 var=('x9', 'x18') xyval=-5.606599884858278 coeff=-3.40738932
  z=-0.01 -> displacement 0.000e+00   scaled displacement 0.000e+00
 >riskyterm: 5  z: z_131_quad5  card: 1  vars: [('x10', 'x10')]
  j=5 h=0 var=('x10', 'x10') xyval=4.0792802287491546e-05 coeff=4.011296402
  z=-0.01 -> displacement 0.000e+00   scaled displacement 0.000e+00
 >riskyterm: 6  z: z_131_quad6  card: 1  vars: [('x10', 'x11')]
  j=6 h=0 var=('x10', 'x11') xyval=-0.009820469653065059 coeff=-3.40738932
  z=-0.01 -> displacement 0.000e+00   scaled displacement 0.000e+00
 >riskyterm: 7  z: z_131_quad7  card: 1  vars: [('x10', 'x14')]
  j=7 h=0 var=('x10', 'x14') xyval=-0.010637800516140963 coeff=3.40738932
  z=0.01 -> displacement 0.000e+00   scaled displacement 0.000e+00
 >riskyterm: 8  z: z_131_quad8  card: 1  vars: [('x10', 'x17')]
  j=8 h=0 var=('x10', 'x17') xyval=-0.053969396600671134 coeff=2.10591634
  z=0.01 -> displacement 0.000e+00   scaled displacement 0.000e+00
 >riskyterm: 9  z: z_131_quad9  card: 1  vars: [('x10', 'x18')]
  j=9 h=0 var=('x10', 'x18') xyval=-0.03580965956067793 coeff=-2.10591634
  z=-0.01 -> displacement 0.000e+00   scaled displacement 0.000e+00
 SUMMARY - feat: e146 (>)  Greedy: 0 at term:    L1norm: 0  L2norm: 0  slack: 0.329713  scale: 38.0758
>feat: 132  name: e147  numrisky: 24
 >riskyterm: 0  z: z_132_quad0  card: 1  vars: [('x9', 'x9')]
  j=0 h=0 var=('x9', 'x9') xyval=0.9999592071977097 coeff=4.011296402
  z=-0.01 -> displacement 0.000e+00   scaled displacement 0.000e+00
 >riskyterm: 1  z: z_132_quad1  card: 1  vars: [('x9', 'x11')]
  j=1 h=0 var=('x9', 'x11') xyval=-1.5375584326020444 coeff=2.10591634
  z=0.01 -> displacement 0.000e+00   scaled displacement 0.000e+00
 >riskyterm: 2  z: z_132_quad2  card: 1  vars: [('x9', 'x12')]
  j=2 h=0 var=('x9', 'x12') xyval=-0.41997703145243165 coeff=-1.467326677
  z=-0.01 -> displacement 0.000e+00   scaled displacement 0.000e+00
 >riskyterm: 3  z: z_132_quad3  card: 1  vars: [('x9', 'x13')]
  j=3 h=0 var=('x9', 'x13') xyval=-0.9075122590081706 coeff=-6.215230426
  z=-0.01 -> displacement 0.000e+00   scaled displacement 0.000e+00
 >riskyterm: 4  z: z_132_quad4  card: 1  vars: [('x9', 'x14')]
  j=4 h=0 var=('x9', 'x14') xyval=-1.665525220866192 coeff=-2.10591634
  z=-0.01 -> displacement 0.000e+00   scaled displacement 0.000e+00
 >riskyterm: 5  z: z_132_quad5  card: 1  vars: [('x9', 'x17')]
  j=5 h=0 var=('x9', 'x17') xyval=-8.449809813312426 coeff=3.40738932
  z=0.01 -> displacement 0.000e+00   scaled displacement 0.000e+00
 >riskyterm: 6  z: z_132_quad6  card: 1  vars: [('x9', 'x18')]
  j=6 h=0 var=('x9', 'x18') xyval=-5.606599884858278 coeff=-3.40738932
  z=-0.01 -> displacement 0.000e+00   scaled displacement 0.000e+00
 >riskyterm: 7  z: z_132_quad7  card: 1  vars: [('x10', 'x10')]
  j=7 h=0 var=('x10', 'x10') xyval=4.0792802287491546e-05 coeff=4.011296402
  z=-0.01 -> displacement 0.000e+00   scaled displacement 0.000e+00
 >riskyterm: 8  z: z_132_quad8  card: 1  vars: [('x10', 'x11')]
  j=8 h=0 var=('x10', 'x11') xyval=-0.009820469653065059 coeff=-3.40738932
  z=-0.01 -> displacement 0.000e+00   scaled displacement 0.000e+00
 >riskyterm: 9  z: z_132_quad9  card: 1  vars: [('x10', 'x12')]
  j=9 h=0 var=('x10', 'x12') xyval=-0.0026824162288149197 coeff=6.215230426
  z=0.01 -> displacement 0.000e+00   scaled displacement 0.000e+00
 >riskyterm: 10  z: z_132_quad10  card: 1  vars: [('x10', 'x13')]
  j=10 h=0 var=('x10', 'x13') xyval=-0.005796330344526775 coeff=-1.467326677
  z=-0.01 -> displacement 0.000e+00   scaled displacement 0.000e+00
 >riskyterm: 11  z: z_132_quad11  card: 1  vars: [('x10', 'x14')]
  j=11 h=0 var=('x10', 'x14') xyval=-0.010637800516140963 coeff=3.40738932
  z=0.01 -> displacement 0.000e+00   scaled displacement 0.000e+00
 >riskyterm: 12  z: z_132_quad12  card: 1  vars: [('x10', 'x17')]
  j=12 h=0 var=('x10', 'x17') xyval=-0.053969396600671134 coeff=2.10591634
  z=0.01 -> displacement 0.000e+00   scaled displacement 0.000e+00
 >riskyterm: 13  z: z_132_quad13  card: 1  vars: [('x10', 'x18')]
  j=13 h=0 var=('x10', 'x18') xyval=-0.03580965956067793 coeff=-2.10591634
  z=-0.01 -> displacement 0.000e+00   scaled displacement 0.000e+00
 >riskyterm: 14  z: z_132_quad15  card: 1  vars: [('x11', 'x12')]
  j=14 h=0 var=('x11', 'x12') xyval=0.6457655687960341 coeff=-3.02492942
  z=0.01 -> displacement 0.000e+00   scaled displacement 0.000e+00
 >riskyterm: 15  z: z_132_quad16  card: 1  vars: [('x11', 'x13')]
  j=15 h=0 var=('x11', 'x13') xyval=1.3954100492139947 coeff=-1.00827778
  z=0.01 -> displacement 0.000e+00   scaled displacement 0.000e+00
 >riskyterm: 16  z: z_132_quad18  card: 1  vars: [('x12', 'x12')]
  j=16 h=0 var=('x12', 'x12') xyval=0.17638790230442186 coeff=2.541705519
  z=-0.01 -> displacement 0.000e+00   scaled displacement 0.000e+00
 >riskyterm: 17  z: z_132_quad19  card: 1  vars: [('x12', 'x14')]
  j=17 h=0 var=('x12', 'x14') xyval=0.6995108730772841 coeff=3.02492942
  z=-0.01 -> displacement 0.000e+00   scaled displacement 0.000e+00
 >riskyterm: 18  z: z_132_quad20  card: 1  vars: [('x12', 'x17')]
  j=18 h=0 var=('x12', 'x17') xyval=3.548870810117889 coeff=1.00827778
  z=-0.01 -> displacement 0.000e+00   scaled displacement 0.000e+00
 >riskyterm: 19  z: z_132_quad21  card: 1  vars: [('x12', 'x18')]
  j=19 h=0 var=('x12', 'x18') xyval=2.3547392325962853 coeff=-1.00827778
  z=0.01 -> displacement 0.000e+00   scaled displacement 0.000e+00
 >riskyterm: 20  z: z_132_quad22  card: 1  vars: [('x13', 'x13')]
  j=20 h=0 var=('x13', 'x13') xyval=0.823612097695578 coeff=2.541705519
  z=-0.01 -> displacement 0.000e+00   scaled displacement 0.000e+00
 >riskyterm: 21  z: z_132_quad23  card: 1  vars: [('x13', 'x14')]
  j=21 h=0 var=('x13', 'x14') xyval=1.511546215829295 coeff=1.00827778
  z=-0.01 -> displacement 0.000e+00   scaled displacement 0.000e+00
 >riskyterm: 22  z: z_132_quad24  card: 1  vars: [('x13', 'x17')]
  j=22 h=0 var=('x13', 'x17') xyval=7.668618816319782 coeff=-3.02492942
  z=0.01 -> displacement 0.000e+00   scaled displacement 0.000e+00
 >riskyterm: 23  z: z_132_quad25  card: 1  vars: [('x13', 'x18')]
  j=23 h=0 var=('x13', 'x18') xyval=5.088265691479037 coeff=3.02492942
  z=-0.01 -> displacement 0.000e+00   scaled displacement 0.000e+00
 SUMMARY - feat: e147 (>)  Greedy: 0 at term:    L1norm: 0  L2norm: 0  slack: 4.08069  scale: 74.6572
>feat: 133  name: e148  numrisky: 24
 >riskyterm: 0  z: z_133_quad0  card: 1  vars: [('x9', 'x9')]
  j=0 h=0 var=('x9', 'x9') xyval=0.9999592071977097 coeff=4.011296402
  z=-0.01 -> displacement 0.000e+00   scaled displacement 0.000e+00
 >riskyterm: 1  z: z_133_quad1  card: 1  vars: [('x9', 'x11')]
  j=1 h=0 var=('x9', 'x11') xyval=-1.5375584326020444 coeff=2.10591634
  z=0.01 -> displacement 0.000e+00   scaled displacement 0.000e+00
 >riskyterm: 2  z: z_133_quad2  card: 1  vars: [('x9', 'x12')]
  j=2 h=0 var=('x9', 'x12') xyval=-0.41997703145243165 coeff=4.918829568
  z=0.01 -> displacement 0.000e+00   scaled displacement 0.000e+00
 >riskyterm: 3  z: z_133_quad3  card: 1  vars: [('x9', 'x13')]
  j=3 h=0 var=('x9', 'x13') xyval=-0.9075122590081706 coeff=2.303715036
  z=0.01 -> displacement 0.000e+00   scaled displacement 0.000e+00
 >riskyterm: 4  z: z_133_quad4  card: 1  vars: [('x9', 'x14')]
  j=4 h=0 var=('x9', 'x14') xyval=-1.665525220866192 coeff=-2.10591634
  z=-0.01 -> displacement 0.000e+00   scaled displacement 0.000e+00
 >riskyterm: 5  z: z_133_quad5  card: 1  vars: [('x9', 'x17')]
  j=5 h=0 var=('x9', 'x17') xyval=-8.449809813312426 coeff=3.40738932
  z=0.01 -> displacement 0.000e+00   scaled displacement 0.000e+00
 >riskyterm: 6  z: z_133_quad6  card: 1  vars: [('x9', 'x18')]
  j=6 h=0 var=('x9', 'x18') xyval=-5.606599884858278 coeff=-3.40738932
  z=-0.01 -> displacement 0.000e+00   scaled displacement 0.000e+00
 >riskyterm: 7  z: z_133_quad7  card: 1  vars: [('x10', 'x10')]
  j=7 h=0 var=('x10', 'x10') xyval=4.0792802287491546e-05 coeff=4.011296402
  z=-0.01 -> displacement 0.000e+00   scaled displacement 0.000e+00
 >riskyterm: 8  z: z_133_quad8  card: 1  vars: [('x10', 'x11')]
  j=8 h=0 var=('x10', 'x11') xyval=-0.009820469653065059 coeff=-3.40738932
  z=-0.01 -> displacement 0.000e+00   scaled displacement 0.000e+00
 >riskyterm: 9  z: z_133_quad9  card: 1  vars: [('x10', 'x12')]
  j=9 h=0 var=('x10', 'x12') xyval=-0.0026824162288149197 coeff=-2.303715036
  z=-0.01 -> displacement 0.000e+00   scaled displacement 0.000e+00
 >riskyterm: 10  z: z_133_quad10  card: 1  vars: [('x10', 'x13')]
  j=10 h=0 var=('x10', 'x13') xyval=-0.005796330344526775 coeff=4.918829568
  z=0.01 -> displacement 0.000e+00   scaled displacement 0.000e+00
 >riskyterm: 11  z: z_133_quad11  card: 1  vars: [('x10', 'x14')]
  j=11 h=0 var=('x10', 'x14') xyval=-0.010637800516140963 coeff=3.40738932
  z=0.01 -> displacement 0.000e+00   scaled displacement 0.000e+00
 >riskyterm: 12  z: z_133_quad12  card: 1  vars: [('x10', 'x17')]
  j=12 h=0 var=('x10', 'x17') xyval=-0.053969396600671134 coeff=2.10591634
  z=0.01 -> displacement 0.000e+00   scaled displacement 0.000e+00
 >riskyterm: 13  z: z_133_quad13  card: 1  vars: [('x10', 'x18')]
  j=13 h=0 var=('x10', 'x18') xyval=-0.03580965956067793 coeff=-2.10591634
  z=-0.01 -> displacement 0.000e+00   scaled displacement 0.000e+00
 >riskyterm: 14  z: z_133_quad15  card: 1  vars: [('x11', 'x12')]
  j=14 h=0 var=('x11', 'x12') xyval=0.6457655687960341 coeff=2.26962754
  z=-0.01 -> displacement 0.000e+00   scaled displacement 0.000e+00
 >riskyterm: 15  z: z_133_quad16  card: 1  vars: [('x11', 'x13')]
  j=15 h=0 var=('x11', 'x13') xyval=1.3954100492139947 coeff=-1.48442486
  z=0.01 -> displacement 0.000e+00   scaled displacement 0.000e+00
 >riskyterm: 16  z: z_133_quad18  card: 1  vars: [('x12', 'x12')]
  j=16 h=0 var=('x12', 'x12') xyval=0.17638790230442186 coeff=1.838681584
  z=-0.01 -> displacement 0.000e+00   scaled displacement 0.000e+00
 >riskyterm: 17  z: z_133_quad19  card: 1  vars: [('x12', 'x14')]
  j=17 h=0 var=('x12', 'x14') xyval=0.6995108730772841 coeff=-2.26962754
  z=0.01 -> displacement 0.000e+00   scaled displacement 0.000e+00
 >riskyterm: 18  z: z_133_quad20  card: 1  vars: [('x12', 'x17')]
  j=18 h=0 var=('x12', 'x17') xyval=3.548870810117889 coeff=1.48442486
  z=-0.01 -> displacement 0.000e+00   scaled displacement 0.000e+00
 >riskyterm: 19  z: z_133_quad21  card: 1  vars: [('x12', 'x18')]
  j=19 h=0 var=('x12', 'x18') xyval=2.3547392325962853 coeff=-1.48442486
  z=0.01 -> displacement 0.000e+00   scaled displacement 0.000e+00
 >riskyterm: 20  z: z_133_quad22  card: 1  vars: [('x13', 'x13')]
  j=20 h=0 var=('x13', 'x13') xyval=0.823612097695578 coeff=1.838681584
  z=-0.01 -> displacement 0.000e+00   scaled displacement 0.000e+00
 >riskyterm: 21  z: z_133_quad23  card: 1  vars: [('x13', 'x14')]
  j=21 h=0 var=('x13', 'x14') xyval=1.511546215829295 coeff=1.48442486
  z=-0.01 -> displacement 0.000e+00   scaled displacement 0.000e+00
 >riskyterm: 22  z: z_133_quad24  card: 1  vars: [('x13', 'x17')]
  j=22 h=0 var=('x13', 'x17') xyval=7.668618816319782 coeff=2.26962754
  z=-0.01 -> displacement 0.000e+00   scaled displacement 0.000e+00
 >riskyterm: 23  z: z_133_quad25  card: 1  vars: [('x13', 'x18')]
  j=23 h=0 var=('x13', 'x18') xyval=5.088265691479037 coeff=-2.26962754
  z=0.01 -> displacement 0.000e+00   scaled displacement 0.000e+00
 SUMMARY - feat: e148 (>)  Greedy: 0 at term:    L1norm: 0  L2norm: 0  slack: 7.3805  scale: 71.2145
>feat: 134  name: e149  numrisky: 24
 >riskyterm: 0  z: z_134_quad0  card: 1  vars: [('x9', 'x9')]
  j=0 h=0 var=('x9', 'x9') xyval=0.9999592071977097 coeff=4.011296402
  z=-0.01 -> displacement 0.000e+00   scaled displacement 0.000e+00
 >riskyterm: 1  z: z_134_quad1  card: 1  vars: [('x9', 'x11')]
  j=1 h=0 var=('x9', 'x11') xyval=-1.5375584326020444 coeff=2.10591634
  z=0.01 -> displacement 0.000e+00   scaled displacement 0.000e+00
 >riskyterm: 2  z: z_134_quad2  card: 1  vars: [('x9', 'x12')]
  j=2 h=0 var=('x9', 'x12') xyval=-0.41997703145243165 coeff=-2.229445666
  z=-0.01 -> displacement 0.000e+00   scaled displacement 0.000e+00
 >riskyterm: 3  z: z_134_quad3  card: 1  vars: [('x9', 'x13')]
  j=3 h=0 var=('x9', 'x13') xyval=-0.9075122590081706 coeff=-9.443703956
  z=-0.01 -> displacement 0.000e+00   scaled displacement 0.000e+00
 >riskyterm: 4  z: z_134_quad4  card: 1  vars: [('x9', 'x14')]
  j=4 h=0 var=('x9', 'x14') xyval=-1.665525220866192 coeff=-2.10591634
  z=-0.01 -> displacement 0.000e+00   scaled displacement 0.000e+00
 >riskyterm: 5  z: z_134_quad5  card: 1  vars: [('x9', 'x17')]
  j=5 h=0 var=('x9', 'x17') xyval=-8.449809813312426 coeff=3.40738932
  z=0.01 -> displacement 0.000e+00   scaled displacement 0.000e+00
 >riskyterm: 6  z: z_134_quad6  card: 1  vars: [('x9', 'x18')]
  j=6 h=0 var=('x9', 'x18') xyval=-5.606599884858278 coeff=-3.40738932
  z=-0.01 -> displacement 0.000e+00   scaled displacement 0.000e+00
 >riskyterm: 7  z: z_134_quad7  card: 1  vars: [('x10', 'x10')]
  j=7 h=0 var=('x10', 'x10') xyval=4.0792802287491546e-05 coeff=4.011296402
  z=-0.01 -> displacement 0.000e+00   scaled displacement 0.000e+00
 >riskyterm: 8  z: z_134_quad8  card: 1  vars: [('x10', 'x11')]
  j=8 h=0 var=('x10', 'x11') xyval=-0.009820469653065059 coeff=-3.40738932
  z=-0.01 -> displacement 0.000e+00   scaled displacement 0.000e+00
 >riskyterm: 9  z: z_134_quad9  card: 1  vars: [('x10', 'x12')]
  j=9 h=0 var=('x10', 'x12') xyval=-0.0026824162288149197 coeff=9.443703956
  z=0.01 -> displacement 0.000e+00   scaled displacement 0.000e+00
 >riskyterm: 10  z: z_134_quad10  card: 1  vars: [('x10', 'x13')]
  j=10 h=0 var=('x10', 'x13') xyval=-0.005796330344526775 coeff=-2.229445666
  z=-0.01 -> displacement 0.000e+00   scaled displacement 0.000e+00
 >riskyterm: 11  z: z_134_quad11  card: 1  vars: [('x10', 'x14')]
  j=11 h=0 var=('x10', 'x14') xyval=-0.010637800516140963 coeff=3.40738932
  z=0.01 -> displacement 0.000e+00   scaled displacement 0.000e+00
 >riskyterm: 12  z: z_134_quad12  card: 1  vars: [('x10', 'x17')]
  j=12 h=0 var=('x10', 'x17') xyval=-0.053969396600671134 coeff=2.10591634
  z=0.01 -> displacement 0.000e+00   scaled displacement 0.000e+00
 >riskyterm: 13  z: z_134_quad13  card: 1  vars: [('x10', 'x18')]
  j=13 h=0 var=('x10', 'x18') xyval=-0.03580965956067793 coeff=-2.10591634
  z=-0.01 -> displacement 0.000e+00   scaled displacement 0.000e+00
 >riskyterm: 14  z: z_134_quad15  card: 1  vars: [('x11', 'x12')]
  j=14 h=0 var=('x11', 'x12') xyval=0.6457655687960341 coeff=-4.59619514
  z=0.01 -> displacement 0.000e+00   scaled displacement 0.000e+00
 >riskyterm: 15  z: z_134_quad16  card: 1  vars: [('x11', 'x13')]
  j=15 h=0 var=('x11', 'x13') xyval=1.3954100492139947 coeff=-1.53205596
  z=0.01 -> displacement 0.000e+00   scaled displacement 0.000e+00
 >riskyterm: 16  z: z_134_quad18  card: 1  vars: [('x12', 'x12')]
  j=16 h=0 var=('x12', 'x12') xyval=0.17638790230442186 coeff=5.868051307
  z=-0.01 -> displacement 0.000e+00   scaled displacement 0.000e+00
 >riskyterm: 17  z: z_134_quad19  card: 1  vars: [('x12', 'x14')]
  j=17 h=0 var=('x12', 'x14') xyval=0.6995108730772841 coeff=4.59619514
  z=-0.01 -> displacement 0.000e+00   scaled displacement 0.000e+00
 >riskyterm: 18  z: z_134_quad20  card: 1  vars: [('x12', 'x17')]
  j=18 h=0 var=('x12', 'x17') xyval=3.548870810117889 coeff=1.53205596
  z=-0.01 -> displacement 0.000e+00   scaled displacement 0.000e+00
 >riskyterm: 19  z: z_134_quad21  card: 1  vars: [('x12', 'x18')]
  j=19 h=0 var=('x12', 'x18') xyval=2.3547392325962853 coeff=-1.53205596
  z=0.01 -> displacement 0.000e+00   scaled displacement 0.000e+00
 >riskyterm: 20  z: z_134_quad22  card: 1  vars: [('x13', 'x13')]
  j=20 h=0 var=('x13', 'x13') xyval=0.823612097695578 coeff=5.868051307
  z=-0.01 -> displacement 0.000e+00   scaled displacement 0.000e+00
 >riskyterm: 21  z: z_134_quad23  card: 1  vars: [('x13', 'x14')]
  j=21 h=0 var=('x13', 'x14') xyval=1.511546215829295 coeff=1.53205596
  z=-0.01 -> displacement 0.000e+00   scaled displacement 0.000e+00
 >riskyterm: 22  z: z_134_quad24  card: 1  vars: [('x13', 'x17')]
  j=22 h=0 var=('x13', 'x17') xyval=7.668618816319782 coeff=-4.59619514
  z=0.01 -> displacement 0.000e+00   scaled displacement 0.000e+00
 >riskyterm: 23  z: z_134_quad25  card: 1  vars: [('x13', 'x18')]
  j=23 h=0 var=('x13', 'x18') xyval=5.088265691479037 coeff=4.59619514
  z=-0.01 -> displacement 0.000e+00   scaled displacement 0.000e+00
 SUMMARY - feat: e149 (>)  Greedy: 0 at term:    L1norm: 0  L2norm: 0  slack: 7.83467  scale: 97.6712
>feat: 135  name: e150  numrisky: 24
 >riskyterm: 0  z: z_135_quad0  card: 1  vars: [('x9', 'x9')]
  j=0 h=0 var=('x9', 'x9') xyval=0.9999592071977097 coeff=4.011296402
  z=-0.01 -> displacement 0.000e+00   scaled displacement 0.000e+00
 >riskyterm: 1  z: z_135_quad1  card: 1  vars: [('x9', 'x11')]
  j=1 h=0 var=('x9', 'x11') xyval=-1.5375584326020444 coeff=2.10591634
  z=0.01 -> displacement 0.000e+00   scaled displacement 0.000e+00
 >riskyterm: 2  z: z_135_quad2  card: 1  vars: [('x9', 'x12')]
  j=2 h=0 var=('x9', 'x12') xyval=-0.41997703145243165 coeff=-3.57156906
  z=-0.01 -> displacement 0.000e+00   scaled displacement 0.000e+00
 >riskyterm: 3  z: z_135_quad3  card: 1  vars: [('x9', 'x13')]
  j=3 h=0 var=('x9', 'x13') xyval=-0.9075122590081706 coeff=3.759361111
  z=0.01 -> displacement 0.000e+00   scaled displacement 0.000e+00
 >riskyterm: 4  z: z_135_quad4  card: 1  vars: [('x9', 'x14')]
  j=4 h=0 var=('x9', 'x14') xyval=-1.665525220866192 coeff=-2.10591634
  z=-0.01 -> displacement 0.000e+00   scaled displacement 0.000e+00
 >riskyterm: 5  z: z_135_quad5  card: 1  vars: [('x9', 'x17')]
  j=5 h=0 var=('x9', 'x17') xyval=-8.449809813312426 coeff=3.40738932
  z=0.01 -> displacement 0.000e+00   scaled displacement 0.000e+00
 >riskyterm: 6  z: z_135_quad6  card: 1  vars: [('x9', 'x18')]
  j=6 h=0 var=('x9', 'x18') xyval=-5.606599884858278 coeff=-3.40738932
  z=-0.01 -> displacement 0.000e+00   scaled displacement 0.000e+00
 >riskyterm: 7  z: z_135_quad7  card: 1  vars: [('x10', 'x10')]
  j=7 h=0 var=('x10', 'x10') xyval=4.0792802287491546e-05 coeff=4.011296402
  z=-0.01 -> displacement 0.000e+00   scaled displacement 0.000e+00
 >riskyterm: 8  z: z_135_quad8  card: 1  vars: [('x10', 'x11')]
  j=8 h=0 var=('x10', 'x11') xyval=-0.009820469653065059 coeff=-3.40738932
  z=-0.01 -> displacement 0.000e+00   scaled displacement 0.000e+00
 >riskyterm: 9  z: z_135_quad9  card: 1  vars: [('x10', 'x12')]
  j=9 h=0 var=('x10', 'x12') xyval=-0.0026824162288149197 coeff=-3.759361111
  z=-0.01 -> displacement 0.000e+00   scaled displacement 0.000e+00
 >riskyterm: 10  z: z_135_quad10  card: 1  vars: [('x10', 'x13')]
  j=10 h=0 var=('x10', 'x13') xyval=-0.005796330344526775 coeff=-3.57156906
  z=-0.01 -> displacement 0.000e+00   scaled displacement 0.000e+00
 >riskyterm: 11  z: z_135_quad11  card: 1  vars: [('x10', 'x14')]
  j=11 h=0 var=('x10', 'x14') xyval=-0.010637800516140963 coeff=3.40738932
  z=0.01 -> displacement 0.000e+00   scaled displacement 0.000e+00
 >riskyterm: 12  z: z_135_quad12  card: 1  vars: [('x10', 'x17')]
  j=12 h=0 var=('x10', 'x17') xyval=-0.053969396600671134 coeff=2.10591634
  z=0.01 -> displacement 0.000e+00   scaled displacement 0.000e+00
 >riskyterm: 13  z: z_135_quad13  card: 1  vars: [('x10', 'x18')]
  j=13 h=0 var=('x10', 'x18') xyval=-0.03580965956067793 coeff=-2.10591634
  z=-0.01 -> displacement 0.000e+00   scaled displacement 0.000e+00
 >riskyterm: 14  z: z_135_quad15  card: 1  vars: [('x11', 'x12')]
  j=14 h=0 var=('x11', 'x12') xyval=0.6457655687960341 coeff=0.65916112
  z=-0.01 -> displacement 0.000e+00   scaled displacement 0.000e+00
 >riskyterm: 15  z: z_135_quad16  card: 1  vars: [('x11', 'x13')]
  j=15 h=0 var=('x11', 'x13') xyval=1.3954100492139947 coeff=2.50375742
  z=-0.01 -> displacement 0.000e+00   scaled displacement 0.000e+00
 >riskyterm: 16  z: z_135_quad18  card: 1  vars: [('x12', 'x12')]
  j=16 h=0 var=('x12', 'x12') xyval=0.17638790230442186 coeff=1.67582365
  z=-0.01 -> displacement 0.000e+00   scaled displacement 0.000e+00
 >riskyterm: 17  z: z_135_quad19  card: 1  vars: [('x12', 'x14')]
  j=17 h=0 var=('x12', 'x14') xyval=0.6995108730772841 coeff=-0.65916112
  z=0.01 -> displacement 0.000e+00   scaled displacement 0.000e+00
 >riskyterm: 18  z: z_135_quad20  card: 1  vars: [('x12', 'x17')]
  j=18 h=0 var=('x12', 'x17') xyval=3.548870810117889 coeff=-2.50375742
  z=0.01 -> displacement 0.000e+00   scaled displacement 0.000e+00
 >riskyterm: 19  z: z_135_quad21  card: 1  vars: [('x12', 'x18')]
  j=19 h=0 var=('x12', 'x18') xyval=2.3547392325962853 coeff=2.50375742
  z=-0.01 -> displacement 0.000e+00   scaled displacement 0.000e+00
 >riskyterm: 20  z: z_135_quad22  card: 1  vars: [('x13', 'x13')]
  j=20 h=0 var=('x13', 'x13') xyval=0.823612097695578 coeff=1.67582365
  z=-0.01 -> displacement 0.000e+00   scaled displacement 0.000e+00
 >riskyterm: 21  z: z_135_quad23  card: 1  vars: [('x13', 'x14')]
  j=21 h=0 var=('x13', 'x14') xyval=1.511546215829295 coeff=-2.50375742
  z=0.01 -> displacement 0.000e+00   scaled displacement 0.000e+00
 >riskyterm: 22  z: z_135_quad24  card: 1  vars: [('x13', 'x17')]
  j=22 h=0 var=('x13', 'x17') xyval=7.668618816319782 coeff=0.65916112
  z=-0.01 -> displacement 0.000e+00   scaled displacement 0.000e+00
 >riskyterm: 23  z: z_135_quad25  card: 1  vars: [('x13', 'x18')]
  j=23 h=0 var=('x13', 'x18') xyval=5.088265691479037 coeff=-0.65916112
  z=0.01 -> displacement 0.000e+00   scaled displacement 0.000e+00
 SUMMARY - feat: e150 (>)  Greedy: 0 at term:    L1norm: 0  L2norm: 0  slack: 0.313272  scale: 68.741
>feat: 136  name: e151  numrisky: 10
 >riskyterm: 0  z: z_136_quad0  card: 1  vars: [('x3', 'x3')]
  j=0 h=0 var=('x3', 'x3') xyval=0.4089109114164637 coeff=12.60712784
  z=-0.01 -> displacement 0.000e+00   scaled displacement 0.000e+00
 >riskyterm: 1  z: z_136_quad1  card: 1  vars: [('x3', 'x5')]
  j=1 h=0 var=('x3', 'x5') xyval=-1.0208897661849805 coeff=6.67721368
  z=0.01 -> displacement 0.000e+00   scaled displacement 0.000e+00
 >riskyterm: 2  z: z_136_quad2  card: 1  vars: [('x3', 'x8')]
  j=2 h=0 var=('x3', 'x8') xyval=-2.2835550282479624 coeff=-6.67721368
  z=-0.01 -> displacement 0.000e+00   scaled displacement 0.000e+00
 >riskyterm: 3  z: z_136_quad3  card: 1  vars: [('x3', 'x15')]
  j=3 h=0 var=('x3', 'x15') xyval=-1.0234637909591835 coeff=-2.41729784
  z=-0.01 -> displacement 0.000e+00   scaled displacement 0.000e+00
 >riskyterm: 4  z: z_136_quad4  card: 1  vars: [('x3', 'x16')]
  j=4 h=0 var=('x3', 'x16') xyval=-2.523818363544045 coeff=2.41729784
  z=0.01 -> displacement 0.000e+00   scaled displacement 0.000e+00
 >riskyterm: 5  z: z_136_quad5  card: 1  vars: [('x4', 'x4')]
  j=5 h=0 var=('x4', 'x4') xyval=0.5910890885835367 coeff=12.60712784
  z=-0.01 -> displacement 0.000e+00   scaled displacement 0.000e+00
 >riskyterm: 6  z: z_136_quad6  card: 1  vars: [('x4', 'x5')]
  j=6 h=0 var=('x4', 'x5') xyval=1.227413715078837 coeff=2.41729784
  z=-0.01 -> displacement 0.000e+00   scaled displacement 0.000e+00
 >riskyterm: 7  z: z_136_quad7  card: 1  vars: [('x4', 'x8')]
  j=7 h=0 var=('x4', 'x8') xyval=2.745513623163231 coeff=-2.41729784
  z=0.01 -> displacement 0.000e+00   scaled displacement 0.000e+00
 >riskyterm: 8  z: z_136_quad8  card: 1  vars: [('x4', 'x15')]
  j=8 h=0 var=('x4', 'x15') xyval=1.2305084598940543 coeff=6.67721368
  z=-0.01 -> displacement 0.000e+00   scaled displacement 0.000e+00
 >riskyterm: 9  z: z_136_quad9  card: 1  vars: [('x4', 'x16')]
  j=9 h=0 var=('x4', 'x16') xyval=3.034381748538838 coeff=-6.67721368
  z=0.01 -> displacement 0.000e+00   scaled displacement 0.000e+00
 SUMMARY - feat: e151 (>)  Greedy: 0 at term:    L1norm: 0  L2norm: 0  slack: 7.80626  scale: 69.5923
>feat: 137  name: e152  numrisky: 10
 >riskyterm: 0  z: z_137_quad0  card: 1  vars: [('x3', 'x3')]
  j=0 h=0 var=('x3', 'x3') xyval=0.4089109114164637 coeff=12.60712784
  z=-0.01 -> displacement 0.000e+00   scaled displacement 0.000e+00
 >riskyterm: 1  z: z_137_quad1  card: 1  vars: [('x3', 'x5')]
  j=1 h=0 var=('x3', 'x5') xyval=-1.0208897661849805 coeff=6.67721368
  z=0.01 -> displacement 0.000e+00   scaled displacement 0.000e+00
 >riskyterm: 2  z: z_137_quad2  card: 1  vars: [('x3', 'x11')]
  j=2 h=0 var=('x3', 'x11') xyval=-0.9832293576956092 coeff=-6.67721368
  z=-0.01 -> displacement 0.000e+00   scaled displacement 0.000e+00
 >riskyterm: 3  z: z_137_quad3  card: 1  vars: [('x3', 'x15')]
  j=3 h=0 var=('x3', 'x15') xyval=-1.0234637909591835 coeff=-2.41729784
  z=-0.01 -> displacement 0.000e+00   scaled displacement 0.000e+00
 >riskyterm: 4  z: z_137_quad4  card: 1  vars: [('x3', 'x17')]
  j=4 h=0 var=('x3', 'x17') xyval=-5.403437618519153 coeff=2.41729784
  z=0.01 -> displacement 0.000e+00   scaled displacement 0.000e+00
 >riskyterm: 5  z: z_137_quad5  card: 1  vars: [('x4', 'x4')]
  j=5 h=0 var=('x4', 'x4') xyval=0.5910890885835367 coeff=12.60712784
  z=-0.01 -> displacement 0.000e+00   scaled displacement 0.000e+00
 >riskyterm: 6  z: z_137_quad6  card: 1  vars: [('x4', 'x5')]
  j=6 h=0 var=('x4', 'x5') xyval=1.227413715078837 coeff=2.41729784
  z=-0.01 -> displacement 0.000e+00   scaled displacement 0.000e+00
 >riskyterm: 7  z: z_137_quad7  card: 1  vars: [('x4', 'x11')]
  j=7 h=0 var=('x4', 'x11') xyval=1.1821346816058438 coeff=-2.41729784
  z=0.01 -> displacement 0.000e+00   scaled displacement 0.000e+00
 >riskyterm: 8  z: z_137_quad8  card: 1  vars: [('x4', 'x15')]
  j=8 h=0 var=('x4', 'x15') xyval=1.2305084598940543 coeff=6.67721368
  z=-0.01 -> displacement 0.000e+00   scaled displacement 0.000e+00
 >riskyterm: 9  z: z_137_quad9  card: 1  vars: [('x4', 'x17')]
  j=9 h=0 var=('x4', 'x17') xyval=6.496542194097773 coeff=-6.67721368
  z=0.01 -> displacement 0.000e+00   scaled displacement 0.000e+00
 SUMMARY - feat: e152 (>)  Greedy: 0 at term:    L1norm: 0  L2norm: 0  slack: 9.97025  scale: 69.5923
>feat: 138  name: e153  numrisky: 10
 >riskyterm: 0  z: z_138_quad0  card: 1  vars: [('x3', 'x3')]
  j=0 h=0 var=('x3', 'x3') xyval=0.4089109114164637 coeff=12.60712784
  z=-0.01 -> displacement 4.238e-02   scaled displacement 6.090e-04
 >riskyterm: 1  z: z_138_quad1  card: 1  vars: [('x3', 'x5')]
  j=1 h=0 var=('x3', 'x5') xyval=-1.0208897661849805 coeff=6.67721368
  z=0.01 -> displacement 5.899e-02   scaled displacement 8.477e-04
 >riskyterm: 2  z: z_138_quad2  card: 1  vars: [('x3', 'x14')]
  j=2 h=0 var=('x3', 'x14') xyval=-1.065060851291855 coeff=-6.67721368
  z=-0.01 -> displacement 6.194e-02   scaled displacement 8.901e-04
 >riskyterm: 3  z: z_138_quad3  card: 1  vars: [('x3', 'x15')]
  j=3 h=0 var=('x3', 'x15') xyval=-1.0234637909591835 coeff=-2.41729784
  z=-0.01 -> displacement 1.557e-02   scaled displacement 2.237e-04
 >riskyterm: 4  z: z_138_quad4  card: 1  vars: [('x3', 'x18')]
  j=4 h=0 var=('x3', 'x18') xyval=-3.585277467677394 coeff=2.41729784
  z=0.01 -> displacement 7.749e-02   scaled displacement 1.114e-03
 >riskyterm: 5  z: z_138_quad5  card: 1  vars: [('x4', 'x4')]
  j=5 h=0 var=('x4', 'x4') xyval=0.5910890885835367 coeff=12.60712784
  z=-0.01 -> displacement 6.535e-02   scaled displacement 9.390e-04
 >riskyterm: 6  z: z_138_quad6  card: 1  vars: [('x4', 'x5')]
  j=6 h=0 var=('x4', 'x5') xyval=1.227413715078837 coeff=2.41729784
  z=-0.01 -> displacement 2.050e-02   scaled displacement 2.945e-04
 >riskyterm: 7  z: z_138_quad7  card: 1  vars: [('x4', 'x14')]
  j=7 h=0 var=('x4', 'x14') xyval=1.2805205219701388 coeff=-2.41729784
  z=0.01 -> displacement 2.178e-02   scaled displacement 3.130e-04
 >riskyterm: 8  z: z_138_quad8  card: 1  vars: [('x4', 'x15')]
  j=8 h=0 var=('x4', 'x15') xyval=1.2305084598940543 coeff=6.67721368
  z=-0.01 -> displacement 7.299e-02   scaled displacement 1.049e-03
 >riskyterm: 9  z: z_138_quad9  card: 1  vars: [('x4', 'x18')]
  j=9 h=0 var=('x4', 'x18') xyval=4.3105718971356435 coeff=-6.67721368
  z=0.01 -> displacement 2.787e-01   scaled displacement 4.004e-03
 SUMMARY - feat: e153 (>)  Greedy: 0.00400408 at term: z_138_quad9   L1norm: 0.0102834  L2norm: 0.00462285  slack: 0.00917327  scale: 69.5923
>feat: 139  name: e154  numrisky: 24
 >riskyterm: 0  z: z_139_quad0  card: 1  vars: [('x3', 'x3')]
  j=0 h=0 var=('x3', 'x3') xyval=0.4089109114164637 coeff=12.60712784
  z=-0.01 -> displacement 0.000e+00   scaled displacement 0.000e+00
 >riskyterm: 1  z: z_139_quad1  card: 1  vars: [('x3', 'x5')]
  j=1 h=0 var=('x3', 'x5') xyval=-1.0208897661849805 coeff=6.67721368
  z=0.01 -> displacement 0.000e+00   scaled displacement 0.000e+00
 >riskyterm: 2  z: z_139_quad2  card: 1  vars: [('x3', 'x6')]
  j=2 h=0 var=('x3', 'x6') xyval=-0.0 coeff=-16.39322121
  z=-0.01 -> displacement 0.000e+00   scaled displacement 0.000e+00
 >riskyterm: 3  z: z_139_quad3  card: 1  vars: [('x3', 'x7')]
  j=3 h=0 var=('x3', 'x7') xyval=-0.6394614229306281 coeff=1.902407482
  z=0.01 -> displacement 0.000e+00   scaled displacement 0.000e+00
 >riskyterm: 4  z: z_139_quad4  card: 1  vars: [('x3', 'x8')]
  j=4 h=0 var=('x3', 'x8') xyval=-2.2835550282479624 coeff=-6.67721368
  z=-0.01 -> displacement 0.000e+00   scaled displacement 0.000e+00
 >riskyterm: 5  z: z_139_quad5  card: 1  vars: [('x3', 'x15')]
  j=5 h=0 var=('x3', 'x15') xyval=-1.0234637909591835 coeff=-2.41729784
  z=-0.01 -> displacement 0.000e+00   scaled displacement 0.000e+00
 >riskyterm: 6  z: z_139_quad6  card: 1  vars: [('x3', 'x16')]
  j=6 h=0 var=('x3', 'x16') xyval=-2.523818363544045 coeff=2.41729784
  z=0.01 -> displacement 0.000e+00   scaled displacement 0.000e+00
 >riskyterm: 7  z: z_139_quad7  card: 1  vars: [('x4', 'x4')]
  j=7 h=0 var=('x4', 'x4') xyval=0.5910890885835367 coeff=12.60712784
  z=-0.01 -> displacement 0.000e+00   scaled displacement 0.000e+00
 >riskyterm: 8  z: z_139_quad8  card: 1  vars: [('x4', 'x5')]
  j=8 h=0 var=('x4', 'x5') xyval=1.227413715078837 coeff=2.41729784
  z=-0.01 -> displacement 0.000e+00   scaled displacement 0.000e+00
 >riskyterm: 9  z: z_139_quad9  card: 1  vars: [('x4', 'x6')]
  j=9 h=0 var=('x4', 'x6') xyval=0.0 coeff=-1.902407482
  z=-0.01 -> displacement 0.000e+00   scaled displacement 0.000e+00
 >riskyterm: 10  z: z_139_quad10  card: 1  vars: [('x4', 'x7')]
  j=10 h=0 var=('x4', 'x7') xyval=0.7688231842130782 coeff=-16.39322121
  z=0.01 -> displacement 0.000e+00   scaled displacement 0.000e+00
 >riskyterm: 11  z: z_139_quad11  card: 1  vars: [('x4', 'x8')]
  j=11 h=0 var=('x4', 'x8') xyval=2.745513623163231 coeff=-2.41729784
  z=0.01 -> displacement 0.000e+00   scaled displacement 0.000e+00
 >riskyterm: 12  z: z_139_quad12  card: 1  vars: [('x4', 'x15')]
  j=12 h=0 var=('x4', 'x15') xyval=1.2305084598940543 coeff=6.67721368
  z=-0.01 -> displacement 0.000e+00   scaled displacement 0.000e+00
 >riskyterm: 13  z: z_139_quad13  card: 1  vars: [('x4', 'x16')]
  j=13 h=0 var=('x4', 'x16') xyval=3.034381748538838 coeff=-6.67721368
  z=0.01 -> displacement 0.000e+00   scaled displacement 0.000e+00
 >riskyterm: 14  z: z_139_quad15  card: 1  vars: [('x5', 'x6')]
  j=14 h=0 var=('x5', 'x6') xyval=0.0 coeff=-4.5236206
  z=-0.01 -> displacement 0.000e+00   scaled displacement 0.000e+00
 >riskyterm: 15  z: z_139_quad16  card: 1  vars: [('x5', 'x7')]
  j=15 h=0 var=('x5', 'x7') xyval=1.5964837433136785 coeff=-1.06782914
  z=0.01 -> displacement 0.000e+00   scaled displacement 0.000e+00
 >riskyterm: 16  z: z_139_quad18  card: 1  vars: [('x6', 'x6')]
  j=16 h=0 var=('x6', 'x6') xyval=0.0 coeff=5.400850601
  z=-0.01 -> displacement 0.000e+00   scaled displacement 0.000e+00
 >riskyterm: 17  z: z_139_quad19  card: 1  vars: [('x6', 'x8')]
  j=17 h=0 var=('x6', 'x8') xyval=0.0 coeff=4.5236206
  z=-0.01 -> displacement 0.000e+00   scaled displacement 0.000e+00
 >riskyterm: 18  z: z_139_quad20  card: 1  vars: [('x6', 'x15')]
  j=18 h=0 var=('x6', 'x15') xyval=0.0 coeff=1.06782914
  z=-0.01 -> displacement 0.000e+00   scaled displacement 0.000e+00
 >riskyterm: 19  z: z_139_quad21  card: 1  vars: [('x6', 'x16')]
  j=19 h=0 var=('x6', 'x16') xyval=0.0 coeff=-1.06782914
  z=-0.01 -> displacement 0.000e+00   scaled displacement 0.000e+00
 >riskyterm: 20  z: z_139_quad22  card: 1  vars: [('x7', 'x7')]
  j=20 h=0 var=('x7', 'x7') xyval=1.0 coeff=5.400850601
  z=-0.01 -> displacement 0.000e+00   scaled displacement 0.000e+00
 >riskyterm: 21  z: z_139_quad23  card: 1  vars: [('x7', 'x8')]
  j=21 h=0 var=('x7', 'x8') xyval=3.571059873764572 coeff=1.06782914
  z=-0.01 -> displacement 0.000e+00   scaled displacement 0.000e+00
 >riskyterm: 22  z: z_139_quad24  card: 1  vars: [('x7', 'x15')]
  j=22 h=0 var=('x7', 'x15') xyval=1.6005090444216115 coeff=-4.5236206
  z=0.01 -> displacement 0.000e+00   scaled displacement 0.000e+00
 >riskyterm: 23  z: z_139_quad25  card: 1  vars: [('x7', 'x16')]
  j=23 h=0 var=('x7', 'x16') xyval=3.94678752 coeff=4.5236206
  z=-0.01 -> displacement 0.000e+00   scaled displacement 0.000e+00
 SUMMARY - feat: e154 (>)  Greedy: 0 at term:    L1norm: 0  L2norm: 0  slack: 13.7624  scale: 139.351
>feat: 140  name: e155  numrisky: 24
 >riskyterm: 0  z: z_140_quad0  card: 1  vars: [('x3', 'x3')]
  j=0 h=0 var=('x3', 'x3') xyval=0.4089109114164637 coeff=12.60712784
  z=-0.01 -> displacement 0.000e+00   scaled displacement 0.000e+00
 >riskyterm: 1  z: z_140_quad1  card: 1  vars: [('x3', 'x5')]
  j=1 h=0 var=('x3', 'x5') xyval=-1.0208897661849805 coeff=6.67721368
  z=0.01 -> displacement 0.000e+00   scaled displacement 0.000e+00
 >riskyterm: 2  z: z_140_quad2  card: 1  vars: [('x3', 'x9')]
  j=2 h=0 var=('x3', 'x9') xyval=0.6394483800859143 coeff=12.87500735
  z=-0.01 -> displacement 0.000e+00   scaled displacement 0.000e+00
 >riskyterm: 3  z: z_140_quad3  card: 1  vars: [('x3', 'x10')]
  j=3 h=0 var=('x3', 'x10') xyval=0.004084191714722727 coeff=-10.24230914
  z=0.01 -> displacement 0.000e+00   scaled displacement 0.000e+00
 >riskyterm: 4  z: z_140_quad4  card: 1  vars: [('x3', 'x11')]
  j=4 h=0 var=('x3', 'x11') xyval=-0.9832293576956092 coeff=-6.67721368
  z=-0.01 -> displacement 0.000e+00   scaled displacement 0.000e+00
 >riskyterm: 5  z: z_140_quad5  card: 1  vars: [('x3', 'x15')]
  j=5 h=0 var=('x3', 'x15') xyval=-1.0234637909591835 coeff=-2.41729784
  z=-0.01 -> displacement 0.000e+00   scaled displacement 0.000e+00
 >riskyterm: 6  z: z_140_quad6  card: 1  vars: [('x3', 'x17')]
  j=6 h=0 var=('x3', 'x17') xyval=-5.403437618519153 coeff=2.41729784
  z=0.01 -> displacement 0.000e+00   scaled displacement 0.000e+00
 >riskyterm: 7  z: z_140_quad7  card: 1  vars: [('x4', 'x4')]
  j=7 h=0 var=('x4', 'x4') xyval=0.5910890885835367 coeff=12.60712784
  z=-0.01 -> displacement 0.000e+00   scaled displacement 0.000e+00
 >riskyterm: 8  z: z_140_quad8  card: 1  vars: [('x4', 'x5')]
  j=8 h=0 var=('x4', 'x5') xyval=1.227413715078837 coeff=2.41729784
  z=-0.01 -> displacement 0.000e+00   scaled displacement 0.000e+00
 >riskyterm: 9  z: z_140_quad9  card: 1  vars: [('x4', 'x9')]
  j=9 h=0 var=('x4', 'x9') xyval=-0.7688075028270797 coeff=10.24230914
  z=0.01 -> displacement 0.000e+00   scaled displacement 0.000e+00
 >riskyterm: 10  z: z_140_quad10  card: 1  vars: [('x4', 'x10')]
  j=10 h=0 var=('x4', 'x10') xyval=-0.004910415494118781 coeff=12.87500735
  z=0.01 -> displacement 0.000e+00   scaled displacement 0.000e+00
 >riskyterm: 11  z: z_140_quad11  card: 1  vars: [('x4', 'x11')]
  j=11 h=0 var=('x4', 'x11') xyval=1.1821346816058438 coeff=-2.41729784
  z=0.01 -> displacement 0.000e+00   scaled displacement 0.000e+00
 >riskyterm: 12  z: z_140_quad12  card: 1  vars: [('x4', 'x15')]
  j=12 h=0 var=('x4', 'x15') xyval=1.2305084598940543 coeff=6.67721368
  z=-0.01 -> displacement 0.000e+00   scaled displacement 0.000e+00
 >riskyterm: 13  z: z_140_quad13  card: 1  vars: [('x4', 'x17')]
  j=13 h=0 var=('x4', 'x17') xyval=6.496542194097773 coeff=-6.67721368
  z=0.01 -> displacement 0.000e+00   scaled displacement 0.000e+00
 >riskyterm: 14  z: z_140_quad15  card: 1  vars: [('x5', 'x9')]
  j=14 h=0 var=('x5', 'x9') xyval=-1.5964511804587422 coeff=4.3914795
  z=0.01 -> displacement 0.000e+00   scaled displacement 0.000e+00
 >riskyterm: 15  z: z_140_quad16  card: 1  vars: [('x5', 'x10')]
  j=15 h=0 var=('x5', 'x10') xyval=-0.010196620848914931 coeff=-1.47802734
  z=-0.01 -> displacement 0.000e+00   scaled displacement 0.000e+00
 >riskyterm: 16  z: z_140_quad18  card: 1  vars: [('x9', 'x9')]
  j=16 h=0 var=('x9', 'x9') xyval=0.9999592071977097 coeff=5.367414254
  z=-0.01 -> displacement 0.000e+00   scaled displacement 0.000e+00
 >riskyterm: 17  z: z_140_quad19  card: 1  vars: [('x9', 'x11')]
  j=17 h=0 var=('x9', 'x11') xyval=-1.5375584326020444 coeff=-4.3914795
  z=-0.01 -> displacement 0.000e+00   scaled displacement 0.000e+00
 >riskyterm: 18  z: z_140_quad20  card: 1  vars: [('x9', 'x15')]
  j=18 h=0 var=('x9', 'x15') xyval=-1.6004763994641817 coeff=1.47802734
  z=0.01 -> displacement 0.000e+00   scaled displacement 0.000e+00
 >riskyterm: 19  z: z_140_quad21  card: 1  vars: [('x9', 'x17')]
  j=19 h=0 var=('x9', 'x17') xyval=-8.449809813312426 coeff=-1.47802734
  z=-0.01 -> displacement 0.000e+00   scaled displacement 0.000e+00
 >riskyterm: 20  z: z_140_quad22  card: 1  vars: [('x10', 'x10')]
  j=20 h=0 var=('x10', 'x10') xyval=4.0792802287491546e-05 coeff=5.367414254
  z=-0.01 -> displacement 0.000e+00   scaled displacement 0.000e+00
 >riskyterm: 21  z: z_140_quad23  card: 1  vars: [('x10', 'x11')]
  j=21 h=0 var=('x10', 'x11') xyval=-0.009820469653065059 coeff=1.47802734
  z=0.01 -> displacement 0.000e+00   scaled displacement 0.000e+00
 >riskyterm: 22  z: z_140_quad24  card: 1  vars: [('x10', 'x15')]
  j=22 h=0 var=('x10', 'x15') xyval=-0.010222330142462209 coeff=4.3914795
  z=0.01 -> displacement 0.000e+00   scaled displacement 0.000e+00
 >riskyterm: 23  z: z_140_quad25  card: 1  vars: [('x10', 'x17')]
  j=23 h=0 var=('x10', 'x17') xyval=-0.053969396600671134 coeff=-4.3914795
  z=-0.01 -> displacement 0.000e+00   scaled displacement 0.000e+00
 SUMMARY - feat: e155 (>)  Greedy: 0 at term:    L1norm: 0  L2norm: 0  slack: 27.9315  scale: 150.04
>feat: 141  name: e156  numrisky: 24
 >riskyterm: 0  z: z_141_quad0  card: 1  vars: [('x3', 'x3')]
  j=0 h=0 var=('x3', 'x3') xyval=0.4089109114164637 coeff=12.60712784
  z=-0.01 -> displacement 0.000e+00   scaled displacement 0.000e+00
 >riskyterm: 1  z: z_141_quad1  card: 1  vars: [('x3', 'x5')]
  j=1 h=0 var=('x3', 'x5') xyval=-1.0208897661849805 coeff=6.67721368
  z=0.01 -> displacement 0.000e+00   scaled displacement 0.000e+00
 >riskyterm: 2  z: z_141_quad2  card: 1  vars: [('x3', 'x12')]
  j=2 h=0 var=('x3', 'x12') xyval=-0.2685645879376864 coeff=-11.3177039
  z=-0.01 -> displacement 0.000e+00   scaled displacement 0.000e+00
 >riskyterm: 3  z: z_141_quad3  card: 1  vars: [('x3', 'x13')]
  j=3 h=0 var=('x3', 'x13') xyval=-0.5803309172552539 coeff=0.2898345836
  z=0.01 -> displacement 0.000e+00   scaled displacement 0.000e+00
 >riskyterm: 4  z: z_141_quad4  card: 1  vars: [('x3', 'x14')]
  j=4 h=0 var=('x3', 'x14') xyval=-1.065060851291855 coeff=-6.67721368
  z=-0.01 -> displacement 0.000e+00   scaled displacement 0.000e+00
 >riskyterm: 5  z: z_141_quad5  card: 1  vars: [('x3', 'x15')]
  j=5 h=0 var=('x3', 'x15') xyval=-1.0234637909591835 coeff=-2.41729784
  z=-0.01 -> displacement 0.000e+00   scaled displacement 0.000e+00
 >riskyterm: 6  z: z_141_quad6  card: 1  vars: [('x3', 'x18')]
  j=6 h=0 var=('x3', 'x18') xyval=-3.585277467677394 coeff=2.41729784
  z=0.01 -> displacement 0.000e+00   scaled displacement 0.000e+00
 >riskyterm: 7  z: z_141_quad7  card: 1  vars: [('x4', 'x4')]
  j=7 h=0 var=('x4', 'x4') xyval=0.5910890885835367 coeff=12.60712784
  z=-0.01 -> displacement 0.000e+00   scaled displacement 0.000e+00
 >riskyterm: 8  z: z_141_quad8  card: 1  vars: [('x4', 'x5')]
  j=8 h=0 var=('x4', 'x5') xyval=1.227413715078837 coeff=2.41729784
  z=-0.01 -> displacement 0.000e+00   scaled displacement 0.000e+00
 >riskyterm: 9  z: z_141_quad9  card: 1  vars: [('x4', 'x12')]
  j=9 h=0 var=('x4', 'x12') xyval=0.32289466457388644 coeff=-0.2898345836
  z=0.01 -> displacement 0.000e+00   scaled displacement 0.000e+00
 >riskyterm: 10  z: z_141_quad10  card: 1  vars: [('x4', 'x13')]
  j=10 h=0 var=('x4', 'x13') xyval=0.6977306960233683 coeff=-11.3177039
  z=0.01 -> displacement 0.000e+00   scaled displacement 0.000e+00
 >riskyterm: 11  z: z_141_quad11  card: 1  vars: [('x4', 'x14')]
  j=11 h=0 var=('x4', 'x14') xyval=1.2805205219701388 coeff=-2.41729784
  z=0.01 -> displacement 0.000e+00   scaled displacement 0.000e+00
 >riskyterm: 12  z: z_141_quad12  card: 1  vars: [('x4', 'x15')]
  j=12 h=0 var=('x4', 'x15') xyval=1.2305084598940543 coeff=6.67721368
  z=-0.01 -> displacement 0.000e+00   scaled displacement 0.000e+00
 >riskyterm: 13  z: z_141_quad13  card: 1  vars: [('x4', 'x18')]
  j=13 h=0 var=('x4', 'x18') xyval=4.3105718971356435 coeff=-6.67721368
  z=0.01 -> displacement 0.000e+00   scaled displacement 0.000e+00
 >riskyterm: 14  z: z_141_quad15  card: 1  vars: [('x5', 'x12')]
  j=14 h=0 var=('x5', 'x12') xyval=0.6705001792090389 coeff=-3.02492942
  z=0.01 -> displacement 0.000e+00   scaled displacement 0.000e+00
 >riskyterm: 15  z: z_141_quad16  card: 1  vars: [('x5', 'x13')]
  j=15 h=0 var=('x5', 'x13') xyval=1.448858120157216 coeff=-1.00827778
  z=0.01 -> displacement 0.000e+00   scaled displacement 0.000e+00
 >riskyterm: 16  z: z_141_quad18  card: 1  vars: [('x12', 'x12')]
  j=16 h=0 var=('x12', 'x12') xyval=0.17638790230442186 coeff=2.541705519
  z=-0.01 -> displacement 0.000e+00   scaled displacement 0.000e+00
 >riskyterm: 17  z: z_141_quad19  card: 1  vars: [('x12', 'x14')]
  j=17 h=0 var=('x12', 'x14') xyval=0.6995108730772841 coeff=3.02492942
  z=-0.01 -> displacement 0.000e+00   scaled displacement 0.000e+00
 >riskyterm: 18  z: z_141_quad20  card: 1  vars: [('x12', 'x15')]
  j=18 h=0 var=('x12', 'x15') xyval=0.6721907477009156 coeff=1.00827778
  z=-0.01 -> displacement 0.000e+00   scaled displacement 0.000e+00
 >riskyterm: 19  z: z_141_quad21  card: 1  vars: [('x12', 'x18')]
  j=19 h=0 var=('x12', 'x18') xyval=2.3547392325962853 coeff=-1.00827778
  z=0.01 -> displacement 0.000e+00   scaled displacement 0.000e+00
 >riskyterm: 20  z: z_141_quad22  card: 1  vars: [('x13', 'x13')]
  j=20 h=0 var=('x13', 'x13') xyval=0.823612097695578 coeff=2.541705519
  z=-0.01 -> displacement 0.000e+00   scaled displacement 0.000e+00
 >riskyterm: 21  z: z_141_quad23  card: 1  vars: [('x13', 'x14')]
  j=21 h=0 var=('x13', 'x14') xyval=1.511546215829295 coeff=1.00827778
  z=-0.01 -> displacement 0.000e+00   scaled displacement 0.000e+00
 >riskyterm: 22  z: z_141_quad24  card: 1  vars: [('x13', 'x15')]
  j=22 h=0 var=('x13', 'x15') xyval=1.4525112047694033 coeff=-3.02492942
  z=0.01 -> displacement 0.000e+00   scaled displacement 0.000e+00
 >riskyterm: 23  z: z_141_quad25  card: 1  vars: [('x13', 'x18')]
  j=23 h=0 var=('x13', 'x18') xyval=5.088265691479037 coeff=3.02492942
  z=-0.01 -> displacement 0.000e+00   scaled displacement 0.000e+00
 SUMMARY - feat: e156 (>)  Greedy: 0 at term:    L1norm: 0  L2norm: 0  slack: 8.07732  scale: 114.024
>feat: 142  name: e157  numrisky: 24
 >riskyterm: 0  z: z_142_quad0  card: 1  vars: [('x3', 'x3')]
  j=0 h=0 var=('x3', 'x3') xyval=0.4089109114164637 coeff=12.60712784
  z=-0.01 -> displacement 0.000e+00   scaled displacement 0.000e+00
 >riskyterm: 1  z: z_142_quad1  card: 1  vars: [('x3', 'x5')]
  j=1 h=0 var=('x3', 'x5') xyval=-1.0208897661849805 coeff=6.67721368
  z=0.01 -> displacement 0.000e+00   scaled displacement 0.000e+00
 >riskyterm: 2  z: z_142_quad2  card: 1  vars: [('x3', 'x6')]
  j=2 h=0 var=('x3', 'x6') xyval=-0.0 coeff=11.63176181
  z=-0.01 -> displacement 0.000e+00   scaled displacement 0.000e+00
 >riskyterm: 3  z: z_142_quad3  card: 1  vars: [('x3', 'x7')]
  j=3 h=0 var=('x3', 'x7') xyval=-0.6394614229306281 coeff=-9.692686537
  z=-0.01 -> displacement 0.000e+00   scaled displacement 0.000e+00
 >riskyterm: 4  z: z_142_quad4  card: 1  vars: [('x3', 'x8')]
  j=4 h=0 var=('x3', 'x8') xyval=-2.2835550282479624 coeff=-6.67721368
  z=-0.01 -> displacement 0.000e+00   scaled displacement 0.000e+00
 >riskyterm: 5  z: z_142_quad5  card: 1  vars: [('x3', 'x15')]
  j=5 h=0 var=('x3', 'x15') xyval=-1.0234637909591835 coeff=-2.41729784
  z=-0.01 -> displacement 0.000e+00   scaled displacement 0.000e+00
 >riskyterm: 6  z: z_142_quad6  card: 1  vars: [('x3', 'x16')]
  j=6 h=0 var=('x3', 'x16') xyval=-2.523818363544045 coeff=2.41729784
  z=0.01 -> displacement 0.000e+00   scaled displacement 0.000e+00
 >riskyterm: 7  z: z_142_quad7  card: 1  vars: [('x4', 'x4')]
  j=7 h=0 var=('x4', 'x4') xyval=0.5910890885835367 coeff=12.60712784
  z=-0.01 -> displacement 0.000e+00   scaled displacement 0.000e+00
 >riskyterm: 8  z: z_142_quad8  card: 1  vars: [('x4', 'x5')]
  j=8 h=0 var=('x4', 'x5') xyval=1.227413715078837 coeff=2.41729784
  z=-0.01 -> displacement 0.000e+00   scaled displacement 0.000e+00
 >riskyterm: 9  z: z_142_quad9  card: 1  vars: [('x4', 'x6')]
  j=9 h=0 var=('x4', 'x6') xyval=0.0 coeff=9.692686537
  z=-0.01 -> displacement 0.000e+00   scaled displacement 0.000e+00
 >riskyterm: 10  z: z_142_quad10  card: 1  vars: [('x4', 'x7')]
  j=10 h=0 var=('x4', 'x7') xyval=0.7688231842130782 coeff=11.63176181
  z=-0.01 -> displacement 0.000e+00   scaled displacement 0.000e+00
 >riskyterm: 11  z: z_142_quad11  card: 1  vars: [('x4', 'x8')]
  j=11 h=0 var=('x4', 'x8') xyval=2.745513623163231 coeff=-2.41729784
  z=0.01 -> displacement 0.000e+00   scaled displacement 0.000e+00
 >riskyterm: 12  z: z_142_quad12  card: 1  vars: [('x4', 'x15')]
  j=12 h=0 var=('x4', 'x15') xyval=1.2305084598940543 coeff=6.67721368
  z=-0.01 -> displacement 0.000e+00   scaled displacement 0.000e+00
 >riskyterm: 13  z: z_142_quad13  card: 1  vars: [('x4', 'x16')]
  j=13 h=0 var=('x4', 'x16') xyval=3.034381748538838 coeff=-6.67721368
  z=0.01 -> displacement 0.000e+00   scaled displacement 0.000e+00
 >riskyterm: 14  z: z_142_quad15  card: 1  vars: [('x5', 'x6')]
  j=14 h=0 var=('x5', 'x6') xyval=0.0 coeff=4.009552
  z=-0.01 -> displacement 0.000e+00   scaled displacement 0.000e+00
 >riskyterm: 15  z: z_142_quad16  card: 1  vars: [('x5', 'x7')]
  j=15 h=0 var=('x5', 'x7') xyval=1.5964837433136785 coeff=-1.45166714
  z=0.01 -> displacement 0.000e+00   scaled displacement 0.000e+00
 >riskyterm: 16  z: z_142_quad18  card: 1  vars: [('x6', 'x6')]
  j=16 h=0 var=('x6', 'x6') xyval=0.0 coeff=4.545961182
  z=-0.01 -> displacement 0.000e+00   scaled displacement 0.000e+00
 >riskyterm: 17  z: z_142_quad19  card: 1  vars: [('x6', 'x8')]
  j=17 h=0 var=('x6', 'x8') xyval=0.0 coeff=-4.009552
  z=-0.01 -> displacement 0.000e+00   scaled displacement 0.000e+00
 >riskyterm: 18  z: z_142_quad20  card: 1  vars: [('x6', 'x15')]
  j=18 h=0 var=('x6', 'x15') xyval=0.0 coeff=1.45166714
  z=-0.01 -> displacement 0.000e+00   scaled displacement 0.000e+00
 >riskyterm: 19  z: z_142_quad21  card: 1  vars: [('x6', 'x16')]
  j=19 h=0 var=('x6', 'x16') xyval=0.0 coeff=-1.45166714
  z=-0.01 -> displacement 0.000e+00   scaled displacement 0.000e+00
 >riskyterm: 20  z: z_142_quad22  card: 1  vars: [('x7', 'x7')]
  j=20 h=0 var=('x7', 'x7') xyval=1.0 coeff=4.545961182
  z=-0.01 -> displacement 0.000e+00   scaled displacement 0.000e+00
 >riskyterm: 21  z: z_142_quad23  card: 1  vars: [('x7', 'x8')]
  j=21 h=0 var=('x7', 'x8') xyval=3.571059873764572 coeff=1.45166714
  z=-0.01 -> displacement 0.000e+00   scaled displacement 0.000e+00
 >riskyterm: 22  z: z_142_quad24  card: 1  vars: [('x7', 'x15')]
  j=22 h=0 var=('x7', 'x15') xyval=1.6005090444216115 coeff=4.009552
  z=-0.01 -> displacement 0.000e+00   scaled displacement 0.000e+00
 >riskyterm: 23  z: z_142_quad25  card: 1  vars: [('x7', 'x16')]
  j=23 h=0 var=('x7', 'x16') xyval=3.94678752 coeff=-4.009552
  z=0.01 -> displacement 0.000e+00   scaled displacement 0.000e+00
 SUMMARY - feat: e157 (>)  Greedy: 0 at term:    L1norm: 0  L2norm: 0  slack: 23.0601  scale: 143.178
>feat: 143  name: e158  numrisky: 24
 >riskyterm: 0  z: z_143_quad0  card: 1  vars: [('x3', 'x3')]
  j=0 h=0 var=('x3', 'x3') xyval=0.4089109114164637 coeff=12.60712784
  z=-0.01 -> displacement 0.000e+00   scaled displacement 0.000e+00
 >riskyterm: 1  z: z_143_quad1  card: 1  vars: [('x3', 'x5')]
  j=1 h=0 var=('x3', 'x5') xyval=-1.0208897661849805 coeff=6.67721368
  z=0.01 -> displacement 0.000e+00   scaled displacement 0.000e+00
 >riskyterm: 2  z: z_143_quad2  card: 1  vars: [('x3', 'x9')]
  j=2 h=0 var=('x3', 'x9') xyval=0.6394483800859143 coeff=-2.912489276
  z=0.01 -> displacement 0.000e+00   scaled displacement 0.000e+00
 >riskyterm: 3  z: z_143_quad3  card: 1  vars: [('x3', 'x10')]
  j=3 h=0 var=('x3', 'x10') xyval=0.004084191714722727 coeff=13.9212468
  z=-0.01 -> displacement 0.000e+00   scaled displacement 0.000e+00
 >riskyterm: 4  z: z_143_quad4  card: 1  vars: [('x3', 'x11')]
  j=4 h=0 var=('x3', 'x11') xyval=-0.9832293576956092 coeff=-6.67721368
  z=-0.01 -> displacement 0.000e+00   scaled displacement 0.000e+00
 >riskyterm: 5  z: z_143_quad5  card: 1  vars: [('x3', 'x15')]
  j=5 h=0 var=('x3', 'x15') xyval=-1.0234637909591835 coeff=-2.41729784
  z=-0.01 -> displacement 0.000e+00   scaled displacement 0.000e+00
 >riskyterm: 6  z: z_143_quad6  card: 1  vars: [('x3', 'x17')]
  j=6 h=0 var=('x3', 'x17') xyval=-5.403437618519153 coeff=2.41729784
  z=0.01 -> displacement 0.000e+00   scaled displacement 0.000e+00
 >riskyterm: 7  z: z_143_quad7  card: 1  vars: [('x4', 'x4')]
  j=7 h=0 var=('x4', 'x4') xyval=0.5910890885835367 coeff=12.60712784
  z=-0.01 -> displacement 0.000e+00   scaled displacement 0.000e+00
 >riskyterm: 8  z: z_143_quad8  card: 1  vars: [('x4', 'x5')]
  j=8 h=0 var=('x4', 'x5') xyval=1.227413715078837 coeff=2.41729784
  z=-0.01 -> displacement 0.000e+00   scaled displacement 0.000e+00
 >riskyterm: 9  z: z_143_quad9  card: 1  vars: [('x4', 'x9')]
  j=9 h=0 var=('x4', 'x9') xyval=-0.7688075028270797 coeff=-13.9212468
  z=-0.01 -> displacement 0.000e+00   scaled displacement 0.000e+00
 >riskyterm: 10  z: z_143_quad10  card: 1  vars: [('x4', 'x10')]
  j=10 h=0 var=('x4', 'x10') xyval=-0.004910415494118781 coeff=-2.912489276
  z=-0.01 -> displacement 0.000e+00   scaled displacement 0.000e+00
 >riskyterm: 11  z: z_143_quad11  card: 1  vars: [('x4', 'x11')]
  j=11 h=0 var=('x4', 'x11') xyval=1.1821346816058438 coeff=-2.41729784
  z=0.01 -> displacement 0.000e+00   scaled displacement 0.000e+00
 >riskyterm: 12  z: z_143_quad12  card: 1  vars: [('x4', 'x15')]
  j=12 h=0 var=('x4', 'x15') xyval=1.2305084598940543 coeff=6.67721368
  z=-0.01 -> displacement 0.000e+00   scaled displacement 0.000e+00
 >riskyterm: 13  z: z_143_quad13  card: 1  vars: [('x4', 'x17')]
  j=13 h=0 var=('x4', 'x17') xyval=6.496542194097773 coeff=-6.67721368
  z=0.01 -> displacement 0.000e+00   scaled displacement 0.000e+00
 >riskyterm: 14  z: z_143_quad15  card: 1  vars: [('x5', 'x9')]
  j=14 h=0 var=('x5', 'x9') xyval=-1.5964511804587422 coeff=-2.10591634
  z=-0.01 -> displacement 0.000e+00   scaled displacement 0.000e+00
 >riskyterm: 15  z: z_143_quad16  card: 1  vars: [('x5', 'x10')]
  j=15 h=0 var=('x5', 'x10') xyval=-0.010196620848914931 coeff=3.40738932
  z=0.01 -> displacement 0.000e+00   scaled displacement 0.000e+00
 >riskyterm: 16  z: z_143_quad18  card: 1  vars: [('x9', 'x9')]
  j=16 h=0 var=('x9', 'x9') xyval=0.9999592071977097 coeff=4.011296402
  z=-0.01 -> displacement 0.000e+00   scaled displacement 0.000e+00
 >riskyterm: 17  z: z_143_quad19  card: 1  vars: [('x9', 'x11')]
  j=17 h=0 var=('x9', 'x11') xyval=-1.5375584326020444 coeff=2.10591634
  z=0.01 -> displacement 0.000e+00   scaled displacement 0.000e+00
 >riskyterm: 18  z: z_143_quad20  card: 1  vars: [('x9', 'x15')]
  j=18 h=0 var=('x9', 'x15') xyval=-1.6004763994641817 coeff=-3.40738932
  z=-0.01 -> displacement 0.000e+00   scaled displacement 0.000e+00
 >riskyterm: 19  z: z_143_quad21  card: 1  vars: [('x9', 'x17')]
  j=19 h=0 var=('x9', 'x17') xyval=-8.449809813312426 coeff=3.40738932
  z=0.01 -> displacement 0.000e+00   scaled displacement 0.000e+00
 >riskyterm: 20  z: z_143_quad22  card: 1  vars: [('x10', 'x10')]
  j=20 h=0 var=('x10', 'x10') xyval=4.0792802287491546e-05 coeff=4.011296402
  z=-0.01 -> displacement 0.000e+00   scaled displacement 0.000e+00
 >riskyterm: 21  z: z_143_quad23  card: 1  vars: [('x10', 'x11')]
  j=21 h=0 var=('x10', 'x11') xyval=-0.009820469653065059 coeff=-3.40738932
  z=-0.01 -> displacement 0.000e+00   scaled displacement 0.000e+00
 >riskyterm: 22  z: z_143_quad24  card: 1  vars: [('x10', 'x15')]
  j=22 h=0 var=('x10', 'x15') xyval=-0.010222330142462209 coeff=-2.10591634
  z=-0.01 -> displacement 0.000e+00   scaled displacement 0.000e+00
 >riskyterm: 23  z: z_143_quad25  card: 1  vars: [('x10', 'x17')]
  j=23 h=0 var=('x10', 'x17') xyval=-0.053969396600671134 coeff=2.10591634
  z=0.01 -> displacement 0.000e+00   scaled displacement 0.000e+00
 SUMMARY - feat: e158 (>)  Greedy: 0 at term:    L1norm: 0  L2norm: 0  slack: 2.50738  scale: 133.336
>feat: 144  name: e159  numrisky: 24
 >riskyterm: 0  z: z_144_quad0  card: 1  vars: [('x3', 'x3')]
  j=0 h=0 var=('x3', 'x3') xyval=0.4089109114164637 coeff=12.60712784
  z=-0.01 -> displacement 0.000e+00   scaled displacement 0.000e+00
 >riskyterm: 1  z: z_144_quad1  card: 1  vars: [('x3', 'x5')]
  j=1 h=0 var=('x3', 'x5') xyval=-1.0208897661849805 coeff=6.67721368
  z=0.01 -> displacement 0.000e+00   scaled displacement 0.000e+00
 >riskyterm: 2  z: z_144_quad2  card: 1  vars: [('x3', 'x12')]
  j=2 h=0 var=('x3', 'x12') xyval=-0.2685645879376864 coeff=5.783245525
  z=0.01 -> displacement 0.000e+00   scaled displacement 0.000e+00
 >riskyterm: 3  z: z_144_quad3  card: 1  vars: [('x3', 'x13')]
  j=3 h=0 var=('x3', 'x13') xyval=-0.5803309172552539 coeff=-7.699093866
  z=-0.01 -> displacement 0.000e+00   scaled displacement 0.000e+00
 >riskyterm: 4  z: z_144_quad4  card: 1  vars: [('x3', 'x14')]
  j=4 h=0 var=('x3', 'x14') xyval=-1.065060851291855 coeff=-6.67721368
  z=-0.01 -> displacement 0.000e+00   scaled displacement 0.000e+00
 >riskyterm: 5  z: z_144_quad5  card: 1  vars: [('x3', 'x15')]
  j=5 h=0 var=('x3', 'x15') xyval=-1.0234637909591835 coeff=-2.41729784
  z=-0.01 -> displacement 0.000e+00   scaled displacement 0.000e+00
 >riskyterm: 6  z: z_144_quad6  card: 1  vars: [('x3', 'x18')]
  j=6 h=0 var=('x3', 'x18') xyval=-3.585277467677394 coeff=2.41729784
  z=0.01 -> displacement 0.000e+00   scaled displacement 0.000e+00
 >riskyterm: 7  z: z_144_quad7  card: 1  vars: [('x4', 'x4')]
  j=7 h=0 var=('x4', 'x4') xyval=0.5910890885835367 coeff=12.60712784
  z=-0.01 -> displacement 0.000e+00   scaled displacement 0.000e+00
 >riskyterm: 8  z: z_144_quad8  card: 1  vars: [('x4', 'x5')]
  j=8 h=0 var=('x4', 'x5') xyval=1.227413715078837 coeff=2.41729784
  z=-0.01 -> displacement 0.000e+00   scaled displacement 0.000e+00
 >riskyterm: 9  z: z_144_quad9  card: 1  vars: [('x4', 'x12')]
  j=9 h=0 var=('x4', 'x12') xyval=0.32289466457388644 coeff=7.699093866
  z=-0.01 -> displacement 0.000e+00   scaled displacement 0.000e+00
 >riskyterm: 10  z: z_144_quad10  card: 1  vars: [('x4', 'x13')]
  j=10 h=0 var=('x4', 'x13') xyval=0.6977306960233683 coeff=5.783245525
  z=-0.01 -> displacement 0.000e+00   scaled displacement 0.000e+00
 >riskyterm: 11  z: z_144_quad11  card: 1  vars: [('x4', 'x14')]
  j=11 h=0 var=('x4', 'x14') xyval=1.2805205219701388 coeff=-2.41729784
  z=0.01 -> displacement 0.000e+00   scaled displacement 0.000e+00
 >riskyterm: 12  z: z_144_quad12  card: 1  vars: [('x4', 'x15')]
  j=12 h=0 var=('x4', 'x15') xyval=1.2305084598940543 coeff=6.67721368
  z=-0.01 -> displacement 0.000e+00   scaled displacement 0.000e+00
 >riskyterm: 13  z: z_144_quad13  card: 1  vars: [('x4', 'x18')]
  j=13 h=0 var=('x4', 'x18') xyval=4.3105718971356435 coeff=-6.67721368
  z=0.01 -> displacement 0.000e+00   scaled displacement 0.000e+00
 >riskyterm: 14  z: z_144_quad15  card: 1  vars: [('x5', 'x12')]
  j=14 h=0 var=('x5', 'x12') xyval=0.6705001792090389 coeff=2.26962754
  z=-0.01 -> displacement 0.000e+00   scaled displacement 0.000e+00
 >riskyterm: 15  z: z_144_quad16  card: 1  vars: [('x5', 'x13')]
  j=15 h=0 var=('x5', 'x13') xyval=1.448858120157216 coeff=-1.48442486
  z=0.01 -> displacement 0.000e+00   scaled displacement 0.000e+00
 >riskyterm: 16  z: z_144_quad18  card: 1  vars: [('x12', 'x12')]
  j=16 h=0 var=('x12', 'x12') xyval=0.17638790230442186 coeff=1.838681584
  z=-0.01 -> displacement 0.000e+00   scaled displacement 0.000e+00
 >riskyterm: 17  z: z_144_quad19  card: 1  vars: [('x12', 'x14')]
  j=17 h=0 var=('x12', 'x14') xyval=0.6995108730772841 coeff=-2.26962754
  z=0.01 -> displacement 0.000e+00   scaled displacement 0.000e+00
 >riskyterm: 18  z: z_144_quad20  card: 1  vars: [('x12', 'x15')]
  j=18 h=0 var=('x12', 'x15') xyval=0.6721907477009156 coeff=1.48442486
  z=-0.01 -> displacement 0.000e+00   scaled displacement 0.000e+00
 >riskyterm: 19  z: z_144_quad21  card: 1  vars: [('x12', 'x18')]
  j=19 h=0 var=('x12', 'x18') xyval=2.3547392325962853 coeff=-1.48442486
  z=0.01 -> displacement 0.000e+00   scaled displacement 0.000e+00
 >riskyterm: 20  z: z_144_quad22  card: 1  vars: [('x13', 'x13')]
  j=20 h=0 var=('x13', 'x13') xyval=0.823612097695578 coeff=1.838681584
  z=-0.01 -> displacement 0.000e+00   scaled displacement 0.000e+00
 >riskyterm: 21  z: z_144_quad23  card: 1  vars: [('x13', 'x14')]
  j=21 h=0 var=('x13', 'x14') xyval=1.511546215829295 coeff=1.48442486
  z=-0.01 -> displacement 0.000e+00   scaled displacement 0.000e+00
 >riskyterm: 22  z: z_144_quad24  card: 1  vars: [('x13', 'x15')]
  j=22 h=0 var=('x13', 'x15') xyval=1.4525112047694033 coeff=2.26962754
  z=-0.01 -> displacement 0.000e+00   scaled displacement 0.000e+00
 >riskyterm: 23  z: z_144_quad25  card: 1  vars: [('x13', 'x18')]
  j=23 h=0 var=('x13', 'x18') xyval=5.088265691479037 coeff=-2.26962754
  z=0.01 -> displacement 0.000e+00   scaled displacement 0.000e+00
 SUMMARY - feat: e159 (>)  Greedy: 0 at term:    L1norm: 0  L2norm: 0  slack: 2.14134  scale: 115.251
>feat: 145  name: e160  numrisky: 24
 >riskyterm: 0  z: z_145_quad0  card: 1  vars: [('x3', 'x3')]
  j=0 h=0 var=('x3', 'x3') xyval=0.4089109114164637 coeff=12.60712784
  z=-0.01 -> displacement 0.000e+00   scaled displacement 0.000e+00
 >riskyterm: 1  z: z_145_quad1  card: 1  vars: [('x3', 'x5')]
  j=1 h=0 var=('x3', 'x5') xyval=-1.0208897661849805 coeff=6.67721368
  z=0.01 -> displacement 0.000e+00   scaled displacement 0.000e+00
 >riskyterm: 2  z: z_145_quad2  card: 1  vars: [('x3', 'x6')]
  j=2 h=0 var=('x3', 'x6') xyval=-0.0 coeff=-26.66148871
  z=-0.01 -> displacement 0.000e+00   scaled displacement 0.000e+00
 >riskyterm: 3  z: z_145_quad3  card: 1  vars: [('x3', 'x7')]
  j=3 h=0 var=('x3', 'x7') xyval=-0.6394614229306281 coeff=3.093842271
  z=0.01 -> displacement 0.000e+00   scaled displacement 0.000e+00
 >riskyterm: 4  z: z_145_quad4  card: 1  vars: [('x3', 'x8')]
  j=4 h=0 var=('x3', 'x8') xyval=-2.2835550282479624 coeff=-6.67721368
  z=-0.01 -> displacement 0.000e+00   scaled displacement 0.000e+00
 >riskyterm: 5  z: z_145_quad5  card: 1  vars: [('x3', 'x15')]
  j=5 h=0 var=('x3', 'x15') xyval=-1.0234637909591835 coeff=-2.41729784
  z=-0.01 -> displacement 0.000e+00   scaled displacement 0.000e+00
 >riskyterm: 6  z: z_145_quad6  card: 1  vars: [('x3', 'x16')]
  j=6 h=0 var=('x3', 'x16') xyval=-2.523818363544045 coeff=2.41729784
  z=0.01 -> displacement 0.000e+00   scaled displacement 0.000e+00
 >riskyterm: 7  z: z_145_quad7  card: 1  vars: [('x4', 'x4')]
  j=7 h=0 var=('x4', 'x4') xyval=0.5910890885835367 coeff=12.60712784
  z=-0.01 -> displacement 0.000e+00   scaled displacement 0.000e+00
 >riskyterm: 8  z: z_145_quad8  card: 1  vars: [('x4', 'x5')]
  j=8 h=0 var=('x4', 'x5') xyval=1.227413715078837 coeff=2.41729784
  z=-0.01 -> displacement 0.000e+00   scaled displacement 0.000e+00
 >riskyterm: 9  z: z_145_quad9  card: 1  vars: [('x4', 'x6')]
  j=9 h=0 var=('x4', 'x6') xyval=0.0 coeff=-3.093842271
  z=-0.01 -> displacement 0.000e+00   scaled displacement 0.000e+00
 >riskyterm: 10  z: z_145_quad10  card: 1  vars: [('x4', 'x7')]
  j=10 h=0 var=('x4', 'x7') xyval=0.7688231842130782 coeff=-26.66148871
  z=0.01 -> displacement 0.000e+00   scaled displacement 0.000e+00
 >riskyterm: 11  z: z_145_quad11  card: 1  vars: [('x4', 'x8')]
  j=11 h=0 var=('x4', 'x8') xyval=2.745513623163231 coeff=-2.41729784
  z=0.01 -> displacement 0.000e+00   scaled displacement 0.000e+00
 >riskyterm: 12  z: z_145_quad12  card: 1  vars: [('x4', 'x15')]
  j=12 h=0 var=('x4', 'x15') xyval=1.2305084598940543 coeff=6.67721368
  z=-0.01 -> displacement 0.000e+00   scaled displacement 0.000e+00
 >riskyterm: 13  z: z_145_quad13  card: 1  vars: [('x4', 'x16')]
  j=13 h=0 var=('x4', 'x16') xyval=3.034381748538838 coeff=-6.67721368
  z=0.01 -> displacement 0.000e+00   scaled displacement 0.000e+00
 >riskyterm: 14  z: z_145_quad15  card: 1  vars: [('x5', 'x6')]
  j=14 h=0 var=('x5', 'x6') xyval=0.0 coeff=-7.357076
  z=-0.01 -> displacement 0.000e+00   scaled displacement 0.000e+00
 >riskyterm: 15  z: z_145_quad16  card: 1  vars: [('x5', 'x7')]
  j=15 h=0 var=('x5', 'x7') xyval=1.5964837433136785 coeff=-1.7367363
  z=0.01 -> displacement 0.000e+00   scaled displacement 0.000e+00
 >riskyterm: 16  z: z_145_quad18  card: 1  vars: [('x6', 'x6')]
  j=16 h=0 var=('x6', 'x6') xyval=0.0 coeff=14.28570506
  z=-0.01 -> displacement 0.000e+00   scaled displacement 0.000e+00
 >riskyterm: 17  z: z_145_quad19  card: 1  vars: [('x6', 'x8')]
  j=17 h=0 var=('x6', 'x8') xyval=0.0 coeff=7.357076
  z=-0.01 -> displacement 0.000e+00   scaled displacement 0.000e+00
 >riskyterm: 18  z: z_145_quad20  card: 1  vars: [('x6', 'x15')]
  j=18 h=0 var=('x6', 'x15') xyval=0.0 coeff=1.7367363
  z=-0.01 -> displacement 0.000e+00   scaled displacement 0.000e+00
 >riskyterm: 19  z: z_145_quad21  card: 1  vars: [('x6', 'x16')]
  j=19 h=0 var=('x6', 'x16') xyval=0.0 coeff=-1.7367363
  z=-0.01 -> displacement 0.000e+00   scaled displacement 0.000e+00
 >riskyterm: 20  z: z_145_quad22  card: 1  vars: [('x7', 'x7')]
  j=20 h=0 var=('x7', 'x7') xyval=1.0 coeff=14.28570506
  z=-0.01 -> displacement 0.000e+00   scaled displacement 0.000e+00
 >riskyterm: 21  z: z_145_quad23  card: 1  vars: [('x7', 'x8')]
  j=21 h=0 var=('x7', 'x8') xyval=3.571059873764572 coeff=1.7367363
  z=-0.01 -> displacement 0.000e+00   scaled displacement 0.000e+00
 >riskyterm: 22  z: z_145_quad24  card: 1  vars: [('x7', 'x15')]
  j=22 h=0 var=('x7', 'x15') xyval=1.6005090444216115 coeff=-7.357076
  z=0.01 -> displacement 0.000e+00   scaled displacement 0.000e+00
 >riskyterm: 23  z: z_145_quad25  card: 1  vars: [('x7', 'x16')]
  j=23 h=0 var=('x7', 'x16') xyval=3.94678752 coeff=7.357076
  z=-0.01 -> displacement 0.000e+00   scaled displacement 0.000e+00
 SUMMARY - feat: e160 (>)  Greedy: 0 at term:    L1norm: 0  L2norm: 0  slack: 22.7049  scale: 194.05
>feat: 146  name: e161  numrisky: 24
 >riskyterm: 0  z: z_146_quad0  card: 1  vars: [('x3', 'x3')]
  j=0 h=0 var=('x3', 'x3') xyval=0.4089109114164637 coeff=12.60712784
  z=-0.01 -> displacement 0.000e+00   scaled displacement 0.000e+00
 >riskyterm: 1  z: z_146_quad1  card: 1  vars: [('x3', 'x5')]
  j=1 h=0 var=('x3', 'x5') xyval=-1.0208897661849805 coeff=6.67721368
  z=0.01 -> displacement 0.000e+00   scaled displacement 0.000e+00
 >riskyterm: 2  z: z_146_quad2  card: 1  vars: [('x3', 'x9')]
  j=2 h=0 var=('x3', 'x9') xyval=0.6394483800859143 coeff=9.152705948
  z=-0.01 -> displacement 0.000e+00   scaled displacement 0.000e+00
 >riskyterm: 3  z: z_146_quad3  card: 1  vars: [('x3', 'x10')]
  j=3 h=0 var=('x3', 'x10') xyval=0.004084191714722727 coeff=-5.985757533
  z=0.01 -> displacement 0.000e+00   scaled displacement 0.000e+00
 >riskyterm: 4  z: z_146_quad4  card: 1  vars: [('x3', 'x11')]
  j=4 h=0 var=('x3', 'x11') xyval=-0.9832293576956092 coeff=-6.67721368
  z=-0.01 -> displacement 0.000e+00   scaled displacement 0.000e+00
 >riskyterm: 5  z: z_146_quad5  card: 1  vars: [('x3', 'x15')]
  j=5 h=0 var=('x3', 'x15') xyval=-1.0234637909591835 coeff=-2.41729784
  z=-0.01 -> displacement 0.000e+00   scaled displacement 0.000e+00
 >riskyterm: 6  z: z_146_quad6  card: 1  vars: [('x3', 'x17')]
  j=6 h=0 var=('x3', 'x17') xyval=-5.403437618519153 coeff=2.41729784
  z=0.01 -> displacement 0.000e+00   scaled displacement 0.000e+00
 >riskyterm: 7  z: z_146_quad7  card: 1  vars: [('x4', 'x4')]
  j=7 h=0 var=('x4', 'x4') xyval=0.5910890885835367 coeff=12.60712784
  z=-0.01 -> displacement 0.000e+00   scaled displacement 0.000e+00
 >riskyterm: 8  z: z_146_quad8  card: 1  vars: [('x4', 'x5')]
  j=8 h=0 var=('x4', 'x5') xyval=1.227413715078837 coeff=2.41729784
  z=-0.01 -> displacement 0.000e+00   scaled displacement 0.000e+00
 >riskyterm: 9  z: z_146_quad9  card: 1  vars: [('x4', 'x9')]
  j=9 h=0 var=('x4', 'x9') xyval=-0.7688075028270797 coeff=5.985757533
  z=0.01 -> displacement 0.000e+00   scaled displacement 0.000e+00
 >riskyterm: 10  z: z_146_quad10  card: 1  vars: [('x4', 'x10')]
  j=10 h=0 var=('x4', 'x10') xyval=-0.004910415494118781 coeff=9.152705948
  z=0.01 -> displacement 0.000e+00   scaled displacement 0.000e+00
 >riskyterm: 11  z: z_146_quad11  card: 1  vars: [('x4', 'x11')]
  j=11 h=0 var=('x4', 'x11') xyval=1.1821346816058438 coeff=-2.41729784
  z=0.01 -> displacement 0.000e+00   scaled displacement 0.000e+00
 >riskyterm: 12  z: z_146_quad12  card: 1  vars: [('x4', 'x15')]
  j=12 h=0 var=('x4', 'x15') xyval=1.2305084598940543 coeff=6.67721368
  z=-0.01 -> displacement 0.000e+00   scaled displacement 0.000e+00
 >riskyterm: 13  z: z_146_quad13  card: 1  vars: [('x4', 'x17')]
  j=13 h=0 var=('x4', 'x17') xyval=6.496542194097773 coeff=-6.67721368
  z=0.01 -> displacement 0.000e+00   scaled displacement 0.000e+00
 >riskyterm: 14  z: z_146_quad15  card: 1  vars: [('x5', 'x9')]
  j=14 h=0 var=('x5', 'x9') xyval=-1.5964511804587422 coeff=2.9976666
  z=0.01 -> displacement 0.000e+00   scaled displacement 0.000e+00
 >riskyterm: 15  z: z_146_quad16  card: 1  vars: [('x5', 'x10')]
  j=15 h=0 var=('x5', 'x10') xyval=-0.010196620848914931 coeff=-0.70766974
  z=-0.01 -> displacement 0.000e+00   scaled displacement 0.000e+00
 >riskyterm: 16  z: z_146_quad18  card: 1  vars: [('x9', 'x9')]
  j=16 h=0 var=('x9', 'x9') xyval=0.9999592071977097 coeff=2.371700376
  z=-0.01 -> displacement 0.000e+00   scaled displacement 0.000e+00
 >riskyterm: 17  z: z_146_quad19  card: 1  vars: [('x9', 'x11')]
  j=17 h=0 var=('x9', 'x11') xyval=-1.5375584326020444 coeff=-2.9976666
  z=-0.01 -> displacement 0.000e+00   scaled displacement 0.000e+00
 >riskyterm: 18  z: z_146_quad20  card: 1  vars: [('x9', 'x15')]
  j=18 h=0 var=('x9', 'x15') xyval=-1.6004763994641817 coeff=0.70766974
  z=0.01 -> displacement 0.000e+00   scaled displacement 0.000e+00
 >riskyterm: 19  z: z_146_quad21  card: 1  vars: [('x9', 'x17')]
  j=19 h=0 var=('x9', 'x17') xyval=-8.449809813312426 coeff=-0.70766974
  z=-0.01 -> displacement 0.000e+00   scaled displacement 0.000e+00
 >riskyterm: 20  z: z_146_quad22  card: 1  vars: [('x10', 'x10')]
  j=20 h=0 var=('x10', 'x10') xyval=4.0792802287491546e-05 coeff=2.371700376
  z=-0.01 -> displacement 0.000e+00   scaled displacement 0.000e+00
 >riskyterm: 21  z: z_146_quad23  card: 1  vars: [('x10', 'x11')]
  j=21 h=0 var=('x10', 'x11') xyval=-0.009820469653065059 coeff=0.70766974
  z=0.01 -> displacement 0.000e+00   scaled displacement 0.000e+00
 >riskyterm: 22  z: z_146_quad24  card: 1  vars: [('x10', 'x15')]
  j=22 h=0 var=('x10', 'x15') xyval=-0.010222330142462209 coeff=2.9976666
  z=0.01 -> displacement 0.000e+00   scaled displacement 0.000e+00
 >riskyterm: 23  z: z_146_quad25  card: 1  vars: [('x10', 'x17')]
  j=23 h=0 var=('x10', 'x17') xyval=-0.053969396600671134 coeff=-2.9976666
  z=-0.01 -> displacement 0.000e+00   scaled displacement 0.000e+00
 SUMMARY - feat: e161 (>)  Greedy: 0 at term:    L1norm: 0  L2norm: 0  slack: 19.5545  scale: 119.434
>feat: 147  name: e162  numrisky: 24
 >riskyterm: 0  z: z_147_quad0  card: 1  vars: [('x3', 'x3')]
  j=0 h=0 var=('x3', 'x3') xyval=0.4089109114164637 coeff=12.60712784
  z=-0.01 -> displacement 0.000e+00   scaled displacement 0.000e+00
 >riskyterm: 1  z: z_147_quad1  card: 1  vars: [('x3', 'x5')]
  j=1 h=0 var=('x3', 'x5') xyval=-1.0208897661849805 coeff=6.67721368
  z=0.01 -> displacement 0.000e+00   scaled displacement 0.000e+00
 >riskyterm: 2  z: z_147_quad2  card: 1  vars: [('x3', 'x12')]
  j=2 h=0 var=('x3', 'x12') xyval=-0.2685645879376864 coeff=-17.19660631
  z=-0.01 -> displacement 0.000e+00   scaled displacement 0.000e+00
 >riskyterm: 3  z: z_147_quad3  card: 1  vars: [('x3', 'x13')]
  j=3 h=0 var=('x3', 'x13') xyval=-0.5803309172552539 coeff=0.4402537848
  z=0.01 -> displacement 0.000e+00   scaled displacement 0.000e+00
 >riskyterm: 4  z: z_147_quad4  card: 1  vars: [('x3', 'x14')]
  j=4 h=0 var=('x3', 'x14') xyval=-1.065060851291855 coeff=-6.67721368
  z=-0.01 -> displacement 0.000e+00   scaled displacement 0.000e+00
 >riskyterm: 5  z: z_147_quad5  card: 1  vars: [('x3', 'x15')]
  j=5 h=0 var=('x3', 'x15') xyval=-1.0234637909591835 coeff=-2.41729784
  z=-0.01 -> displacement 0.000e+00   scaled displacement 0.000e+00
 >riskyterm: 6  z: z_147_quad6  card: 1  vars: [('x3', 'x18')]
  j=6 h=0 var=('x3', 'x18') xyval=-3.585277467677394 coeff=2.41729784
  z=0.01 -> displacement 0.000e+00   scaled displacement 0.000e+00
 >riskyterm: 7  z: z_147_quad7  card: 1  vars: [('x4', 'x4')]
  j=7 h=0 var=('x4', 'x4') xyval=0.5910890885835367 coeff=12.60712784
  z=-0.01 -> displacement 0.000e+00   scaled displacement 0.000e+00
 >riskyterm: 8  z: z_147_quad8  card: 1  vars: [('x4', 'x5')]
  j=8 h=0 var=('x4', 'x5') xyval=1.227413715078837 coeff=2.41729784
  z=-0.01 -> displacement 0.000e+00   scaled displacement 0.000e+00
 >riskyterm: 9  z: z_147_quad9  card: 1  vars: [('x4', 'x12')]
  j=9 h=0 var=('x4', 'x12') xyval=0.32289466457388644 coeff=-0.4402537848
  z=0.01 -> displacement 0.000e+00   scaled displacement 0.000e+00
 >riskyterm: 10  z: z_147_quad10  card: 1  vars: [('x4', 'x13')]
  j=10 h=0 var=('x4', 'x13') xyval=0.6977306960233683 coeff=-17.19660631
  z=0.01 -> displacement 0.000e+00   scaled displacement 0.000e+00
 >riskyterm: 11  z: z_147_quad11  card: 1  vars: [('x4', 'x14')]
  j=11 h=0 var=('x4', 'x14') xyval=1.2805205219701388 coeff=-2.41729784
  z=0.01 -> displacement 0.000e+00   scaled displacement 0.000e+00
 >riskyterm: 12  z: z_147_quad12  card: 1  vars: [('x4', 'x15')]
  j=12 h=0 var=('x4', 'x15') xyval=1.2305084598940543 coeff=6.67721368
  z=-0.01 -> displacement 0.000e+00   scaled displacement 0.000e+00
 >riskyterm: 13  z: z_147_quad13  card: 1  vars: [('x4', 'x18')]
  j=13 h=0 var=('x4', 'x18') xyval=4.3105718971356435 coeff=-6.67721368
  z=0.01 -> displacement 0.000e+00   scaled displacement 0.000e+00
 >riskyterm: 14  z: z_147_quad15  card: 1  vars: [('x5', 'x12')]
  j=14 h=0 var=('x5', 'x12') xyval=0.6705001792090389 coeff=-4.59619514
  z=0.01 -> displacement 0.000e+00   scaled displacement 0.000e+00
 >riskyterm: 15  z: z_147_quad16  card: 1  vars: [('x5', 'x13')]
  j=15 h=0 var=('x5', 'x13') xyval=1.448858120157216 coeff=-1.53205596
  z=0.01 -> displacement 0.000e+00   scaled displacement 0.000e+00
 >riskyterm: 16  z: z_147_quad18  card: 1  vars: [('x12', 'x12')]
  j=16 h=0 var=('x12', 'x12') xyval=0.17638790230442186 coeff=5.868051307
  z=-0.01 -> displacement 0.000e+00   scaled displacement 0.000e+00
 >riskyterm: 17  z: z_147_quad19  card: 1  vars: [('x12', 'x14')]
  j=17 h=0 var=('x12', 'x14') xyval=0.6995108730772841 coeff=4.59619514
  z=-0.01 -> displacement 0.000e+00   scaled displacement 0.000e+00
 >riskyterm: 18  z: z_147_quad20  card: 1  vars: [('x12', 'x15')]
  j=18 h=0 var=('x12', 'x15') xyval=0.6721907477009156 coeff=1.53205596
  z=-0.01 -> displacement 0.000e+00   scaled displacement 0.000e+00
 >riskyterm: 19  z: z_147_quad21  card: 1  vars: [('x12', 'x18')]
  j=19 h=0 var=('x12', 'x18') xyval=2.3547392325962853 coeff=-1.53205596
  z=0.01 -> displacement 0.000e+00   scaled displacement 0.000e+00
 >riskyterm: 20  z: z_147_quad22  card: 1  vars: [('x13', 'x13')]
  j=20 h=0 var=('x13', 'x13') xyval=0.823612097695578 coeff=5.868051307
  z=-0.01 -> displacement 0.000e+00   scaled displacement 0.000e+00
 >riskyterm: 21  z: z_147_quad23  card: 1  vars: [('x13', 'x14')]
  j=21 h=0 var=('x13', 'x14') xyval=1.511546215829295 coeff=1.53205596
  z=-0.01 -> displacement 0.000e+00   scaled displacement 0.000e+00
 >riskyterm: 22  z: z_147_quad24  card: 1  vars: [('x13', 'x15')]
  j=22 h=0 var=('x13', 'x15') xyval=1.4525112047694033 coeff=-4.59619514
  z=0.01 -> displacement 0.000e+00   scaled displacement 0.000e+00
 >riskyterm: 23  z: z_147_quad25  card: 1  vars: [('x13', 'x18')]
  j=23 h=0 var=('x13', 'x18') xyval=5.088265691479037 coeff=4.59619514
  z=-0.01 -> displacement 0.000e+00   scaled displacement 0.000e+00
 SUMMARY - feat: e162 (>)  Greedy: 0 at term:    L1norm: 0  L2norm: 0  slack: 14.0738  scale: 141.115
>feat: 148  name: e163  numrisky: 24
 >riskyterm: 0  z: z_148_quad0  card: 1  vars: [('x3', 'x3')]
  j=0 h=0 var=('x3', 'x3') xyval=0.4089109114164637 coeff=12.60712784
  z=-0.01 -> displacement 0.000e+00   scaled displacement 0.000e+00
 >riskyterm: 1  z: z_148_quad1  card: 1  vars: [('x3', 'x5')]
  j=1 h=0 var=('x3', 'x5') xyval=-1.0208897661849805 coeff=6.67721368
  z=0.01 -> displacement 0.000e+00   scaled displacement 0.000e+00
 >riskyterm: 2  z: z_148_quad2  card: 1  vars: [('x3', 'x6')]
  j=2 h=0 var=('x3', 'x6') xyval=-0.0 coeff=-33.09283459
  z=-0.01 -> displacement 0.000e+00   scaled displacement 0.000e+00
 >riskyterm: 3  z: z_148_quad3  card: 1  vars: [('x3', 'x7')]
  j=3 h=0 var=('x3', 'x7') xyval=-0.6394614229306281 coeff=3.840229883
  z=0.01 -> displacement 0.000e+00   scaled displacement 0.000e+00
 >riskyterm: 4  z: z_148_quad4  card: 1  vars: [('x3', 'x8')]
  j=4 h=0 var=('x3', 'x8') xyval=-2.2835550282479624 coeff=-6.67721368
  z=-0.01 -> displacement 0.000e+00   scaled displacement 0.000e+00
 >riskyterm: 5  z: z_148_quad5  card: 1  vars: [('x3', 'x15')]
  j=5 h=0 var=('x3', 'x15') xyval=-1.0234637909591835 coeff=-2.41729784
  z=-0.01 -> displacement 0.000e+00   scaled displacement 0.000e+00
 >riskyterm: 6  z: z_148_quad6  card: 1  vars: [('x3', 'x16')]
  j=6 h=0 var=('x3', 'x16') xyval=-2.523818363544045 coeff=2.41729784
  z=0.01 -> displacement 0.000e+00   scaled displacement 0.000e+00
 >riskyterm: 7  z: z_148_quad7  card: 1  vars: [('x4', 'x4')]
  j=7 h=0 var=('x4', 'x4') xyval=0.5910890885835367 coeff=12.60712784
  z=-0.01 -> displacement 0.000e+00   scaled displacement 0.000e+00
 >riskyterm: 8  z: z_148_quad8  card: 1  vars: [('x4', 'x5')]
  j=8 h=0 var=('x4', 'x5') xyval=1.227413715078837 coeff=2.41729784
  z=-0.01 -> displacement 0.000e+00   scaled displacement 0.000e+00
 >riskyterm: 9  z: z_148_quad9  card: 1  vars: [('x4', 'x6')]
  j=9 h=0 var=('x4', 'x6') xyval=0.0 coeff=-3.840229883
  z=-0.01 -> displacement 0.000e+00   scaled displacement 0.000e+00
 >riskyterm: 10  z: z_148_quad10  card: 1  vars: [('x4', 'x7')]
  j=10 h=0 var=('x4', 'x7') xyval=0.7688231842130782 coeff=-33.09283459
  z=0.01 -> displacement 0.000e+00   scaled displacement 0.000e+00
 >riskyterm: 11  z: z_148_quad11  card: 1  vars: [('x4', 'x8')]
  j=11 h=0 var=('x4', 'x8') xyval=2.745513623163231 coeff=-2.41729784
  z=0.01 -> displacement 0.000e+00   scaled displacement 0.000e+00
 >riskyterm: 12  z: z_148_quad12  card: 1  vars: [('x4', 'x15')]
  j=12 h=0 var=('x4', 'x15') xyval=1.2305084598940543 coeff=6.67721368
  z=-0.01 -> displacement 0.000e+00   scaled displacement 0.000e+00
 >riskyterm: 13  z: z_148_quad13  card: 1  vars: [('x4', 'x16')]
  j=13 h=0 var=('x4', 'x16') xyval=3.034381748538838 coeff=-6.67721368
  z=0.01 -> displacement 0.000e+00   scaled displacement 0.000e+00
 >riskyterm: 14  z: z_148_quad15  card: 1  vars: [('x5', 'x6')]
  j=14 h=0 var=('x5', 'x6') xyval=0.0 coeff=-9.1317749
  z=-0.01 -> displacement 0.000e+00   scaled displacement 0.000e+00
 >riskyterm: 15  z: z_148_quad16  card: 1  vars: [('x5', 'x7')]
  j=15 h=0 var=('x5', 'x7') xyval=1.5964837433136785 coeff=-2.15565364
  z=0.01 -> displacement 0.000e+00   scaled displacement 0.000e+00
 >riskyterm: 16  z: z_148_quad18  card: 1  vars: [('x6', 'x6')]
  j=16 h=0 var=('x6', 'x6') xyval=0.0 coeff=22.00903886
  z=-0.01 -> displacement 0.000e+00   scaled displacement 0.000e+00
 >riskyterm: 17  z: z_148_quad19  card: 1  vars: [('x6', 'x8')]
  j=17 h=0 var=('x6', 'x8') xyval=0.0 coeff=9.1317749
  z=-0.01 -> displacement 0.000e+00   scaled displacement 0.000e+00
 >riskyterm: 18  z: z_148_quad20  card: 1  vars: [('x6', 'x15')]
  j=18 h=0 var=('x6', 'x15') xyval=0.0 coeff=2.15565364
  z=-0.01 -> displacement 0.000e+00   scaled displacement 0.000e+00
 >riskyterm: 19  z: z_148_quad21  card: 1  vars: [('x6', 'x16')]
  j=19 h=0 var=('x6', 'x16') xyval=0.0 coeff=-2.15565364
  z=-0.01 -> displacement 0.000e+00   scaled displacement 0.000e+00
 >riskyterm: 20  z: z_148_quad22  card: 1  vars: [('x7', 'x7')]
  j=20 h=0 var=('x7', 'x7') xyval=1.0 coeff=22.00903886
  z=-0.01 -> displacement 0.000e+00   scaled displacement 0.000e+00
 >riskyterm: 21  z: z_148_quad23  card: 1  vars: [('x7', 'x8')]
  j=21 h=0 var=('x7', 'x8') xyval=3.571059873764572 coeff=2.15565364
  z=-0.01 -> displacement 0.000e+00   scaled displacement 0.000e+00
 >riskyterm: 22  z: z_148_quad24  card: 1  vars: [('x7', 'x15')]
  j=22 h=0 var=('x7', 'x15') xyval=1.6005090444216115 coeff=-9.1317749
  z=0.01 -> displacement 0.000e+00   scaled displacement 0.000e+00
 >riskyterm: 23  z: z_148_quad25  card: 1  vars: [('x7', 'x16')]
  j=23 h=0 var=('x7', 'x16') xyval=3.94678752 coeff=9.1317749
  z=-0.01 -> displacement 0.000e+00   scaled displacement 0.000e+00
 SUMMARY - feat: e163 (>)  Greedy: 0 at term:    L1norm: 0  L2norm: 0  slack: 30.3503  scale: 232.626
>feat: 149  name: e164  numrisky: 24
 >riskyterm: 0  z: z_149_quad0  card: 1  vars: [('x3', 'x3')]
  j=0 h=0 var=('x3', 'x3') xyval=0.4089109114164637 coeff=12.60712784
  z=-0.01 -> displacement 0.000e+00   scaled displacement 0.000e+00
 >riskyterm: 1  z: z_149_quad1  card: 1  vars: [('x3', 'x5')]
  j=1 h=0 var=('x3', 'x5') xyval=-1.0208897661849805 coeff=6.67721368
  z=0.01 -> displacement 0.000e+00   scaled displacement 0.000e+00
 >riskyterm: 2  z: z_149_quad2  card: 1  vars: [('x3', 'x9')]
  j=2 h=0 var=('x3', 'x9') xyval=0.6394483800859143 coeff=-11.51114752
  z=0.01 -> displacement 0.000e+00   scaled displacement 0.000e+00
 >riskyterm: 3  z: z_149_quad3  card: 1  vars: [('x3', 'x10')]
  j=3 h=0 var=('x3', 'x10') xyval=0.004084191714722727 coeff=-5.392049769
  z=0.01 -> displacement 0.000e+00   scaled displacement 0.000e+00
 >riskyterm: 4  z: z_149_quad4  card: 1  vars: [('x3', 'x11')]
  j=4 h=0 var=('x3', 'x11') xyval=-0.9832293576956092 coeff=-6.67721368
  z=-0.01 -> displacement 0.000e+00   scaled displacement 0.000e+00
 >riskyterm: 5  z: z_149_quad5  card: 1  vars: [('x3', 'x15')]
  j=5 h=0 var=('x3', 'x15') xyval=-1.0234637909591835 coeff=-2.41729784
  z=-0.01 -> displacement 0.000e+00   scaled displacement 0.000e+00
 >riskyterm: 6  z: z_149_quad6  card: 1  vars: [('x3', 'x17')]
  j=6 h=0 var=('x3', 'x17') xyval=-5.403437618519153 coeff=2.41729784
  z=0.01 -> displacement 0.000e+00   scaled displacement 0.000e+00
 >riskyterm: 7  z: z_149_quad7  card: 1  vars: [('x4', 'x4')]
  j=7 h=0 var=('x4', 'x4') xyval=0.5910890885835367 coeff=12.60712784
  z=-0.01 -> displacement 0.000e+00   scaled displacement 0.000e+00
 >riskyterm: 8  z: z_149_quad8  card: 1  vars: [('x4', 'x5')]
  j=8 h=0 var=('x4', 'x5') xyval=1.227413715078837 coeff=2.41729784
  z=-0.01 -> displacement 0.000e+00   scaled displacement 0.000e+00
 >riskyterm: 9  z: z_149_quad9  card: 1  vars: [('x4', 'x9')]
  j=9 h=0 var=('x4', 'x9') xyval=-0.7688075028270797 coeff=5.392049769
  z=0.01 -> displacement 0.000e+00   scaled displacement 0.000e+00
 >riskyterm: 10  z: z_149_quad10  card: 1  vars: [('x4', 'x10')]
  j=10 h=0 var=('x4', 'x10') xyval=-0.004910415494118781 coeff=-11.51114752
  z=-0.01 -> displacement 0.000e+00   scaled displacement 0.000e+00
 >riskyterm: 11  z: z_149_quad11  card: 1  vars: [('x4', 'x11')]
  j=11 h=0 var=('x4', 'x11') xyval=1.1821346816058438 coeff=-2.41729784
  z=0.01 -> displacement 0.000e+00   scaled displacement 0.000e+00
 >riskyterm: 12  z: z_149_quad12  card: 1  vars: [('x4', 'x15')]
  j=12 h=0 var=('x4', 'x15') xyval=1.2305084598940543 coeff=6.67721368
  z=-0.01 -> displacement 0.000e+00   scaled displacement 0.000e+00
 >riskyterm: 13  z: z_149_quad13  card: 1  vars: [('x4', 'x17')]
  j=13 h=0 var=('x4', 'x17') xyval=6.496542194097773 coeff=-6.67721368
  z=0.01 -> displacement 0.000e+00   scaled displacement 0.000e+00
 >riskyterm: 14  z: z_149_quad15  card: 1  vars: [('x5', 'x9')]
  j=14 h=0 var=('x5', 'x9') xyval=-1.5964511804587422 coeff=-2.5314331
  z=-0.01 -> displacement 0.000e+00   scaled displacement 0.000e+00
 >riskyterm: 15  z: z_149_quad16  card: 1  vars: [('x5', 'x10')]
  j=15 h=0 var=('x5', 'x10') xyval=-0.010196620848914931 coeff=-2.53149414
  z=-0.01 -> displacement 0.000e+00   scaled displacement 0.000e+00
 >riskyterm: 16  z: z_149_quad18  card: 1  vars: [('x9', 'x9')]
  j=16 h=0 var=('x9', 'x9') xyval=0.9999592071977097 coeff=3.20415403
  z=-0.01 -> displacement 0.000e+00   scaled displacement 0.000e+00
 >riskyterm: 17  z: z_149_quad19  card: 1  vars: [('x9', 'x11')]
  j=17 h=0 var=('x9', 'x11') xyval=-1.5375584326020444 coeff=2.5314331
  z=0.01 -> displacement 0.000e+00   scaled displacement 0.000e+00
 >riskyterm: 18  z: z_149_quad20  card: 1  vars: [('x9', 'x15')]
  j=18 h=0 var=('x9', 'x15') xyval=-1.6004763994641817 coeff=2.53149414
  z=0.01 -> displacement 0.000e+00   scaled displacement 0.000e+00
 >riskyterm: 19  z: z_149_quad21  card: 1  vars: [('x9', 'x17')]
  j=19 h=0 var=('x9', 'x17') xyval=-8.449809813312426 coeff=-2.53149414
  z=-0.01 -> displacement 0.000e+00   scaled displacement 0.000e+00
 >riskyterm: 20  z: z_149_quad22  card: 1  vars: [('x10', 'x10')]
  j=20 h=0 var=('x10', 'x10') xyval=4.0792802287491546e-05 coeff=3.20415403
  z=-0.01 -> displacement 0.000e+00   scaled displacement 0.000e+00
 >riskyterm: 21  z: z_149_quad23  card: 1  vars: [('x10', 'x11')]
  j=21 h=0 var=('x10', 'x11') xyval=-0.009820469653065059 coeff=2.53149414
  z=0.01 -> displacement 0.000e+00   scaled displacement 0.000e+00
 >riskyterm: 22  z: z_149_quad24  card: 1  vars: [('x10', 'x15')]
  j=22 h=0 var=('x10', 'x15') xyval=-0.010222330142462209 coeff=-2.5314331
  z=-0.01 -> displacement 0.000e+00   scaled displacement 0.000e+00
 >riskyterm: 23  z: z_149_quad25  card: 1  vars: [('x10', 'x17')]
  j=23 h=0 var=('x10', 'x17') xyval=-0.053969396600671134 coeff=2.5314331
  z=0.01 -> displacement 0.000e+00   scaled displacement 0.000e+00
 SUMMARY - feat: e164 (>)  Greedy: 0 at term:    L1norm: 0  L2norm: 0  slack: 22.3242  scale: 130.059
>feat: 150  name: e165  numrisky: 24
 >riskyterm: 0  z: z_150_quad0  card: 1  vars: [('x3', 'x3')]
  j=0 h=0 var=('x3', 'x3') xyval=0.4089109114164637 coeff=12.60712784
  z=-0.01 -> displacement 0.000e+00   scaled displacement 0.000e+00
 >riskyterm: 1  z: z_150_quad1  card: 1  vars: [('x3', 'x5')]
  j=1 h=0 var=('x3', 'x5') xyval=-1.0208897661849805 coeff=6.67721368
  z=0.01 -> displacement 0.000e+00   scaled displacement 0.000e+00
 >riskyterm: 2  z: z_150_quad2  card: 1  vars: [('x3', 'x12')]
  j=2 h=0 var=('x3', 'x12') xyval=-0.2685645879376864 coeff=5.226843526
  z=0.01 -> displacement 0.000e+00   scaled displacement 0.000e+00
 >riskyterm: 3  z: z_150_quad3  card: 1  vars: [('x3', 'x13')]
  j=3 h=0 var=('x3', 'x13') xyval=-0.5803309172552539 coeff=7.562367272
  z=0.01 -> displacement 0.000e+00   scaled displacement 0.000e+00
 >riskyterm: 4  z: z_150_quad4  card: 1  vars: [('x3', 'x14')]
  j=4 h=0 var=('x3', 'x14') xyval=-1.065060851291855 coeff=-6.67721368
  z=-0.01 -> displacement 0.000e+00   scaled displacement 0.000e+00
 >riskyterm: 5  z: z_150_quad5  card: 1  vars: [('x3', 'x15')]
  j=5 h=0 var=('x3', 'x15') xyval=-1.0234637909591835 coeff=-2.41729784
  z=-0.01 -> displacement 0.000e+00   scaled displacement 0.000e+00
 >riskyterm: 6  z: z_150_quad6  card: 1  vars: [('x3', 'x18')]
  j=6 h=0 var=('x3', 'x18') xyval=-3.585277467677394 coeff=2.41729784
  z=0.01 -> displacement 0.000e+00   scaled displacement 0.000e+00
 >riskyterm: 7  z: z_150_quad7  card: 1  vars: [('x4', 'x4')]
  j=7 h=0 var=('x4', 'x4') xyval=0.5910890885835367 coeff=12.60712784
  z=-0.01 -> displacement 0.000e+00   scaled displacement 0.000e+00
 >riskyterm: 8  z: z_150_quad8  card: 1  vars: [('x4', 'x5')]
  j=8 h=0 var=('x4', 'x5') xyval=1.227413715078837 coeff=2.41729784
  z=-0.01 -> displacement 0.000e+00   scaled displacement 0.000e+00
 >riskyterm: 9  z: z_150_quad9  card: 1  vars: [('x4', 'x12')]
  j=9 h=0 var=('x4', 'x12') xyval=0.32289466457388644 coeff=-7.562367272
  z=0.01 -> displacement 0.000e+00   scaled displacement 0.000e+00
 >riskyterm: 10  z: z_150_quad10  card: 1  vars: [('x4', 'x13')]
  j=10 h=0 var=('x4', 'x13') xyval=0.6977306960233683 coeff=5.226843526
  z=-0.01 -> displacement 0.000e+00   scaled displacement 0.000e+00
 >riskyterm: 11  z: z_150_quad11  card: 1  vars: [('x4', 'x14')]
  j=11 h=0 var=('x4', 'x14') xyval=1.2805205219701388 coeff=-2.41729784
  z=0.01 -> displacement 0.000e+00   scaled displacement 0.000e+00
 >riskyterm: 12  z: z_150_quad12  card: 1  vars: [('x4', 'x15')]
  j=12 h=0 var=('x4', 'x15') xyval=1.2305084598940543 coeff=6.67721368
  z=-0.01 -> displacement 0.000e+00   scaled displacement 0.000e+00
 >riskyterm: 13  z: z_150_quad13  card: 1  vars: [('x4', 'x18')]
  j=13 h=0 var=('x4', 'x18') xyval=4.3105718971356435 coeff=-6.67721368
  z=0.01 -> displacement 0.000e+00   scaled displacement 0.000e+00
 >riskyterm: 14  z: z_150_quad15  card: 1  vars: [('x5', 'x12')]
  j=14 h=0 var=('x5', 'x12') xyval=0.6705001792090389 coeff=0.65916112
  z=-0.01 -> displacement 0.000e+00   scaled displacement 0.000e+00
 >riskyterm: 15  z: z_150_quad16  card: 1  vars: [('x5', 'x13')]
  j=15 h=0 var=('x5', 'x13') xyval=1.448858120157216 coeff=2.50375742
  z=-0.01 -> displacement 0.000e+00   scaled displacement 0.000e+00
 >riskyterm: 16  z: z_150_quad18  card: 1  vars: [('x12', 'x12')]
  j=16 h=0 var=('x12', 'x12') xyval=0.17638790230442186 coeff=1.67582365
  z=-0.01 -> displacement 0.000e+00   scaled displacement 0.000e+00
 >riskyterm: 17  z: z_150_quad19  card: 1  vars: [('x12', 'x14')]
  j=17 h=0 var=('x12', 'x14') xyval=0.6995108730772841 coeff=-0.65916112
  z=0.01 -> displacement 0.000e+00   scaled displacement 0.000e+00
 >riskyterm: 18  z: z_150_quad20  card: 1  vars: [('x12', 'x15')]
  j=18 h=0 var=('x12', 'x15') xyval=0.6721907477009156 coeff=-2.50375742
  z=0.01 -> displacement 0.000e+00   scaled displacement 0.000e+00
 >riskyterm: 19  z: z_150_quad21  card: 1  vars: [('x12', 'x18')]
  j=19 h=0 var=('x12', 'x18') xyval=2.3547392325962853 coeff=2.50375742
  z=-0.01 -> displacement 0.000e+00   scaled displacement 0.000e+00
 >riskyterm: 20  z: z_150_quad22  card: 1  vars: [('x13', 'x13')]
  j=20 h=0 var=('x13', 'x13') xyval=0.823612097695578 coeff=1.67582365
  z=-0.01 -> displacement 0.000e+00   scaled displacement 0.000e+00
 >riskyterm: 21  z: z_150_quad23  card: 1  vars: [('x13', 'x14')]
  j=21 h=0 var=('x13', 'x14') xyval=1.511546215829295 coeff=-2.50375742
  z=0.01 -> displacement 0.000e+00   scaled displacement 0.000e+00
 >riskyterm: 22  z: z_150_quad24  card: 1  vars: [('x13', 'x15')]
  j=22 h=0 var=('x13', 'x15') xyval=1.4525112047694033 coeff=0.65916112
  z=-0.01 -> displacement 0.000e+00   scaled displacement 0.000e+00
 >riskyterm: 23  z: z_150_quad25  card: 1  vars: [('x13', 'x18')]
  j=23 h=0 var=('x13', 'x18') xyval=5.088265691479037 coeff=-0.65916112
  z=0.01 -> displacement 0.000e+00   scaled displacement 0.000e+00
 SUMMARY - feat: e165 (>)  Greedy: 0 at term:    L1norm: 0  L2norm: 0  slack: 0.398876  scale: 111.174
>feat: 151  name: e166  numrisky: 10
 >riskyterm: 0  z: z_151_quad0  card: 1  vars: [('x6', 'x6')]
  j=0 h=0 var=('x6', 'x6') xyval=0.0 coeff=14.28570506
  z=-0.01 -> displacement 0.000e+00   scaled displacement 0.000e+00
 >riskyterm: 1  z: z_151_quad1  card: 1  vars: [('x6', 'x8')]
  j=1 h=0 var=('x6', 'x8') xyval=0.0 coeff=7.357076
  z=-0.01 -> displacement 0.000e+00   scaled displacement 0.000e+00
 >riskyterm: 2  z: z_151_quad2  card: 1  vars: [('x6', 'x11')]
  j=2 h=0 var=('x6', 'x11') xyval=0.0 coeff=-7.357076
  z=-0.01 -> displacement 0.000e+00   scaled displacement 0.000e+00
 >riskyterm: 3  z: z_151_quad3  card: 1  vars: [('x6', 'x16')]
  j=3 h=0 var=('x6', 'x16') xyval=0.0 coeff=-1.7367363
  z=-0.01 -> displacement 0.000e+00   scaled displacement 0.000e+00
 >riskyterm: 4  z: z_151_quad4  card: 1  vars: [('x6', 'x17')]
  j=4 h=0 var=('x6', 'x17') xyval=0.0 coeff=1.7367363
  z=-0.01 -> displacement 0.000e+00   scaled displacement 0.000e+00
 >riskyterm: 5  z: z_151_quad5  card: 1  vars: [('x7', 'x7')]
  j=5 h=0 var=('x7', 'x7') xyval=1.0 coeff=14.28570506
  z=-0.01 -> displacement 0.000e+00   scaled displacement 0.000e+00
 >riskyterm: 6  z: z_151_quad6  card: 1  vars: [('x7', 'x8')]
  j=6 h=0 var=('x7', 'x8') xyval=3.571059873764572 coeff=1.7367363
  z=-0.01 -> displacement 0.000e+00   scaled displacement 0.000e+00
 >riskyterm: 7  z: z_151_quad7  card: 1  vars: [('x7', 'x11')]
  j=7 h=0 var=('x7', 'x11') xyval=1.5375897942201193 coeff=-1.7367363
  z=0.01 -> displacement 0.000e+00   scaled displacement 0.000e+00
 >riskyterm: 8  z: z_151_quad8  card: 1  vars: [('x7', 'x16')]
  j=8 h=0 var=('x7', 'x16') xyval=3.94678752 coeff=7.357076
  z=-0.01 -> displacement 0.000e+00   scaled displacement 0.000e+00
 >riskyterm: 9  z: z_151_quad9  card: 1  vars: [('x7', 'x17')]
  j=9 h=0 var=('x7', 'x17') xyval=8.449982164296006 coeff=-7.357076
  z=0.01 -> displacement 0.000e+00   scaled displacement 0.000e+00
 SUMMARY - feat: e166 (>)  Greedy: 0 at term:    L1norm: 0  L2norm: 0  slack: 4.7392  scale: 72.9467
>feat: 152  name: e167  numrisky: 10
 >riskyterm: 0  z: z_152_quad0  card: 1  vars: [('x6', 'x6')]
  j=0 h=0 var=('x6', 'x6') xyval=0.0 coeff=14.28570506
  z=-0.01 -> displacement 0.000e+00   scaled displacement 0.000e+00
 >riskyterm: 1  z: z_152_quad1  card: 1  vars: [('x6', 'x8')]
  j=1 h=0 var=('x6', 'x8') xyval=0.0 coeff=7.357076
  z=-0.01 -> displacement 0.000e+00   scaled displacement 0.000e+00
 >riskyterm: 2  z: z_152_quad2  card: 1  vars: [('x6', 'x14')]
  j=2 h=0 var=('x6', 'x14') xyval=0.0 coeff=-7.357076
  z=-0.01 -> displacement 0.000e+00   scaled displacement 0.000e+00
 >riskyterm: 3  z: z_152_quad3  card: 1  vars: [('x6', 'x16')]
  j=3 h=0 var=('x6', 'x16') xyval=0.0 coeff=-1.7367363
  z=-0.01 -> displacement 0.000e+00   scaled displacement 0.000e+00
 >riskyterm: 4  z: z_152_quad4  card: 1  vars: [('x6', 'x18')]
  j=4 h=0 var=('x6', 'x18') xyval=0.0 coeff=1.7367363
  z=-0.01 -> displacement 0.000e+00   scaled displacement 0.000e+00
 >riskyterm: 5  z: z_152_quad5  card: 1  vars: [('x7', 'x7')]
  j=5 h=0 var=('x7', 'x7') xyval=1.0 coeff=14.28570506
  z=-0.01 -> displacement 0.000e+00   scaled displacement 0.000e+00
 >riskyterm: 6  z: z_152_quad6  card: 1  vars: [('x7', 'x8')]
  j=6 h=0 var=('x7', 'x8') xyval=3.571059873764572 coeff=1.7367363
  z=-0.01 -> displacement 0.000e+00   scaled displacement 0.000e+00
 >riskyterm: 7  z: z_152_quad7  card: 1  vars: [('x7', 'x14')]
  j=7 h=0 var=('x7', 'x14') xyval=1.66555919262607 coeff=-1.7367363
  z=0.01 -> displacement 0.000e+00   scaled displacement 0.000e+00
 >riskyterm: 8  z: z_152_quad8  card: 1  vars: [('x7', 'x16')]
  j=8 h=0 var=('x7', 'x16') xyval=3.94678752 coeff=7.357076
  z=-0.01 -> displacement 0.000e+00   scaled displacement 0.000e+00
 >riskyterm: 9  z: z_152_quad9  card: 1  vars: [('x7', 'x18')]
  j=9 h=0 var=('x7', 'x18') xyval=5.606714242817338 coeff=-7.357076
  z=0.01 -> displacement 0.000e+00   scaled displacement 0.000e+00
 SUMMARY - feat: e167 (>)  Greedy: 0 at term:    L1norm: 0  L2norm: 0  slack: 9.17802  scale: 72.9467
>feat: 153  name: e168  numrisky: 24
 >riskyterm: 0  z: z_153_quad0  card: 1  vars: [('x6', 'x6')]
  j=0 h=0 var=('x6', 'x6') xyval=0.0 coeff=14.28570506
  z=-0.01 -> displacement 0.000e+00   scaled displacement 0.000e+00
 >riskyterm: 1  z: z_153_quad1  card: 1  vars: [('x6', 'x8')]
  j=1 h=0 var=('x6', 'x8') xyval=0.0 coeff=7.357076
  z=-0.01 -> displacement 0.000e+00   scaled displacement 0.000e+00
 >riskyterm: 2  z: z_153_quad2  card: 1  vars: [('x6', 'x9')]
  j=2 h=0 var=('x6', 'x9') xyval=-0.0 coeff=14.87075235
  z=-0.01 -> displacement 0.000e+00   scaled displacement 0.000e+00
 >riskyterm: 3  z: z_153_quad3  card: 1  vars: [('x6', 'x10')]
  j=3 h=0 var=('x6', 'x10') xyval=-0.0 coeff=-9.250400664
  z=-0.01 -> displacement 0.000e+00   scaled displacement 0.000e+00
 >riskyterm: 4  z: z_153_quad4  card: 1  vars: [('x6', 'x11')]
  j=4 h=0 var=('x6', 'x11') xyval=0.0 coeff=-7.357076
  z=-0.01 -> displacement 0.000e+00   scaled displacement 0.000e+00
 >riskyterm: 5  z: z_153_quad5  card: 1  vars: [('x6', 'x16')]
  j=5 h=0 var=('x6', 'x16') xyval=0.0 coeff=-1.7367363
  z=-0.01 -> displacement 0.000e+00   scaled displacement 0.000e+00
 >riskyterm: 6  z: z_153_quad6  card: 1  vars: [('x6', 'x17')]
  j=6 h=0 var=('x6', 'x17') xyval=0.0 coeff=1.7367363
  z=-0.01 -> displacement 0.000e+00   scaled displacement 0.000e+00
 >riskyterm: 7  z: z_153_quad7  card: 1  vars: [('x7', 'x7')]
  j=7 h=0 var=('x7', 'x7') xyval=1.0 coeff=14.28570506
  z=-0.01 -> displacement 0.000e+00   scaled displacement 0.000e+00
 >riskyterm: 8  z: z_153_quad8  card: 1  vars: [('x7', 'x8')]
  j=8 h=0 var=('x7', 'x8') xyval=3.571059873764572 coeff=1.7367363
  z=-0.01 -> displacement 0.000e+00   scaled displacement 0.000e+00
 >riskyterm: 9  z: z_153_quad9  card: 1  vars: [('x7', 'x9')]
  j=9 h=0 var=('x7', 'x9') xyval=-0.999979603390844 coeff=9.250400664
  z=0.01 -> displacement 0.000e+00   scaled displacement 0.000e+00
 >riskyterm: 10  z: z_153_quad10  card: 1  vars: [('x7', 'x10')]
  j=10 h=0 var=('x7', 'x10') xyval=-0.006386924321415711 coeff=14.87075235
  z=0.01 -> displacement 0.000e+00   scaled displacement 0.000e+00
 >riskyterm: 11  z: z_153_quad11  card: 1  vars: [('x7', 'x11')]
  j=11 h=0 var=('x7', 'x11') xyval=1.5375897942201193 coeff=-1.7367363
  z=0.01 -> displacement 0.000e+00   scaled displacement 0.000e+00
 >riskyterm: 12  z: z_153_quad12  card: 1  vars: [('x7', 'x16')]
  j=12 h=0 var=('x7', 'x16') xyval=3.94678752 coeff=7.357076
  z=-0.01 -> displacement 0.000e+00   scaled displacement 0.000e+00
 >riskyterm: 13  z: z_153_quad13  card: 1  vars: [('x7', 'x17')]
  j=13 h=0 var=('x7', 'x17') xyval=8.449982164296006 coeff=-7.357076
  z=0.01 -> displacement 0.000e+00   scaled displacement 0.000e+00
 >riskyterm: 14  z: z_153_quad15  card: 1  vars: [('x8', 'x9')]
  j=14 h=0 var=('x8', 'x9') xyval=-3.570987036252054 coeff=4.3914795
  z=0.01 -> displacement 0.000e+00   scaled displacement 0.000e+00
 >riskyterm: 15  z: z_153_quad16  card: 1  vars: [('x8', 'x10')]
  j=15 h=0 var=('x8', 'x10') xyval=-0.022808089160978665 coeff=-1.47802734
  z=-0.01 -> displacement 0.000e+00   scaled displacement 0.000e+00
 >riskyterm: 16  z: z_153_quad18  card: 1  vars: [('x9', 'x9')]
  j=16 h=0 var=('x9', 'x9') xyval=0.9999592071977097 coeff=5.367414254
  z=-0.01 -> displacement 0.000e+00   scaled displacement 0.000e+00
 >riskyterm: 17  z: z_153_quad19  card: 1  vars: [('x9', 'x11')]
  j=17 h=0 var=('x9', 'x11') xyval=-1.5375584326020444 coeff=-4.3914795
  z=-0.01 -> displacement 0.000e+00   scaled displacement 0.000e+00
 >riskyterm: 18  z: z_153_quad20  card: 1  vars: [('x9', 'x16')]
  j=18 h=0 var=('x9', 'x16') xyval=-3.946707018917533 coeff=1.47802734
  z=0.01 -> displacement 0.000e+00   scaled displacement 0.000e+00
 >riskyterm: 19  z: z_153_quad21  card: 1  vars: [('x9', 'x17')]
  j=19 h=0 var=('x9', 'x17') xyval=-8.449809813312426 coeff=-1.47802734
  z=-0.01 -> displacement 0.000e+00   scaled displacement 0.000e+00
 >riskyterm: 20  z: z_153_quad22  card: 1  vars: [('x10', 'x10')]
  j=20 h=0 var=('x10', 'x10') xyval=4.0792802287491546e-05 coeff=5.367414254
  z=-0.01 -> displacement 0.000e+00   scaled displacement 0.000e+00
 >riskyterm: 21  z: z_153_quad23  card: 1  vars: [('x10', 'x11')]
  j=21 h=0 var=('x10', 'x11') xyval=-0.009820469653065059 coeff=1.47802734
  z=0.01 -> displacement 0.000e+00   scaled displacement 0.000e+00
 >riskyterm: 22  z: z_153_quad24  card: 1  vars: [('x10', 'x16')]
  j=22 h=0 var=('x10', 'x16') xyval=-0.025207833202947998 coeff=4.3914795
  z=0.01 -> displacement 0.000e+00   scaled displacement 0.000e+00
 >riskyterm: 23  z: z_153_quad25  card: 1  vars: [('x10', 'x17')]
  j=23 h=0 var=('x10', 'x17') xyval=-0.053969396600671134 coeff=-4.3914795
  z=-0.01 -> displacement 0.000e+00   scaled displacement 0.000e+00
 SUMMARY - feat: e168 (>)  Greedy: 0 at term:    L1norm: 0  L2norm: 0  slack: 1.17345  scale: 155.402
>feat: 154  name: e169  numrisky: 24
 >riskyterm: 0  z: z_154_quad0  card: 1  vars: [('x6', 'x6')]
  j=0 h=0 var=('x6', 'x6') xyval=0.0 coeff=14.28570506
  z=-0.01 -> displacement 0.000e+00   scaled displacement 0.000e+00
 >riskyterm: 1  z: z_154_quad1  card: 1  vars: [('x6', 'x8')]
  j=1 h=0 var=('x6', 'x8') xyval=0.0 coeff=7.357076
  z=-0.01 -> displacement 0.000e+00   scaled displacement 0.000e+00
 >riskyterm: 2  z: z_154_quad2  card: 1  vars: [('x6', 'x12')]
  j=2 h=0 var=('x6', 'x12') xyval=0.0 coeff=-12.00287413
  z=-0.01 -> displacement 0.000e+00   scaled displacement 0.000e+00
 >riskyterm: 3  z: z_154_quad3  card: 1  vars: [('x6', 'x13')]
  j=3 h=0 var=('x6', 'x13') xyval=0.0 coeff=-1.082235764
  z=-0.01 -> displacement 0.000e+00   scaled displacement 0.000e+00
 >riskyterm: 4  z: z_154_quad4  card: 1  vars: [('x6', 'x14')]
  j=4 h=0 var=('x6', 'x14') xyval=0.0 coeff=-7.357076
  z=-0.01 -> displacement 0.000e+00   scaled displacement 0.000e+00
 >riskyterm: 5  z: z_154_quad5  card: 1  vars: [('x6', 'x16')]
  j=5 h=0 var=('x6', 'x16') xyval=0.0 coeff=-1.7367363
  z=-0.01 -> displacement 0.000e+00   scaled displacement 0.000e+00
 >riskyterm: 6  z: z_154_quad6  card: 1  vars: [('x6', 'x18')]
  j=6 h=0 var=('x6', 'x18') xyval=0.0 coeff=1.7367363
  z=-0.01 -> displacement 0.000e+00   scaled displacement 0.000e+00
 >riskyterm: 7  z: z_154_quad7  card: 1  vars: [('x7', 'x7')]
  j=7 h=0 var=('x7', 'x7') xyval=1.0 coeff=14.28570506
  z=-0.01 -> displacement 0.000e+00   scaled displacement 0.000e+00
 >riskyterm: 8  z: z_154_quad8  card: 1  vars: [('x7', 'x8')]
  j=8 h=0 var=('x7', 'x8') xyval=3.571059873764572 coeff=1.7367363
  z=-0.01 -> displacement 0.000e+00   scaled displacement 0.000e+00
 >riskyterm: 9  z: z_154_quad9  card: 1  vars: [('x7', 'x12')]
  j=9 h=0 var=('x7', 'x12') xyval=0.41998559773451977 coeff=1.082235764
  z=-0.01 -> displacement 0.000e+00   scaled displacement 0.000e+00
 >riskyterm: 10  z: z_154_quad10  card: 1  vars: [('x7', 'x13')]
  j=10 h=0 var=('x7', 'x13') xyval=0.9075307695585743 coeff=-12.00287413
  z=0.01 -> displacement 0.000e+00   scaled displacement 0.000e+00
 >riskyterm: 11  z: z_154_quad11  card: 1  vars: [('x7', 'x14')]
  j=11 h=0 var=('x7', 'x14') xyval=1.66555919262607 coeff=-1.7367363
  z=0.01 -> displacement 0.000e+00   scaled displacement 0.000e+00
 >riskyterm: 12  z: z_154_quad12  card: 1  vars: [('x7', 'x16')]
  j=12 h=0 var=('x7', 'x16') xyval=3.94678752 coeff=7.357076
  z=-0.01 -> displacement 0.000e+00   scaled displacement 0.000e+00
 >riskyterm: 13  z: z_154_quad13  card: 1  vars: [('x7', 'x18')]
  j=13 h=0 var=('x7', 'x18') xyval=5.606714242817338 coeff=-7.357076
  z=0.01 -> displacement 0.000e+00   scaled displacement 0.000e+00
 >riskyterm: 14  z: z_154_quad15  card: 1  vars: [('x8', 'x12')]
  j=14 h=0 var=('x8', 'x12') xyval=1.4997937156287724 coeff=-3.02492942
  z=0.01 -> displacement 0.000e+00   scaled displacement 0.000e+00
 >riskyterm: 15  z: z_154_quad16  card: 1  vars: [('x8', 'x13')]
  j=15 h=0 var=('x8', 'x13') xyval=3.240846715377307 coeff=-1.00827778
  z=0.01 -> displacement 0.000e+00   scaled displacement 0.000e+00
 >riskyterm: 16  z: z_154_quad18  card: 1  vars: [('x12', 'x12')]
  j=16 h=0 var=('x12', 'x12') xyval=0.17638790230442186 coeff=2.541705519
  z=-0.01 -> displacement 0.000e+00   scaled displacement 0.000e+00
 >riskyterm: 17  z: z_154_quad19  card: 1  vars: [('x12', 'x14')]
  j=17 h=0 var=('x12', 'x14') xyval=0.6995108730772841 coeff=3.02492942
  z=-0.01 -> displacement 0.000e+00   scaled displacement 0.000e+00
 >riskyterm: 18  z: z_154_quad20  card: 1  vars: [('x12', 'x16')]
  j=18 h=0 var=('x12', 'x16') xyval=1.6575939157183428 coeff=1.00827778
  z=-0.01 -> displacement 0.000e+00   scaled displacement 0.000e+00
 >riskyterm: 19  z: z_154_quad21  card: 1  vars: [('x12', 'x18')]
  j=19 h=0 var=('x12', 'x18') xyval=2.3547392325962853 coeff=-1.00827778
  z=0.01 -> displacement 0.000e+00   scaled displacement 0.000e+00
 >riskyterm: 20  z: z_154_quad22  card: 1  vars: [('x13', 'x13')]
  j=20 h=0 var=('x13', 'x13') xyval=0.823612097695578 coeff=2.541705519
  z=-0.01 -> displacement 0.000e+00   scaled displacement 0.000e+00
 >riskyterm: 21  z: z_154_quad23  card: 1  vars: [('x13', 'x14')]
  j=21 h=0 var=('x13', 'x14') xyval=1.511546215829295 coeff=1.00827778
  z=-0.01 -> displacement 0.000e+00   scaled displacement 0.000e+00
 >riskyterm: 22  z: z_154_quad24  card: 1  vars: [('x13', 'x16')]
  j=22 h=0 var=('x13', 'x16') xyval=3.5818311153097766 coeff=-3.02492942
  z=0.01 -> displacement 0.000e+00   scaled displacement 0.000e+00
 >riskyterm: 23  z: z_154_quad25  card: 1  vars: [('x13', 'x18')]
  j=23 h=0 var=('x13', 'x18') xyval=5.088265691479037 coeff=3.02492942
  z=-0.01 -> displacement 0.000e+00   scaled displacement 0.000e+00
 SUMMARY - feat: e169 (>)  Greedy: 0 at term:    L1norm: 0  L2norm: 0  slack: 2.33966  scale: 120.333
>feat: 155  name: e170  numrisky: 24
 >riskyterm: 0  z: z_155_quad0  card: 1  vars: [('x6', 'x6')]
  j=0 h=0 var=('x6', 'x6') xyval=0.0 coeff=14.28570506
  z=-0.01 -> displacement 0.000e+00   scaled displacement 0.000e+00
 >riskyterm: 1  z: z_155_quad1  card: 1  vars: [('x6', 'x8')]
  j=1 h=0 var=('x6', 'x8') xyval=0.0 coeff=7.357076
  z=-0.01 -> displacement 0.000e+00   scaled displacement 0.000e+00
 >riskyterm: 2  z: z_155_quad2  card: 1  vars: [('x6', 'x9')]
  j=2 h=0 var=('x6', 'x9') xyval=-0.0 coeff=-4.787824921
  z=-0.01 -> displacement 0.000e+00   scaled displacement 0.000e+00
 >riskyterm: 3  z: z_155_quad3  card: 1  vars: [('x6', 'x10')]
  j=3 h=0 var=('x6', 'x10') xyval=-0.0 coeff=14.36292177
  z=-0.01 -> displacement 0.000e+00   scaled displacement 0.000e+00
 >riskyterm: 4  z: z_155_quad4  card: 1  vars: [('x6', 'x11')]
  j=4 h=0 var=('x6', 'x11') xyval=0.0 coeff=-7.357076
  z=-0.01 -> displacement 0.000e+00   scaled displacement 0.000e+00
 >riskyterm: 5  z: z_155_quad5  card: 1  vars: [('x6', 'x16')]
  j=5 h=0 var=('x6', 'x16') xyval=0.0 coeff=-1.7367363
  z=-0.01 -> displacement 0.000e+00   scaled displacement 0.000e+00
 >riskyterm: 6  z: z_155_quad6  card: 1  vars: [('x6', 'x17')]
  j=6 h=0 var=('x6', 'x17') xyval=0.0 coeff=1.7367363
  z=-0.01 -> displacement 0.000e+00   scaled displacement 0.000e+00
 >riskyterm: 7  z: z_155_quad7  card: 1  vars: [('x7', 'x7')]
  j=7 h=0 var=('x7', 'x7') xyval=1.0 coeff=14.28570506
  z=-0.01 -> displacement 0.000e+00   scaled displacement 0.000e+00
 >riskyterm: 8  z: z_155_quad8  card: 1  vars: [('x7', 'x8')]
  j=8 h=0 var=('x7', 'x8') xyval=3.571059873764572 coeff=1.7367363
  z=-0.01 -> displacement 0.000e+00   scaled displacement 0.000e+00
 >riskyterm: 9  z: z_155_quad9  card: 1  vars: [('x7', 'x9')]
  j=9 h=0 var=('x7', 'x9') xyval=-0.999979603390844 coeff=-14.36292177
  z=-0.01 -> displacement 0.000e+00   scaled displacement 0.000e+00
 >riskyterm: 10  z: z_155_quad10  card: 1  vars: [('x7', 'x10')]
  j=10 h=0 var=('x7', 'x10') xyval=-0.006386924321415711 coeff=-4.787824921
  z=-0.01 -> displacement 0.000e+00   scaled displacement 0.000e+00
 >riskyterm: 11  z: z_155_quad11  card: 1  vars: [('x7', 'x11')]
  j=11 h=0 var=('x7', 'x11') xyval=1.5375897942201193 coeff=-1.7367363
  z=0.01 -> displacement 0.000e+00   scaled displacement 0.000e+00
 >riskyterm: 12  z: z_155_quad12  card: 1  vars: [('x7', 'x16')]
  j=12 h=0 var=('x7', 'x16') xyval=3.94678752 coeff=7.357076
  z=-0.01 -> displacement 0.000e+00   scaled displacement 0.000e+00
 >riskyterm: 13  z: z_155_quad13  card: 1  vars: [('x7', 'x17')]
  j=13 h=0 var=('x7', 'x17') xyval=8.449982164296006 coeff=-7.357076
  z=0.01 -> displacement 0.000e+00   scaled displacement 0.000e+00
 >riskyterm: 14  z: z_155_quad15  card: 1  vars: [('x8', 'x9')]
  j=14 h=0 var=('x8', 'x9') xyval=-3.570987036252054 coeff=-2.10591634
  z=-0.01 -> displacement 0.000e+00   scaled displacement 0.000e+00
 >riskyterm: 15  z: z_155_quad16  card: 1  vars: [('x8', 'x10')]
  j=15 h=0 var=('x8', 'x10') xyval=-0.022808089160978665 coeff=3.40738932
  z=0.01 -> displacement 0.000e+00   scaled displacement 0.000e+00
 >riskyterm: 16  z: z_155_quad18  card: 1  vars: [('x9', 'x9')]
  j=16 h=0 var=('x9', 'x9') xyval=0.9999592071977097 coeff=4.011296402
  z=-0.01 -> displacement 0.000e+00   scaled displacement 0.000e+00
 >riskyterm: 17  z: z_155_quad19  card: 1  vars: [('x9', 'x11')]
  j=17 h=0 var=('x9', 'x11') xyval=-1.5375584326020444 coeff=2.10591634
  z=0.01 -> displacement 0.000e+00   scaled displacement 0.000e+00
 >riskyterm: 18  z: z_155_quad20  card: 1  vars: [('x9', 'x16')]
  j=18 h=0 var=('x9', 'x16') xyval=-3.946707018917533 coeff=-3.40738932
  z=-0.01 -> displacement 0.000e+00   scaled displacement 0.000e+00
 >riskyterm: 19  z: z_155_quad21  card: 1  vars: [('x9', 'x17')]
  j=19 h=0 var=('x9', 'x17') xyval=-8.449809813312426 coeff=3.40738932
  z=0.01 -> displacement 0.000e+00   scaled displacement 0.000e+00
 >riskyterm: 20  z: z_155_quad22  card: 1  vars: [('x10', 'x10')]
  j=20 h=0 var=('x10', 'x10') xyval=4.0792802287491546e-05 coeff=4.011296402
  z=-0.01 -> displacement 0.000e+00   scaled displacement 0.000e+00
 >riskyterm: 21  z: z_155_quad23  card: 1  vars: [('x10', 'x11')]
  j=21 h=0 var=('x10', 'x11') xyval=-0.009820469653065059 coeff=-3.40738932
  z=-0.01 -> displacement 0.000e+00   scaled displacement 0.000e+00
 >riskyterm: 22  z: z_155_quad24  card: 1  vars: [('x10', 'x16')]
  j=22 h=0 var=('x10', 'x16') xyval=-0.025207833202947998 coeff=-2.10591634
  z=-0.01 -> displacement 0.000e+00   scaled displacement 0.000e+00
 >riskyterm: 23  z: z_155_quad25  card: 1  vars: [('x10', 'x17')]
  j=23 h=0 var=('x10', 'x17') xyval=-0.053969396600671134 coeff=2.10591634
  z=0.01 -> displacement 0.000e+00   scaled displacement 0.000e+00
 SUMMARY - feat: e170 (>)  Greedy: 0 at term:    L1norm: 0  L2norm: 0  slack: 15.2666  scale: 141.324
>feat: 156  name: e171  numrisky: 24
 >riskyterm: 0  z: z_156_quad0  card: 1  vars: [('x6', 'x6')]
  j=0 h=0 var=('x6', 'x6') xyval=0.0 coeff=14.28570506
  z=-0.01 -> displacement 0.000e+00   scaled displacement 0.000e+00
 >riskyterm: 1  z: z_156_quad1  card: 1  vars: [('x6', 'x8')]
  j=1 h=0 var=('x6', 'x8') xyval=0.0 coeff=7.357076
  z=-0.01 -> displacement 0.000e+00   scaled displacement 0.000e+00
 >riskyterm: 2  z: z_156_quad2  card: 1  vars: [('x6', 'x12')]
  j=2 h=0 var=('x6', 'x12') xyval=0.0 coeff=7.059883882
  z=-0.01 -> displacement 0.000e+00   scaled displacement 0.000e+00
 >riskyterm: 3  z: z_156_quad3  card: 1  vars: [('x6', 'x13')]
  j=3 h=0 var=('x6', 'x13') xyval=0.0 coeff=-7.431385524
  z=-0.01 -> displacement 0.000e+00   scaled displacement 0.000e+00
 >riskyterm: 4  z: z_156_quad4  card: 1  vars: [('x6', 'x14')]
  j=4 h=0 var=('x6', 'x14') xyval=0.0 coeff=-7.357076
  z=-0.01 -> displacement 0.000e+00   scaled displacement 0.000e+00
 >riskyterm: 5  z: z_156_quad5  card: 1  vars: [('x6', 'x16')]
  j=5 h=0 var=('x6', 'x16') xyval=0.0 coeff=-1.7367363
  z=-0.01 -> displacement 0.000e+00   scaled displacement 0.000e+00
 >riskyterm: 6  z: z_156_quad6  card: 1  vars: [('x6', 'x18')]
  j=6 h=0 var=('x6', 'x18') xyval=0.0 coeff=1.7367363
  z=-0.01 -> displacement 0.000e+00   scaled displacement 0.000e+00
 >riskyterm: 7  z: z_156_quad7  card: 1  vars: [('x7', 'x7')]
  j=7 h=0 var=('x7', 'x7') xyval=1.0 coeff=14.28570506
  z=-0.01 -> displacement 0.000e+00   scaled displacement 0.000e+00
 >riskyterm: 8  z: z_156_quad8  card: 1  vars: [('x7', 'x8')]
  j=8 h=0 var=('x7', 'x8') xyval=3.571059873764572 coeff=1.7367363
  z=-0.01 -> displacement 0.000e+00   scaled displacement 0.000e+00
 >riskyterm: 9  z: z_156_quad9  card: 1  vars: [('x7', 'x12')]
  j=9 h=0 var=('x7', 'x12') xyval=0.41998559773451977 coeff=7.431385524
  z=-0.01 -> displacement 0.000e+00   scaled displacement 0.000e+00
 >riskyterm: 10  z: z_156_quad10  card: 1  vars: [('x7', 'x13')]
  j=10 h=0 var=('x7', 'x13') xyval=0.9075307695585743 coeff=7.059883882
  z=-0.01 -> displacement 0.000e+00   scaled displacement 0.000e+00
 >riskyterm: 11  z: z_156_quad11  card: 1  vars: [('x7', 'x14')]
  j=11 h=0 var=('x7', 'x14') xyval=1.66555919262607 coeff=-1.7367363
  z=0.01 -> displacement 0.000e+00   scaled displacement 0.000e+00
 >riskyterm: 12  z: z_156_quad12  card: 1  vars: [('x7', 'x16')]
  j=12 h=0 var=('x7', 'x16') xyval=3.94678752 coeff=7.357076
  z=-0.01 -> displacement 0.000e+00   scaled displacement 0.000e+00
 >riskyterm: 13  z: z_156_quad13  card: 1  vars: [('x7', 'x18')]
  j=13 h=0 var=('x7', 'x18') xyval=5.606714242817338 coeff=-7.357076
  z=0.01 -> displacement 0.000e+00   scaled displacement 0.000e+00
 >riskyterm: 14  z: z_156_quad15  card: 1  vars: [('x8', 'x12')]
  j=14 h=0 var=('x8', 'x12') xyval=1.4997937156287724 coeff=2.26962754
  z=-0.01 -> displacement 0.000e+00   scaled displacement 0.000e+00
 >riskyterm: 15  z: z_156_quad16  card: 1  vars: [('x8', 'x13')]
  j=15 h=0 var=('x8', 'x13') xyval=3.240846715377307 coeff=-1.48442486
  z=0.01 -> displacement 0.000e+00   scaled displacement 0.000e+00
 >riskyterm: 16  z: z_156_quad18  card: 1  vars: [('x12', 'x12')]
  j=16 h=0 var=('x12', 'x12') xyval=0.17638790230442186 coeff=1.838681584
  z=-0.01 -> displacement 0.000e+00   scaled displacement 0.000e+00
 >riskyterm: 17  z: z_156_quad19  card: 1  vars: [('x12', 'x14')]
  j=17 h=0 var=('x12', 'x14') xyval=0.6995108730772841 coeff=-2.26962754
  z=0.01 -> displacement 0.000e+00   scaled displacement 0.000e+00
 >riskyterm: 18  z: z_156_quad20  card: 1  vars: [('x12', 'x16')]
  j=18 h=0 var=('x12', 'x16') xyval=1.6575939157183428 coeff=1.48442486
  z=-0.01 -> displacement 0.000e+00   scaled displacement 0.000e+00
 >riskyterm: 19  z: z_156_quad21  card: 1  vars: [('x12', 'x18')]
  j=19 h=0 var=('x12', 'x18') xyval=2.3547392325962853 coeff=-1.48442486
  z=0.01 -> displacement 0.000e+00   scaled displacement 0.000e+00
 >riskyterm: 20  z: z_156_quad22  card: 1  vars: [('x13', 'x13')]
  j=20 h=0 var=('x13', 'x13') xyval=0.823612097695578 coeff=1.838681584
  z=-0.01 -> displacement 0.000e+00   scaled displacement 0.000e+00
 >riskyterm: 21  z: z_156_quad23  card: 1  vars: [('x13', 'x14')]
  j=21 h=0 var=('x13', 'x14') xyval=1.511546215829295 coeff=1.48442486
  z=-0.01 -> displacement 0.000e+00   scaled displacement 0.000e+00
 >riskyterm: 22  z: z_156_quad24  card: 1  vars: [('x13', 'x16')]
  j=22 h=0 var=('x13', 'x16') xyval=3.5818311153097766 coeff=2.26962754
  z=-0.01 -> displacement 0.000e+00   scaled displacement 0.000e+00
 >riskyterm: 23  z: z_156_quad25  card: 1  vars: [('x13', 'x18')]
  j=23 h=0 var=('x13', 'x18') xyval=5.088265691479037 coeff=-2.26962754
  z=0.01 -> displacement 0.000e+00   scaled displacement 0.000e+00
 SUMMARY - feat: e171 (>)  Greedy: 0 at term:    L1norm: 0  L2norm: 0  slack: 17.1789  scale: 120.623
>feat: 157  name: e172  numrisky: 24
 >riskyterm: 0  z: z_157_quad0  card: 1  vars: [('x6', 'x6')]
  j=0 h=0 var=('x6', 'x6') xyval=0.0 coeff=14.28570506
  z=-0.01 -> displacement 0.000e+00   scaled displacement 0.000e+00
 >riskyterm: 1  z: z_157_quad1  card: 1  vars: [('x6', 'x8')]
  j=1 h=0 var=('x6', 'x8') xyval=0.0 coeff=7.357076
  z=-0.01 -> displacement 0.000e+00   scaled displacement 0.000e+00
 >riskyterm: 2  z: z_157_quad2  card: 1  vars: [('x6', 'x9')]
  j=2 h=0 var=('x6', 'x9') xyval=-0.0 coeff=10.41251264
  z=-0.01 -> displacement 0.000e+00   scaled displacement 0.000e+00
 >riskyterm: 3  z: z_157_quad3  card: 1  vars: [('x6', 'x10')]
  j=3 h=0 var=('x6', 'x10') xyval=-0.0 coeff=-5.20626823
  z=-0.01 -> displacement 0.000e+00   scaled displacement 0.000e+00
 >riskyterm: 4  z: z_157_quad4  card: 1  vars: [('x6', 'x11')]
  j=4 h=0 var=('x6', 'x11') xyval=0.0 coeff=-7.357076
  z=-0.01 -> displacement 0.000e+00   scaled displacement 0.000e+00
 >riskyterm: 5  z: z_157_quad5  card: 1  vars: [('x6', 'x16')]
  j=5 h=0 var=('x6', 'x16') xyval=0.0 coeff=-1.7367363
  z=-0.01 -> displacement 0.000e+00   scaled displacement 0.000e+00
 >riskyterm: 6  z: z_157_quad6  card: 1  vars: [('x6', 'x17')]
  j=6 h=0 var=('x6', 'x17') xyval=0.0 coeff=1.7367363
  z=-0.01 -> displacement 0.000e+00   scaled displacement 0.000e+00
 >riskyterm: 7  z: z_157_quad7  card: 1  vars: [('x7', 'x7')]
  j=7 h=0 var=('x7', 'x7') xyval=1.0 coeff=14.28570506
  z=-0.01 -> displacement 0.000e+00   scaled displacement 0.000e+00
 >riskyterm: 8  z: z_157_quad8  card: 1  vars: [('x7', 'x8')]
  j=8 h=0 var=('x7', 'x8') xyval=3.571059873764572 coeff=1.7367363
  z=-0.01 -> displacement 0.000e+00   scaled displacement 0.000e+00
 >riskyterm: 9  z: z_157_quad9  card: 1  vars: [('x7', 'x9')]
  j=9 h=0 var=('x7', 'x9') xyval=-0.999979603390844 coeff=5.20626823
  z=0.01 -> displacement 0.000e+00   scaled displacement 0.000e+00
 >riskyterm: 10  z: z_157_quad10  card: 1  vars: [('x7', 'x10')]
  j=10 h=0 var=('x7', 'x10') xyval=-0.006386924321415711 coeff=10.41251264
  z=0.01 -> displacement 0.000e+00   scaled displacement 0.000e+00
 >riskyterm: 11  z: z_157_quad11  card: 1  vars: [('x7', 'x11')]
  j=11 h=0 var=('x7', 'x11') xyval=1.5375897942201193 coeff=-1.7367363
  z=0.01 -> displacement 0.000e+00   scaled displacement 0.000e+00
 >riskyterm: 12  z: z_157_quad12  card: 1  vars: [('x7', 'x16')]
  j=12 h=0 var=('x7', 'x16') xyval=3.94678752 coeff=7.357076
  z=-0.01 -> displacement 0.000e+00   scaled displacement 0.000e+00
 >riskyterm: 13  z: z_157_quad13  card: 1  vars: [('x7', 'x17')]
  j=13 h=0 var=('x7', 'x17') xyval=8.449982164296006 coeff=-7.357076
  z=0.01 -> displacement 2.442e-01   scaled displacement 1.973e-03
 >riskyterm: 14  z: z_157_quad15  card: 1  vars: [('x8', 'x9')]
  j=14 h=0 var=('x8', 'x9') xyval=-3.570987036252054 coeff=2.9976666
  z=0.01 -> displacement 0.000e+00   scaled displacement 0.000e+00
 >riskyterm: 15  z: z_157_quad16  card: 1  vars: [('x8', 'x10')]
  j=15 h=0 var=('x8', 'x10') xyval=-0.022808089160978665 coeff=-0.70766974
  z=-0.01 -> displacement 0.000e+00   scaled displacement 0.000e+00
 >riskyterm: 16  z: z_157_quad18  card: 1  vars: [('x9', 'x9')]
  j=16 h=0 var=('x9', 'x9') xyval=0.9999592071977097 coeff=2.371700376
  z=-0.01 -> displacement 0.000e+00   scaled displacement 0.000e+00
 >riskyterm: 17  z: z_157_quad19  card: 1  vars: [('x9', 'x11')]
  j=17 h=0 var=('x9', 'x11') xyval=-1.5375584326020444 coeff=-2.9976666
  z=-0.01 -> displacement 0.000e+00   scaled displacement 0.000e+00
 >riskyterm: 18  z: z_157_quad20  card: 1  vars: [('x9', 'x16')]
  j=18 h=0 var=('x9', 'x16') xyval=-3.946707018917533 coeff=0.70766974
  z=0.01 -> displacement 0.000e+00   scaled displacement 0.000e+00
 >riskyterm: 19  z: z_157_quad21  card: 1  vars: [('x9', 'x17')]
  j=19 h=0 var=('x9', 'x17') xyval=-8.449809813312426 coeff=-0.70766974
  z=-0.01 -> displacement 0.000e+00   scaled displacement 0.000e+00
 >riskyterm: 20  z: z_157_quad22  card: 1  vars: [('x10', 'x10')]
  j=20 h=0 var=('x10', 'x10') xyval=4.0792802287491546e-05 coeff=2.371700376
  z=-0.01 -> displacement 0.000e+00   scaled displacement 0.000e+00
 >riskyterm: 21  z: z_157_quad23  card: 1  vars: [('x10', 'x11')]
  j=21 h=0 var=('x10', 'x11') xyval=-0.009820469653065059 coeff=0.70766974
  z=0.01 -> displacement 0.000e+00   scaled displacement 0.000e+00
 >riskyterm: 22  z: z_157_quad24  card: 1  vars: [('x10', 'x16')]
  j=22 h=0 var=('x10', 'x16') xyval=-0.025207833202947998 coeff=2.9976666
  z=0.01 -> displacement 0.000e+00   scaled displacement 0.000e+00
 >riskyterm: 23  z: z_157_quad25  card: 1  vars: [('x10', 'x17')]
  j=23 h=0 var=('x10', 'x17') xyval=-0.053969396600671134 coeff=-2.9976666
  z=-0.01 -> displacement 0.000e+00   scaled displacement 0.000e+00
 SUMMARY - feat: e172 (>)  Greedy: 0.00197335 at term: z_157_quad13   L1norm: 0.00197335  L2norm: 0.00197335  slack: 0.377472  scale: 123.749
>feat: 158  name: e173  numrisky: 24
 >riskyterm: 0  z: z_158_quad0  card: 1  vars: [('x6', 'x6')]
  j=0 h=0 var=('x6', 'x6') xyval=0.0 coeff=14.28570506
  z=-0.01 -> displacement 0.000e+00   scaled displacement 0.000e+00
 >riskyterm: 1  z: z_158_quad1  card: 1  vars: [('x6', 'x8')]
  j=1 h=0 var=('x6', 'x8') xyval=0.0 coeff=7.357076
  z=-0.01 -> displacement 0.000e+00   scaled displacement 0.000e+00
 >riskyterm: 2  z: z_158_quad2  card: 1  vars: [('x6', 'x12')]
  j=2 h=0 var=('x6', 'x12') xyval=0.0 coeff=-18.23766708
  z=-0.01 -> displacement 0.000e+00   scaled displacement 0.000e+00
 >riskyterm: 3  z: z_158_quad3  card: 1  vars: [('x6', 'x13')]
  j=3 h=0 var=('x6', 'x13') xyval=0.0 coeff=-1.644536596
  z=-0.01 -> displacement 0.000e+00   scaled displacement 0.000e+00
 >riskyterm: 4  z: z_158_quad4  card: 1  vars: [('x6', 'x14')]
  j=4 h=0 var=('x6', 'x14') xyval=0.0 coeff=-7.357076
  z=-0.01 -> displacement 0.000e+00   scaled displacement 0.000e+00
 >riskyterm: 5  z: z_158_quad5  card: 1  vars: [('x6', 'x16')]
  j=5 h=0 var=('x6', 'x16') xyval=0.0 coeff=-1.7367363
  z=-0.01 -> displacement 0.000e+00   scaled displacement 0.000e+00
 >riskyterm: 6  z: z_158_quad6  card: 1  vars: [('x6', 'x18')]
  j=6 h=0 var=('x6', 'x18') xyval=0.0 coeff=1.7367363
  z=-0.01 -> displacement 0.000e+00   scaled displacement 0.000e+00
 >riskyterm: 7  z: z_158_quad7  card: 1  vars: [('x7', 'x7')]
  j=7 h=0 var=('x7', 'x7') xyval=1.0 coeff=14.28570506
  z=-0.01 -> displacement 0.000e+00   scaled displacement 0.000e+00
 >riskyterm: 8  z: z_158_quad8  card: 1  vars: [('x7', 'x8')]
  j=8 h=0 var=('x7', 'x8') xyval=3.571059873764572 coeff=1.7367363
  z=-0.01 -> displacement 0.000e+00   scaled displacement 0.000e+00
 >riskyterm: 9  z: z_158_quad9  card: 1  vars: [('x7', 'x12')]
  j=9 h=0 var=('x7', 'x12') xyval=0.41998559773451977 coeff=1.644536596
  z=-0.01 -> displacement 0.000e+00   scaled displacement 0.000e+00
 >riskyterm: 10  z: z_158_quad10  card: 1  vars: [('x7', 'x13')]
  j=10 h=0 var=('x7', 'x13') xyval=0.9075307695585743 coeff=-18.23766708
  z=0.01 -> displacement 0.000e+00   scaled displacement 0.000e+00
 >riskyterm: 11  z: z_158_quad11  card: 1  vars: [('x7', 'x14')]
  j=11 h=0 var=('x7', 'x14') xyval=1.66555919262607 coeff=-1.7367363
  z=0.01 -> displacement 0.000e+00   scaled displacement 0.000e+00
 >riskyterm: 12  z: z_158_quad12  card: 1  vars: [('x7', 'x16')]
  j=12 h=0 var=('x7', 'x16') xyval=3.94678752 coeff=7.357076
  z=-0.01 -> displacement 0.000e+00   scaled displacement 0.000e+00
 >riskyterm: 13  z: z_158_quad13  card: 1  vars: [('x7', 'x18')]
  j=13 h=0 var=('x7', 'x18') xyval=5.606714242817338 coeff=-7.357076
  z=0.01 -> displacement 0.000e+00   scaled displacement 0.000e+00
 >riskyterm: 14  z: z_158_quad15  card: 1  vars: [('x8', 'x12')]
  j=14 h=0 var=('x8', 'x12') xyval=1.4997937156287724 coeff=-4.59619514
  z=0.01 -> displacement 0.000e+00   scaled displacement 0.000e+00
 >riskyterm: 15  z: z_158_quad16  card: 1  vars: [('x8', 'x13')]
  j=15 h=0 var=('x8', 'x13') xyval=3.240846715377307 coeff=-1.53205596
  z=0.01 -> displacement 0.000e+00   scaled displacement 0.000e+00
 >riskyterm: 16  z: z_158_quad18  card: 1  vars: [('x12', 'x12')]
  j=16 h=0 var=('x12', 'x12') xyval=0.17638790230442186 coeff=5.868051307
  z=-0.01 -> displacement 0.000e+00   scaled displacement 0.000e+00
 >riskyterm: 17  z: z_158_quad19  card: 1  vars: [('x12', 'x14')]
  j=17 h=0 var=('x12', 'x14') xyval=0.6995108730772841 coeff=4.59619514
  z=-0.01 -> displacement 0.000e+00   scaled displacement 0.000e+00
 >riskyterm: 18  z: z_158_quad20  card: 1  vars: [('x12', 'x16')]
  j=18 h=0 var=('x12', 'x16') xyval=1.6575939157183428 coeff=1.53205596
  z=-0.01 -> displacement 0.000e+00   scaled displacement 0.000e+00
 >riskyterm: 19  z: z_158_quad21  card: 1  vars: [('x12', 'x18')]
  j=19 h=0 var=('x12', 'x18') xyval=2.3547392325962853 coeff=-1.53205596
  z=0.01 -> displacement 0.000e+00   scaled displacement 0.000e+00
 >riskyterm: 20  z: z_158_quad22  card: 1  vars: [('x13', 'x13')]
  j=20 h=0 var=('x13', 'x13') xyval=0.823612097695578 coeff=5.868051307
  z=-0.01 -> displacement 0.000e+00   scaled displacement 0.000e+00
 >riskyterm: 21  z: z_158_quad23  card: 1  vars: [('x13', 'x14')]
  j=21 h=0 var=('x13', 'x14') xyval=1.511546215829295 coeff=1.53205596
  z=-0.01 -> displacement 0.000e+00   scaled displacement 0.000e+00
 >riskyterm: 22  z: z_158_quad24  card: 1  vars: [('x13', 'x16')]
  j=22 h=0 var=('x13', 'x16') xyval=3.5818311153097766 coeff=-4.59619514
  z=0.01 -> displacement 0.000e+00   scaled displacement 0.000e+00
 >riskyterm: 23  z: z_158_quad25  card: 1  vars: [('x13', 'x18')]
  j=23 h=0 var=('x13', 'x18') xyval=5.088265691479037 coeff=4.59619514
  z=-0.01 -> displacement 0.000e+00   scaled displacement 0.000e+00
 SUMMARY - feat: e173 (>)  Greedy: 0 at term:    L1norm: 0  L2norm: 0  slack: 0.593014  scale: 148.96
>feat: 159  name: e174  numrisky: 24
 >riskyterm: 0  z: z_159_quad0  card: 1  vars: [('x6', 'x6')]
  j=0 h=0 var=('x6', 'x6') xyval=0.0 coeff=14.28570506
  z=-0.01 -> displacement 0.000e+00   scaled displacement 0.000e+00
 >riskyterm: 1  z: z_159_quad1  card: 1  vars: [('x6', 'x8')]
  j=1 h=0 var=('x6', 'x8') xyval=0.0 coeff=7.357076
  z=-0.01 -> displacement 0.000e+00   scaled displacement 0.000e+00
 >riskyterm: 2  z: z_159_quad2  card: 1  vars: [('x6', 'x9')]
  j=2 h=0 var=('x6', 'x9') xyval=-0.0 coeff=-11.51024174
  z=-0.01 -> displacement 0.000e+00   scaled displacement 0.000e+00
 >riskyterm: 3  z: z_159_quad3  card: 1  vars: [('x6', 'x10')]
  j=3 h=0 var=('x6', 'x10') xyval=-0.0 coeff=-7.113981513
  z=-0.01 -> displacement 0.000e+00   scaled displacement 0.000e+00
 >riskyterm: 4  z: z_159_quad4  card: 1  vars: [('x6', 'x11')]
  j=4 h=0 var=('x6', 'x11') xyval=0.0 coeff=-7.357076
  z=-0.01 -> displacement 0.000e+00   scaled displacement 0.000e+00
 >riskyterm: 5  z: z_159_quad5  card: 1  vars: [('x6', 'x16')]
  j=5 h=0 var=('x6', 'x16') xyval=0.0 coeff=-1.7367363
  z=-0.01 -> displacement 0.000e+00   scaled displacement 0.000e+00
 >riskyterm: 6  z: z_159_quad6  card: 1  vars: [('x6', 'x17')]
  j=6 h=0 var=('x6', 'x17') xyval=0.0 coeff=1.7367363
  z=-0.01 -> displacement 0.000e+00   scaled displacement 0.000e+00
 >riskyterm: 7  z: z_159_quad7  card: 1  vars: [('x7', 'x7')]
  j=7 h=0 var=('x7', 'x7') xyval=1.0 coeff=14.28570506
  z=-0.01 -> displacement 0.000e+00   scaled displacement 0.000e+00
 >riskyterm: 8  z: z_159_quad8  card: 1  vars: [('x7', 'x8')]
  j=8 h=0 var=('x7', 'x8') xyval=3.571059873764572 coeff=1.7367363
  z=-0.01 -> displacement 0.000e+00   scaled displacement 0.000e+00
 >riskyterm: 9  z: z_159_quad9  card: 1  vars: [('x7', 'x9')]
  j=9 h=0 var=('x7', 'x9') xyval=-0.999979603390844 coeff=7.113981513
  z=0.01 -> displacement 0.000e+00   scaled displacement 0.000e+00
 >riskyterm: 10  z: z_159_quad10  card: 1  vars: [('x7', 'x10')]
  j=10 h=0 var=('x7', 'x10') xyval=-0.006386924321415711 coeff=-11.51024174
  z=-0.01 -> displacement 0.000e+00   scaled displacement 0.000e+00
 >riskyterm: 11  z: z_159_quad11  card: 1  vars: [('x7', 'x11')]
  j=11 h=0 var=('x7', 'x11') xyval=1.5375897942201193 coeff=-1.7367363
  z=0.01 -> displacement 0.000e+00   scaled displacement 0.000e+00
 >riskyterm: 12  z: z_159_quad12  card: 1  vars: [('x7', 'x16')]
  j=12 h=0 var=('x7', 'x16') xyval=3.94678752 coeff=7.357076
  z=-0.01 -> displacement 0.000e+00   scaled displacement 0.000e+00
 >riskyterm: 13  z: z_159_quad13  card: 1  vars: [('x7', 'x17')]
  j=13 h=0 var=('x7', 'x17') xyval=8.449982164296006 coeff=-7.357076
  z=0.01 -> displacement 0.000e+00   scaled displacement 0.000e+00
 >riskyterm: 14  z: z_159_quad15  card: 1  vars: [('x8', 'x9')]
  j=14 h=0 var=('x8', 'x9') xyval=-3.570987036252054 coeff=-2.5314331
  z=-0.01 -> displacement 0.000e+00   scaled displacement 0.000e+00
 >riskyterm: 15  z: z_159_quad16  card: 1  vars: [('x8', 'x10')]
  j=15 h=0 var=('x8', 'x10') xyval=-0.022808089160978665 coeff=-2.53149414
  z=-0.01 -> displacement 0.000e+00   scaled displacement 0.000e+00
 >riskyterm: 16  z: z_159_quad18  card: 1  vars: [('x9', 'x9')]
  j=16 h=0 var=('x9', 'x9') xyval=0.9999592071977097 coeff=3.20415403
  z=-0.01 -> displacement 0.000e+00   scaled displacement 0.000e+00
 >riskyterm: 17  z: z_159_quad19  card: 1  vars: [('x9', 'x11')]
  j=17 h=0 var=('x9', 'x11') xyval=-1.5375584326020444 coeff=2.5314331
  z=0.01 -> displacement 0.000e+00   scaled displacement 0.000e+00
 >riskyterm: 18  z: z_159_quad20  card: 1  vars: [('x9', 'x16')]
  j=18 h=0 var=('x9', 'x16') xyval=-3.946707018917533 coeff=2.53149414
  z=0.01 -> displacement 0.000e+00   scaled displacement 0.000e+00
 >riskyterm: 19  z: z_159_quad21  card: 1  vars: [('x9', 'x17')]
  j=19 h=0 var=('x9', 'x17') xyval=-8.449809813312426 coeff=-2.53149414
  z=-0.01 -> displacement 0.000e+00   scaled displacement 0.000e+00
 >riskyterm: 20  z: z_159_quad22  card: 1  vars: [('x10', 'x10')]
  j=20 h=0 var=('x10', 'x10') xyval=4.0792802287491546e-05 coeff=3.20415403
  z=-0.01 -> displacement 0.000e+00   scaled displacement 0.000e+00
 >riskyterm: 21  z: z_159_quad23  card: 1  vars: [('x10', 'x11')]
  j=21 h=0 var=('x10', 'x11') xyval=-0.009820469653065059 coeff=2.53149414
  z=0.01 -> displacement 0.000e+00   scaled displacement 0.000e+00
 >riskyterm: 22  z: z_159_quad24  card: 1  vars: [('x10', 'x16')]
  j=22 h=0 var=('x10', 'x16') xyval=-0.025207833202947998 coeff=-2.5314331
  z=-0.01 -> displacement 0.000e+00   scaled displacement 0.000e+00
 >riskyterm: 23  z: z_159_quad25  card: 1  vars: [('x10', 'x17')]
  j=23 h=0 var=('x10', 'x17') xyval=-0.053969396600671134 coeff=2.5314331
  z=0.01 -> displacement 0.000e+00   scaled displacement 0.000e+00
 SUMMARY - feat: e174 (>)  Greedy: 0 at term:    L1norm: 0  L2norm: 0  slack: 21.0949  scale: 136.855
>feat: 160  name: e175  numrisky: 24
 >riskyterm: 0  z: z_160_quad0  card: 1  vars: [('x6', 'x6')]
  j=0 h=0 var=('x6', 'x6') xyval=0.0 coeff=14.28570506
  z=-0.01 -> displacement 0.000e+00   scaled displacement 0.000e+00
 >riskyterm: 1  z: z_160_quad1  card: 1  vars: [('x6', 'x8')]
  j=1 h=0 var=('x6', 'x8') xyval=0.0 coeff=7.357076
  z=-0.01 -> displacement 0.000e+00   scaled displacement 0.000e+00
 >riskyterm: 2  z: z_160_quad2  card: 1  vars: [('x6', 'x12')]
  j=2 h=0 var=('x6', 'x12') xyval=0.0 coeff=4.598932427
  z=-0.01 -> displacement 0.000e+00   scaled displacement 0.000e+00
 >riskyterm: 3  z: z_160_quad3  card: 1  vars: [('x6', 'x13')]
  j=3 h=0 var=('x6', 'x13') xyval=0.0 coeff=8.63777229
  z=-0.01 -> displacement 0.000e+00   scaled displacement 0.000e+00
 >riskyterm: 4  z: z_160_quad4  card: 1  vars: [('x6', 'x14')]
  j=4 h=0 var=('x6', 'x14') xyval=0.0 coeff=-7.357076
  z=-0.01 -> displacement 0.000e+00   scaled displacement 0.000e+00
 >riskyterm: 5  z: z_160_quad5  card: 1  vars: [('x6', 'x16')]
  j=5 h=0 var=('x6', 'x16') xyval=0.0 coeff=-1.7367363
  z=-0.01 -> displacement 0.000e+00   scaled displacement 0.000e+00
 >riskyterm: 6  z: z_160_quad6  card: 1  vars: [('x6', 'x18')]
  j=6 h=0 var=('x6', 'x18') xyval=0.0 coeff=1.7367363
  z=-0.01 -> displacement 0.000e+00   scaled displacement 0.000e+00
 >riskyterm: 7  z: z_160_quad7  card: 1  vars: [('x7', 'x7')]
  j=7 h=0 var=('x7', 'x7') xyval=1.0 coeff=14.28570506
  z=-0.01 -> displacement 0.000e+00   scaled displacement 0.000e+00
 >riskyterm: 8  z: z_160_quad8  card: 1  vars: [('x7', 'x8')]
  j=8 h=0 var=('x7', 'x8') xyval=3.571059873764572 coeff=1.7367363
  z=-0.01 -> displacement 0.000e+00   scaled displacement 0.000e+00
 >riskyterm: 9  z: z_160_quad9  card: 1  vars: [('x7', 'x12')]
  j=9 h=0 var=('x7', 'x12') xyval=0.41998559773451977 coeff=-8.63777229
  z=0.01 -> displacement 0.000e+00   scaled displacement 0.000e+00
 >riskyterm: 10  z: z_160_quad10  card: 1  vars: [('x7', 'x13')]
  j=10 h=0 var=('x7', 'x13') xyval=0.9075307695585743 coeff=4.598932427
  z=-0.01 -> displacement 0.000e+00   scaled displacement 0.000e+00
 >riskyterm: 11  z: z_160_quad11  card: 1  vars: [('x7', 'x14')]
  j=11 h=0 var=('x7', 'x14') xyval=1.66555919262607 coeff=-1.7367363
  z=0.01 -> displacement 0.000e+00   scaled displacement 0.000e+00
 >riskyterm: 12  z: z_160_quad12  card: 1  vars: [('x7', 'x16')]
  j=12 h=0 var=('x7', 'x16') xyval=3.94678752 coeff=7.357076
  z=-0.01 -> displacement 0.000e+00   scaled displacement 0.000e+00
 >riskyterm: 13  z: z_160_quad13  card: 1  vars: [('x7', 'x18')]
  j=13 h=0 var=('x7', 'x18') xyval=5.606714242817338 coeff=-7.357076
  z=0.01 -> displacement 0.000e+00   scaled displacement 0.000e+00
 >riskyterm: 14  z: z_160_quad15  card: 1  vars: [('x8', 'x12')]
  j=14 h=0 var=('x8', 'x12') xyval=1.4997937156287724 coeff=0.65916112
  z=-0.01 -> displacement 0.000e+00   scaled displacement 0.000e+00
 >riskyterm: 15  z: z_160_quad16  card: 1  vars: [('x8', 'x13')]
  j=15 h=0 var=('x8', 'x13') xyval=3.240846715377307 coeff=2.50375742
  z=-0.01 -> displacement 0.000e+00   scaled displacement 0.000e+00
 >riskyterm: 16  z: z_160_quad18  card: 1  vars: [('x12', 'x12')]
  j=16 h=0 var=('x12', 'x12') xyval=0.17638790230442186 coeff=1.67582365
  z=-0.01 -> displacement 0.000e+00   scaled displacement 0.000e+00
 >riskyterm: 17  z: z_160_quad19  card: 1  vars: [('x12', 'x14')]
  j=17 h=0 var=('x12', 'x14') xyval=0.6995108730772841 coeff=-0.65916112
  z=0.01 -> displacement 0.000e+00   scaled displacement 0.000e+00
 >riskyterm: 18  z: z_160_quad20  card: 1  vars: [('x12', 'x16')]
  j=18 h=0 var=('x12', 'x16') xyval=1.6575939157183428 coeff=-2.50375742
  z=0.01 -> displacement 0.000e+00   scaled displacement 0.000e+00
 >riskyterm: 19  z: z_160_quad21  card: 1  vars: [('x12', 'x18')]
  j=19 h=0 var=('x12', 'x18') xyval=2.3547392325962853 coeff=2.50375742
  z=-0.01 -> displacement 0.000e+00   scaled displacement 0.000e+00
 >riskyterm: 20  z: z_160_quad22  card: 1  vars: [('x13', 'x13')]
  j=20 h=0 var=('x13', 'x13') xyval=0.823612097695578 coeff=1.67582365
  z=-0.01 -> displacement 0.000e+00   scaled displacement 0.000e+00
 >riskyterm: 21  z: z_160_quad23  card: 1  vars: [('x13', 'x14')]
  j=21 h=0 var=('x13', 'x14') xyval=1.511546215829295 coeff=-2.50375742
  z=0.01 -> displacement 0.000e+00   scaled displacement 0.000e+00
 >riskyterm: 22  z: z_160_quad24  card: 1  vars: [('x13', 'x16')]
  j=22 h=0 var=('x13', 'x16') xyval=3.5818311153097766 coeff=0.65916112
  z=-0.01 -> displacement 0.000e+00   scaled displacement 0.000e+00
 >riskyterm: 23  z: z_160_quad25  card: 1  vars: [('x13', 'x18')]
  j=23 h=0 var=('x13', 'x18') xyval=5.088265691479037 coeff=-0.65916112
  z=0.01 -> displacement 0.000e+00   scaled displacement 0.000e+00
 SUMMARY - feat: e175 (>)  Greedy: 0 at term:    L1norm: 0  L2norm: 0  slack: 18.951  scale: 115.423
>feat: 161  name: e176  numrisky: 10
 >riskyterm: 0  z: z_161_quad0  card: 1  vars: [('x9', 'x9')]
  j=0 h=0 var=('x9', 'x9') xyval=0.9999592071977097 coeff=2.371700376
  z=-0.01 -> displacement 0.000e+00   scaled displacement 0.000e+00
 >riskyterm: 1  z: z_161_quad1  card: 1  vars: [('x9', 'x11')]
  j=1 h=0 var=('x9', 'x11') xyval=-1.5375584326020444 coeff=-2.9976666
  z=-0.01 -> displacement 0.000e+00   scaled displacement 0.000e+00
 >riskyterm: 2  z: z_161_quad2  card: 1  vars: [('x9', 'x14')]
  j=2 h=0 var=('x9', 'x14') xyval=-1.665525220866192 coeff=2.9976666
  z=0.01 -> displacement 0.000e+00   scaled displacement 0.000e+00
 >riskyterm: 3  z: z_161_quad3  card: 1  vars: [('x9', 'x17')]
  j=3 h=0 var=('x9', 'x17') xyval=-8.449809813312426 coeff=-0.70766974
  z=-0.01 -> displacement 0.000e+00   scaled displacement 0.000e+00
 >riskyterm: 4  z: z_161_quad4  card: 1  vars: [('x9', 'x18')]
  j=4 h=0 var=('x9', 'x18') xyval=-5.606599884858278 coeff=0.70766974
  z=0.01 -> displacement 0.000e+00   scaled displacement 0.000e+00
 >riskyterm: 5  z: z_161_quad5  card: 1  vars: [('x10', 'x10')]
  j=5 h=0 var=('x10', 'x10') xyval=4.0792802287491546e-05 coeff=2.371700376
  z=-0.01 -> displacement 0.000e+00   scaled displacement 0.000e+00
 >riskyterm: 6  z: z_161_quad6  card: 1  vars: [('x10', 'x11')]
  j=6 h=0 var=('x10', 'x11') xyval=-0.009820469653065059 coeff=0.70766974
  z=0.01 -> displacement 0.000e+00   scaled displacement 0.000e+00
 >riskyterm: 7  z: z_161_quad7  card: 1  vars: [('x10', 'x14')]
  j=7 h=0 var=('x10', 'x14') xyval=-0.010637800516140963 coeff=-0.70766974
  z=-0.01 -> displacement 0.000e+00   scaled displacement 0.000e+00
 >riskyterm: 8  z: z_161_quad8  card: 1  vars: [('x10', 'x17')]
  j=8 h=0 var=('x10', 'x17') xyval=-0.053969396600671134 coeff=-2.9976666
  z=-0.01 -> displacement 0.000e+00   scaled displacement 0.000e+00
 >riskyterm: 9  z: z_161_quad9  card: 1  vars: [('x10', 'x18')]
  j=9 h=0 var=('x10', 'x18') xyval=-0.03580965956067793 coeff=2.9976666
  z=0.01 -> displacement 0.000e+00   scaled displacement 0.000e+00
 SUMMARY - feat: e176 (>)  Greedy: 0 at term:    L1norm: 0  L2norm: 0  slack: 7.21326  scale: 27.5647
>feat: 162  name: e177  numrisky: 24
 >riskyterm: 0  z: z_162_quad0  card: 1  vars: [('x9', 'x9')]
  j=0 h=0 var=('x9', 'x9') xyval=0.9999592071977097 coeff=2.371700376
  z=-0.01 -> displacement 0.000e+00   scaled displacement 0.000e+00
 >riskyterm: 1  z: z_162_quad1  card: 1  vars: [('x9', 'x11')]
  j=1 h=0 var=('x9', 'x11') xyval=-1.5375584326020444 coeff=-2.9976666
  z=-0.01 -> displacement 0.000e+00   scaled displacement 0.000e+00
 >riskyterm: 2  z: z_162_quad2  card: 1  vars: [('x9', 'x12')]
  j=2 h=0 var=('x9', 'x12') xyval=-0.41997703145243165 coeff=4.177101108
  z=0.01 -> displacement 0.000e+00   scaled displacement 0.000e+00
 >riskyterm: 3  z: z_162_quad3  card: 1  vars: [('x9', 'x13')]
  j=3 h=0 var=('x9', 'x13') xyval=-0.9075122590081706 coeff=2.58156582
  z=0.01 -> displacement 0.000e+00   scaled displacement 0.000e+00
 >riskyterm: 4  z: z_162_quad4  card: 1  vars: [('x9', 'x14')]
  j=4 h=0 var=('x9', 'x14') xyval=-1.665525220866192 coeff=2.9976666
  z=0.01 -> displacement 0.000e+00   scaled displacement 0.000e+00
 >riskyterm: 5  z: z_162_quad5  card: 1  vars: [('x9', 'x17')]
  j=5 h=0 var=('x9', 'x17') xyval=-8.449809813312426 coeff=-0.70766974
  z=-0.01 -> displacement 0.000e+00   scaled displacement 0.000e+00
 >riskyterm: 6  z: z_162_quad6  card: 1  vars: [('x9', 'x18')]
  j=6 h=0 var=('x9', 'x18') xyval=-5.606599884858278 coeff=0.70766974
  z=0.01 -> displacement 0.000e+00   scaled displacement 0.000e+00
 >riskyterm: 7  z: z_162_quad7  card: 1  vars: [('x10', 'x10')]
  j=7 h=0 var=('x10', 'x10') xyval=4.0792802287491546e-05 coeff=2.371700376
  z=-0.01 -> displacement 0.000e+00   scaled displacement 0.000e+00
 >riskyterm: 8  z: z_162_quad8  card: 1  vars: [('x10', 'x11')]
  j=8 h=0 var=('x10', 'x11') xyval=-0.009820469653065059 coeff=0.70766974
  z=0.01 -> displacement 0.000e+00   scaled displacement 0.000e+00
 >riskyterm: 9  z: z_162_quad9  card: 1  vars: [('x10', 'x12')]
  j=9 h=0 var=('x10', 'x12') xyval=-0.0026824162288149197 coeff=-2.58156582
  z=-0.01 -> displacement 0.000e+00   scaled displacement 0.000e+00
 >riskyterm: 10  z: z_162_quad10  card: 1  vars: [('x10', 'x13')]
  j=10 h=0 var=('x10', 'x13') xyval=-0.005796330344526775 coeff=4.177101108
  z=0.01 -> displacement 0.000e+00   scaled displacement 0.000e+00
 >riskyterm: 11  z: z_162_quad11  card: 1  vars: [('x10', 'x14')]
  j=11 h=0 var=('x10', 'x14') xyval=-0.010637800516140963 coeff=-0.70766974
  z=-0.01 -> displacement 0.000e+00   scaled displacement 0.000e+00
 >riskyterm: 12  z: z_162_quad12  card: 1  vars: [('x10', 'x17')]
  j=12 h=0 var=('x10', 'x17') xyval=-0.053969396600671134 coeff=-2.9976666
  z=-0.01 -> displacement 0.000e+00   scaled displacement 0.000e+00
 >riskyterm: 13  z: z_162_quad13  card: 1  vars: [('x10', 'x18')]
  j=13 h=0 var=('x10', 'x18') xyval=-0.03580965956067793 coeff=2.9976666
  z=0.01 -> displacement 0.000e+00   scaled displacement 0.000e+00
 >riskyterm: 14  z: z_162_quad15  card: 1  vars: [('x11', 'x12')]
  j=14 h=0 var=('x11', 'x12') xyval=0.6457655687960341 coeff=-3.02492942
  z=0.01 -> displacement 0.000e+00   scaled displacement 0.000e+00
 >riskyterm: 15  z: z_162_quad16  card: 1  vars: [('x11', 'x13')]
  j=15 h=0 var=('x11', 'x13') xyval=1.3954100492139947 coeff=-1.00827778
  z=0.01 -> displacement 0.000e+00   scaled displacement 0.000e+00
 >riskyterm: 16  z: z_162_quad18  card: 1  vars: [('x12', 'x12')]
  j=16 h=0 var=('x12', 'x12') xyval=0.17638790230442186 coeff=2.541705519
  z=-0.01 -> displacement 0.000e+00   scaled displacement 0.000e+00
 >riskyterm: 17  z: z_162_quad19  card: 1  vars: [('x12', 'x14')]
  j=17 h=0 var=('x12', 'x14') xyval=0.6995108730772841 coeff=3.02492942
  z=-0.01 -> displacement 0.000e+00   scaled displacement 0.000e+00
 >riskyterm: 18  z: z_162_quad20  card: 1  vars: [('x12', 'x17')]
  j=18 h=0 var=('x12', 'x17') xyval=3.548870810117889 coeff=1.00827778
  z=-0.01 -> displacement 0.000e+00   scaled displacement 0.000e+00
 >riskyterm: 19  z: z_162_quad21  card: 1  vars: [('x12', 'x18')]
  j=19 h=0 var=('x12', 'x18') xyval=2.3547392325962853 coeff=-1.00827778
  z=0.01 -> displacement 0.000e+00   scaled displacement 0.000e+00
 >riskyterm: 20  z: z_162_quad22  card: 1  vars: [('x13', 'x13')]
  j=20 h=0 var=('x13', 'x13') xyval=0.823612097695578 coeff=2.541705519
  z=-0.01 -> displacement 0.000e+00   scaled displacement 0.000e+00
 >riskyterm: 21  z: z_162_quad23  card: 1  vars: [('x13', 'x14')]
  j=21 h=0 var=('x13', 'x14') xyval=1.511546215829295 coeff=1.00827778
  z=-0.01 -> displacement 0.000e+00   scaled displacement 0.000e+00
 >riskyterm: 22  z: z_162_quad24  card: 1  vars: [('x13', 'x17')]
  j=22 h=0 var=('x13', 'x17') xyval=7.668618816319782 coeff=-3.02492942
  z=0.01 -> displacement 0.000e+00   scaled displacement 0.000e+00
 >riskyterm: 23  z: z_162_quad25  card: 1  vars: [('x13', 'x18')]
  j=23 h=0 var=('x13', 'x18') xyval=5.088265691479037 coeff=3.02492942
  z=-0.01 -> displacement 0.000e+00   scaled displacement 0.000e+00
 SUMMARY - feat: e177 (>)  Greedy: 0 at term:    L1norm: 0  L2norm: 0  slack: 1.3063  scale: 62.2983
>feat: 163  name: e178  numrisky: 24
 >riskyterm: 0  z: z_163_quad0  card: 1  vars: [('x9', 'x9')]
  j=0 h=0 var=('x9', 'x9') xyval=0.9999592071977097 coeff=2.371700376
  z=-0.01 -> displacement 0.000e+00   scaled displacement 0.000e+00
 >riskyterm: 1  z: z_163_quad1  card: 1  vars: [('x9', 'x11')]
  j=1 h=0 var=('x9', 'x11') xyval=-1.5375584326020444 coeff=-2.9976666
  z=-0.01 -> displacement 0.000e+00   scaled displacement 0.000e+00
 >riskyterm: 2  z: z_163_quad2  card: 1  vars: [('x9', 'x12')]
  j=2 h=0 var=('x9', 'x12') xyval=-0.41997703145243165 coeff=-3.927034613
  z=-0.01 -> displacement 0.000e+00   scaled displacement 0.000e+00
 >riskyterm: 3  z: z_163_quad3  card: 1  vars: [('x9', 'x13')]
  j=3 h=0 var=('x9', 'x13') xyval=-0.9075122590081706 coeff=1.421832046
  z=0.01 -> displacement 0.000e+00   scaled displacement 0.000e+00
 >riskyterm: 4  z: z_163_quad4  card: 1  vars: [('x9', 'x14')]
  j=4 h=0 var=('x9', 'x14') xyval=-1.665525220866192 coeff=2.9976666
  z=0.01 -> displacement 0.000e+00   scaled displacement 0.000e+00
 >riskyterm: 5  z: z_163_quad5  card: 1  vars: [('x9', 'x17')]
  j=5 h=0 var=('x9', 'x17') xyval=-8.449809813312426 coeff=-0.70766974
  z=-0.01 -> displacement 0.000e+00   scaled displacement 0.000e+00
 >riskyterm: 6  z: z_163_quad6  card: 1  vars: [('x9', 'x18')]
  j=6 h=0 var=('x9', 'x18') xyval=-5.606599884858278 coeff=0.70766974
  z=0.01 -> displacement 0.000e+00   scaled displacement 0.000e+00
 >riskyterm: 7  z: z_163_quad7  card: 1  vars: [('x10', 'x10')]
  j=7 h=0 var=('x10', 'x10') xyval=4.0792802287491546e-05 coeff=2.371700376
  z=-0.01 -> displacement 0.000e+00   scaled displacement 0.000e+00
 >riskyterm: 8  z: z_163_quad8  card: 1  vars: [('x10', 'x11')]
  j=8 h=0 var=('x10', 'x11') xyval=-0.009820469653065059 coeff=0.70766974
  z=0.01 -> displacement 0.000e+00   scaled displacement 0.000e+00
 >riskyterm: 9  z: z_163_quad9  card: 1  vars: [('x10', 'x12')]
  j=9 h=0 var=('x10', 'x12') xyval=-0.0026824162288149197 coeff=-1.421832046
  z=-0.01 -> displacement 0.000e+00   scaled displacement 0.000e+00
 >riskyterm: 10  z: z_163_quad10  card: 1  vars: [('x10', 'x13')]
  j=10 h=0 var=('x10', 'x13') xyval=-0.005796330344526775 coeff=-3.927034613
  z=-0.01 -> displacement 0.000e+00   scaled displacement 0.000e+00
 >riskyterm: 11  z: z_163_quad11  card: 1  vars: [('x10', 'x14')]
  j=11 h=0 var=('x10', 'x14') xyval=-0.010637800516140963 coeff=-0.70766974
  z=-0.01 -> displacement 0.000e+00   scaled displacement 0.000e+00
 >riskyterm: 12  z: z_163_quad12  card: 1  vars: [('x10', 'x17')]
  j=12 h=0 var=('x10', 'x17') xyval=-0.053969396600671134 coeff=-2.9976666
  z=-0.01 -> displacement 0.000e+00   scaled displacement 0.000e+00
 >riskyterm: 13  z: z_163_quad13  card: 1  vars: [('x10', 'x18')]
  j=13 h=0 var=('x10', 'x18') xyval=-0.03580965956067793 coeff=2.9976666
  z=0.01 -> displacement 0.000e+00   scaled displacement 0.000e+00
 >riskyterm: 14  z: z_163_quad15  card: 1  vars: [('x11', 'x12')]
  j=14 h=0 var=('x11', 'x12') xyval=0.6457655687960341 coeff=2.26962754
  z=-0.01 -> displacement 0.000e+00   scaled displacement 0.000e+00
 >riskyterm: 15  z: z_163_quad16  card: 1  vars: [('x11', 'x13')]
  j=15 h=0 var=('x11', 'x13') xyval=1.3954100492139947 coeff=-1.48442486
  z=0.01 -> displacement 0.000e+00   scaled displacement 0.000e+00
 >riskyterm: 16  z: z_163_quad18  card: 1  vars: [('x12', 'x12')]
  j=16 h=0 var=('x12', 'x12') xyval=0.17638790230442186 coeff=1.838681584
  z=-0.01 -> displacement 0.000e+00   scaled displacement 0.000e+00
 >riskyterm: 17  z: z_163_quad19  card: 1  vars: [('x12', 'x14')]
  j=17 h=0 var=('x12', 'x14') xyval=0.6995108730772841 coeff=-2.26962754
  z=0.01 -> displacement 0.000e+00   scaled displacement 0.000e+00
 >riskyterm: 18  z: z_163_quad20  card: 1  vars: [('x12', 'x17')]
  j=18 h=0 var=('x12', 'x17') xyval=3.548870810117889 coeff=1.48442486
  z=-0.01 -> displacement 0.000e+00   scaled displacement 0.000e+00
 >riskyterm: 19  z: z_163_quad21  card: 1  vars: [('x12', 'x18')]
  j=19 h=0 var=('x12', 'x18') xyval=2.3547392325962853 coeff=-1.48442486
  z=0.01 -> displacement 0.000e+00   scaled displacement 0.000e+00
 >riskyterm: 20  z: z_163_quad22  card: 1  vars: [('x13', 'x13')]
  j=20 h=0 var=('x13', 'x13') xyval=0.823612097695578 coeff=1.838681584
  z=-0.01 -> displacement 0.000e+00   scaled displacement 0.000e+00
 >riskyterm: 21  z: z_163_quad23  card: 1  vars: [('x13', 'x14')]
  j=21 h=0 var=('x13', 'x14') xyval=1.511546215829295 coeff=1.48442486
  z=-0.01 -> displacement 0.000e+00   scaled displacement 0.000e+00
 >riskyterm: 22  z: z_163_quad24  card: 1  vars: [('x13', 'x17')]
  j=22 h=0 var=('x13', 'x17') xyval=7.668618816319782 coeff=2.26962754
  z=-0.01 -> displacement 0.000e+00   scaled displacement 0.000e+00
 >riskyterm: 23  z: z_163_quad25  card: 1  vars: [('x13', 'x18')]
  j=23 h=0 var=('x13', 'x18') xyval=5.088265691479037 coeff=-2.26962754
  z=0.01 -> displacement 0.000e+00   scaled displacement 0.000e+00
 SUMMARY - feat: e178 (>)  Greedy: 0 at term:    L1norm: 0  L2norm: 0  slack: 19.8661  scale: 56.9561
>feat: 164  name: e179  numrisky: 24
 >riskyterm: 0  z: z_164_quad0  card: 1  vars: [('x9', 'x9')]
  j=0 h=0 var=('x9', 'x9') xyval=0.9999592071977097 coeff=2.371700376
  z=-0.01 -> displacement 0.000e+00   scaled displacement 0.000e+00
 >riskyterm: 1  z: z_164_quad1  card: 1  vars: [('x9', 'x11')]
  j=1 h=0 var=('x9', 'x11') xyval=-1.5375584326020444 coeff=-2.9976666
  z=-0.01 -> displacement 2.538e-03   scaled displacement 3.008e-05
 >riskyterm: 2  z: z_164_quad2  card: 1  vars: [('x9', 'x12')]
  j=2 h=0 var=('x9', 'x12') xyval=-0.41997703145243165 coeff=6.346835508
  z=0.01 -> displacement 0.000e+00   scaled displacement 0.000e+00
 >riskyterm: 3  z: z_164_quad3  card: 1  vars: [('x9', 'x13')]
  j=3 h=0 var=('x9', 'x13') xyval=-0.9075122590081706 coeff=3.9225906
  z=0.01 -> displacement 0.000e+00   scaled displacement 0.000e+00
 >riskyterm: 4  z: z_164_quad4  card: 1  vars: [('x9', 'x14')]
  j=4 h=0 var=('x9', 'x14') xyval=-1.665525220866192 coeff=2.9976666
  z=0.01 -> displacement 6.374e-03   scaled displacement 7.556e-05
 >riskyterm: 5  z: z_164_quad5  card: 1  vars: [('x9', 'x17')]
  j=5 h=0 var=('x9', 'x17') xyval=-8.449809813312426 coeff=-0.70766974
  z=-0.01 -> displacement 1.624e-02   scaled displacement 1.926e-04
 >riskyterm: 6  z: z_164_quad6  card: 1  vars: [('x9', 'x18')]
  j=6 h=0 var=('x9', 'x18') xyval=-5.606599884858278 coeff=0.70766974
  z=0.01 -> displacement 0.000e+00   scaled displacement 0.000e+00
 >riskyterm: 7  z: z_164_quad7  card: 1  vars: [('x10', 'x10')]
  j=7 h=0 var=('x10', 'x10') xyval=4.0792802287491546e-05 coeff=2.371700376
  z=-0.01 -> displacement 0.000e+00   scaled displacement 0.000e+00
 >riskyterm: 8  z: z_164_quad8  card: 1  vars: [('x10', 'x11')]
  j=8 h=0 var=('x10', 'x11') xyval=-0.009820469653065059 coeff=0.70766974
  z=0.01 -> displacement 0.000e+00   scaled displacement 0.000e+00
 >riskyterm: 9  z: z_164_quad9  card: 1  vars: [('x10', 'x12')]
  j=9 h=0 var=('x10', 'x12') xyval=-0.0026824162288149197 coeff=-3.9225906
  z=-0.01 -> displacement 0.000e+00   scaled displacement 0.000e+00
 >riskyterm: 10  z: z_164_quad10  card: 1  vars: [('x10', 'x13')]
  j=10 h=0 var=('x10', 'x13') xyval=-0.005796330344526775 coeff=6.346835508
  z=0.01 -> displacement 0.000e+00   scaled displacement 0.000e+00
 >riskyterm: 11  z: z_164_quad11  card: 1  vars: [('x10', 'x14')]
  j=11 h=0 var=('x10', 'x14') xyval=-0.010637800516140963 coeff=-0.70766974
  z=-0.01 -> displacement 0.000e+00   scaled displacement 0.000e+00
 >riskyterm: 12  z: z_164_quad12  card: 1  vars: [('x10', 'x17')]
  j=12 h=0 var=('x10', 'x17') xyval=-0.053969396600671134 coeff=-2.9976666
  z=-0.01 -> displacement 0.000e+00   scaled displacement 0.000e+00
 >riskyterm: 13  z: z_164_quad13  card: 1  vars: [('x10', 'x18')]
  j=13 h=0 var=('x10', 'x18') xyval=-0.03580965956067793 coeff=2.9976666
  z=0.01 -> displacement 0.000e+00   scaled displacement 0.000e+00
 >riskyterm: 14  z: z_164_quad15  card: 1  vars: [('x11', 'x12')]
  j=14 h=0 var=('x11', 'x12') xyval=0.6457655687960341 coeff=-4.59619514
  z=0.01 -> displacement 0.000e+00   scaled displacement 0.000e+00
 >riskyterm: 15  z: z_164_quad16  card: 1  vars: [('x11', 'x13')]
  j=15 h=0 var=('x11', 'x13') xyval=1.3954100492139947 coeff=-1.53205596
  z=0.01 -> displacement 0.000e+00   scaled displacement 0.000e+00
 >riskyterm: 16  z: z_164_quad18  card: 1  vars: [('x12', 'x12')]
  j=16 h=0 var=('x12', 'x12') xyval=0.17638790230442186 coeff=5.868051307
  z=-0.01 -> displacement 0.000e+00   scaled displacement 0.000e+00
 >riskyterm: 17  z: z_164_quad19  card: 1  vars: [('x12', 'x14')]
  j=17 h=0 var=('x12', 'x14') xyval=0.6995108730772841 coeff=4.59619514
  z=-0.01 -> displacement 0.000e+00   scaled displacement 0.000e+00
 >riskyterm: 18  z: z_164_quad20  card: 1  vars: [('x12', 'x17')]
  j=18 h=0 var=('x12', 'x17') xyval=3.548870810117889 coeff=1.53205596
  z=-0.01 -> displacement 1.082e-02   scaled displacement 1.282e-04
 >riskyterm: 19  z: z_164_quad21  card: 1  vars: [('x12', 'x18')]
  j=19 h=0 var=('x12', 'x18') xyval=2.3547392325962853 coeff=-1.53205596
  z=0.01 -> displacement 0.000e+00   scaled displacement 0.000e+00
 >riskyterm: 20  z: z_164_quad22  card: 1  vars: [('x13', 'x13')]
  j=20 h=0 var=('x13', 'x13') xyval=0.823612097695578 coeff=5.868051307
  z=-0.01 -> displacement 4.777e-03   scaled displacement 5.663e-05
 >riskyterm: 21  z: z_164_quad23  card: 1  vars: [('x13', 'x14')]
  j=21 h=0 var=('x13', 'x14') xyval=1.511546215829295 coeff=1.53205596
  z=-0.01 -> displacement 0.000e+00   scaled displacement 0.000e+00
 >riskyterm: 22  z: z_164_quad24  card: 1  vars: [('x13', 'x17')]
  j=22 h=0 var=('x13', 'x17') xyval=7.668618816319782 coeff=-4.59619514
  z=0.01 -> displacement 3.089e-01   scaled displacement 3.662e-03
 >riskyterm: 23  z: z_164_quad25  card: 1  vars: [('x13', 'x18')]
  j=23 h=0 var=('x13', 'x18') xyval=5.088265691479037 coeff=4.59619514
  z=-0.01 -> displacement 1.903e-01   scaled displacement 2.256e-03
 SUMMARY - feat: e179 (>)  Greedy: 0.00366214 at term: z_164_quad24   L1norm: 0.00640138  L2norm: 0.0043087  slack: 0.0435533  scale: 84.3527
>feat: 165  name: e180  numrisky: 24
 >riskyterm: 0  z: z_165_quad0  card: 1  vars: [('x9', 'x9')]
  j=0 h=0 var=('x9', 'x9') xyval=0.9999592071977097 coeff=2.371700376
  z=-0.01 -> displacement 0.000e+00   scaled displacement 0.000e+00
 >riskyterm: 1  z: z_165_quad1  card: 1  vars: [('x9', 'x11')]
  j=1 h=0 var=('x9', 'x11') xyval=-1.5375584326020444 coeff=-2.9976666
  z=-0.01 -> displacement 0.000e+00   scaled displacement 0.000e+00
 >riskyterm: 2  z: z_165_quad2  card: 1  vars: [('x9', 'x12')]
  j=2 h=0 var=('x9', 'x12') xyval=-0.41997703145243165 coeff=-0.1020559555
  z=-0.01 -> displacement 0.000e+00   scaled displacement 0.000e+00
 >riskyterm: 3  z: z_165_quad3  card: 1  vars: [('x9', 'x13')]
  j=3 h=0 var=('x9', 'x13') xyval=-0.9075122590081706 coeff=-3.985949185
  z=-0.01 -> displacement 0.000e+00   scaled displacement 0.000e+00
 >riskyterm: 4  z: z_165_quad4  card: 1  vars: [('x9', 'x14')]
  j=4 h=0 var=('x9', 'x14') xyval=-1.665525220866192 coeff=2.9976666
  z=0.01 -> displacement 0.000e+00   scaled displacement 0.000e+00
 >riskyterm: 5  z: z_165_quad5  card: 1  vars: [('x9', 'x17')]
  j=5 h=0 var=('x9', 'x17') xyval=-8.449809813312426 coeff=-0.70766974
  z=-0.01 -> displacement 0.000e+00   scaled displacement 0.000e+00
 >riskyterm: 6  z: z_165_quad6  card: 1  vars: [('x9', 'x18')]
  j=6 h=0 var=('x9', 'x18') xyval=-5.606599884858278 coeff=0.70766974
  z=0.01 -> displacement 0.000e+00   scaled displacement 0.000e+00
 >riskyterm: 7  z: z_165_quad7  card: 1  vars: [('x10', 'x10')]
  j=7 h=0 var=('x10', 'x10') xyval=4.0792802287491546e-05 coeff=2.371700376
  z=-0.01 -> displacement 0.000e+00   scaled displacement 0.000e+00
 >riskyterm: 8  z: z_165_quad8  card: 1  vars: [('x10', 'x11')]
  j=8 h=0 var=('x10', 'x11') xyval=-0.009820469653065059 coeff=0.70766974
  z=0.01 -> displacement 0.000e+00   scaled displacement 0.000e+00
 >riskyterm: 9  z: z_165_quad9  card: 1  vars: [('x10', 'x12')]
  j=9 h=0 var=('x10', 'x12') xyval=-0.0026824162288149197 coeff=3.985949185
  z=0.01 -> displacement 0.000e+00   scaled displacement 0.000e+00
 >riskyterm: 10  z: z_165_quad10  card: 1  vars: [('x10', 'x13')]
  j=10 h=0 var=('x10', 'x13') xyval=-0.005796330344526775 coeff=-0.1020559555
  z=-0.01 -> displacement 0.000e+00   scaled displacement 0.000e+00
 >riskyterm: 11  z: z_165_quad11  card: 1  vars: [('x10', 'x14')]
  j=11 h=0 var=('x10', 'x14') xyval=-0.010637800516140963 coeff=-0.70766974
  z=-0.01 -> displacement 0.000e+00   scaled displacement 0.000e+00
 >riskyterm: 12  z: z_165_quad12  card: 1  vars: [('x10', 'x17')]
  j=12 h=0 var=('x10', 'x17') xyval=-0.053969396600671134 coeff=-2.9976666
  z=-0.01 -> displacement 0.000e+00   scaled displacement 0.000e+00
 >riskyterm: 13  z: z_165_quad13  card: 1  vars: [('x10', 'x18')]
  j=13 h=0 var=('x10', 'x18') xyval=-0.03580965956067793 coeff=2.9976666
  z=0.01 -> displacement 0.000e+00   scaled displacement 0.000e+00
 >riskyterm: 14  z: z_165_quad15  card: 1  vars: [('x11', 'x12')]
  j=14 h=0 var=('x11', 'x12') xyval=0.6457655687960341 coeff=0.65916112
  z=-0.01 -> displacement 0.000e+00   scaled displacement 0.000e+00
 >riskyterm: 15  z: z_165_quad16  card: 1  vars: [('x11', 'x13')]
  j=15 h=0 var=('x11', 'x13') xyval=1.3954100492139947 coeff=2.50375742
  z=-0.01 -> displacement 0.000e+00   scaled displacement 0.000e+00
 >riskyterm: 16  z: z_165_quad18  card: 1  vars: [('x12', 'x12')]
  j=16 h=0 var=('x12', 'x12') xyval=0.17638790230442186 coeff=1.67582365
  z=-0.01 -> displacement 0.000e+00   scaled displacement 0.000e+00
 >riskyterm: 17  z: z_165_quad19  card: 1  vars: [('x12', 'x14')]
  j=17 h=0 var=('x12', 'x14') xyval=0.6995108730772841 coeff=-0.65916112
  z=0.01 -> displacement 0.000e+00   scaled displacement 0.000e+00
 >riskyterm: 18  z: z_165_quad20  card: 1  vars: [('x12', 'x17')]
  j=18 h=0 var=('x12', 'x17') xyval=3.548870810117889 coeff=-2.50375742
  z=0.01 -> displacement 0.000e+00   scaled displacement 0.000e+00
 >riskyterm: 19  z: z_165_quad21  card: 1  vars: [('x12', 'x18')]
  j=19 h=0 var=('x12', 'x18') xyval=2.3547392325962853 coeff=2.50375742
  z=-0.01 -> displacement 0.000e+00   scaled displacement 0.000e+00
 >riskyterm: 20  z: z_165_quad22  card: 1  vars: [('x13', 'x13')]
  j=20 h=0 var=('x13', 'x13') xyval=0.823612097695578 coeff=1.67582365
  z=-0.01 -> displacement 0.000e+00   scaled displacement 0.000e+00
 >riskyterm: 21  z: z_165_quad23  card: 1  vars: [('x13', 'x14')]
  j=21 h=0 var=('x13', 'x14') xyval=1.511546215829295 coeff=-2.50375742
  z=0.01 -> displacement 0.000e+00   scaled displacement 0.000e+00
 >riskyterm: 22  z: z_165_quad24  card: 1  vars: [('x13', 'x17')]
  j=22 h=0 var=('x13', 'x17') xyval=7.668618816319782 coeff=0.65916112
  z=-0.01 -> displacement 0.000e+00   scaled displacement 0.000e+00
 >riskyterm: 23  z: z_165_quad25  card: 1  vars: [('x13', 'x18')]
  j=23 h=0 var=('x13', 'x18') xyval=5.088265691479037 coeff=-0.65916112
  z=0.01 -> displacement 0.000e+00   scaled displacement 0.000e+00
 SUMMARY - feat: e180 (>)  Greedy: 0 at term:    L1norm: 0  L2norm: 0  slack: 13.8516  scale: 51.7441
>feat: 166  name: e181  numrisky: 10
 >riskyterm: 0  z: z_166_quad0  card: 1  vars: [('x3', 'x3')]
  j=0 h=0 var=('x3', 'x3') xyval=0.4089109114164637 coeff=3.491341646
  z=-0.01 -> displacement 0.000e+00   scaled displacement 0.000e+00
 >riskyterm: 1  z: z_166_quad1  card: 1  vars: [('x3', 'x5')]
  j=1 h=0 var=('x3', 'x5') xyval=-1.0208897661849805 coeff=-0.33813906
  z=-0.01 -> displacement 0.000e+00   scaled displacement 0.000e+00
 >riskyterm: 2  z: z_166_quad2  card: 1  vars: [('x3', 'x8')]
  j=2 h=0 var=('x3', 'x8') xyval=-2.2835550282479624 coeff=0.33813906
  z=0.01 -> displacement 0.000e+00   scaled displacement 0.000e+00
 >riskyterm: 3  z: z_166_quad3  card: 1  vars: [('x3', 'x15')]
  j=3 h=0 var=('x3', 'x15') xyval=-1.0234637909591835 coeff=3.721697
  z=0.01 -> displacement 0.000e+00   scaled displacement 0.000e+00
 >riskyterm: 4  z: z_166_quad4  card: 1  vars: [('x3', 'x16')]
  j=4 h=0 var=('x3', 'x16') xyval=-2.523818363544045 coeff=-3.721697
  z=-0.01 -> displacement 0.000e+00   scaled displacement 0.000e+00
 >riskyterm: 5  z: z_166_quad5  card: 1  vars: [('x4', 'x4')]
  j=5 h=0 var=('x4', 'x4') xyval=0.5910890885835367 coeff=3.491341646
  z=-0.01 -> displacement 0.000e+00   scaled displacement 0.000e+00
 >riskyterm: 6  z: z_166_quad6  card: 1  vars: [('x4', 'x5')]
  j=6 h=0 var=('x4', 'x5') xyval=1.227413715078837 coeff=-3.721697
  z=0.01 -> displacement 0.000e+00   scaled displacement 0.000e+00
 >riskyterm: 7  z: z_166_quad7  card: 1  vars: [('x4', 'x8')]
  j=7 h=0 var=('x4', 'x8') xyval=2.745513623163231 coeff=3.721697
  z=-0.01 -> displacement 0.000e+00   scaled displacement 0.000e+00
 >riskyterm: 8  z: z_166_quad8  card: 1  vars: [('x4', 'x15')]
  j=8 h=0 var=('x4', 'x15') xyval=1.2305084598940543 coeff=-0.33813906
  z=0.01 -> displacement 0.000e+00   scaled displacement 0.000e+00
 >riskyterm: 9  z: z_166_quad9  card: 1  vars: [('x4', 'x16')]
  j=9 h=0 var=('x4', 'x16') xyval=3.034381748538838 coeff=0.33813906
  z=-0.01 -> displacement 0.000e+00   scaled displacement 0.000e+00
 SUMMARY - feat: e181 (>)  Greedy: 0 at term:    L1norm: 0  L2norm: 0  slack: 21.4132  scale: 31.222
>feat: 167  name: e182  numrisky: 10
 >riskyterm: 0  z: z_167_quad0  card: 1  vars: [('x3', 'x3')]
  j=0 h=0 var=('x3', 'x3') xyval=0.4089109114164637 coeff=3.491341646
  z=-0.01 -> displacement 0.000e+00   scaled displacement 0.000e+00
 >riskyterm: 1  z: z_167_quad1  card: 1  vars: [('x3', 'x5')]
  j=1 h=0 var=('x3', 'x5') xyval=-1.0208897661849805 coeff=-0.33813906
  z=-0.01 -> displacement 0.000e+00   scaled displacement 0.000e+00
 >riskyterm: 2  z: z_167_quad2  card: 1  vars: [('x3', 'x11')]
  j=2 h=0 var=('x3', 'x11') xyval=-0.9832293576956092 coeff=0.33813906
  z=0.01 -> displacement 0.000e+00   scaled displacement 0.000e+00
 >riskyterm: 3  z: z_167_quad3  card: 1  vars: [('x3', 'x15')]
  j=3 h=0 var=('x3', 'x15') xyval=-1.0234637909591835 coeff=3.721697
  z=0.01 -> displacement 0.000e+00   scaled displacement 0.000e+00
 >riskyterm: 4  z: z_167_quad4  card: 1  vars: [('x3', 'x17')]
  j=4 h=0 var=('x3', 'x17') xyval=-5.403437618519153 coeff=-3.721697
  z=-0.01 -> displacement 0.000e+00   scaled displacement 0.000e+00
 >riskyterm: 5  z: z_167_quad5  card: 1  vars: [('x4', 'x4')]
  j=5 h=0 var=('x4', 'x4') xyval=0.5910890885835367 coeff=3.491341646
  z=-0.01 -> displacement 0.000e+00   scaled displacement 0.000e+00
 >riskyterm: 6  z: z_167_quad6  card: 1  vars: [('x4', 'x5')]
  j=6 h=0 var=('x4', 'x5') xyval=1.227413715078837 coeff=-3.721697
  z=0.01 -> displacement 0.000e+00   scaled displacement 0.000e+00
 >riskyterm: 7  z: z_167_quad7  card: 1  vars: [('x4', 'x11')]
  j=7 h=0 var=('x4', 'x11') xyval=1.1821346816058438 coeff=3.721697
  z=-0.01 -> displacement 0.000e+00   scaled displacement 0.000e+00
 >riskyterm: 8  z: z_167_quad8  card: 1  vars: [('x4', 'x15')]
  j=8 h=0 var=('x4', 'x15') xyval=1.2305084598940543 coeff=-0.33813906
  z=0.01 -> displacement 0.000e+00   scaled displacement 0.000e+00
 >riskyterm: 9  z: z_167_quad9  card: 1  vars: [('x4', 'x17')]
  j=9 h=0 var=('x4', 'x17') xyval=6.496542194097773 coeff=0.33813906
  z=-0.01 -> displacement 0.000e+00   scaled displacement 0.000e+00
 SUMMARY - feat: e182 (>)  Greedy: 0 at term:    L1norm: 0  L2norm: 0  slack: 65.0904  scale: 31.222
>feat: 168  name: e183  numrisky: 10
 >riskyterm: 0  z: z_168_quad0  card: 1  vars: [('x3', 'x3')]
  j=0 h=0 var=('x3', 'x3') xyval=0.4089109114164637 coeff=3.491341646
  z=-0.01 -> displacement 0.000e+00   scaled displacement 0.000e+00
 >riskyterm: 1  z: z_168_quad1  card: 1  vars: [('x3', 'x5')]
  j=1 h=0 var=('x3', 'x5') xyval=-1.0208897661849805 coeff=-0.33813906
  z=-0.01 -> displacement 0.000e+00   scaled displacement 0.000e+00
 >riskyterm: 2  z: z_168_quad2  card: 1  vars: [('x3', 'x14')]
  j=2 h=0 var=('x3', 'x14') xyval=-1.065060851291855 coeff=0.33813906
  z=0.01 -> displacement 0.000e+00   scaled displacement 0.000e+00
 >riskyterm: 3  z: z_168_quad3  card: 1  vars: [('x3', 'x15')]
  j=3 h=0 var=('x3', 'x15') xyval=-1.0234637909591835 coeff=3.721697
  z=0.01 -> displacement 0.000e+00   scaled displacement 0.000e+00
 >riskyterm: 4  z: z_168_quad4  card: 1  vars: [('x3', 'x18')]
  j=4 h=0 var=('x3', 'x18') xyval=-3.585277467677394 coeff=-3.721697
  z=-0.01 -> displacement 0.000e+00   scaled displacement 0.000e+00
 >riskyterm: 5  z: z_168_quad5  card: 1  vars: [('x4', 'x4')]
  j=5 h=0 var=('x4', 'x4') xyval=0.5910890885835367 coeff=3.491341646
  z=-0.01 -> displacement 0.000e+00   scaled displacement 0.000e+00
 >riskyterm: 6  z: z_168_quad6  card: 1  vars: [('x4', 'x5')]
  j=6 h=0 var=('x4', 'x5') xyval=1.227413715078837 coeff=-3.721697
  z=0.01 -> displacement 0.000e+00   scaled displacement 0.000e+00
 >riskyterm: 7  z: z_168_quad7  card: 1  vars: [('x4', 'x14')]
  j=7 h=0 var=('x4', 'x14') xyval=1.2805205219701388 coeff=3.721697
  z=-0.01 -> displacement 0.000e+00   scaled displacement 0.000e+00
 >riskyterm: 8  z: z_168_quad8  card: 1  vars: [('x4', 'x15')]
  j=8 h=0 var=('x4', 'x15') xyval=1.2305084598940543 coeff=-0.33813906
  z=0.01 -> displacement 0.000e+00   scaled displacement 0.000e+00
 >riskyterm: 9  z: z_168_quad9  card: 1  vars: [('x4', 'x18')]
  j=9 h=0 var=('x4', 'x18') xyval=4.3105718971356435 coeff=0.33813906
  z=-0.01 -> displacement 0.000e+00   scaled displacement 0.000e+00
 SUMMARY - feat: e183 (>)  Greedy: 0 at term:    L1norm: 0  L2norm: 0  slack: 28.5545  scale: 31.222
>feat: 169  name: e184  numrisky: 24
 >riskyterm: 0  z: z_169_quad0  card: 1  vars: [('x3', 'x3')]
  j=0 h=0 var=('x3', 'x3') xyval=0.4089109114164637 coeff=3.491341646
  z=-0.01 -> displacement 0.000e+00   scaled displacement 0.000e+00
 >riskyterm: 1  z: z_169_quad1  card: 1  vars: [('x3', 'x5')]
  j=1 h=0 var=('x3', 'x5') xyval=-1.0208897661849805 coeff=-0.33813906
  z=-0.01 -> displacement 0.000e+00   scaled displacement 0.000e+00
 >riskyterm: 2  z: z_169_quad2  card: 1  vars: [('x3', 'x6')]
  j=2 h=0 var=('x3', 'x6') xyval=-0.0 coeff=2.751874662
  z=-0.01 -> displacement 0.000e+00   scaled displacement 0.000e+00
 >riskyterm: 3  z: z_169_quad3  card: 1  vars: [('x3', 'x7')]
  j=3 h=0 var=('x3', 'x7') xyval=-0.6394614229306281 coeff=-8.237235237
  z=-0.01 -> displacement 0.000e+00   scaled displacement 0.000e+00
 >riskyterm: 4  z: z_169_quad4  card: 1  vars: [('x3', 'x8')]
  j=4 h=0 var=('x3', 'x8') xyval=-2.2835550282479624 coeff=0.33813906
  z=0.01 -> displacement 0.000e+00   scaled displacement 0.000e+00
 >riskyterm: 5  z: z_169_quad5  card: 1  vars: [('x3', 'x15')]
  j=5 h=0 var=('x3', 'x15') xyval=-1.0234637909591835 coeff=3.721697
  z=0.01 -> displacement 0.000e+00   scaled displacement 0.000e+00
 >riskyterm: 6  z: z_169_quad6  card: 1  vars: [('x3', 'x16')]
  j=6 h=0 var=('x3', 'x16') xyval=-2.523818363544045 coeff=-3.721697
  z=-0.01 -> displacement 0.000e+00   scaled displacement 0.000e+00
 >riskyterm: 7  z: z_169_quad7  card: 1  vars: [('x4', 'x4')]
  j=7 h=0 var=('x4', 'x4') xyval=0.5910890885835367 coeff=3.491341646
  z=-0.01 -> displacement 0.000e+00   scaled displacement 0.000e+00
 >riskyterm: 8  z: z_169_quad8  card: 1  vars: [('x4', 'x5')]
  j=8 h=0 var=('x4', 'x5') xyval=1.227413715078837 coeff=-3.721697
  z=0.01 -> displacement 0.000e+00   scaled displacement 0.000e+00
 >riskyterm: 9  z: z_169_quad9  card: 1  vars: [('x4', 'x6')]
  j=9 h=0 var=('x4', 'x6') xyval=0.0 coeff=8.237235237
  z=-0.01 -> displacement 0.000e+00   scaled displacement 0.000e+00
 >riskyterm: 10  z: z_169_quad10  card: 1  vars: [('x4', 'x7')]
  j=10 h=0 var=('x4', 'x7') xyval=0.7688231842130782 coeff=2.751874662
  z=-0.01 -> displacement 0.000e+00   scaled displacement 0.000e+00
 >riskyterm: 11  z: z_169_quad11  card: 1  vars: [('x4', 'x8')]
  j=11 h=0 var=('x4', 'x8') xyval=2.745513623163231 coeff=3.721697
  z=-0.01 -> displacement 0.000e+00   scaled displacement 0.000e+00
 >riskyterm: 12  z: z_169_quad12  card: 1  vars: [('x4', 'x15')]
  j=12 h=0 var=('x4', 'x15') xyval=1.2305084598940543 coeff=-0.33813906
  z=0.01 -> displacement 0.000e+00   scaled displacement 0.000e+00
 >riskyterm: 13  z: z_169_quad13  card: 1  vars: [('x4', 'x16')]
  j=13 h=0 var=('x4', 'x16') xyval=3.034381748538838 coeff=0.33813906
  z=-0.01 -> displacement 0.000e+00   scaled displacement 0.000e+00
 >riskyterm: 14  z: z_169_quad15  card: 1  vars: [('x5', 'x6')]
  j=14 h=0 var=('x5', 'x6') xyval=0.0 coeff=-4.5236206
  z=-0.01 -> displacement 0.000e+00   scaled displacement 0.000e+00
 >riskyterm: 15  z: z_169_quad16  card: 1  vars: [('x5', 'x7')]
  j=15 h=0 var=('x5', 'x7') xyval=1.5964837433136785 coeff=-1.06782914
  z=0.01 -> displacement 0.000e+00   scaled displacement 0.000e+00
 >riskyterm: 16  z: z_169_quad18  card: 1  vars: [('x6', 'x6')]
  j=16 h=0 var=('x6', 'x6') xyval=0.0 coeff=5.400850601
  z=-0.01 -> displacement 0.000e+00   scaled displacement 0.000e+00
 >riskyterm: 17  z: z_169_quad19  card: 1  vars: [('x6', 'x8')]
  j=17 h=0 var=('x6', 'x8') xyval=0.0 coeff=4.5236206
  z=-0.01 -> displacement 0.000e+00   scaled displacement 0.000e+00
 >riskyterm: 18  z: z_169_quad20  card: 1  vars: [('x6', 'x15')]
  j=18 h=0 var=('x6', 'x15') xyval=0.0 coeff=1.06782914
  z=-0.01 -> displacement 0.000e+00   scaled displacement 0.000e+00
 >riskyterm: 19  z: z_169_quad21  card: 1  vars: [('x6', 'x16')]
  j=19 h=0 var=('x6', 'x16') xyval=0.0 coeff=-1.06782914
  z=-0.01 -> displacement 0.000e+00   scaled displacement 0.000e+00
 >riskyterm: 20  z: z_169_quad22  card: 1  vars: [('x7', 'x7')]
  j=20 h=0 var=('x7', 'x7') xyval=1.0 coeff=5.400850601
  z=-0.01 -> displacement 0.000e+00   scaled displacement 0.000e+00
 >riskyterm: 21  z: z_169_quad23  card: 1  vars: [('x7', 'x8')]
  j=21 h=0 var=('x7', 'x8') xyval=3.571059873764572 coeff=1.06782914
  z=-0.01 -> displacement 0.000e+00   scaled displacement 0.000e+00
 >riskyterm: 22  z: z_169_quad24  card: 1  vars: [('x7', 'x15')]
  j=22 h=0 var=('x7', 'x15') xyval=1.6005090444216115 coeff=-4.5236206
  z=0.01 -> displacement 0.000e+00   scaled displacement 0.000e+00
 >riskyterm: 23  z: z_169_quad25  card: 1  vars: [('x7', 'x16')]
  j=23 h=0 var=('x7', 'x16') xyval=3.94678752 coeff=4.5236206
  z=-0.01 -> displacement 0.000e+00   scaled displacement 0.000e+00
 SUMMARY - feat: e184 (>)  Greedy: 0 at term:    L1norm: 0  L2norm: 0  slack: 48.4524  scale: 86.3677
>feat: 170  name: e185  numrisky: 24
 >riskyterm: 0  z: z_170_quad0  card: 1  vars: [('x3', 'x3')]
  j=0 h=0 var=('x3', 'x3') xyval=0.4089109114164637 coeff=3.491341646
  z=-0.01 -> displacement 0.000e+00   scaled displacement 0.000e+00
 >riskyterm: 1  z: z_170_quad1  card: 1  vars: [('x3', 'x5')]
  j=1 h=0 var=('x3', 'x5') xyval=-1.0208897661849805 coeff=-0.33813906
  z=-0.01 -> displacement 0.000e+00   scaled displacement 0.000e+00
 >riskyterm: 2  z: z_170_quad2  card: 1  vars: [('x3', 'x9')]
  j=2 h=0 var=('x3', 'x9') xyval=0.6394483800859143 coeff=2.007919584
  z=-0.01 -> displacement 0.000e+00   scaled displacement 0.000e+00
 >riskyterm: 3  z: z_170_quad3  card: 1  vars: [('x3', 'x10')]
  j=3 h=0 var=('x3', 'x10') xyval=0.004084191714722727 coeff=8.421767428
  z=-0.01 -> displacement 0.000e+00   scaled displacement 0.000e+00
 >riskyterm: 4  z: z_170_quad4  card: 1  vars: [('x3', 'x11')]
  j=4 h=0 var=('x3', 'x11') xyval=-0.9832293576956092 coeff=0.33813906
  z=0.01 -> displacement 0.000e+00   scaled displacement 0.000e+00
 >riskyterm: 5  z: z_170_quad5  card: 1  vars: [('x3', 'x15')]
  j=5 h=0 var=('x3', 'x15') xyval=-1.0234637909591835 coeff=3.721697
  z=0.01 -> displacement 0.000e+00   scaled displacement 0.000e+00
 >riskyterm: 6  z: z_170_quad6  card: 1  vars: [('x3', 'x17')]
  j=6 h=0 var=('x3', 'x17') xyval=-5.403437618519153 coeff=-3.721697
  z=-0.01 -> displacement 0.000e+00   scaled displacement 0.000e+00
 >riskyterm: 7  z: z_170_quad7  card: 1  vars: [('x4', 'x4')]
  j=7 h=0 var=('x4', 'x4') xyval=0.5910890885835367 coeff=3.491341646
  z=-0.01 -> displacement 0.000e+00   scaled displacement 0.000e+00
 >riskyterm: 8  z: z_170_quad8  card: 1  vars: [('x4', 'x5')]
  j=8 h=0 var=('x4', 'x5') xyval=1.227413715078837 coeff=-3.721697
  z=0.01 -> displacement 0.000e+00   scaled displacement 0.000e+00
 >riskyterm: 9  z: z_170_quad9  card: 1  vars: [('x4', 'x9')]
  j=9 h=0 var=('x4', 'x9') xyval=-0.7688075028270797 coeff=-8.421767428
  z=-0.01 -> displacement 0.000e+00   scaled displacement 0.000e+00
 >riskyterm: 10  z: z_170_quad10  card: 1  vars: [('x4', 'x10')]
  j=10 h=0 var=('x4', 'x10') xyval=-0.004910415494118781 coeff=2.007919584
  z=0.01 -> displacement 0.000e+00   scaled displacement 0.000e+00
 >riskyterm: 11  z: z_170_quad11  card: 1  vars: [('x4', 'x11')]
  j=11 h=0 var=('x4', 'x11') xyval=1.1821346816058438 coeff=3.721697
  z=-0.01 -> displacement 0.000e+00   scaled displacement 0.000e+00
 >riskyterm: 12  z: z_170_quad12  card: 1  vars: [('x4', 'x15')]
  j=12 h=0 var=('x4', 'x15') xyval=1.2305084598940543 coeff=-0.33813906
  z=0.01 -> displacement 0.000e+00   scaled displacement 0.000e+00
 >riskyterm: 13  z: z_170_quad13  card: 1  vars: [('x4', 'x17')]
  j=13 h=0 var=('x4', 'x17') xyval=6.496542194097773 coeff=0.33813906
  z=-0.01 -> displacement 0.000e+00   scaled displacement 0.000e+00
 >riskyterm: 14  z: z_170_quad15  card: 1  vars: [('x5', 'x9')]
  j=14 h=0 var=('x5', 'x9') xyval=-1.5964511804587422 coeff=4.3914795
  z=0.01 -> displacement 0.000e+00   scaled displacement 0.000e+00
 >riskyterm: 15  z: z_170_quad16  card: 1  vars: [('x5', 'x10')]
  j=15 h=0 var=('x5', 'x10') xyval=-0.010196620848914931 coeff=-1.47802734
  z=-0.01 -> displacement 0.000e+00   scaled displacement 0.000e+00
 >riskyterm: 16  z: z_170_quad18  card: 1  vars: [('x9', 'x9')]
  j=16 h=0 var=('x9', 'x9') xyval=0.9999592071977097 coeff=5.367414254
  z=-0.01 -> displacement 0.000e+00   scaled displacement 0.000e+00
 >riskyterm: 17  z: z_170_quad19  card: 1  vars: [('x9', 'x11')]
  j=17 h=0 var=('x9', 'x11') xyval=-1.5375584326020444 coeff=-4.3914795
  z=-0.01 -> displacement 0.000e+00   scaled displacement 0.000e+00
 >riskyterm: 18  z: z_170_quad20  card: 1  vars: [('x9', 'x15')]
  j=18 h=0 var=('x9', 'x15') xyval=-1.6004763994641817 coeff=1.47802734
  z=0.01 -> displacement 0.000e+00   scaled displacement 0.000e+00
 >riskyterm: 19  z: z_170_quad21  card: 1  vars: [('x9', 'x17')]
  j=19 h=0 var=('x9', 'x17') xyval=-8.449809813312426 coeff=-1.47802734
  z=-0.01 -> displacement 0.000e+00   scaled displacement 0.000e+00
 >riskyterm: 20  z: z_170_quad22  card: 1  vars: [('x10', 'x10')]
  j=20 h=0 var=('x10', 'x10') xyval=4.0792802287491546e-05 coeff=5.367414254
  z=-0.01 -> displacement 0.000e+00   scaled displacement 0.000e+00
 >riskyterm: 21  z: z_170_quad23  card: 1  vars: [('x10', 'x11')]
  j=21 h=0 var=('x10', 'x11') xyval=-0.009820469653065059 coeff=1.47802734
  z=0.01 -> displacement 0.000e+00   scaled displacement 0.000e+00
 >riskyterm: 22  z: z_170_quad24  card: 1  vars: [('x10', 'x15')]
  j=22 h=0 var=('x10', 'x15') xyval=-0.010222330142462209 coeff=4.3914795
  z=0.01 -> displacement 0.000e+00   scaled displacement 0.000e+00
 >riskyterm: 23  z: z_170_quad25  card: 1  vars: [('x10', 'x17')]
  j=23 h=0 var=('x10', 'x17') xyval=-0.053969396600671134 coeff=-4.3914795
  z=-0.01 -> displacement 0.000e+00   scaled displacement 0.000e+00
 SUMMARY - feat: e185 (>)  Greedy: 0 at term:    L1norm: 0  L2norm: 0  slack: 90.4151  scale: 86.2943
>feat: 171  name: e186  numrisky: 24
 >riskyterm: 0  z: z_171_quad0  card: 1  vars: [('x3', 'x3')]
  j=0 h=0 var=('x3', 'x3') xyval=0.4089109114164637 coeff=3.491341646
  z=-0.01 -> displacement 0.000e+00   scaled displacement 0.000e+00
 >riskyterm: 1  z: z_171_quad1  card: 1  vars: [('x3', 'x5')]
  j=1 h=0 var=('x3', 'x5') xyval=-1.0208897661849805 coeff=-0.33813906
  z=-0.01 -> displacement 0.000e+00   scaled displacement 0.000e+00
 >riskyterm: 2  z: z_171_quad2  card: 1  vars: [('x3', 'x12')]
  j=2 h=0 var=('x3', 'x12') xyval=-0.2685645879376864 coeff=2.38767559
  z=0.01 -> displacement 0.000e+00   scaled displacement 0.000e+00
 >riskyterm: 3  z: z_171_quad3  card: 1  vars: [('x3', 'x13')]
  j=3 h=0 var=('x3', 'x13') xyval=-0.5803309172552539 coeff=-5.458466323
  z=-0.01 -> displacement 0.000e+00   scaled displacement 0.000e+00
 >riskyterm: 4  z: z_171_quad4  card: 1  vars: [('x3', 'x14')]
  j=4 h=0 var=('x3', 'x14') xyval=-1.065060851291855 coeff=0.33813906
  z=0.01 -> displacement 0.000e+00   scaled displacement 0.000e+00
 >riskyterm: 5  z: z_171_quad5  card: 1  vars: [('x3', 'x15')]
  j=5 h=0 var=('x3', 'x15') xyval=-1.0234637909591835 coeff=3.721697
  z=0.01 -> displacement 0.000e+00   scaled displacement 0.000e+00
 >riskyterm: 6  z: z_171_quad6  card: 1  vars: [('x3', 'x18')]
  j=6 h=0 var=('x3', 'x18') xyval=-3.585277467677394 coeff=-3.721697
  z=-0.01 -> displacement 0.000e+00   scaled displacement 0.000e+00
 >riskyterm: 7  z: z_171_quad7  card: 1  vars: [('x4', 'x4')]
  j=7 h=0 var=('x4', 'x4') xyval=0.5910890885835367 coeff=3.491341646
  z=-0.01 -> displacement 0.000e+00   scaled displacement 0.000e+00
 >riskyterm: 8  z: z_171_quad8  card: 1  vars: [('x4', 'x5')]
  j=8 h=0 var=('x4', 'x5') xyval=1.227413715078837 coeff=-3.721697
  z=0.01 -> displacement 0.000e+00   scaled displacement 0.000e+00
 >riskyterm: 9  z: z_171_quad9  card: 1  vars: [('x4', 'x12')]
  j=9 h=0 var=('x4', 'x12') xyval=0.32289466457388644 coeff=5.458466323
  z=-0.01 -> displacement 0.000e+00   scaled displacement 0.000e+00
 >riskyterm: 10  z: z_171_quad10  card: 1  vars: [('x4', 'x13')]
  j=10 h=0 var=('x4', 'x13') xyval=0.6977306960233683 coeff=2.38767559
  z=-0.01 -> displacement 0.000e+00   scaled displacement 0.000e+00
 >riskyterm: 11  z: z_171_quad11  card: 1  vars: [('x4', 'x14')]
  j=11 h=0 var=('x4', 'x14') xyval=1.2805205219701388 coeff=3.721697
  z=-0.01 -> displacement 0.000e+00   scaled displacement 0.000e+00
 >riskyterm: 12  z: z_171_quad12  card: 1  vars: [('x4', 'x15')]
  j=12 h=0 var=('x4', 'x15') xyval=1.2305084598940543 coeff=-0.33813906
  z=0.01 -> displacement 0.000e+00   scaled displacement 0.000e+00
 >riskyterm: 13  z: z_171_quad13  card: 1  vars: [('x4', 'x18')]
  j=13 h=0 var=('x4', 'x18') xyval=4.3105718971356435 coeff=0.33813906
  z=-0.01 -> displacement 0.000e+00   scaled displacement 0.000e+00
 >riskyterm: 14  z: z_171_quad15  card: 1  vars: [('x5', 'x12')]
  j=14 h=0 var=('x5', 'x12') xyval=0.6705001792090389 coeff=-3.02492942
  z=0.01 -> displacement 0.000e+00   scaled displacement 0.000e+00
 >riskyterm: 15  z: z_171_quad16  card: 1  vars: [('x5', 'x13')]
  j=15 h=0 var=('x5', 'x13') xyval=1.448858120157216 coeff=-1.00827778
  z=0.01 -> displacement 0.000e+00   scaled displacement 0.000e+00
 >riskyterm: 16  z: z_171_quad18  card: 1  vars: [('x12', 'x12')]
  j=16 h=0 var=('x12', 'x12') xyval=0.17638790230442186 coeff=2.541705519
  z=-0.01 -> displacement 0.000e+00   scaled displacement 0.000e+00
 >riskyterm: 17  z: z_171_quad19  card: 1  vars: [('x12', 'x14')]
  j=17 h=0 var=('x12', 'x14') xyval=0.6995108730772841 coeff=3.02492942
  z=-0.01 -> displacement 0.000e+00   scaled displacement 0.000e+00
 >riskyterm: 18  z: z_171_quad20  card: 1  vars: [('x12', 'x15')]
  j=18 h=0 var=('x12', 'x15') xyval=0.6721907477009156 coeff=1.00827778
  z=-0.01 -> displacement 0.000e+00   scaled displacement 0.000e+00
 >riskyterm: 19  z: z_171_quad21  card: 1  vars: [('x12', 'x18')]
  j=19 h=0 var=('x12', 'x18') xyval=2.3547392325962853 coeff=-1.00827778
  z=0.01 -> displacement 0.000e+00   scaled displacement 0.000e+00
 >riskyterm: 20  z: z_171_quad22  card: 1  vars: [('x13', 'x13')]
  j=20 h=0 var=('x13', 'x13') xyval=0.823612097695578 coeff=2.541705519
  z=-0.01 -> displacement 0.000e+00   scaled displacement 0.000e+00
 >riskyterm: 21  z: z_171_quad23  card: 1  vars: [('x13', 'x14')]
  j=21 h=0 var=('x13', 'x14') xyval=1.511546215829295 coeff=1.00827778
  z=-0.01 -> displacement 0.000e+00   scaled displacement 0.000e+00
 >riskyterm: 22  z: z_171_quad24  card: 1  vars: [('x13', 'x15')]
  j=22 h=0 var=('x13', 'x15') xyval=1.4525112047694033 coeff=-3.02492942
  z=0.01 -> displacement 0.000e+00   scaled displacement 0.000e+00
 >riskyterm: 23  z: z_171_quad25  card: 1  vars: [('x13', 'x18')]
  j=23 h=0 var=('x13', 'x18') xyval=5.088265691479037 coeff=3.02492942
  z=-0.01 -> displacement 0.000e+00   scaled displacement 0.000e+00
 SUMMARY - feat: e186 (>)  Greedy: 0 at term:    L1norm: 0  L2norm: 0  slack: 47.5831  scale: 68.1306
>feat: 172  name: e187  numrisky: 24
 >riskyterm: 0  z: z_172_quad0  card: 1  vars: [('x3', 'x3')]
  j=0 h=0 var=('x3', 'x3') xyval=0.4089109114164637 coeff=3.491341646
  z=-0.01 -> displacement 0.000e+00   scaled displacement 0.000e+00
 >riskyterm: 1  z: z_172_quad1  card: 1  vars: [('x3', 'x5')]
  j=1 h=0 var=('x3', 'x5') xyval=-1.0208897661849805 coeff=-0.33813906
  z=-0.01 -> displacement 0.000e+00   scaled displacement 0.000e+00
 >riskyterm: 2  z: z_172_quad2  card: 1  vars: [('x3', 'x6')]
  j=2 h=0 var=('x3', 'x6') xyval=-0.0 coeff=2.023439548
  z=-0.01 -> displacement 0.000e+00   scaled displacement 0.000e+00
 >riskyterm: 3  z: z_172_quad3  card: 1  vars: [('x3', 'x7')]
  j=3 h=0 var=('x3', 'x7') xyval=-0.6394614229306281 coeff=7.706601506
  z=0.01 -> displacement 0.000e+00   scaled displacement 0.000e+00
 >riskyterm: 4  z: z_172_quad4  card: 1  vars: [('x3', 'x8')]
  j=4 h=0 var=('x3', 'x8') xyval=-2.2835550282479624 coeff=0.33813906
  z=0.01 -> displacement 0.000e+00   scaled displacement 0.000e+00
 >riskyterm: 5  z: z_172_quad5  card: 1  vars: [('x3', 'x15')]
  j=5 h=0 var=('x3', 'x15') xyval=-1.0234637909591835 coeff=3.721697
  z=0.01 -> displacement 0.000e+00   scaled displacement 0.000e+00
 >riskyterm: 6  z: z_172_quad6  card: 1  vars: [('x3', 'x16')]
  j=6 h=0 var=('x3', 'x16') xyval=-2.523818363544045 coeff=-3.721697
  z=-0.01 -> displacement 0.000e+00   scaled displacement 0.000e+00
 >riskyterm: 7  z: z_172_quad7  card: 1  vars: [('x4', 'x4')]
  j=7 h=0 var=('x4', 'x4') xyval=0.5910890885835367 coeff=3.491341646
  z=-0.01 -> displacement 0.000e+00   scaled displacement 0.000e+00
 >riskyterm: 8  z: z_172_quad8  card: 1  vars: [('x4', 'x5')]
  j=8 h=0 var=('x4', 'x5') xyval=1.227413715078837 coeff=-3.721697
  z=0.01 -> displacement 0.000e+00   scaled displacement 0.000e+00
 >riskyterm: 9  z: z_172_quad9  card: 1  vars: [('x4', 'x6')]
  j=9 h=0 var=('x4', 'x6') xyval=0.0 coeff=-7.706601506
  z=-0.01 -> displacement 0.000e+00   scaled displacement 0.000e+00
 >riskyterm: 10  z: z_172_quad10  card: 1  vars: [('x4', 'x7')]
  j=10 h=0 var=('x4', 'x7') xyval=0.7688231842130782 coeff=2.023439548
  z=-0.01 -> displacement 0.000e+00   scaled displacement 0.000e+00
 >riskyterm: 11  z: z_172_quad11  card: 1  vars: [('x4', 'x8')]
  j=11 h=0 var=('x4', 'x8') xyval=2.745513623163231 coeff=3.721697
  z=-0.01 -> displacement 0.000e+00   scaled displacement 0.000e+00
 >riskyterm: 12  z: z_172_quad12  card: 1  vars: [('x4', 'x15')]
  j=12 h=0 var=('x4', 'x15') xyval=1.2305084598940543 coeff=-0.33813906
  z=0.01 -> displacement 0.000e+00   scaled displacement 0.000e+00
 >riskyterm: 13  z: z_172_quad13  card: 1  vars: [('x4', 'x16')]
  j=13 h=0 var=('x4', 'x16') xyval=3.034381748538838 coeff=0.33813906
  z=-0.01 -> displacement 0.000e+00   scaled displacement 0.000e+00
 >riskyterm: 14  z: z_172_quad15  card: 1  vars: [('x5', 'x6')]
  j=14 h=0 var=('x5', 'x6') xyval=0.0 coeff=4.009552
  z=-0.01 -> displacement 0.000e+00   scaled displacement 0.000e+00
 >riskyterm: 15  z: z_172_quad16  card: 1  vars: [('x5', 'x7')]
  j=15 h=0 var=('x5', 'x7') xyval=1.5964837433136785 coeff=-1.45166714
  z=0.01 -> displacement 0.000e+00   scaled displacement 0.000e+00
 >riskyterm: 16  z: z_172_quad18  card: 1  vars: [('x6', 'x6')]
  j=16 h=0 var=('x6', 'x6') xyval=0.0 coeff=4.545961182
  z=-0.01 -> displacement 0.000e+00   scaled displacement 0.000e+00
 >riskyterm: 17  z: z_172_quad19  card: 1  vars: [('x6', 'x8')]
  j=17 h=0 var=('x6', 'x8') xyval=0.0 coeff=-4.009552
  z=-0.01 -> displacement 0.000e+00   scaled displacement 0.000e+00
 >riskyterm: 18  z: z_172_quad20  card: 1  vars: [('x6', 'x15')]
  j=18 h=0 var=('x6', 'x15') xyval=0.0 coeff=1.45166714
  z=-0.01 -> displacement 0.000e+00   scaled displacement 0.000e+00
 >riskyterm: 19  z: z_172_quad21  card: 1  vars: [('x6', 'x16')]
  j=19 h=0 var=('x6', 'x16') xyval=0.0 coeff=-1.45166714
  z=-0.01 -> displacement 0.000e+00   scaled displacement 0.000e+00
 >riskyterm: 20  z: z_172_quad22  card: 1  vars: [('x7', 'x7')]
  j=20 h=0 var=('x7', 'x7') xyval=1.0 coeff=4.545961182
  z=-0.01 -> displacement 0.000e+00   scaled displacement 0.000e+00
 >riskyterm: 21  z: z_172_quad23  card: 1  vars: [('x7', 'x8')]
  j=21 h=0 var=('x7', 'x8') xyval=3.571059873764572 coeff=1.45166714
  z=-0.01 -> displacement 0.000e+00   scaled displacement 0.000e+00
 >riskyterm: 22  z: z_172_quad24  card: 1  vars: [('x7', 'x15')]
  j=22 h=0 var=('x7', 'x15') xyval=1.6005090444216115 coeff=4.009552
  z=-0.01 -> displacement 0.000e+00   scaled displacement 0.000e+00
 >riskyterm: 23  z: z_172_quad25  card: 1  vars: [('x7', 'x16')]
  j=23 h=0 var=('x7', 'x16') xyval=3.94678752 coeff=-4.009552
  z=0.01 -> displacement 0.000e+00   scaled displacement 0.000e+00
 SUMMARY - feat: e187 (>)  Greedy: 0 at term:    L1norm: 0  L2norm: 0  slack: 17.9905  scale: 81.6189
>feat: 173  name: e188  numrisky: 24
 >riskyterm: 0  z: z_173_quad0  card: 1  vars: [('x3', 'x3')]
  j=0 h=0 var=('x3', 'x3') xyval=0.4089109114164637 coeff=3.491341646
  z=-0.01 -> displacement 0.000e+00   scaled displacement 0.000e+00
 >riskyterm: 1  z: z_173_quad1  card: 1  vars: [('x3', 'x5')]
  j=1 h=0 var=('x3', 'x5') xyval=-1.0208897661849805 coeff=-0.33813906
  z=-0.01 -> displacement 0.000e+00   scaled displacement 0.000e+00
 >riskyterm: 2  z: z_173_quad2  card: 1  vars: [('x3', 'x9')]
  j=2 h=0 var=('x3', 'x9') xyval=0.6394483800859143 coeff=-5.984589019
  z=0.01 -> displacement 0.000e+00   scaled displacement 0.000e+00
 >riskyterm: 3  z: z_173_quad3  card: 1  vars: [('x3', 'x10')]
  j=3 h=0 var=('x3', 'x10') xyval=0.004084191714722727 coeff=-4.494876973
  z=0.01 -> displacement 0.000e+00   scaled displacement 0.000e+00
 >riskyterm: 4  z: z_173_quad4  card: 1  vars: [('x3', 'x11')]
  j=4 h=0 var=('x3', 'x11') xyval=-0.9832293576956092 coeff=0.33813906
  z=0.01 -> displacement 0.000e+00   scaled displacement 0.000e+00
 >riskyterm: 5  z: z_173_quad5  card: 1  vars: [('x3', 'x15')]
  j=5 h=0 var=('x3', 'x15') xyval=-1.0234637909591835 coeff=3.721697
  z=0.01 -> displacement 0.000e+00   scaled displacement 0.000e+00
 >riskyterm: 6  z: z_173_quad6  card: 1  vars: [('x3', 'x17')]
  j=6 h=0 var=('x3', 'x17') xyval=-5.403437618519153 coeff=-3.721697
  z=-0.01 -> displacement 0.000e+00   scaled displacement 0.000e+00
 >riskyterm: 7  z: z_173_quad7  card: 1  vars: [('x4', 'x4')]
  j=7 h=0 var=('x4', 'x4') xyval=0.5910890885835367 coeff=3.491341646
  z=-0.01 -> displacement 0.000e+00   scaled displacement 0.000e+00
 >riskyterm: 8  z: z_173_quad8  card: 1  vars: [('x4', 'x5')]
  j=8 h=0 var=('x4', 'x5') xyval=1.227413715078837 coeff=-3.721697
  z=0.01 -> displacement 0.000e+00   scaled displacement 0.000e+00
 >riskyterm: 9  z: z_173_quad9  card: 1  vars: [('x4', 'x9')]
  j=9 h=0 var=('x4', 'x9') xyval=-0.7688075028270797 coeff=4.494876973
  z=0.01 -> displacement 0.000e+00   scaled displacement 0.000e+00
 >riskyterm: 10  z: z_173_quad10  card: 1  vars: [('x4', 'x10')]
  j=10 h=0 var=('x4', 'x10') xyval=-0.004910415494118781 coeff=-5.984589019
  z=-0.01 -> displacement 0.000e+00   scaled displacement 0.000e+00
 >riskyterm: 11  z: z_173_quad11  card: 1  vars: [('x4', 'x11')]
  j=11 h=0 var=('x4', 'x11') xyval=1.1821346816058438 coeff=3.721697
  z=-0.01 -> displacement 0.000e+00   scaled displacement 0.000e+00
 >riskyterm: 12  z: z_173_quad12  card: 1  vars: [('x4', 'x15')]
  j=12 h=0 var=('x4', 'x15') xyval=1.2305084598940543 coeff=-0.33813906
  z=0.01 -> displacement 0.000e+00   scaled displacement 0.000e+00
 >riskyterm: 13  z: z_173_quad13  card: 1  vars: [('x4', 'x17')]
  j=13 h=0 var=('x4', 'x17') xyval=6.496542194097773 coeff=0.33813906
  z=-0.01 -> displacement 0.000e+00   scaled displacement 0.000e+00
 >riskyterm: 14  z: z_173_quad15  card: 1  vars: [('x5', 'x9')]
  j=14 h=0 var=('x5', 'x9') xyval=-1.5964511804587422 coeff=-2.10591634
  z=-0.01 -> displacement 0.000e+00   scaled displacement 0.000e+00
 >riskyterm: 15  z: z_173_quad16  card: 1  vars: [('x5', 'x10')]
  j=15 h=0 var=('x5', 'x10') xyval=-0.010196620848914931 coeff=3.40738932
  z=0.01 -> displacement 0.000e+00   scaled displacement 0.000e+00
 >riskyterm: 16  z: z_173_quad18  card: 1  vars: [('x9', 'x9')]
  j=16 h=0 var=('x9', 'x9') xyval=0.9999592071977097 coeff=4.011296402
  z=-0.01 -> displacement 0.000e+00   scaled displacement 0.000e+00
 >riskyterm: 17  z: z_173_quad19  card: 1  vars: [('x9', 'x11')]
  j=17 h=0 var=('x9', 'x11') xyval=-1.5375584326020444 coeff=2.10591634
  z=0.01 -> displacement 0.000e+00   scaled displacement 0.000e+00
 >riskyterm: 18  z: z_173_quad20  card: 1  vars: [('x9', 'x15')]
  j=18 h=0 var=('x9', 'x15') xyval=-1.6004763994641817 coeff=-3.40738932
  z=-0.01 -> displacement 0.000e+00   scaled displacement 0.000e+00
 >riskyterm: 19  z: z_173_quad21  card: 1  vars: [('x9', 'x17')]
  j=19 h=0 var=('x9', 'x17') xyval=-8.449809813312426 coeff=3.40738932
  z=0.01 -> displacement 0.000e+00   scaled displacement 0.000e+00
 >riskyterm: 20  z: z_173_quad22  card: 1  vars: [('x10', 'x10')]
  j=20 h=0 var=('x10', 'x10') xyval=4.0792802287491546e-05 coeff=4.011296402
  z=-0.01 -> displacement 0.000e+00   scaled displacement 0.000e+00
 >riskyterm: 21  z: z_173_quad23  card: 1  vars: [('x10', 'x11')]
  j=21 h=0 var=('x10', 'x11') xyval=-0.009820469653065059 coeff=-3.40738932
  z=-0.01 -> displacement 0.000e+00   scaled displacement 0.000e+00
 >riskyterm: 22  z: z_173_quad24  card: 1  vars: [('x10', 'x15')]
  j=22 h=0 var=('x10', 'x15') xyval=-0.010222330142462209 coeff=-2.10591634
  z=-0.01 -> displacement 0.000e+00   scaled displacement 0.000e+00
 >riskyterm: 23  z: z_173_quad25  card: 1  vars: [('x10', 'x17')]
  j=23 h=0 var=('x10', 'x17') xyval=-0.053969396600671134 coeff=2.10591634
  z=0.01 -> displacement 0.000e+00   scaled displacement 0.000e+00
 SUMMARY - feat: e188 (>)  Greedy: 0 at term:    L1norm: 0  L2norm: 0  slack: 41.2076  scale: 82.2568
>feat: 174  name: e189  numrisky: 24
 >riskyterm: 0  z: z_174_quad0  card: 1  vars: [('x3', 'x3')]
  j=0 h=0 var=('x3', 'x3') xyval=0.4089109114164637 coeff=3.491341646
  z=-0.01 -> displacement 0.000e+00   scaled displacement 0.000e+00
 >riskyterm: 1  z: z_174_quad1  card: 1  vars: [('x3', 'x5')]
  j=1 h=0 var=('x3', 'x5') xyval=-1.0208897661849805 coeff=-0.33813906
  z=-0.01 -> displacement 0.000e+00   scaled displacement 0.000e+00
 >riskyterm: 2  z: z_174_quad2  card: 1  vars: [('x3', 'x12')]
  j=2 h=0 var=('x3', 'x12') xyval=-0.2685645879376864 coeff=2.378564913
  z=0.01 -> displacement 0.000e+00   scaled displacement 0.000e+00
 >riskyterm: 3  z: z_174_quad3  card: 1  vars: [('x3', 'x13')]
  j=3 h=0 var=('x3', 'x13') xyval=-0.5803309172552539 coeff=4.474404017
  z=0.01 -> displacement 0.000e+00   scaled displacement 0.000e+00
 >riskyterm: 4  z: z_174_quad4  card: 1  vars: [('x3', 'x14')]
  j=4 h=0 var=('x3', 'x14') xyval=-1.065060851291855 coeff=0.33813906
  z=0.01 -> displacement 0.000e+00   scaled displacement 0.000e+00
 >riskyterm: 5  z: z_174_quad5  card: 1  vars: [('x3', 'x15')]
  j=5 h=0 var=('x3', 'x15') xyval=-1.0234637909591835 coeff=3.721697
  z=0.01 -> displacement 0.000e+00   scaled displacement 0.000e+00
 >riskyterm: 6  z: z_174_quad6  card: 1  vars: [('x3', 'x18')]
  j=6 h=0 var=('x3', 'x18') xyval=-3.585277467677394 coeff=-3.721697
  z=-0.01 -> displacement 0.000e+00   scaled displacement 0.000e+00
 >riskyterm: 7  z: z_174_quad7  card: 1  vars: [('x4', 'x4')]
  j=7 h=0 var=('x4', 'x4') xyval=0.5910890885835367 coeff=3.491341646
  z=-0.01 -> displacement 0.000e+00   scaled displacement 0.000e+00
 >riskyterm: 8  z: z_174_quad8  card: 1  vars: [('x4', 'x5')]
  j=8 h=0 var=('x4', 'x5') xyval=1.227413715078837 coeff=-3.721697
  z=0.01 -> displacement 0.000e+00   scaled displacement 0.000e+00
 >riskyterm: 9  z: z_174_quad9  card: 1  vars: [('x4', 'x12')]
  j=9 h=0 var=('x4', 'x12') xyval=0.32289466457388644 coeff=-4.474404017
  z=0.01 -> displacement 0.000e+00   scaled displacement 0.000e+00
 >riskyterm: 10  z: z_174_quad10  card: 1  vars: [('x4', 'x13')]
  j=10 h=0 var=('x4', 'x13') xyval=0.6977306960233683 coeff=2.378564913
  z=-0.01 -> displacement 0.000e+00   scaled displacement 0.000e+00
 >riskyterm: 11  z: z_174_quad11  card: 1  vars: [('x4', 'x14')]
  j=11 h=0 var=('x4', 'x14') xyval=1.2805205219701388 coeff=3.721697
  z=-0.01 -> displacement 0.000e+00   scaled displacement 0.000e+00
 >riskyterm: 12  z: z_174_quad12  card: 1  vars: [('x4', 'x15')]
  j=12 h=0 var=('x4', 'x15') xyval=1.2305084598940543 coeff=-0.33813906
  z=0.01 -> displacement 0.000e+00   scaled displacement 0.000e+00
 >riskyterm: 13  z: z_174_quad13  card: 1  vars: [('x4', 'x18')]
  j=13 h=0 var=('x4', 'x18') xyval=4.3105718971356435 coeff=0.33813906
  z=-0.01 -> displacement 0.000e+00   scaled displacement 0.000e+00
 >riskyterm: 14  z: z_174_quad15  card: 1  vars: [('x5', 'x12')]
  j=14 h=0 var=('x5', 'x12') xyval=0.6705001792090389 coeff=2.26962754
  z=-0.01 -> displacement 0.000e+00   scaled displacement 0.000e+00
 >riskyterm: 15  z: z_174_quad16  card: 1  vars: [('x5', 'x13')]
  j=15 h=0 var=('x5', 'x13') xyval=1.448858120157216 coeff=-1.48442486
  z=0.01 -> displacement 0.000e+00   scaled displacement 0.000e+00
 >riskyterm: 16  z: z_174_quad18  card: 1  vars: [('x12', 'x12')]
  j=16 h=0 var=('x12', 'x12') xyval=0.17638790230442186 coeff=1.838681584
  z=-0.01 -> displacement 0.000e+00   scaled displacement 0.000e+00
 >riskyterm: 17  z: z_174_quad19  card: 1  vars: [('x12', 'x14')]
  j=17 h=0 var=('x12', 'x14') xyval=0.6995108730772841 coeff=-2.26962754
  z=0.01 -> displacement 0.000e+00   scaled displacement 0.000e+00
 >riskyterm: 18  z: z_174_quad20  card: 1  vars: [('x12', 'x15')]
  j=18 h=0 var=('x12', 'x15') xyval=0.6721907477009156 coeff=1.48442486
  z=-0.01 -> displacement 0.000e+00   scaled displacement 0.000e+00
 >riskyterm: 19  z: z_174_quad21  card: 1  vars: [('x12', 'x18')]
  j=19 h=0 var=('x12', 'x18') xyval=2.3547392325962853 coeff=-1.48442486
  z=0.01 -> displacement 0.000e+00   scaled displacement 0.000e+00
 >riskyterm: 20  z: z_174_quad22  card: 1  vars: [('x13', 'x13')]
  j=20 h=0 var=('x13', 'x13') xyval=0.823612097695578 coeff=1.838681584
  z=-0.01 -> displacement 0.000e+00   scaled displacement 0.000e+00
 >riskyterm: 21  z: z_174_quad23  card: 1  vars: [('x13', 'x14')]
  j=21 h=0 var=('x13', 'x14') xyval=1.511546215829295 coeff=1.48442486
  z=-0.01 -> displacement 0.000e+00   scaled displacement 0.000e+00
 >riskyterm: 22  z: z_174_quad24  card: 1  vars: [('x13', 'x15')]
  j=22 h=0 var=('x13', 'x15') xyval=1.4525112047694033 coeff=2.26962754
  z=-0.01 -> displacement 0.000e+00   scaled displacement 0.000e+00
 >riskyterm: 23  z: z_174_quad25  card: 1  vars: [('x13', 'x18')]
  j=23 h=0 var=('x13', 'x18') xyval=5.088265691479037 coeff=-2.26962754
  z=0.01 -> displacement 0.000e+00   scaled displacement 0.000e+00
 SUMMARY - feat: e189 (>)  Greedy: 0 at term:    L1norm: 0  L2norm: 0  slack: 18.0631  scale: 63.6215
>feat: 175  name: e190  numrisky: 24
 >riskyterm: 0  z: z_175_quad0  card: 1  vars: [('x3', 'x3')]
  j=0 h=0 var=('x3', 'x3') xyval=0.4089109114164637 coeff=3.491341646
  z=-0.01 -> displacement 0.000e+00   scaled displacement 0.000e+00
 >riskyterm: 1  z: z_175_quad1  card: 1  vars: [('x3', 'x5')]
  j=1 h=0 var=('x3', 'x5') xyval=-1.0208897661849805 coeff=-0.33813906
  z=-0.01 -> displacement 0.000e+00   scaled displacement 0.000e+00
 >riskyterm: 2  z: z_175_quad2  card: 1  vars: [('x3', 'x6')]
  j=2 h=0 var=('x3', 'x6') xyval=-0.0 coeff=4.47566052
  z=-0.01 -> displacement 0.000e+00   scaled displacement 0.000e+00
 >riskyterm: 3  z: z_175_quad3  card: 1  vars: [('x3', 'x7')]
  j=3 h=0 var=('x3', 'x7') xyval=-0.6394614229306281 coeff=-13.39677465
  z=-0.01 -> displacement 0.000e+00   scaled displacement 0.000e+00
 >riskyterm: 4  z: z_175_quad4  card: 1  vars: [('x3', 'x8')]
  j=4 h=0 var=('x3', 'x8') xyval=-2.2835550282479624 coeff=0.33813906
  z=0.01 -> displacement 0.000e+00   scaled displacement 0.000e+00
 >riskyterm: 5  z: z_175_quad5  card: 1  vars: [('x3', 'x15')]
  j=5 h=0 var=('x3', 'x15') xyval=-1.0234637909591835 coeff=3.721697
  z=0.01 -> displacement 0.000e+00   scaled displacement 0.000e+00
 >riskyterm: 6  z: z_175_quad6  card: 1  vars: [('x3', 'x16')]
  j=6 h=0 var=('x3', 'x16') xyval=-2.523818363544045 coeff=-3.721697
  z=-0.01 -> displacement 0.000e+00   scaled displacement 0.000e+00
 >riskyterm: 7  z: z_175_quad7  card: 1  vars: [('x4', 'x4')]
  j=7 h=0 var=('x4', 'x4') xyval=0.5910890885835367 coeff=3.491341646
  z=-0.01 -> displacement 0.000e+00   scaled displacement 0.000e+00
 >riskyterm: 8  z: z_175_quad8  card: 1  vars: [('x4', 'x5')]
  j=8 h=0 var=('x4', 'x5') xyval=1.227413715078837 coeff=-3.721697
  z=0.01 -> displacement 0.000e+00   scaled displacement 0.000e+00
 >riskyterm: 9  z: z_175_quad9  card: 1  vars: [('x4', 'x6')]
  j=9 h=0 var=('x4', 'x6') xyval=0.0 coeff=13.39677465
  z=-0.01 -> displacement 0.000e+00   scaled displacement 0.000e+00
 >riskyterm: 10  z: z_175_quad10  card: 1  vars: [('x4', 'x7')]
  j=10 h=0 var=('x4', 'x7') xyval=0.7688231842130782 coeff=4.47566052
  z=-0.01 -> displacement 0.000e+00   scaled displacement 0.000e+00
 >riskyterm: 11  z: z_175_quad11  card: 1  vars: [('x4', 'x8')]
  j=11 h=0 var=('x4', 'x8') xyval=2.745513623163231 coeff=3.721697
  z=-0.01 -> displacement 0.000e+00   scaled displacement 0.000e+00
 >riskyterm: 12  z: z_175_quad12  card: 1  vars: [('x4', 'x15')]
  j=12 h=0 var=('x4', 'x15') xyval=1.2305084598940543 coeff=-0.33813906
  z=0.01 -> displacement 0.000e+00   scaled displacement 0.000e+00
 >riskyterm: 13  z: z_175_quad13  card: 1  vars: [('x4', 'x16')]
  j=13 h=0 var=('x4', 'x16') xyval=3.034381748538838 coeff=0.33813906
  z=-0.01 -> displacement 0.000e+00   scaled displacement 0.000e+00
 >riskyterm: 14  z: z_175_quad15  card: 1  vars: [('x5', 'x6')]
  j=14 h=0 var=('x5', 'x6') xyval=0.0 coeff=-7.357076
  z=-0.01 -> displacement 0.000e+00   scaled displacement 0.000e+00
 >riskyterm: 15  z: z_175_quad16  card: 1  vars: [('x5', 'x7')]
  j=15 h=0 var=('x5', 'x7') xyval=1.5964837433136785 coeff=-1.7367363
  z=0.01 -> displacement 0.000e+00   scaled displacement 0.000e+00
 >riskyterm: 16  z: z_175_quad18  card: 1  vars: [('x6', 'x6')]
  j=16 h=0 var=('x6', 'x6') xyval=0.0 coeff=14.28570506
  z=-0.01 -> displacement 0.000e+00   scaled displacement 0.000e+00
 >riskyterm: 17  z: z_175_quad19  card: 1  vars: [('x6', 'x8')]
  j=17 h=0 var=('x6', 'x8') xyval=0.0 coeff=7.357076
  z=-0.01 -> displacement 0.000e+00   scaled displacement 0.000e+00
 >riskyterm: 18  z: z_175_quad20  card: 1  vars: [('x6', 'x15')]
  j=18 h=0 var=('x6', 'x15') xyval=0.0 coeff=1.7367363
  z=-0.01 -> displacement 0.000e+00   scaled displacement 0.000e+00
 >riskyterm: 19  z: z_175_quad21  card: 1  vars: [('x6', 'x16')]
  j=19 h=0 var=('x6', 'x16') xyval=0.0 coeff=-1.7367363
  z=-0.01 -> displacement 0.000e+00   scaled displacement 0.000e+00
 >riskyterm: 20  z: z_175_quad22  card: 1  vars: [('x7', 'x7')]
  j=20 h=0 var=('x7', 'x7') xyval=1.0 coeff=14.28570506
  z=-0.01 -> displacement 0.000e+00   scaled displacement 0.000e+00
 >riskyterm: 21  z: z_175_quad23  card: 1  vars: [('x7', 'x8')]
  j=21 h=0 var=('x7', 'x8') xyval=3.571059873764572 coeff=1.7367363
  z=-0.01 -> displacement 0.000e+00   scaled displacement 0.000e+00
 >riskyterm: 22  z: z_175_quad24  card: 1  vars: [('x7', 'x15')]
  j=22 h=0 var=('x7', 'x15') xyval=1.6005090444216115 coeff=-7.357076
  z=0.01 -> displacement 0.000e+00   scaled displacement 0.000e+00
 >riskyterm: 23  z: z_175_quad25  card: 1  vars: [('x7', 'x16')]
  j=23 h=0 var=('x7', 'x16') xyval=3.94678752 coeff=7.357076
  z=-0.01 -> displacement 0.000e+00   scaled displacement 0.000e+00
 SUMMARY - feat: e190 (>)  Greedy: 0 at term:    L1norm: 0  L2norm: 0  slack: 70.6006  scale: 131.914
>feat: 176  name: e191  numrisky: 24
 >riskyterm: 0  z: z_176_quad0  card: 1  vars: [('x3', 'x3')]
  j=0 h=0 var=('x3', 'x3') xyval=0.4089109114164637 coeff=3.491341646
  z=-0.01 -> displacement 0.000e+00   scaled displacement 0.000e+00
 >riskyterm: 1  z: z_176_quad1  card: 1  vars: [('x3', 'x5')]
  j=1 h=0 var=('x3', 'x5') xyval=-1.0208897661849805 coeff=-0.33813906
  z=-0.01 -> displacement 0.000e+00   scaled displacement 0.000e+00
 >riskyterm: 2  z: z_176_quad2  card: 1  vars: [('x3', 'x9')]
  j=2 h=0 var=('x3', 'x9') xyval=0.6394483800859143 coeff=0.810052091
  z=-0.01 -> displacement 0.000e+00   scaled displacement 0.000e+00
 >riskyterm: 3  z: z_176_quad3  card: 1  vars: [('x3', 'x10')]
  j=3 h=0 var=('x3', 'x10') xyval=0.004084191714722727 coeff=5.697848786
  z=-0.01 -> displacement 0.000e+00   scaled displacement 0.000e+00
 >riskyterm: 4  z: z_176_quad4  card: 1  vars: [('x3', 'x11')]
  j=4 h=0 var=('x3', 'x11') xyval=-0.9832293576956092 coeff=0.33813906
  z=0.01 -> displacement 0.000e+00   scaled displacement 0.000e+00
 >riskyterm: 5  z: z_176_quad5  card: 1  vars: [('x3', 'x15')]
  j=5 h=0 var=('x3', 'x15') xyval=-1.0234637909591835 coeff=3.721697
  z=0.01 -> displacement 0.000e+00   scaled displacement 0.000e+00
 >riskyterm: 6  z: z_176_quad6  card: 1  vars: [('x3', 'x17')]
  j=6 h=0 var=('x3', 'x17') xyval=-5.403437618519153 coeff=-3.721697
  z=-0.01 -> displacement 0.000e+00   scaled displacement 0.000e+00
 >riskyterm: 7  z: z_176_quad7  card: 1  vars: [('x4', 'x4')]
  j=7 h=0 var=('x4', 'x4') xyval=0.5910890885835367 coeff=3.491341646
  z=-0.01 -> displacement 0.000e+00   scaled displacement 0.000e+00
 >riskyterm: 8  z: z_176_quad8  card: 1  vars: [('x4', 'x5')]
  j=8 h=0 var=('x4', 'x5') xyval=1.227413715078837 coeff=-3.721697
  z=0.01 -> displacement 0.000e+00   scaled displacement 0.000e+00
 >riskyterm: 9  z: z_176_quad9  card: 1  vars: [('x4', 'x9')]
  j=9 h=0 var=('x4', 'x9') xyval=-0.7688075028270797 coeff=-5.697848786
  z=-0.01 -> displacement 0.000e+00   scaled displacement 0.000e+00
 >riskyterm: 10  z: z_176_quad10  card: 1  vars: [('x4', 'x10')]
  j=10 h=0 var=('x4', 'x10') xyval=-0.004910415494118781 coeff=0.810052091
  z=0.01 -> displacement 0.000e+00   scaled displacement 0.000e+00
 >riskyterm: 11  z: z_176_quad11  card: 1  vars: [('x4', 'x11')]
  j=11 h=0 var=('x4', 'x11') xyval=1.1821346816058438 coeff=3.721697
  z=-0.01 -> displacement 0.000e+00   scaled displacement 0.000e+00
 >riskyterm: 12  z: z_176_quad12  card: 1  vars: [('x4', 'x15')]
  j=12 h=0 var=('x4', 'x15') xyval=1.2305084598940543 coeff=-0.33813906
  z=0.01 -> displacement 0.000e+00   scaled displacement 0.000e+00
 >riskyterm: 13  z: z_176_quad13  card: 1  vars: [('x4', 'x17')]
  j=13 h=0 var=('x4', 'x17') xyval=6.496542194097773 coeff=0.33813906
  z=-0.01 -> displacement 0.000e+00   scaled displacement 0.000e+00
 >riskyterm: 14  z: z_176_quad15  card: 1  vars: [('x5', 'x9')]
  j=14 h=0 var=('x5', 'x9') xyval=-1.5964511804587422 coeff=2.9976666
  z=0.01 -> displacement 0.000e+00   scaled displacement 0.000e+00
 >riskyterm: 15  z: z_176_quad16  card: 1  vars: [('x5', 'x10')]
  j=15 h=0 var=('x5', 'x10') xyval=-0.010196620848914931 coeff=-0.70766974
  z=-0.01 -> displacement 0.000e+00   scaled displacement 0.000e+00
 >riskyterm: 16  z: z_176_quad18  card: 1  vars: [('x9', 'x9')]
  j=16 h=0 var=('x9', 'x9') xyval=0.9999592071977097 coeff=2.371700376
  z=-0.01 -> displacement 0.000e+00   scaled displacement 0.000e+00
 >riskyterm: 17  z: z_176_quad19  card: 1  vars: [('x9', 'x11')]
  j=17 h=0 var=('x9', 'x11') xyval=-1.5375584326020444 coeff=-2.9976666
  z=-0.01 -> displacement 0.000e+00   scaled displacement 0.000e+00
 >riskyterm: 18  z: z_176_quad20  card: 1  vars: [('x9', 'x15')]
  j=18 h=0 var=('x9', 'x15') xyval=-1.6004763994641817 coeff=0.70766974
  z=0.01 -> displacement 0.000e+00   scaled displacement 0.000e+00
 >riskyterm: 19  z: z_176_quad21  card: 1  vars: [('x9', 'x17')]
  j=19 h=0 var=('x9', 'x17') xyval=-8.449809813312426 coeff=-0.70766974
  z=-0.01 -> displacement 0.000e+00   scaled displacement 0.000e+00
 >riskyterm: 20  z: z_176_quad22  card: 1  vars: [('x10', 'x10')]
  j=20 h=0 var=('x10', 'x10') xyval=4.0792802287491546e-05 coeff=2.371700376
  z=-0.01 -> displacement 0.000e+00   scaled displacement 0.000e+00
 >riskyterm: 21  z: z_176_quad23  card: 1  vars: [('x10', 'x11')]
  j=21 h=0 var=('x10', 'x11') xyval=-0.009820469653065059 coeff=0.70766974
  z=0.01 -> displacement 0.000e+00   scaled displacement 0.000e+00
 >riskyterm: 22  z: z_176_quad24  card: 1  vars: [('x10', 'x15')]
  j=22 h=0 var=('x10', 'x15') xyval=-0.010222330142462209 coeff=2.9976666
  z=0.01 -> displacement 0.000e+00   scaled displacement 0.000e+00
 >riskyterm: 23  z: z_176_quad25  card: 1  vars: [('x10', 'x17')]
  j=23 h=0 var=('x10', 'x17') xyval=-0.053969396600671134 coeff=-2.9976666
  z=-0.01 -> displacement 0.000e+00   scaled displacement 0.000e+00
 SUMMARY - feat: e191 (>)  Greedy: 0 at term:    L1norm: 0  L2norm: 0  slack: 78.3315  scale: 63.8026
>feat: 177  name: e192  numrisky: 24
 >riskyterm: 0  z: z_177_quad0  card: 1  vars: [('x3', 'x3')]
  j=0 h=0 var=('x3', 'x3') xyval=0.4089109114164637 coeff=3.491341646
  z=-0.01 -> displacement 0.000e+00   scaled displacement 0.000e+00
 >riskyterm: 1  z: z_177_quad1  card: 1  vars: [('x3', 'x5')]
  j=1 h=0 var=('x3', 'x5') xyval=-1.0208897661849805 coeff=-0.33813906
  z=-0.01 -> displacement 0.000e+00   scaled displacement 0.000e+00
 >riskyterm: 2  z: z_177_quad2  card: 1  vars: [('x3', 'x12')]
  j=2 h=0 var=('x3', 'x12') xyval=-0.2685645879376864 coeff=3.628000587
  z=0.01 -> displacement 0.000e+00   scaled displacement 0.000e+00
 >riskyterm: 3  z: z_177_quad3  card: 1  vars: [('x3', 'x13')]
  j=3 h=0 var=('x3', 'x13') xyval=-0.5803309172552539 coeff=-8.293798851
  z=-0.01 -> displacement 0.000e+00   scaled displacement 0.000e+00
 >riskyterm: 4  z: z_177_quad4  card: 1  vars: [('x3', 'x14')]
  j=4 h=0 var=('x3', 'x14') xyval=-1.065060851291855 coeff=0.33813906
  z=0.01 -> displacement 0.000e+00   scaled displacement 0.000e+00
 >riskyterm: 5  z: z_177_quad5  card: 1  vars: [('x3', 'x15')]
  j=5 h=0 var=('x3', 'x15') xyval=-1.0234637909591835 coeff=3.721697
  z=0.01 -> displacement 0.000e+00   scaled displacement 0.000e+00
 >riskyterm: 6  z: z_177_quad6  card: 1  vars: [('x3', 'x18')]
  j=6 h=0 var=('x3', 'x18') xyval=-3.585277467677394 coeff=-3.721697
  z=-0.01 -> displacement 0.000e+00   scaled displacement 0.000e+00
 >riskyterm: 7  z: z_177_quad7  card: 1  vars: [('x4', 'x4')]
  j=7 h=0 var=('x4', 'x4') xyval=0.5910890885835367 coeff=3.491341646
  z=-0.01 -> displacement 0.000e+00   scaled displacement 0.000e+00
 >riskyterm: 8  z: z_177_quad8  card: 1  vars: [('x4', 'x5')]
  j=8 h=0 var=('x4', 'x5') xyval=1.227413715078837 coeff=-3.721697
  z=0.01 -> displacement 0.000e+00   scaled displacement 0.000e+00
 >riskyterm: 9  z: z_177_quad9  card: 1  vars: [('x4', 'x12')]
  j=9 h=0 var=('x4', 'x12') xyval=0.32289466457388644 coeff=8.293798851
  z=-0.01 -> displacement 0.000e+00   scaled displacement 0.000e+00
 >riskyterm: 10  z: z_177_quad10  card: 1  vars: [('x4', 'x13')]
  j=10 h=0 var=('x4', 'x13') xyval=0.6977306960233683 coeff=3.628000587
  z=-0.01 -> displacement 0.000e+00   scaled displacement 0.000e+00
 >riskyterm: 11  z: z_177_quad11  card: 1  vars: [('x4', 'x14')]
  j=11 h=0 var=('x4', 'x14') xyval=1.2805205219701388 coeff=3.721697
  z=-0.01 -> displacement 0.000e+00   scaled displacement 0.000e+00
 >riskyterm: 12  z: z_177_quad12  card: 1  vars: [('x4', 'x15')]
  j=12 h=0 var=('x4', 'x15') xyval=1.2305084598940543 coeff=-0.33813906
  z=0.01 -> displacement 0.000e+00   scaled displacement 0.000e+00
 >riskyterm: 13  z: z_177_quad13  card: 1  vars: [('x4', 'x18')]
  j=13 h=0 var=('x4', 'x18') xyval=4.3105718971356435 coeff=0.33813906
  z=-0.01 -> displacement 0.000e+00   scaled displacement 0.000e+00
 >riskyterm: 14  z: z_177_quad15  card: 1  vars: [('x5', 'x12')]
  j=14 h=0 var=('x5', 'x12') xyval=0.6705001792090389 coeff=-4.59619514
  z=0.01 -> displacement 0.000e+00   scaled displacement 0.000e+00
 >riskyterm: 15  z: z_177_quad16  card: 1  vars: [('x5', 'x13')]
  j=15 h=0 var=('x5', 'x13') xyval=1.448858120157216 coeff=-1.53205596
  z=0.01 -> displacement 0.000e+00   scaled displacement 0.000e+00
 >riskyterm: 16  z: z_177_quad18  card: 1  vars: [('x12', 'x12')]
  j=16 h=0 var=('x12', 'x12') xyval=0.17638790230442186 coeff=5.868051307
  z=-0.01 -> displacement 0.000e+00   scaled displacement 0.000e+00
 >riskyterm: 17  z: z_177_quad19  card: 1  vars: [('x12', 'x14')]
  j=17 h=0 var=('x12', 'x14') xyval=0.6995108730772841 coeff=4.59619514
  z=-0.01 -> displacement 0.000e+00   scaled displacement 0.000e+00
 >riskyterm: 18  z: z_177_quad20  card: 1  vars: [('x12', 'x15')]
  j=18 h=0 var=('x12', 'x15') xyval=0.6721907477009156 coeff=1.53205596
  z=-0.01 -> displacement 0.000e+00   scaled displacement 0.000e+00
 >riskyterm: 19  z: z_177_quad21  card: 1  vars: [('x12', 'x18')]
  j=19 h=0 var=('x12', 'x18') xyval=2.3547392325962853 coeff=-1.53205596
  z=0.01 -> displacement 0.000e+00   scaled displacement 0.000e+00
 >riskyterm: 20  z: z_177_quad22  card: 1  vars: [('x13', 'x13')]
  j=20 h=0 var=('x13', 'x13') xyval=0.823612097695578 coeff=5.868051307
  z=-0.01 -> displacement 0.000e+00   scaled displacement 0.000e+00
 >riskyterm: 21  z: z_177_quad23  card: 1  vars: [('x13', 'x14')]
  j=21 h=0 var=('x13', 'x14') xyval=1.511546215829295 coeff=1.53205596
  z=-0.01 -> displacement 0.000e+00   scaled displacement 0.000e+00
 >riskyterm: 22  z: z_177_quad24  card: 1  vars: [('x13', 'x15')]
  j=22 h=0 var=('x13', 'x15') xyval=1.4525112047694033 coeff=-4.59619514
  z=0.01 -> displacement 0.000e+00   scaled displacement 0.000e+00
 >riskyterm: 23  z: z_177_quad25  card: 1  vars: [('x13', 'x18')]
  j=23 h=0 var=('x13', 'x18') xyval=5.088265691479037 coeff=4.59619514
  z=-0.01 -> displacement 0.000e+00   scaled displacement 0.000e+00
 SUMMARY - feat: e192 (>)  Greedy: 0 at term:    L1norm: 0  L2norm: 0  slack: 59.2728  scale: 91.3147
>feat: 178  name: e193  numrisky: 24
 >riskyterm: 0  z: z_178_quad0  card: 1  vars: [('x3', 'x3')]
  j=0 h=0 var=('x3', 'x3') xyval=0.4089109114164637 coeff=3.491341646
  z=-0.01 -> displacement 0.000e+00   scaled displacement 0.000e+00
 >riskyterm: 1  z: z_178_quad1  card: 1  vars: [('x3', 'x5')]
  j=1 h=0 var=('x3', 'x5') xyval=-1.0208897661849805 coeff=-0.33813906
  z=-0.01 -> displacement 0.000e+00   scaled displacement 0.000e+00
 >riskyterm: 2  z: z_178_quad2  card: 1  vars: [('x3', 'x6')]
  j=2 h=0 var=('x3', 'x6') xyval=-0.0 coeff=5.555249733
  z=-0.01 -> displacement 0.000e+00   scaled displacement 0.000e+00
 >riskyterm: 3  z: z_178_quad3  card: 1  vars: [('x3', 'x7')]
  j=3 h=0 var=('x3', 'x7') xyval=-0.6394614229306281 coeff=-16.62839428
  z=-0.01 -> displacement 0.000e+00   scaled displacement 0.000e+00
 >riskyterm: 4  z: z_178_quad4  card: 1  vars: [('x3', 'x8')]
  j=4 h=0 var=('x3', 'x8') xyval=-2.2835550282479624 coeff=0.33813906
  z=0.01 -> displacement 0.000e+00   scaled displacement 0.000e+00
 >riskyterm: 5  z: z_178_quad5  card: 1  vars: [('x3', 'x15')]
  j=5 h=0 var=('x3', 'x15') xyval=-1.0234637909591835 coeff=3.721697
  z=0.01 -> displacement 0.000e+00   scaled displacement 0.000e+00
 >riskyterm: 6  z: z_178_quad6  card: 1  vars: [('x3', 'x16')]
  j=6 h=0 var=('x3', 'x16') xyval=-2.523818363544045 coeff=-3.721697
  z=-0.01 -> displacement 0.000e+00   scaled displacement 0.000e+00
 >riskyterm: 7  z: z_178_quad7  card: 1  vars: [('x4', 'x4')]
  j=7 h=0 var=('x4', 'x4') xyval=0.5910890885835367 coeff=3.491341646
  z=-0.01 -> displacement 0.000e+00   scaled displacement 0.000e+00
 >riskyterm: 8  z: z_178_quad8  card: 1  vars: [('x4', 'x5')]
  j=8 h=0 var=('x4', 'x5') xyval=1.227413715078837 coeff=-3.721697
  z=0.01 -> displacement 0.000e+00   scaled displacement 0.000e+00
 >riskyterm: 9  z: z_178_quad9  card: 1  vars: [('x4', 'x6')]
  j=9 h=0 var=('x4', 'x6') xyval=0.0 coeff=16.62839428
  z=-0.01 -> displacement 0.000e+00   scaled displacement 0.000e+00
 >riskyterm: 10  z: z_178_quad10  card: 1  vars: [('x4', 'x7')]
  j=10 h=0 var=('x4', 'x7') xyval=0.7688231842130782 coeff=5.555249733
  z=-0.01 -> displacement 0.000e+00   scaled displacement 0.000e+00
 >riskyterm: 11  z: z_178_quad11  card: 1  vars: [('x4', 'x8')]
  j=11 h=0 var=('x4', 'x8') xyval=2.745513623163231 coeff=3.721697
  z=-0.01 -> displacement 0.000e+00   scaled displacement 0.000e+00
 >riskyterm: 12  z: z_178_quad12  card: 1  vars: [('x4', 'x15')]
  j=12 h=0 var=('x4', 'x15') xyval=1.2305084598940543 coeff=-0.33813906
  z=0.01 -> displacement 0.000e+00   scaled displacement 0.000e+00
 >riskyterm: 13  z: z_178_quad13  card: 1  vars: [('x4', 'x16')]
  j=13 h=0 var=('x4', 'x16') xyval=3.034381748538838 coeff=0.33813906
  z=-0.01 -> displacement 0.000e+00   scaled displacement 0.000e+00
 >riskyterm: 14  z: z_178_quad15  card: 1  vars: [('x5', 'x6')]
  j=14 h=0 var=('x5', 'x6') xyval=0.0 coeff=-9.1317749
  z=-0.01 -> displacement 0.000e+00   scaled displacement 0.000e+00
 >riskyterm: 15  z: z_178_quad16  card: 1  vars: [('x5', 'x7')]
  j=15 h=0 var=('x5', 'x7') xyval=1.5964837433136785 coeff=-2.15565364
  z=0.01 -> displacement 0.000e+00   scaled displacement 0.000e+00
 >riskyterm: 16  z: z_178_quad18  card: 1  vars: [('x6', 'x6')]
  j=16 h=0 var=('x6', 'x6') xyval=0.0 coeff=22.00903886
  z=-0.01 -> displacement 0.000e+00   scaled displacement 0.000e+00
 >riskyterm: 17  z: z_178_quad19  card: 1  vars: [('x6', 'x8')]
  j=17 h=0 var=('x6', 'x8') xyval=0.0 coeff=9.1317749
  z=-0.01 -> displacement 0.000e+00   scaled displacement 0.000e+00
 >riskyterm: 18  z: z_178_quad20  card: 1  vars: [('x6', 'x15')]
  j=18 h=0 var=('x6', 'x15') xyval=0.0 coeff=2.15565364
  z=-0.01 -> displacement 0.000e+00   scaled displacement 0.000e+00
 >riskyterm: 19  z: z_178_quad21  card: 1  vars: [('x6', 'x16')]
  j=19 h=0 var=('x6', 'x16') xyval=0.0 coeff=-2.15565364
  z=-0.01 -> displacement 0.000e+00   scaled displacement 0.000e+00
 >riskyterm: 20  z: z_178_quad22  card: 1  vars: [('x7', 'x7')]
  j=20 h=0 var=('x7', 'x7') xyval=1.0 coeff=22.00903886
  z=-0.01 -> displacement 0.000e+00   scaled displacement 0.000e+00
 >riskyterm: 21  z: z_178_quad23  card: 1  vars: [('x7', 'x8')]
  j=21 h=0 var=('x7', 'x8') xyval=3.571059873764572 coeff=2.15565364
  z=-0.01 -> displacement 0.000e+00   scaled displacement 0.000e+00
 >riskyterm: 22  z: z_178_quad24  card: 1  vars: [('x7', 'x15')]
  j=22 h=0 var=('x7', 'x15') xyval=1.6005090444216115 coeff=-9.1317749
  z=0.01 -> displacement 0.000e+00   scaled displacement 0.000e+00
 >riskyterm: 23  z: z_178_quad25  card: 1  vars: [('x7', 'x16')]
  j=23 h=0 var=('x7', 'x16') xyval=3.94678752 coeff=9.1317749
  z=-0.01 -> displacement 0.000e+00   scaled displacement 0.000e+00
 SUMMARY - feat: e193 (>)  Greedy: 0 at term:    L1norm: 0  L2norm: 0  slack: 86.5172  scale: 164.757
>feat: 179  name: e194  numrisky: 24
 >riskyterm: 0  z: z_179_quad0  card: 1  vars: [('x3', 'x3')]
  j=0 h=0 var=('x3', 'x3') xyval=0.4089109114164637 coeff=3.491341646
  z=-0.01 -> displacement 0.000e+00   scaled displacement 0.000e+00
 >riskyterm: 1  z: z_179_quad1  card: 1  vars: [('x3', 'x5')]
  j=1 h=0 var=('x3', 'x5') xyval=-1.0208897661849805 coeff=-0.33813906
  z=-0.01 -> displacement 0.000e+00   scaled displacement 0.000e+00
 >riskyterm: 2  z: z_179_quad2  card: 1  vars: [('x3', 'x9')]
  j=2 h=0 var=('x3', 'x9') xyval=0.6394483800859143 coeff=5.138715278
  z=-0.01 -> displacement 0.000e+00   scaled displacement 0.000e+00
 >riskyterm: 3  z: z_179_quad3  card: 1  vars: [('x3', 'x10')]
  j=3 h=0 var=('x3', 'x10') xyval=0.004084191714722727 coeff=-4.282614963
  z=0.01 -> displacement 0.000e+00   scaled displacement 0.000e+00
 >riskyterm: 4  z: z_179_quad4  card: 1  vars: [('x3', 'x11')]
  j=4 h=0 var=('x3', 'x11') xyval=-0.9832293576956092 coeff=0.33813906
  z=0.01 -> displacement 0.000e+00   scaled displacement 0.000e+00
 >riskyterm: 5  z: z_179_quad5  card: 1  vars: [('x3', 'x15')]
  j=5 h=0 var=('x3', 'x15') xyval=-1.0234637909591835 coeff=3.721697
  z=0.01 -> displacement 0.000e+00   scaled displacement 0.000e+00
 >riskyterm: 6  z: z_179_quad6  card: 1  vars: [('x3', 'x17')]
  j=6 h=0 var=('x3', 'x17') xyval=-5.403437618519153 coeff=-3.721697
  z=-0.01 -> displacement 0.000e+00   scaled displacement 0.000e+00
 >riskyterm: 7  z: z_179_quad7  card: 1  vars: [('x4', 'x4')]
  j=7 h=0 var=('x4', 'x4') xyval=0.5910890885835367 coeff=3.491341646
  z=-0.01 -> displacement 0.000e+00   scaled displacement 0.000e+00
 >riskyterm: 8  z: z_179_quad8  card: 1  vars: [('x4', 'x5')]
  j=8 h=0 var=('x4', 'x5') xyval=1.227413715078837 coeff=-3.721697
  z=0.01 -> displacement 0.000e+00   scaled displacement 0.000e+00
 >riskyterm: 9  z: z_179_quad9  card: 1  vars: [('x4', 'x9')]
  j=9 h=0 var=('x4', 'x9') xyval=-0.7688075028270797 coeff=4.282614963
  z=0.01 -> displacement 0.000e+00   scaled displacement 0.000e+00
 >riskyterm: 10  z: z_179_quad10  card: 1  vars: [('x4', 'x10')]
  j=10 h=0 var=('x4', 'x10') xyval=-0.004910415494118781 coeff=5.138715278
  z=0.01 -> displacement 0.000e+00   scaled displacement 0.000e+00
 >riskyterm: 11  z: z_179_quad11  card: 1  vars: [('x4', 'x11')]
  j=11 h=0 var=('x4', 'x11') xyval=1.1821346816058438 coeff=3.721697
  z=-0.01 -> displacement 0.000e+00   scaled displacement 0.000e+00
 >riskyterm: 12  z: z_179_quad12  card: 1  vars: [('x4', 'x15')]
  j=12 h=0 var=('x4', 'x15') xyval=1.2305084598940543 coeff=-0.33813906
  z=0.01 -> displacement 0.000e+00   scaled displacement 0.000e+00
 >riskyterm: 13  z: z_179_quad13  card: 1  vars: [('x4', 'x17')]
  j=13 h=0 var=('x4', 'x17') xyval=6.496542194097773 coeff=0.33813906
  z=-0.01 -> displacement 0.000e+00   scaled displacement 0.000e+00
 >riskyterm: 14  z: z_179_quad15  card: 1  vars: [('x5', 'x9')]
  j=14 h=0 var=('x5', 'x9') xyval=-1.5964511804587422 coeff=-2.5314331
  z=-0.01 -> displacement 0.000e+00   scaled displacement 0.000e+00
 >riskyterm: 15  z: z_179_quad16  card: 1  vars: [('x5', 'x10')]
  j=15 h=0 var=('x5', 'x10') xyval=-0.010196620848914931 coeff=-2.53149414
  z=-0.01 -> displacement 0.000e+00   scaled displacement 0.000e+00
 >riskyterm: 16  z: z_179_quad18  card: 1  vars: [('x9', 'x9')]
  j=16 h=0 var=('x9', 'x9') xyval=0.9999592071977097 coeff=3.20415403
  z=-0.01 -> displacement 0.000e+00   scaled displacement 0.000e+00
 >riskyterm: 17  z: z_179_quad19  card: 1  vars: [('x9', 'x11')]
  j=17 h=0 var=('x9', 'x11') xyval=-1.5375584326020444 coeff=2.5314331
  z=0.01 -> displacement 0.000e+00   scaled displacement 0.000e+00
 >riskyterm: 18  z: z_179_quad20  card: 1  vars: [('x9', 'x15')]
  j=18 h=0 var=('x9', 'x15') xyval=-1.6004763994641817 coeff=2.53149414
  z=0.01 -> displacement 0.000e+00   scaled displacement 0.000e+00
 >riskyterm: 19  z: z_179_quad21  card: 1  vars: [('x9', 'x17')]
  j=19 h=0 var=('x9', 'x17') xyval=-8.449809813312426 coeff=-2.53149414
  z=-0.01 -> displacement 0.000e+00   scaled displacement 0.000e+00
 >riskyterm: 20  z: z_179_quad22  card: 1  vars: [('x10', 'x10')]
  j=20 h=0 var=('x10', 'x10') xyval=4.0792802287491546e-05 coeff=3.20415403
  z=-0.01 -> displacement 0.000e+00   scaled displacement 0.000e+00
 >riskyterm: 21  z: z_179_quad23  card: 1  vars: [('x10', 'x11')]
  j=21 h=0 var=('x10', 'x11') xyval=-0.009820469653065059 coeff=2.53149414
  z=0.01 -> displacement 0.000e+00   scaled displacement 0.000e+00
 >riskyterm: 22  z: z_179_quad24  card: 1  vars: [('x10', 'x15')]
  j=22 h=0 var=('x10', 'x15') xyval=-0.010222330142462209 coeff=-2.5314331
  z=-0.01 -> displacement 0.000e+00   scaled displacement 0.000e+00
 >riskyterm: 23  z: z_179_quad25  card: 1  vars: [('x10', 'x17')]
  j=23 h=0 var=('x10', 'x17') xyval=-0.053969396600671134 coeff=2.5314331
  z=0.01 -> displacement 0.000e+00   scaled displacement 0.000e+00
 SUMMARY - feat: e194 (>)  Greedy: 0 at term:    L1norm: 0  L2norm: 0  slack: 88.582  scale: 76.7247
>feat: 180  name: e195  numrisky: 24
 >riskyterm: 0  z: z_180_quad0  card: 1  vars: [('x3', 'x3')]
  j=0 h=0 var=('x3', 'x3') xyval=0.4089109114164637 coeff=3.491341646
  z=-0.01 -> displacement 0.000e+00   scaled displacement 0.000e+00
 >riskyterm: 1  z: z_180_quad1  card: 1  vars: [('x3', 'x5')]
  j=1 h=0 var=('x3', 'x5') xyval=-1.0208897661849805 coeff=-0.33813906
  z=-0.01 -> displacement 0.000e+00   scaled displacement 0.000e+00
 >riskyterm: 2  z: z_180_quad2  card: 1  vars: [('x3', 'x12')]
  j=2 h=0 var=('x3', 'x12') xyval=-0.2685645879376864 coeff=-4.7705573
  z=-0.01 -> displacement 0.000e+00   scaled displacement 0.000e+00
 >riskyterm: 3  z: z_180_quad3  card: 1  vars: [('x3', 'x13')]
  j=3 h=0 var=('x3', 'x13') xyval=-0.5803309172552539 coeff=0.8032898912
  z=0.01 -> displacement 0.000e+00   scaled displacement 0.000e+00
 >riskyterm: 4  z: z_180_quad4  card: 1  vars: [('x3', 'x14')]
  j=4 h=0 var=('x3', 'x14') xyval=-1.065060851291855 coeff=0.33813906
  z=0.01 -> displacement 0.000e+00   scaled displacement 0.000e+00
 >riskyterm: 5  z: z_180_quad5  card: 1  vars: [('x3', 'x15')]
  j=5 h=0 var=('x3', 'x15') xyval=-1.0234637909591835 coeff=3.721697
  z=0.01 -> displacement 0.000e+00   scaled displacement 0.000e+00
 >riskyterm: 6  z: z_180_quad6  card: 1  vars: [('x3', 'x18')]
  j=6 h=0 var=('x3', 'x18') xyval=-3.585277467677394 coeff=-3.721697
  z=-0.01 -> displacement 0.000e+00   scaled displacement 0.000e+00
 >riskyterm: 7  z: z_180_quad7  card: 1  vars: [('x4', 'x4')]
  j=7 h=0 var=('x4', 'x4') xyval=0.5910890885835367 coeff=3.491341646
  z=-0.01 -> displacement 0.000e+00   scaled displacement 0.000e+00
 >riskyterm: 8  z: z_180_quad8  card: 1  vars: [('x4', 'x5')]
  j=8 h=0 var=('x4', 'x5') xyval=1.227413715078837 coeff=-3.721697
  z=0.01 -> displacement 0.000e+00   scaled displacement 0.000e+00
 >riskyterm: 9  z: z_180_quad9  card: 1  vars: [('x4', 'x12')]
  j=9 h=0 var=('x4', 'x12') xyval=0.32289466457388644 coeff=-0.8032898912
  z=0.01 -> displacement 0.000e+00   scaled displacement 0.000e+00
 >riskyterm: 10  z: z_180_quad10  card: 1  vars: [('x4', 'x13')]
  j=10 h=0 var=('x4', 'x13') xyval=0.6977306960233683 coeff=-4.7705573
  z=0.01 -> displacement 0.000e+00   scaled displacement 0.000e+00
 >riskyterm: 11  z: z_180_quad11  card: 1  vars: [('x4', 'x14')]
  j=11 h=0 var=('x4', 'x14') xyval=1.2805205219701388 coeff=3.721697
  z=-0.01 -> displacement 0.000e+00   scaled displacement 0.000e+00
 >riskyterm: 12  z: z_180_quad12  card: 1  vars: [('x4', 'x15')]
  j=12 h=0 var=('x4', 'x15') xyval=1.2305084598940543 coeff=-0.33813906
  z=0.01 -> displacement 0.000e+00   scaled displacement 0.000e+00
 >riskyterm: 13  z: z_180_quad13  card: 1  vars: [('x4', 'x18')]
  j=13 h=0 var=('x4', 'x18') xyval=4.3105718971356435 coeff=0.33813906
  z=-0.01 -> displacement 0.000e+00   scaled displacement 0.000e+00
 >riskyterm: 14  z: z_180_quad15  card: 1  vars: [('x5', 'x12')]
  j=14 h=0 var=('x5', 'x12') xyval=0.6705001792090389 coeff=0.65916112
  z=-0.01 -> displacement 0.000e+00   scaled displacement 0.000e+00
 >riskyterm: 15  z: z_180_quad16  card: 1  vars: [('x5', 'x13')]
  j=15 h=0 var=('x5', 'x13') xyval=1.448858120157216 coeff=2.50375742
  z=-0.01 -> displacement 0.000e+00   scaled displacement 0.000e+00
 >riskyterm: 16  z: z_180_quad18  card: 1  vars: [('x12', 'x12')]
  j=16 h=0 var=('x12', 'x12') xyval=0.17638790230442186 coeff=1.67582365
  z=-0.01 -> displacement 0.000e+00   scaled displacement 0.000e+00
 >riskyterm: 17  z: z_180_quad19  card: 1  vars: [('x12', 'x14')]
  j=17 h=0 var=('x12', 'x14') xyval=0.6995108730772841 coeff=-0.65916112
  z=0.01 -> displacement 0.000e+00   scaled displacement 0.000e+00
 >riskyterm: 18  z: z_180_quad20  card: 1  vars: [('x12', 'x15')]
  j=18 h=0 var=('x12', 'x15') xyval=0.6721907477009156 coeff=-2.50375742
  z=0.01 -> displacement 0.000e+00   scaled displacement 0.000e+00
 >riskyterm: 19  z: z_180_quad21  card: 1  vars: [('x12', 'x18')]
  j=19 h=0 var=('x12', 'x18') xyval=2.3547392325962853 coeff=2.50375742
  z=-0.01 -> displacement 0.000e+00   scaled displacement 0.000e+00
 >riskyterm: 20  z: z_180_quad22  card: 1  vars: [('x13', 'x13')]
  j=20 h=0 var=('x13', 'x13') xyval=0.823612097695578 coeff=1.67582365
  z=-0.01 -> displacement 0.000e+00   scaled displacement 0.000e+00
 >riskyterm: 21  z: z_180_quad23  card: 1  vars: [('x13', 'x14')]
  j=21 h=0 var=('x13', 'x14') xyval=1.511546215829295 coeff=-2.50375742
  z=0.01 -> displacement 0.000e+00   scaled displacement 0.000e+00
 >riskyterm: 22  z: z_180_quad24  card: 1  vars: [('x13', 'x15')]
  j=22 h=0 var=('x13', 'x15') xyval=1.4525112047694033 coeff=0.65916112
  z=-0.01 -> displacement 0.000e+00   scaled displacement 0.000e+00
 >riskyterm: 23  z: z_180_quad25  card: 1  vars: [('x13', 'x18')]
  j=23 h=0 var=('x13', 'x18') xyval=5.088265691479037 coeff=-0.65916112
  z=0.01 -> displacement 0.000e+00   scaled displacement 0.000e+00
 SUMMARY - feat: e195 (>)  Greedy: 0 at term:    L1norm: 0  L2norm: 0  slack: 30.5778  scale: 58.373
>feat: 181  name: e196  numrisky: 10
 >riskyterm: 0  z: z_181_quad0  card: 1  vars: [('x6', 'x6')]
  j=0 h=0 var=('x6', 'x6') xyval=0.0 coeff=22.00903886
  z=-0.01 -> displacement 0.000e+00   scaled displacement 0.000e+00
 >riskyterm: 1  z: z_181_quad1  card: 1  vars: [('x6', 'x8')]
  j=1 h=0 var=('x6', 'x8') xyval=0.0 coeff=9.1317749
  z=-0.01 -> displacement 0.000e+00   scaled displacement 0.000e+00
 >riskyterm: 2  z: z_181_quad2  card: 1  vars: [('x6', 'x11')]
  j=2 h=0 var=('x6', 'x11') xyval=0.0 coeff=-9.1317749
  z=-0.01 -> displacement 0.000e+00   scaled displacement 0.000e+00
 >riskyterm: 3  z: z_181_quad3  card: 1  vars: [('x6', 'x16')]
  j=3 h=0 var=('x6', 'x16') xyval=0.0 coeff=-2.15565364
  z=-0.01 -> displacement 0.000e+00   scaled displacement 0.000e+00
 >riskyterm: 4  z: z_181_quad4  card: 1  vars: [('x6', 'x17')]
  j=4 h=0 var=('x6', 'x17') xyval=0.0 coeff=2.15565364
  z=-0.01 -> displacement 0.000e+00   scaled displacement 0.000e+00
 >riskyterm: 5  z: z_181_quad5  card: 1  vars: [('x7', 'x7')]
  j=5 h=0 var=('x7', 'x7') xyval=1.0 coeff=22.00903886
  z=-0.01 -> displacement 0.000e+00   scaled displacement 0.000e+00
 >riskyterm: 6  z: z_181_quad6  card: 1  vars: [('x7', 'x8')]
  j=6 h=0 var=('x7', 'x8') xyval=3.571059873764572 coeff=2.15565364
  z=-0.01 -> displacement 0.000e+00   scaled displacement 0.000e+00
 >riskyterm: 7  z: z_181_quad7  card: 1  vars: [('x7', 'x11')]
  j=7 h=0 var=('x7', 'x11') xyval=1.5375897942201193 coeff=-2.15565364
  z=0.01 -> displacement 0.000e+00   scaled displacement 0.000e+00
 >riskyterm: 8  z: z_181_quad8  card: 1  vars: [('x7', 'x16')]
  j=8 h=0 var=('x7', 'x16') xyval=3.94678752 coeff=9.1317749
  z=-0.01 -> displacement 0.000e+00   scaled displacement 0.000e+00
 >riskyterm: 9  z: z_181_quad9  card: 1  vars: [('x7', 'x17')]
  j=9 h=0 var=('x7', 'x17') xyval=8.449982164296006 coeff=-9.1317749
  z=0.01 -> displacement 0.000e+00   scaled displacement 0.000e+00
 SUMMARY - feat: e196 (>)  Greedy: 0 at term:    L1norm: 0  L2norm: 0  slack: 6.15359  scale: 97.1678
>feat: 182  name: e197  numrisky: 10
 >riskyterm: 0  z: z_182_quad0  card: 1  vars: [('x6', 'x6')]
  j=0 h=0 var=('x6', 'x6') xyval=0.0 coeff=22.00903886
  z=-0.01 -> displacement 0.000e+00   scaled displacement 0.000e+00
 >riskyterm: 1  z: z_182_quad1  card: 1  vars: [('x6', 'x8')]
  j=1 h=0 var=('x6', 'x8') xyval=0.0 coeff=9.1317749
  z=-0.01 -> displacement 0.000e+00   scaled displacement 0.000e+00
 >riskyterm: 2  z: z_182_quad2  card: 1  vars: [('x6', 'x14')]
  j=2 h=0 var=('x6', 'x14') xyval=0.0 coeff=-9.1317749
  z=-0.01 -> displacement 0.000e+00   scaled displacement 0.000e+00
 >riskyterm: 3  z: z_182_quad3  card: 1  vars: [('x6', 'x16')]
  j=3 h=0 var=('x6', 'x16') xyval=0.0 coeff=-2.15565364
  z=-0.01 -> displacement 0.000e+00   scaled displacement 0.000e+00
 >riskyterm: 4  z: z_182_quad4  card: 1  vars: [('x6', 'x18')]
  j=4 h=0 var=('x6', 'x18') xyval=0.0 coeff=2.15565364
  z=-0.01 -> displacement 0.000e+00   scaled displacement 0.000e+00
 >riskyterm: 5  z: z_182_quad5  card: 1  vars: [('x7', 'x7')]
  j=5 h=0 var=('x7', 'x7') xyval=1.0 coeff=22.00903886
  z=-0.01 -> displacement 0.000e+00   scaled displacement 0.000e+00
 >riskyterm: 6  z: z_182_quad6  card: 1  vars: [('x7', 'x8')]
  j=6 h=0 var=('x7', 'x8') xyval=3.571059873764572 coeff=2.15565364
  z=-0.01 -> displacement 0.000e+00   scaled displacement 0.000e+00
 >riskyterm: 7  z: z_182_quad7  card: 1  vars: [('x7', 'x14')]
  j=7 h=0 var=('x7', 'x14') xyval=1.66555919262607 coeff=-2.15565364
  z=0.01 -> displacement 0.000e+00   scaled displacement 0.000e+00
 >riskyterm: 8  z: z_182_quad8  card: 1  vars: [('x7', 'x16')]
  j=8 h=0 var=('x7', 'x16') xyval=3.94678752 coeff=9.1317749
  z=-0.01 -> displacement 0.000e+00   scaled displacement 0.000e+00
 >riskyterm: 9  z: z_182_quad9  card: 1  vars: [('x7', 'x18')]
  j=9 h=0 var=('x7', 'x18') xyval=5.606714242817338 coeff=-9.1317749
  z=0.01 -> displacement 0.000e+00   scaled displacement 0.000e+00
 SUMMARY - feat: e197 (>)  Greedy: 0 at term:    L1norm: 0  L2norm: 0  slack: 15.3842  scale: 97.1678
>feat: 183  name: e198  numrisky: 24
 >riskyterm: 0  z: z_183_quad0  card: 1  vars: [('x6', 'x6')]
  j=0 h=0 var=('x6', 'x6') xyval=0.0 coeff=22.00903886
  z=-0.01 -> displacement 0.000e+00   scaled displacement 0.000e+00
 >riskyterm: 1  z: z_183_quad1  card: 1  vars: [('x6', 'x8')]
  j=1 h=0 var=('x6', 'x8') xyval=0.0 coeff=9.1317749
  z=-0.01 -> displacement 0.000e+00   scaled displacement 0.000e+00
 >riskyterm: 2  z: z_183_quad2  card: 1  vars: [('x6', 'x9')]
  j=2 h=0 var=('x6', 'x9') xyval=-0.0 coeff=18.45794363
  z=-0.01 -> displacement 0.000e+00   scaled displacement 0.000e+00
 >riskyterm: 3  z: z_183_quad3  card: 1  vars: [('x6', 'x10')]
  j=3 h=0 var=('x6', 'x10') xyval=-0.0 coeff=-11.48176087
  z=-0.01 -> displacement 0.000e+00   scaled displacement 0.000e+00
 >riskyterm: 4  z: z_183_quad4  card: 1  vars: [('x6', 'x11')]
  j=4 h=0 var=('x6', 'x11') xyval=0.0 coeff=-9.1317749
  z=-0.01 -> displacement 0.000e+00   scaled displacement 0.000e+00
 >riskyterm: 5  z: z_183_quad5  card: 1  vars: [('x6', 'x16')]
  j=5 h=0 var=('x6', 'x16') xyval=0.0 coeff=-2.15565364
  z=-0.01 -> displacement 0.000e+00   scaled displacement 0.000e+00
 >riskyterm: 6  z: z_183_quad6  card: 1  vars: [('x6', 'x17')]
  j=6 h=0 var=('x6', 'x17') xyval=0.0 coeff=2.15565364
  z=-0.01 -> displacement 0.000e+00   scaled displacement 0.000e+00
 >riskyterm: 7  z: z_183_quad7  card: 1  vars: [('x7', 'x7')]
  j=7 h=0 var=('x7', 'x7') xyval=1.0 coeff=22.00903886
  z=-0.01 -> displacement 1.961e-01   scaled displacement 1.025e-03
 >riskyterm: 8  z: z_183_quad8  card: 1  vars: [('x7', 'x8')]
  j=8 h=0 var=('x7', 'x8') xyval=3.571059873764572 coeff=2.15565364
  z=-0.01 -> displacement 5.295e-02   scaled displacement 2.769e-04
 >riskyterm: 9  z: z_183_quad9  card: 1  vars: [('x7', 'x9')]
  j=9 h=0 var=('x7', 'x9') xyval=-0.999979603390844 coeff=11.48176087
  z=0.01 -> displacement 9.079e-02   scaled displacement 4.747e-04
 >riskyterm: 10  z: z_183_quad10  card: 1  vars: [('x7', 'x10')]
  j=10 h=0 var=('x7', 'x10') xyval=-0.006386924321415711 coeff=18.45794363
  z=0.01 -> displacement 0.000e+00   scaled displacement 0.000e+00
 >riskyterm: 11  z: z_183_quad11  card: 1  vars: [('x7', 'x11')]
  j=11 h=0 var=('x7', 'x11') xyval=1.5375897942201193 coeff=-2.15565364
  z=0.01 -> displacement 9.118e-03   scaled displacement 4.767e-05
 >riskyterm: 12  z: z_183_quad12  card: 1  vars: [('x7', 'x16')]
  j=12 h=0 var=('x7', 'x16') xyval=3.94678752 coeff=9.1317749
  z=-0.01 -> displacement 3.364e-01   scaled displacement 1.759e-03
 >riskyterm: 13  z: z_183_quad13  card: 1  vars: [('x7', 'x17')]
  j=13 h=0 var=('x7', 'x17') xyval=8.449982164296006 coeff=-9.1317749
  z=0.01 -> displacement 7.476e-01   scaled displacement 3.909e-03
 >riskyterm: 14  z: z_183_quad15  card: 1  vars: [('x8', 'x9')]
  j=14 h=0 var=('x8', 'x9') xyval=-3.570987036252054 coeff=4.3914795
  z=0.01 -> displacement 1.328e-01   scaled displacement 6.943e-04
 >riskyterm: 15  z: z_183_quad16  card: 1  vars: [('x8', 'x10')]
  j=15 h=0 var=('x8', 'x10') xyval=-0.022808089160978665 coeff=-1.47802734
  z=-0.01 -> displacement 0.000e+00   scaled displacement 0.000e+00
 >riskyterm: 16  z: z_183_quad18  card: 1  vars: [('x9', 'x9')]
  j=16 h=0 var=('x9', 'x9') xyval=0.9999592071977097 coeff=5.367414254
  z=-0.01 -> displacement 2.964e-02   scaled displacement 1.550e-04
 >riskyterm: 17  z: z_183_quad19  card: 1  vars: [('x9', 'x11')]
  j=17 h=0 var=('x9', 'x11') xyval=-1.5375584326020444 coeff=-4.3914795
  z=-0.01 -> displacement 4.349e-02   scaled displacement 2.274e-04
 >riskyterm: 18  z: z_183_quad20  card: 1  vars: [('x9', 'x16')]
  j=18 h=0 var=('x9', 'x16') xyval=-3.946707018917533 coeff=1.47802734
  z=0.01 -> displacement 3.431e-02   scaled displacement 1.794e-04
 >riskyterm: 19  z: z_183_quad21  card: 1  vars: [('x9', 'x17')]
  j=19 h=0 var=('x9', 'x17') xyval=-8.449809813312426 coeff=-1.47802734
  z=-0.01 -> displacement 1.009e-01   scaled displacement 5.274e-04
 >riskyterm: 20  z: z_183_quad22  card: 1  vars: [('x10', 'x10')]
  j=20 h=0 var=('x10', 'x10') xyval=4.0792802287491546e-05 coeff=5.367414254
  z=-0.01 -> displacement 0.000e+00   scaled displacement 0.000e+00
 >riskyterm: 21  z: z_183_quad23  card: 1  vars: [('x10', 'x11')]
  j=21 h=0 var=('x10', 'x11') xyval=-0.009820469653065059 coeff=1.47802734
  z=0.01 -> displacement 0.000e+00   scaled displacement 0.000e+00
 >riskyterm: 22  z: z_183_quad24  card: 1  vars: [('x10', 'x16')]
  j=22 h=0 var=('x10', 'x16') xyval=-0.025207833202947998 coeff=4.3914795
  z=0.01 -> displacement 0.000e+00   scaled displacement 0.000e+00
 >riskyterm: 23  z: z_183_quad25  card: 1  vars: [('x10', 'x17')]
  j=23 h=0 var=('x10', 'x17') xyval=-0.053969396600671134 coeff=-4.3914795
  z=-0.01 -> displacement 0.000e+00   scaled displacement 0.000e+00
 SUMMARY - feat: e198 (>)  Greedy: 0.00390884 at term: z_183_quad13   L1norm: 0.00927537  L2norm: 0.00453823  slack: 0.0240276  scale: 191.26
>feat: 184  name: e199  numrisky: 24
 >riskyterm: 0  z: z_184_quad0  card: 1  vars: [('x6', 'x6')]
  j=0 h=0 var=('x6', 'x6') xyval=0.0 coeff=22.00903886
  z=-0.01 -> displacement 0.000e+00   scaled displacement 0.000e+00
 >riskyterm: 1  z: z_184_quad1  card: 1  vars: [('x6', 'x8')]
  j=1 h=0 var=('x6', 'x8') xyval=0.0 coeff=9.1317749
  z=-0.01 -> displacement 0.000e+00   scaled displacement 0.000e+00
 >riskyterm: 2  z: z_184_quad2  card: 1  vars: [('x6', 'x12')]
  j=2 h=0 var=('x6', 'x12') xyval=0.0 coeff=-14.89823611
  z=-0.01 -> displacement 0.000e+00   scaled displacement 0.000e+00
 >riskyterm: 3  z: z_184_quad3  card: 1  vars: [('x6', 'x13')]
  j=3 h=0 var=('x6', 'x13') xyval=0.0 coeff=-1.343332804
  z=-0.01 -> displacement 0.000e+00   scaled displacement 0.000e+00
 >riskyterm: 4  z: z_184_quad4  card: 1  vars: [('x6', 'x14')]
  j=4 h=0 var=('x6', 'x14') xyval=0.0 coeff=-9.1317749
  z=-0.01 -> displacement 0.000e+00   scaled displacement 0.000e+00
 >riskyterm: 5  z: z_184_quad5  card: 1  vars: [('x6', 'x16')]
  j=5 h=0 var=('x6', 'x16') xyval=0.0 coeff=-2.15565364
  z=-0.01 -> displacement 0.000e+00   scaled displacement 0.000e+00
 >riskyterm: 6  z: z_184_quad6  card: 1  vars: [('x6', 'x18')]
  j=6 h=0 var=('x6', 'x18') xyval=0.0 coeff=2.15565364
  z=-0.01 -> displacement 0.000e+00   scaled displacement 0.000e+00
 >riskyterm: 7  z: z_184_quad7  card: 1  vars: [('x7', 'x7')]
  j=7 h=0 var=('x7', 'x7') xyval=1.0 coeff=22.00903886
  z=-0.01 -> displacement 0.000e+00   scaled displacement 0.000e+00
 >riskyterm: 8  z: z_184_quad8  card: 1  vars: [('x7', 'x8')]
  j=8 h=0 var=('x7', 'x8') xyval=3.571059873764572 coeff=2.15565364
  z=-0.01 -> displacement 0.000e+00   scaled displacement 0.000e+00
 >riskyterm: 9  z: z_184_quad9  card: 1  vars: [('x7', 'x12')]
  j=9 h=0 var=('x7', 'x12') xyval=0.41998559773451977 coeff=1.343332804
  z=-0.01 -> displacement 0.000e+00   scaled displacement 0.000e+00
 >riskyterm: 10  z: z_184_quad10  card: 1  vars: [('x7', 'x13')]
  j=10 h=0 var=('x7', 'x13') xyval=0.9075307695585743 coeff=-14.89823611
  z=0.01 -> displacement 0.000e+00   scaled displacement 0.000e+00
 >riskyterm: 11  z: z_184_quad11  card: 1  vars: [('x7', 'x14')]
  j=11 h=0 var=('x7', 'x14') xyval=1.66555919262607 coeff=-2.15565364
  z=0.01 -> displacement 0.000e+00   scaled displacement 0.000e+00
 >riskyterm: 12  z: z_184_quad12  card: 1  vars: [('x7', 'x16')]
  j=12 h=0 var=('x7', 'x16') xyval=3.94678752 coeff=9.1317749
  z=-0.01 -> displacement 0.000e+00   scaled displacement 0.000e+00
 >riskyterm: 13  z: z_184_quad13  card: 1  vars: [('x7', 'x18')]
  j=13 h=0 var=('x7', 'x18') xyval=5.606714242817338 coeff=-9.1317749
  z=0.01 -> displacement 0.000e+00   scaled displacement 0.000e+00
 >riskyterm: 14  z: z_184_quad15  card: 1  vars: [('x8', 'x12')]
  j=14 h=0 var=('x8', 'x12') xyval=1.4997937156287724 coeff=-3.02492942
  z=0.01 -> displacement 0.000e+00   scaled displacement 0.000e+00
 >riskyterm: 15  z: z_184_quad16  card: 1  vars: [('x8', 'x13')]
  j=15 h=0 var=('x8', 'x13') xyval=3.240846715377307 coeff=-1.00827778
  z=0.01 -> displacement 0.000e+00   scaled displacement 0.000e+00
 >riskyterm: 16  z: z_184_quad18  card: 1  vars: [('x12', 'x12')]
  j=16 h=0 var=('x12', 'x12') xyval=0.17638790230442186 coeff=2.541705519
  z=-0.01 -> displacement 0.000e+00   scaled displacement 0.000e+00
 >riskyterm: 17  z: z_184_quad19  card: 1  vars: [('x12', 'x14')]
  j=17 h=0 var=('x12', 'x14') xyval=0.6995108730772841 coeff=3.02492942
  z=-0.01 -> displacement 0.000e+00   scaled displacement 0.000e+00
 >riskyterm: 18  z: z_184_quad20  card: 1  vars: [('x12', 'x16')]
  j=18 h=0 var=('x12', 'x16') xyval=1.6575939157183428 coeff=1.00827778
  z=-0.01 -> displacement 0.000e+00   scaled displacement 0.000e+00
 >riskyterm: 19  z: z_184_quad21  card: 1  vars: [('x12', 'x18')]
  j=19 h=0 var=('x12', 'x18') xyval=2.3547392325962853 coeff=-1.00827778
  z=0.01 -> displacement 0.000e+00   scaled displacement 0.000e+00
 >riskyterm: 20  z: z_184_quad22  card: 1  vars: [('x13', 'x13')]
  j=20 h=0 var=('x13', 'x13') xyval=0.823612097695578 coeff=2.541705519
  z=-0.01 -> displacement 0.000e+00   scaled displacement 0.000e+00
 >riskyterm: 21  z: z_184_quad23  card: 1  vars: [('x13', 'x14')]
  j=21 h=0 var=('x13', 'x14') xyval=1.511546215829295 coeff=1.00827778
  z=-0.01 -> displacement 0.000e+00   scaled displacement 0.000e+00
 >riskyterm: 22  z: z_184_quad24  card: 1  vars: [('x13', 'x16')]
  j=22 h=0 var=('x13', 'x16') xyval=3.5818311153097766 coeff=-3.02492942
  z=0.01 -> displacement 0.000e+00   scaled displacement 0.000e+00
 >riskyterm: 23  z: z_184_quad25  card: 1  vars: [('x13', 'x18')]
  j=23 h=0 var=('x13', 'x18') xyval=5.088265691479037 coeff=3.02492942
  z=-0.01 -> displacement 0.000e+00   scaled displacement 0.000e+00
 SUMMARY - feat: e199 (>)  Greedy: 0 at term:    L1norm: 0  L2norm: 0  slack: 5.81667  scale: 150.867
>feat: 185  name: e200  numrisky: 24
 >riskyterm: 0  z: z_185_quad0  card: 1  vars: [('x6', 'x6')]
  j=0 h=0 var=('x6', 'x6') xyval=0.0 coeff=22.00903886
  z=-0.01 -> displacement 0.000e+00   scaled displacement 0.000e+00
 >riskyterm: 1  z: z_185_quad1  card: 1  vars: [('x6', 'x8')]
  j=1 h=0 var=('x6', 'x8') xyval=0.0 coeff=9.1317749
  z=-0.01 -> displacement 0.000e+00   scaled displacement 0.000e+00
 >riskyterm: 2  z: z_185_quad2  card: 1  vars: [('x6', 'x9')]
  j=2 h=0 var=('x6', 'x9') xyval=-0.0 coeff=-5.942801392
  z=-0.01 -> displacement 0.000e+00   scaled displacement 0.000e+00
 >riskyterm: 3  z: z_185_quad3  card: 1  vars: [('x6', 'x10')]
  j=3 h=0 var=('x6', 'x10') xyval=-0.0 coeff=17.82756925
  z=-0.01 -> displacement 0.000e+00   scaled displacement 0.000e+00
 >riskyterm: 4  z: z_185_quad4  card: 1  vars: [('x6', 'x11')]
  j=4 h=0 var=('x6', 'x11') xyval=0.0 coeff=-9.1317749
  z=-0.01 -> displacement 0.000e+00   scaled displacement 0.000e+00
 >riskyterm: 5  z: z_185_quad5  card: 1  vars: [('x6', 'x16')]
  j=5 h=0 var=('x6', 'x16') xyval=0.0 coeff=-2.15565364
  z=-0.01 -> displacement 0.000e+00   scaled displacement 0.000e+00
 >riskyterm: 6  z: z_185_quad6  card: 1  vars: [('x6', 'x17')]
  j=6 h=0 var=('x6', 'x17') xyval=0.0 coeff=2.15565364
  z=-0.01 -> displacement 0.000e+00   scaled displacement 0.000e+00
 >riskyterm: 7  z: z_185_quad7  card: 1  vars: [('x7', 'x7')]
  j=7 h=0 var=('x7', 'x7') xyval=1.0 coeff=22.00903886
  z=-0.01 -> displacement 0.000e+00   scaled displacement 0.000e+00
 >riskyterm: 8  z: z_185_quad8  card: 1  vars: [('x7', 'x8')]
  j=8 h=0 var=('x7', 'x8') xyval=3.571059873764572 coeff=2.15565364
  z=-0.01 -> displacement 0.000e+00   scaled displacement 0.000e+00
 >riskyterm: 9  z: z_185_quad9  card: 1  vars: [('x7', 'x9')]
  j=9 h=0 var=('x7', 'x9') xyval=-0.999979603390844 coeff=-17.82756925
  z=-0.01 -> displacement 0.000e+00   scaled displacement 0.000e+00
 >riskyterm: 10  z: z_185_quad10  card: 1  vars: [('x7', 'x10')]
  j=10 h=0 var=('x7', 'x10') xyval=-0.006386924321415711 coeff=-5.942801392
  z=-0.01 -> displacement 0.000e+00   scaled displacement 0.000e+00
 >riskyterm: 11  z: z_185_quad11  card: 1  vars: [('x7', 'x11')]
  j=11 h=0 var=('x7', 'x11') xyval=1.5375897942201193 coeff=-2.15565364
  z=0.01 -> displacement 0.000e+00   scaled displacement 0.000e+00
 >riskyterm: 12  z: z_185_quad12  card: 1  vars: [('x7', 'x16')]
  j=12 h=0 var=('x7', 'x16') xyval=3.94678752 coeff=9.1317749
  z=-0.01 -> displacement 0.000e+00   scaled displacement 0.000e+00
 >riskyterm: 13  z: z_185_quad13  card: 1  vars: [('x7', 'x17')]
  j=13 h=0 var=('x7', 'x17') xyval=8.449982164296006 coeff=-9.1317749
  z=0.01 -> displacement 0.000e+00   scaled displacement 0.000e+00
 >riskyterm: 14  z: z_185_quad15  card: 1  vars: [('x8', 'x9')]
  j=14 h=0 var=('x8', 'x9') xyval=-3.570987036252054 coeff=-2.10591634
  z=-0.01 -> displacement 0.000e+00   scaled displacement 0.000e+00
 >riskyterm: 15  z: z_185_quad16  card: 1  vars: [('x8', 'x10')]
  j=15 h=0 var=('x8', 'x10') xyval=-0.022808089160978665 coeff=3.40738932
  z=0.01 -> displacement 0.000e+00   scaled displacement 0.000e+00
 >riskyterm: 16  z: z_185_quad18  card: 1  vars: [('x9', 'x9')]
  j=16 h=0 var=('x9', 'x9') xyval=0.9999592071977097 coeff=4.011296402
  z=-0.01 -> displacement 0.000e+00   scaled displacement 0.000e+00
 >riskyterm: 17  z: z_185_quad19  card: 1  vars: [('x9', 'x11')]
  j=17 h=0 var=('x9', 'x11') xyval=-1.5375584326020444 coeff=2.10591634
  z=0.01 -> displacement 0.000e+00   scaled displacement 0.000e+00
 >riskyterm: 18  z: z_185_quad20  card: 1  vars: [('x9', 'x16')]
  j=18 h=0 var=('x9', 'x16') xyval=-3.946707018917533 coeff=-3.40738932
  z=-0.01 -> displacement 0.000e+00   scaled displacement 0.000e+00
 >riskyterm: 19  z: z_185_quad21  card: 1  vars: [('x9', 'x17')]
  j=19 h=0 var=('x9', 'x17') xyval=-8.449809813312426 coeff=3.40738932
  z=0.01 -> displacement 0.000e+00   scaled displacement 0.000e+00
 >riskyterm: 20  z: z_185_quad22  card: 1  vars: [('x10', 'x10')]
  j=20 h=0 var=('x10', 'x10') xyval=4.0792802287491546e-05 coeff=4.011296402
  z=-0.01 -> displacement 0.000e+00   scaled displacement 0.000e+00
 >riskyterm: 21  z: z_185_quad23  card: 1  vars: [('x10', 'x11')]
  j=21 h=0 var=('x10', 'x11') xyval=-0.009820469653065059 coeff=-3.40738932
  z=-0.01 -> displacement 0.000e+00   scaled displacement 0.000e+00
 >riskyterm: 22  z: z_185_quad24  card: 1  vars: [('x10', 'x16')]
  j=22 h=0 var=('x10', 'x16') xyval=-0.025207833202947998 coeff=-2.10591634
  z=-0.01 -> displacement 0.000e+00   scaled displacement 0.000e+00
 >riskyterm: 23  z: z_185_quad25  card: 1  vars: [('x10', 'x17')]
  j=23 h=0 var=('x10', 'x17') xyval=-0.053969396600671134 coeff=2.10591634
  z=0.01 -> displacement 0.000e+00   scaled displacement 0.000e+00
 SUMMARY - feat: e200 (>)  Greedy: 0 at term:    L1norm: 0  L2norm: 0  slack: 19.7118  scale: 174.784
>feat: 186  name: e201  numrisky: 24
 >riskyterm: 0  z: z_186_quad0  card: 1  vars: [('x6', 'x6')]
  j=0 h=0 var=('x6', 'x6') xyval=0.0 coeff=22.00903886
  z=-0.01 -> displacement 0.000e+00   scaled displacement 0.000e+00
 >riskyterm: 1  z: z_186_quad1  card: 1  vars: [('x6', 'x8')]
  j=1 h=0 var=('x6', 'x8') xyval=0.0 coeff=9.1317749
  z=-0.01 -> displacement 0.000e+00   scaled displacement 0.000e+00
 >riskyterm: 2  z: z_186_quad2  card: 1  vars: [('x6', 'x12')]
  j=2 h=0 var=('x6', 'x12') xyval=0.0 coeff=8.762910975
  z=-0.01 -> displacement 0.000e+00   scaled displacement 0.000e+00
 >riskyterm: 3  z: z_186_quad3  card: 1  vars: [('x6', 'x13')]
  j=3 h=0 var=('x6', 'x13') xyval=0.0 coeff=-9.223982273
  z=-0.01 -> displacement 0.000e+00   scaled displacement 0.000e+00
 >riskyterm: 4  z: z_186_quad4  card: 1  vars: [('x6', 'x14')]
  j=4 h=0 var=('x6', 'x14') xyval=0.0 coeff=-9.1317749
  z=-0.01 -> displacement 0.000e+00   scaled displacement 0.000e+00
 >riskyterm: 5  z: z_186_quad5  card: 1  vars: [('x6', 'x16')]
  j=5 h=0 var=('x6', 'x16') xyval=0.0 coeff=-2.15565364
  z=-0.01 -> displacement 0.000e+00   scaled displacement 0.000e+00
 >riskyterm: 6  z: z_186_quad6  card: 1  vars: [('x6', 'x18')]
  j=6 h=0 var=('x6', 'x18') xyval=0.0 coeff=2.15565364
  z=-0.01 -> displacement 0.000e+00   scaled displacement 0.000e+00
 >riskyterm: 7  z: z_186_quad7  card: 1  vars: [('x7', 'x7')]
  j=7 h=0 var=('x7', 'x7') xyval=1.0 coeff=22.00903886
  z=-0.01 -> displacement 0.000e+00   scaled displacement 0.000e+00
 >riskyterm: 8  z: z_186_quad8  card: 1  vars: [('x7', 'x8')]
  j=8 h=0 var=('x7', 'x8') xyval=3.571059873764572 coeff=2.15565364
  z=-0.01 -> displacement 0.000e+00   scaled displacement 0.000e+00
 >riskyterm: 9  z: z_186_quad9  card: 1  vars: [('x7', 'x12')]
  j=9 h=0 var=('x7', 'x12') xyval=0.41998559773451977 coeff=9.223982273
  z=-0.01 -> displacement 0.000e+00   scaled displacement 0.000e+00
 >riskyterm: 10  z: z_186_quad10  card: 1  vars: [('x7', 'x13')]
  j=10 h=0 var=('x7', 'x13') xyval=0.9075307695585743 coeff=8.762910975
  z=-0.01 -> displacement 0.000e+00   scaled displacement 0.000e+00
 >riskyterm: 11  z: z_186_quad11  card: 1  vars: [('x7', 'x14')]
  j=11 h=0 var=('x7', 'x14') xyval=1.66555919262607 coeff=-2.15565364
  z=0.01 -> displacement 0.000e+00   scaled displacement 0.000e+00
 >riskyterm: 12  z: z_186_quad12  card: 1  vars: [('x7', 'x16')]
  j=12 h=0 var=('x7', 'x16') xyval=3.94678752 coeff=9.1317749
  z=-0.01 -> displacement 0.000e+00   scaled displacement 0.000e+00
 >riskyterm: 13  z: z_186_quad13  card: 1  vars: [('x7', 'x18')]
  j=13 h=0 var=('x7', 'x18') xyval=5.606714242817338 coeff=-9.1317749
  z=0.01 -> displacement 0.000e+00   scaled displacement 0.000e+00
 >riskyterm: 14  z: z_186_quad15  card: 1  vars: [('x8', 'x12')]
  j=14 h=0 var=('x8', 'x12') xyval=1.4997937156287724 coeff=2.26962754
  z=-0.01 -> displacement 0.000e+00   scaled displacement 0.000e+00
 >riskyterm: 15  z: z_186_quad16  card: 1  vars: [('x8', 'x13')]
  j=15 h=0 var=('x8', 'x13') xyval=3.240846715377307 coeff=-1.48442486
  z=0.01 -> displacement 0.000e+00   scaled displacement 0.000e+00
 >riskyterm: 16  z: z_186_quad18  card: 1  vars: [('x12', 'x12')]
  j=16 h=0 var=('x12', 'x12') xyval=0.17638790230442186 coeff=1.838681584
  z=-0.01 -> displacement 0.000e+00   scaled displacement 0.000e+00
 >riskyterm: 17  z: z_186_quad19  card: 1  vars: [('x12', 'x14')]
  j=17 h=0 var=('x12', 'x14') xyval=0.6995108730772841 coeff=-2.26962754
  z=0.01 -> displacement 0.000e+00   scaled displacement 0.000e+00
 >riskyterm: 18  z: z_186_quad20  card: 1  vars: [('x12', 'x16')]
  j=18 h=0 var=('x12', 'x16') xyval=1.6575939157183428 coeff=1.48442486
  z=-0.01 -> displacement 0.000e+00   scaled displacement 0.000e+00
 >riskyterm: 19  z: z_186_quad21  card: 1  vars: [('x12', 'x18')]
  j=19 h=0 var=('x12', 'x18') xyval=2.3547392325962853 coeff=-1.48442486
  z=0.01 -> displacement 0.000e+00   scaled displacement 0.000e+00
 >riskyterm: 20  z: z_186_quad22  card: 1  vars: [('x13', 'x13')]
  j=20 h=0 var=('x13', 'x13') xyval=0.823612097695578 coeff=1.838681584
  z=-0.01 -> displacement 0.000e+00   scaled displacement 0.000e+00
 >riskyterm: 21  z: z_186_quad23  card: 1  vars: [('x13', 'x14')]
  j=21 h=0 var=('x13', 'x14') xyval=1.511546215829295 coeff=1.48442486
  z=-0.01 -> displacement 0.000e+00   scaled displacement 0.000e+00
 >riskyterm: 22  z: z_186_quad24  card: 1  vars: [('x13', 'x16')]
  j=22 h=0 var=('x13', 'x16') xyval=3.5818311153097766 coeff=2.26962754
  z=-0.01 -> displacement 0.000e+00   scaled displacement 0.000e+00
 >riskyterm: 23  z: z_186_quad25  card: 1  vars: [('x13', 'x18')]
  j=23 h=0 var=('x13', 'x18') xyval=5.088265691479037 coeff=-2.26962754
  z=0.01 -> displacement 0.000e+00   scaled displacement 0.000e+00
 SUMMARY - feat: e201 (>)  Greedy: 0 at term:    L1norm: 0  L2norm: 0  slack: 25.3725  scale: 151.835
>feat: 187  name: e202  numrisky: 24
 >riskyterm: 0  z: z_187_quad0  card: 1  vars: [('x6', 'x6')]
  j=0 h=0 var=('x6', 'x6') xyval=0.0 coeff=22.00903886
  z=-0.01 -> displacement 0.000e+00   scaled displacement 0.000e+00
 >riskyterm: 1  z: z_187_quad1  card: 1  vars: [('x6', 'x8')]
  j=1 h=0 var=('x6', 'x8') xyval=0.0 coeff=9.1317749
  z=-0.01 -> displacement 0.000e+00   scaled displacement 0.000e+00
 >riskyterm: 2  z: z_187_quad2  card: 1  vars: [('x6', 'x9')]
  j=2 h=0 var=('x6', 'x9') xyval=-0.0 coeff=12.92426288
  z=-0.01 -> displacement 0.000e+00   scaled displacement 0.000e+00
 >riskyterm: 3  z: z_187_quad3  card: 1  vars: [('x6', 'x10')]
  j=3 h=0 var=('x6', 'x10') xyval=-0.0 coeff=-6.462105844
  z=-0.01 -> displacement 0.000e+00   scaled displacement 0.000e+00
 >riskyterm: 4  z: z_187_quad4  card: 1  vars: [('x6', 'x11')]
  j=4 h=0 var=('x6', 'x11') xyval=0.0 coeff=-9.1317749
  z=-0.01 -> displacement 0.000e+00   scaled displacement 0.000e+00
 >riskyterm: 5  z: z_187_quad5  card: 1  vars: [('x6', 'x16')]
  j=5 h=0 var=('x6', 'x16') xyval=0.0 coeff=-2.15565364
  z=-0.01 -> displacement 0.000e+00   scaled displacement 0.000e+00
 >riskyterm: 6  z: z_187_quad6  card: 1  vars: [('x6', 'x17')]
  j=6 h=0 var=('x6', 'x17') xyval=0.0 coeff=2.15565364
  z=-0.01 -> displacement 0.000e+00   scaled displacement 0.000e+00
 >riskyterm: 7  z: z_187_quad7  card: 1  vars: [('x7', 'x7')]
  j=7 h=0 var=('x7', 'x7') xyval=1.0 coeff=22.00903886
  z=-0.01 -> displacement 0.000e+00   scaled displacement 0.000e+00
 >riskyterm: 8  z: z_187_quad8  card: 1  vars: [('x7', 'x8')]
  j=8 h=0 var=('x7', 'x8') xyval=3.571059873764572 coeff=2.15565364
  z=-0.01 -> displacement 0.000e+00   scaled displacement 0.000e+00
 >riskyterm: 9  z: z_187_quad9  card: 1  vars: [('x7', 'x9')]
  j=9 h=0 var=('x7', 'x9') xyval=-0.999979603390844 coeff=6.462105844
  z=0.01 -> displacement 0.000e+00   scaled displacement 0.000e+00
 >riskyterm: 10  z: z_187_quad10  card: 1  vars: [('x7', 'x10')]
  j=10 h=0 var=('x7', 'x10') xyval=-0.006386924321415711 coeff=12.92426288
  z=0.01 -> displacement 0.000e+00   scaled displacement 0.000e+00
 >riskyterm: 11  z: z_187_quad11  card: 1  vars: [('x7', 'x11')]
  j=11 h=0 var=('x7', 'x11') xyval=1.5375897942201193 coeff=-2.15565364
  z=0.01 -> displacement 0.000e+00   scaled displacement 0.000e+00
 >riskyterm: 12  z: z_187_quad12  card: 1  vars: [('x7', 'x16')]
  j=12 h=0 var=('x7', 'x16') xyval=3.94678752 coeff=9.1317749
  z=-0.01 -> displacement 0.000e+00   scaled displacement 0.000e+00
 >riskyterm: 13  z: z_187_quad13  card: 1  vars: [('x7', 'x17')]
  j=13 h=0 var=('x7', 'x17') xyval=8.449982164296006 coeff=-9.1317749
  z=0.01 -> displacement 3.998e-01   scaled displacement 2.571e-03
 >riskyterm: 14  z: z_187_quad15  card: 1  vars: [('x8', 'x9')]
  j=14 h=0 var=('x8', 'x9') xyval=-3.570987036252054 coeff=2.9976666
  z=0.01 -> displacement 0.000e+00   scaled displacement 0.000e+00
 >riskyterm: 15  z: z_187_quad16  card: 1  vars: [('x8', 'x10')]
  j=15 h=0 var=('x8', 'x10') xyval=-0.022808089160978665 coeff=-0.70766974
  z=-0.01 -> displacement 0.000e+00   scaled displacement 0.000e+00
 >riskyterm: 16  z: z_187_quad18  card: 1  vars: [('x9', 'x9')]
  j=16 h=0 var=('x9', 'x9') xyval=0.9999592071977097 coeff=2.371700376
  z=-0.01 -> displacement 0.000e+00   scaled displacement 0.000e+00
 >riskyterm: 17  z: z_187_quad19  card: 1  vars: [('x9', 'x11')]
  j=17 h=0 var=('x9', 'x11') xyval=-1.5375584326020444 coeff=-2.9976666
  z=-0.01 -> displacement 0.000e+00   scaled displacement 0.000e+00
 >riskyterm: 18  z: z_187_quad20  card: 1  vars: [('x9', 'x16')]
  j=18 h=0 var=('x9', 'x16') xyval=-3.946707018917533 coeff=0.70766974
  z=0.01 -> displacement 0.000e+00   scaled displacement 0.000e+00
 >riskyterm: 19  z: z_187_quad21  card: 1  vars: [('x9', 'x17')]
  j=19 h=0 var=('x9', 'x17') xyval=-8.449809813312426 coeff=-0.70766974
  z=-0.01 -> displacement 0.000e+00   scaled displacement 0.000e+00
 >riskyterm: 20  z: z_187_quad22  card: 1  vars: [('x10', 'x10')]
  j=20 h=0 var=('x10', 'x10') xyval=4.0792802287491546e-05 coeff=2.371700376
  z=-0.01 -> displacement 0.000e+00   scaled displacement 0.000e+00
 >riskyterm: 21  z: z_187_quad23  card: 1  vars: [('x10', 'x11')]
  j=21 h=0 var=('x10', 'x11') xyval=-0.009820469653065059 coeff=0.70766974
  z=0.01 -> displacement 0.000e+00   scaled displacement 0.000e+00
 >riskyterm: 22  z: z_187_quad24  card: 1  vars: [('x10', 'x16')]
  j=22 h=0 var=('x10', 'x16') xyval=-0.025207833202947998 coeff=2.9976666
  z=0.01 -> displacement 0.000e+00   scaled displacement 0.000e+00
 >riskyterm: 23  z: z_187_quad25  card: 1  vars: [('x10', 'x17')]
  j=23 h=0 var=('x10', 'x17') xyval=-0.053969396600671134 coeff=-2.9976666
  z=-0.01 -> displacement 0.000e+00   scaled displacement 0.000e+00
 SUMMARY - feat: e202 (>)  Greedy: 0.00257129 at term: z_187_quad13   L1norm: 0.00257129  L2norm: 0.00257129  slack: 0.371784  scale: 155.505
>feat: 188  name: e203  numrisky: 24
 >riskyterm: 0  z: z_188_quad0  card: 1  vars: [('x6', 'x6')]
  j=0 h=0 var=('x6', 'x6') xyval=0.0 coeff=22.00903886
  z=-0.01 -> displacement 0.000e+00   scaled displacement 0.000e+00
 >riskyterm: 1  z: z_188_quad1  card: 1  vars: [('x6', 'x8')]
  j=1 h=0 var=('x6', 'x8') xyval=0.0 coeff=9.1317749
  z=-0.01 -> displacement 0.000e+00   scaled displacement 0.000e+00
 >riskyterm: 2  z: z_188_quad2  card: 1  vars: [('x6', 'x12')]
  j=2 h=0 var=('x6', 'x12') xyval=0.0 coeff=-22.63700071
  z=-0.01 -> displacement 0.000e+00   scaled displacement 0.000e+00
 >riskyterm: 3  z: z_188_quad3  card: 1  vars: [('x6', 'x13')]
  j=3 h=0 var=('x6', 'x13') xyval=0.0 coeff=-2.041292689
  z=-0.01 -> displacement 0.000e+00   scaled displacement 0.000e+00
 >riskyterm: 4  z: z_188_quad4  card: 1  vars: [('x6', 'x14')]
  j=4 h=0 var=('x6', 'x14') xyval=0.0 coeff=-9.1317749
  z=-0.01 -> displacement 0.000e+00   scaled displacement 0.000e+00
 >riskyterm: 5  z: z_188_quad5  card: 1  vars: [('x6', 'x16')]
  j=5 h=0 var=('x6', 'x16') xyval=0.0 coeff=-2.15565364
  z=-0.01 -> displacement 0.000e+00   scaled displacement 0.000e+00
 >riskyterm: 6  z: z_188_quad6  card: 1  vars: [('x6', 'x18')]
  j=6 h=0 var=('x6', 'x18') xyval=0.0 coeff=2.15565364
  z=-0.01 -> displacement 0.000e+00   scaled displacement 0.000e+00
 >riskyterm: 7  z: z_188_quad7  card: 1  vars: [('x7', 'x7')]
  j=7 h=0 var=('x7', 'x7') xyval=1.0 coeff=22.00903886
  z=-0.01 -> displacement 0.000e+00   scaled displacement 0.000e+00
 >riskyterm: 8  z: z_188_quad8  card: 1  vars: [('x7', 'x8')]
  j=8 h=0 var=('x7', 'x8') xyval=3.571059873764572 coeff=2.15565364
  z=-0.01 -> displacement 0.000e+00   scaled displacement 0.000e+00
 >riskyterm: 9  z: z_188_quad9  card: 1  vars: [('x7', 'x12')]
  j=9 h=0 var=('x7', 'x12') xyval=0.41998559773451977 coeff=2.041292689
  z=-0.01 -> displacement 0.000e+00   scaled displacement 0.000e+00
 >riskyterm: 10  z: z_188_quad10  card: 1  vars: [('x7', 'x13')]
  j=10 h=0 var=('x7', 'x13') xyval=0.9075307695585743 coeff=-22.63700071
  z=0.01 -> displacement 0.000e+00   scaled displacement 0.000e+00
 >riskyterm: 11  z: z_188_quad11  card: 1  vars: [('x7', 'x14')]
  j=11 h=0 var=('x7', 'x14') xyval=1.66555919262607 coeff=-2.15565364
  z=0.01 -> displacement 0.000e+00   scaled displacement 0.000e+00
 >riskyterm: 12  z: z_188_quad12  card: 1  vars: [('x7', 'x16')]
  j=12 h=0 var=('x7', 'x16') xyval=3.94678752 coeff=9.1317749
  z=-0.01 -> displacement 0.000e+00   scaled displacement 0.000e+00
 >riskyterm: 13  z: z_188_quad13  card: 1  vars: [('x7', 'x18')]
  j=13 h=0 var=('x7', 'x18') xyval=5.606714242817338 coeff=-9.1317749
  z=0.01 -> displacement 0.000e+00   scaled displacement 0.000e+00
 >riskyterm: 14  z: z_188_quad15  card: 1  vars: [('x8', 'x12')]
  j=14 h=0 var=('x8', 'x12') xyval=1.4997937156287724 coeff=-4.59619514
  z=0.01 -> displacement 0.000e+00   scaled displacement 0.000e+00
 >riskyterm: 15  z: z_188_quad16  card: 1  vars: [('x8', 'x13')]
  j=15 h=0 var=('x8', 'x13') xyval=3.240846715377307 coeff=-1.53205596
  z=0.01 -> displacement 0.000e+00   scaled displacement 0.000e+00
 >riskyterm: 16  z: z_188_quad18  card: 1  vars: [('x12', 'x12')]
  j=16 h=0 var=('x12', 'x12') xyval=0.17638790230442186 coeff=5.868051307
  z=-0.01 -> displacement 0.000e+00   scaled displacement 0.000e+00
 >riskyterm: 17  z: z_188_quad19  card: 1  vars: [('x12', 'x14')]
  j=17 h=0 var=('x12', 'x14') xyval=0.6995108730772841 coeff=4.59619514
  z=-0.01 -> displacement 0.000e+00   scaled displacement 0.000e+00
 >riskyterm: 18  z: z_188_quad20  card: 1  vars: [('x12', 'x16')]
  j=18 h=0 var=('x12', 'x16') xyval=1.6575939157183428 coeff=1.53205596
  z=-0.01 -> displacement 0.000e+00   scaled displacement 0.000e+00
 >riskyterm: 19  z: z_188_quad21  card: 1  vars: [('x12', 'x18')]
  j=19 h=0 var=('x12', 'x18') xyval=2.3547392325962853 coeff=-1.53205596
  z=0.01 -> displacement 0.000e+00   scaled displacement 0.000e+00
 >riskyterm: 20  z: z_188_quad22  card: 1  vars: [('x13', 'x13')]
  j=20 h=0 var=('x13', 'x13') xyval=0.823612097695578 coeff=5.868051307
  z=-0.01 -> displacement 0.000e+00   scaled displacement 0.000e+00
 >riskyterm: 21  z: z_188_quad23  card: 1  vars: [('x13', 'x14')]
  j=21 h=0 var=('x13', 'x14') xyval=1.511546215829295 coeff=1.53205596
  z=-0.01 -> displacement 0.000e+00   scaled displacement 0.000e+00
 >riskyterm: 22  z: z_188_quad24  card: 1  vars: [('x13', 'x16')]
  j=22 h=0 var=('x13', 'x16') xyval=3.5818311153097766 coeff=-4.59619514
  z=0.01 -> displacement 0.000e+00   scaled displacement 0.000e+00
 >riskyterm: 23  z: z_188_quad25  card: 1  vars: [('x13', 'x18')]
  j=23 h=0 var=('x13', 'x18') xyval=5.088265691479037 coeff=4.59619514
  z=-0.01 -> displacement 0.000e+00   scaled displacement 0.000e+00
 SUMMARY - feat: e203 (>)  Greedy: 0 at term:    L1norm: 0  L2norm: 0  slack: 2.65238  scale: 182.773
>feat: 189  name: e204  numrisky: 24
 >riskyterm: 0  z: z_189_quad0  card: 1  vars: [('x6', 'x6')]
  j=0 h=0 var=('x6', 'x6') xyval=0.0 coeff=22.00903886
  z=-0.01 -> displacement 0.000e+00   scaled displacement 0.000e+00
 >riskyterm: 1  z: z_189_quad1  card: 1  vars: [('x6', 'x8')]
  j=1 h=0 var=('x6', 'x8') xyval=0.0 coeff=9.1317749
  z=-0.01 -> displacement 0.000e+00   scaled displacement 0.000e+00
 >riskyterm: 2  z: z_189_quad2  card: 1  vars: [('x6', 'x9')]
  j=2 h=0 var=('x6', 'x9') xyval=-0.0 coeff=-14.2867509
  z=-0.01 -> displacement 0.000e+00   scaled displacement 0.000e+00
 >riskyterm: 3  z: z_189_quad3  card: 1  vars: [('x6', 'x10')]
  j=3 h=0 var=('x6', 'x10') xyval=-0.0 coeff=-8.830070835
  z=-0.01 -> displacement 0.000e+00   scaled displacement 0.000e+00
 >riskyterm: 4  z: z_189_quad4  card: 1  vars: [('x6', 'x11')]
  j=4 h=0 var=('x6', 'x11') xyval=0.0 coeff=-9.1317749
  z=-0.01 -> displacement 0.000e+00   scaled displacement 0.000e+00
 >riskyterm: 5  z: z_189_quad5  card: 1  vars: [('x6', 'x16')]
  j=5 h=0 var=('x6', 'x16') xyval=0.0 coeff=-2.15565364
  z=-0.01 -> displacement 0.000e+00   scaled displacement 0.000e+00
 >riskyterm: 6  z: z_189_quad6  card: 1  vars: [('x6', 'x17')]
  j=6 h=0 var=('x6', 'x17') xyval=0.0 coeff=2.15565364
  z=-0.01 -> displacement 0.000e+00   scaled displacement 0.000e+00
 >riskyterm: 7  z: z_189_quad7  card: 1  vars: [('x7', 'x7')]
  j=7 h=0 var=('x7', 'x7') xyval=1.0 coeff=22.00903886
  z=-0.01 -> displacement 0.000e+00   scaled displacement 0.000e+00
 >riskyterm: 8  z: z_189_quad8  card: 1  vars: [('x7', 'x8')]
  j=8 h=0 var=('x7', 'x8') xyval=3.571059873764572 coeff=2.15565364
  z=-0.01 -> displacement 0.000e+00   scaled displacement 0.000e+00
 >riskyterm: 9  z: z_189_quad9  card: 1  vars: [('x7', 'x9')]
  j=9 h=0 var=('x7', 'x9') xyval=-0.999979603390844 coeff=8.830070835
  z=0.01 -> displacement 0.000e+00   scaled displacement 0.000e+00
 >riskyterm: 10  z: z_189_quad10  card: 1  vars: [('x7', 'x10')]
  j=10 h=0 var=('x7', 'x10') xyval=-0.006386924321415711 coeff=-14.2867509
  z=-0.01 -> displacement 0.000e+00   scaled displacement 0.000e+00
 >riskyterm: 11  z: z_189_quad11  card: 1  vars: [('x7', 'x11')]
  j=11 h=0 var=('x7', 'x11') xyval=1.5375897942201193 coeff=-2.15565364
  z=0.01 -> displacement 0.000e+00   scaled displacement 0.000e+00
 >riskyterm: 12  z: z_189_quad12  card: 1  vars: [('x7', 'x16')]
  j=12 h=0 var=('x7', 'x16') xyval=3.94678752 coeff=9.1317749
  z=-0.01 -> displacement 0.000e+00   scaled displacement 0.000e+00
 >riskyterm: 13  z: z_189_quad13  card: 1  vars: [('x7', 'x17')]
  j=13 h=0 var=('x7', 'x17') xyval=8.449982164296006 coeff=-9.1317749
  z=0.01 -> displacement 0.000e+00   scaled displacement 0.000e+00
 >riskyterm: 14  z: z_189_quad15  card: 1  vars: [('x8', 'x9')]
  j=14 h=0 var=('x8', 'x9') xyval=-3.570987036252054 coeff=-2.5314331
  z=-0.01 -> displacement 0.000e+00   scaled displacement 0.000e+00
 >riskyterm: 15  z: z_189_quad16  card: 1  vars: [('x8', 'x10')]
  j=15 h=0 var=('x8', 'x10') xyval=-0.022808089160978665 coeff=-2.53149414
  z=-0.01 -> displacement 0.000e+00   scaled displacement 0.000e+00
 >riskyterm: 16  z: z_189_quad18  card: 1  vars: [('x9', 'x9')]
  j=16 h=0 var=('x9', 'x9') xyval=0.9999592071977097 coeff=3.20415403
  z=-0.01 -> displacement 0.000e+00   scaled displacement 0.000e+00
 >riskyterm: 17  z: z_189_quad19  card: 1  vars: [('x9', 'x11')]
  j=17 h=0 var=('x9', 'x11') xyval=-1.5375584326020444 coeff=2.5314331
  z=0.01 -> displacement 0.000e+00   scaled displacement 0.000e+00
 >riskyterm: 18  z: z_189_quad20  card: 1  vars: [('x9', 'x16')]
  j=18 h=0 var=('x9', 'x16') xyval=-3.946707018917533 coeff=2.53149414
  z=0.01 -> displacement 0.000e+00   scaled displacement 0.000e+00
 >riskyterm: 19  z: z_189_quad21  card: 1  vars: [('x9', 'x17')]
  j=19 h=0 var=('x9', 'x17') xyval=-8.449809813312426 coeff=-2.53149414
  z=-0.01 -> displacement 0.000e+00   scaled displacement 0.000e+00
 >riskyterm: 20  z: z_189_quad22  card: 1  vars: [('x10', 'x10')]
  j=20 h=0 var=('x10', 'x10') xyval=4.0792802287491546e-05 coeff=3.20415403
  z=-0.01 -> displacement 0.000e+00   scaled displacement 0.000e+00
 >riskyterm: 21  z: z_189_quad23  card: 1  vars: [('x10', 'x11')]
  j=21 h=0 var=('x10', 'x11') xyval=-0.009820469653065059 coeff=2.53149414
  z=0.01 -> displacement 0.000e+00   scaled displacement 0.000e+00
 >riskyterm: 22  z: z_189_quad24  card: 1  vars: [('x10', 'x16')]
  j=22 h=0 var=('x10', 'x16') xyval=-0.025207833202947998 coeff=-2.5314331
  z=-0.01 -> displacement 0.000e+00   scaled displacement 0.000e+00
 >riskyterm: 23  z: z_189_quad25  card: 1  vars: [('x10', 'x17')]
  j=23 h=0 var=('x10', 'x17') xyval=-0.053969396600671134 coeff=2.5314331
  z=0.01 -> displacement 0.000e+00   scaled displacement 0.000e+00
 SUMMARY - feat: e204 (>)  Greedy: 0 at term:    L1norm: 0  L2norm: 0  slack: 20.2807  scale: 170.061
>feat: 190  name: e205  numrisky: 24
 >riskyterm: 0  z: z_190_quad0  card: 1  vars: [('x6', 'x6')]
  j=0 h=0 var=('x6', 'x6') xyval=0.0 coeff=22.00903886
  z=-0.01 -> displacement 0.000e+00   scaled displacement 0.000e+00
 >riskyterm: 1  z: z_190_quad1  card: 1  vars: [('x6', 'x8')]
  j=1 h=0 var=('x6', 'x8') xyval=0.0 coeff=9.1317749
  z=-0.01 -> displacement 0.000e+00   scaled displacement 0.000e+00
 >riskyterm: 2  z: z_190_quad2  card: 1  vars: [('x6', 'x12')]
  j=2 h=0 var=('x6', 'x12') xyval=0.0 coeff=5.708272383
  z=-0.01 -> displacement 0.000e+00   scaled displacement 0.000e+00
 >riskyterm: 3  z: z_190_quad3  card: 1  vars: [('x6', 'x13')]
  j=3 h=0 var=('x6', 'x13') xyval=0.0 coeff=10.72141305
  z=-0.01 -> displacement 0.000e+00   scaled displacement 0.000e+00
 >riskyterm: 4  z: z_190_quad4  card: 1  vars: [('x6', 'x14')]
  j=4 h=0 var=('x6', 'x14') xyval=0.0 coeff=-9.1317749
  z=-0.01 -> displacement 0.000e+00   scaled displacement 0.000e+00
 >riskyterm: 5  z: z_190_quad5  card: 1  vars: [('x6', 'x16')]
  j=5 h=0 var=('x6', 'x16') xyval=0.0 coeff=-2.15565364
  z=-0.01 -> displacement 0.000e+00   scaled displacement 0.000e+00
 >riskyterm: 6  z: z_190_quad6  card: 1  vars: [('x6', 'x18')]
  j=6 h=0 var=('x6', 'x18') xyval=0.0 coeff=2.15565364
  z=-0.01 -> displacement 0.000e+00   scaled displacement 0.000e+00
 >riskyterm: 7  z: z_190_quad7  card: 1  vars: [('x7', 'x7')]
  j=7 h=0 var=('x7', 'x7') xyval=1.0 coeff=22.00903886
  z=-0.01 -> displacement 0.000e+00   scaled displacement 0.000e+00
 >riskyterm: 8  z: z_190_quad8  card: 1  vars: [('x7', 'x8')]
  j=8 h=0 var=('x7', 'x8') xyval=3.571059873764572 coeff=2.15565364
  z=-0.01 -> displacement 0.000e+00   scaled displacement 0.000e+00
 >riskyterm: 9  z: z_190_quad9  card: 1  vars: [('x7', 'x12')]
  j=9 h=0 var=('x7', 'x12') xyval=0.41998559773451977 coeff=-10.72141305
  z=0.01 -> displacement 0.000e+00   scaled displacement 0.000e+00
 >riskyterm: 10  z: z_190_quad10  card: 1  vars: [('x7', 'x13')]
  j=10 h=0 var=('x7', 'x13') xyval=0.9075307695585743 coeff=5.708272383
  z=-0.01 -> displacement 0.000e+00   scaled displacement 0.000e+00
 >riskyterm: 11  z: z_190_quad11  card: 1  vars: [('x7', 'x14')]
  j=11 h=0 var=('x7', 'x14') xyval=1.66555919262607 coeff=-2.15565364
  z=0.01 -> displacement 0.000e+00   scaled displacement 0.000e+00
 >riskyterm: 12  z: z_190_quad12  card: 1  vars: [('x7', 'x16')]
  j=12 h=0 var=('x7', 'x16') xyval=3.94678752 coeff=9.1317749
  z=-0.01 -> displacement 0.000e+00   scaled displacement 0.000e+00
 >riskyterm: 13  z: z_190_quad13  card: 1  vars: [('x7', 'x18')]
  j=13 h=0 var=('x7', 'x18') xyval=5.606714242817338 coeff=-9.1317749
  z=0.01 -> displacement 0.000e+00   scaled displacement 0.000e+00
 >riskyterm: 14  z: z_190_quad15  card: 1  vars: [('x8', 'x12')]
  j=14 h=0 var=('x8', 'x12') xyval=1.4997937156287724 coeff=0.65916112
  z=-0.01 -> displacement 0.000e+00   scaled displacement 0.000e+00
 >riskyterm: 15  z: z_190_quad16  card: 1  vars: [('x8', 'x13')]
  j=15 h=0 var=('x8', 'x13') xyval=3.240846715377307 coeff=2.50375742
  z=-0.01 -> displacement 0.000e+00   scaled displacement 0.000e+00
 >riskyterm: 16  z: z_190_quad18  card: 1  vars: [('x12', 'x12')]
  j=16 h=0 var=('x12', 'x12') xyval=0.17638790230442186 coeff=1.67582365
  z=-0.01 -> displacement 0.000e+00   scaled displacement 0.000e+00
 >riskyterm: 17  z: z_190_quad19  card: 1  vars: [('x12', 'x14')]
  j=17 h=0 var=('x12', 'x14') xyval=0.6995108730772841 coeff=-0.65916112
  z=0.01 -> displacement 0.000e+00   scaled displacement 0.000e+00
 >riskyterm: 18  z: z_190_quad20  card: 1  vars: [('x12', 'x16')]
  j=18 h=0 var=('x12', 'x16') xyval=1.6575939157183428 coeff=-2.50375742
  z=0.01 -> displacement 0.000e+00   scaled displacement 0.000e+00
 >riskyterm: 19  z: z_190_quad21  card: 1  vars: [('x12', 'x18')]
  j=19 h=0 var=('x12', 'x18') xyval=2.3547392325962853 coeff=2.50375742
  z=-0.01 -> displacement 0.000e+00   scaled displacement 0.000e+00
 >riskyterm: 20  z: z_190_quad22  card: 1  vars: [('x13', 'x13')]
  j=20 h=0 var=('x13', 'x13') xyval=0.823612097695578 coeff=1.67582365
  z=-0.01 -> displacement 0.000e+00   scaled displacement 0.000e+00
 >riskyterm: 21  z: z_190_quad23  card: 1  vars: [('x13', 'x14')]
  j=21 h=0 var=('x13', 'x14') xyval=1.511546215829295 coeff=-2.50375742
  z=0.01 -> displacement 0.000e+00   scaled displacement 0.000e+00
 >riskyterm: 22  z: z_190_quad24  card: 1  vars: [('x13', 'x16')]
  j=22 h=0 var=('x13', 'x16') xyval=3.5818311153097766 coeff=0.65916112
  z=-0.01 -> displacement 0.000e+00   scaled displacement 0.000e+00
 >riskyterm: 23  z: z_190_quad25  card: 1  vars: [('x13', 'x18')]
  j=23 h=0 var=('x13', 'x18') xyval=5.088265691479037 coeff=-0.65916112
  z=0.01 -> displacement 0.000e+00   scaled displacement 0.000e+00
 SUMMARY - feat: e205 (>)  Greedy: 0 at term:    L1norm: 0  L2norm: 0  slack: 24.9522  scale: 146.03
>feat: 191  name: e206  numrisky: 10
 >riskyterm: 0  z: z_191_quad0  card: 1  vars: [('x9', 'x9')]
  j=0 h=0 var=('x9', 'x9') xyval=0.9999592071977097 coeff=3.20415403
  z=-0.01 -> displacement 0.000e+00   scaled displacement 0.000e+00
 >riskyterm: 1  z: z_191_quad1  card: 1  vars: [('x9', 'x11')]
  j=1 h=0 var=('x9', 'x11') xyval=-1.5375584326020444 coeff=2.5314331
  z=0.01 -> displacement 0.000e+00   scaled displacement 0.000e+00
 >riskyterm: 2  z: z_191_quad2  card: 1  vars: [('x9', 'x14')]
  j=2 h=0 var=('x9', 'x14') xyval=-1.665525220866192 coeff=-2.5314331
  z=-0.01 -> displacement 0.000e+00   scaled displacement 0.000e+00
 >riskyterm: 3  z: z_191_quad3  card: 1  vars: [('x9', 'x17')]
  j=3 h=0 var=('x9', 'x17') xyval=-8.449809813312426 coeff=-2.53149414
  z=-0.01 -> displacement 0.000e+00   scaled displacement 0.000e+00
 >riskyterm: 4  z: z_191_quad4  card: 1  vars: [('x9', 'x18')]
  j=4 h=0 var=('x9', 'x18') xyval=-5.606599884858278 coeff=2.53149414
  z=0.01 -> displacement 0.000e+00   scaled displacement 0.000e+00
 >riskyterm: 5  z: z_191_quad5  card: 1  vars: [('x10', 'x10')]
  j=5 h=0 var=('x10', 'x10') xyval=4.0792802287491546e-05 coeff=3.20415403
  z=-0.01 -> displacement 0.000e+00   scaled displacement 0.000e+00
 >riskyterm: 6  z: z_191_quad6  card: 1  vars: [('x10', 'x11')]
  j=6 h=0 var=('x10', 'x11') xyval=-0.009820469653065059 coeff=2.53149414
  z=0.01 -> displacement 0.000e+00   scaled displacement 0.000e+00
 >riskyterm: 7  z: z_191_quad7  card: 1  vars: [('x10', 'x14')]
  j=7 h=0 var=('x10', 'x14') xyval=-0.010637800516140963 coeff=-2.53149414
  z=-0.01 -> displacement 0.000e+00   scaled displacement 0.000e+00
 >riskyterm: 8  z: z_191_quad8  card: 1  vars: [('x10', 'x17')]
  j=8 h=0 var=('x10', 'x17') xyval=-0.053969396600671134 coeff=2.5314331
  z=0.01 -> displacement 0.000e+00   scaled displacement 0.000e+00
 >riskyterm: 9  z: z_191_quad9  card: 1  vars: [('x10', 'x18')]
  j=9 h=0 var=('x10', 'x18') xyval=-0.03580965956067793 coeff=-2.5314331
  z=-0.01 -> displacement 0.000e+00   scaled displacement 0.000e+00
 SUMMARY - feat: e206 (>)  Greedy: 0 at term:    L1norm: 0  L2norm: 0  slack: 17.0629  scale: 34.66
>feat: 192  name: e207  numrisky: 24
 >riskyterm: 0  z: z_192_quad0  card: 1  vars: [('x9', 'x9')]
  j=0 h=0 var=('x9', 'x9') xyval=0.9999592071977097 coeff=3.20415403
  z=-0.01 -> displacement 0.000e+00   scaled displacement 0.000e+00
 >riskyterm: 1  z: z_192_quad1  card: 1  vars: [('x9', 'x11')]
  j=1 h=0 var=('x9', 'x11') xyval=-1.5375584326020444 coeff=2.5314331
  z=0.01 -> displacement 0.000e+00   scaled displacement 0.000e+00
 >riskyterm: 2  z: z_192_quad2  card: 1  vars: [('x9', 'x12')]
  j=2 h=0 var=('x9', 'x12') xyval=-0.41997703145243165 coeff=-5.104927875
  z=-0.01 -> displacement 0.000e+00   scaled displacement 0.000e+00
 >riskyterm: 3  z: z_192_quad3  card: 1  vars: [('x9', 'x13')]
  j=3 h=0 var=('x9', 'x13') xyval=-0.9075122590081706 coeff=2.552601677
  z=0.01 -> displacement 0.000e+00   scaled displacement 0.000e+00
 >riskyterm: 4  z: z_192_quad4  card: 1  vars: [('x9', 'x14')]
  j=4 h=0 var=('x9', 'x14') xyval=-1.665525220866192 coeff=-2.5314331
  z=-0.01 -> displacement 0.000e+00   scaled displacement 0.000e+00
 >riskyterm: 5  z: z_192_quad5  card: 1  vars: [('x9', 'x17')]
  j=5 h=0 var=('x9', 'x17') xyval=-8.449809813312426 coeff=-2.53149414
  z=-0.01 -> displacement 0.000e+00   scaled displacement 0.000e+00
 >riskyterm: 6  z: z_192_quad6  card: 1  vars: [('x9', 'x18')]
  j=6 h=0 var=('x9', 'x18') xyval=-5.606599884858278 coeff=2.53149414
  z=0.01 -> displacement 0.000e+00   scaled displacement 0.000e+00
 >riskyterm: 7  z: z_192_quad7  card: 1  vars: [('x10', 'x10')]
  j=7 h=0 var=('x10', 'x10') xyval=4.0792802287491546e-05 coeff=3.20415403
  z=-0.01 -> displacement 0.000e+00   scaled displacement 0.000e+00
 >riskyterm: 8  z: z_192_quad8  card: 1  vars: [('x10', 'x11')]
  j=8 h=0 var=('x10', 'x11') xyval=-0.009820469653065059 coeff=2.53149414
  z=0.01 -> displacement 0.000e+00   scaled displacement 0.000e+00
 >riskyterm: 9  z: z_192_quad9  card: 1  vars: [('x10', 'x12')]
  j=9 h=0 var=('x10', 'x12') xyval=-0.0026824162288149197 coeff=-2.552601677
  z=-0.01 -> displacement 0.000e+00   scaled displacement 0.000e+00
 >riskyterm: 10  z: z_192_quad10  card: 1  vars: [('x10', 'x13')]
  j=10 h=0 var=('x10', 'x13') xyval=-0.005796330344526775 coeff=-5.104927875
  z=-0.01 -> displacement 0.000e+00   scaled displacement 0.000e+00
 >riskyterm: 11  z: z_192_quad11  card: 1  vars: [('x10', 'x14')]
  j=11 h=0 var=('x10', 'x14') xyval=-0.010637800516140963 coeff=-2.53149414
  z=-0.01 -> displacement 0.000e+00   scaled displacement 0.000e+00
 >riskyterm: 12  z: z_192_quad12  card: 1  vars: [('x10', 'x17')]
  j=12 h=0 var=('x10', 'x17') xyval=-0.053969396600671134 coeff=2.5314331
  z=0.01 -> displacement 0.000e+00   scaled displacement 0.000e+00
 >riskyterm: 13  z: z_192_quad13  card: 1  vars: [('x10', 'x18')]
  j=13 h=0 var=('x10', 'x18') xyval=-0.03580965956067793 coeff=-2.5314331
  z=-0.01 -> displacement 0.000e+00   scaled displacement 0.000e+00
 >riskyterm: 14  z: z_192_quad15  card: 1  vars: [('x11', 'x12')]
  j=14 h=0 var=('x11', 'x12') xyval=0.6457655687960341 coeff=-3.02492942
  z=0.01 -> displacement 0.000e+00   scaled displacement 0.000e+00
 >riskyterm: 15  z: z_192_quad16  card: 1  vars: [('x11', 'x13')]
  j=15 h=0 var=('x11', 'x13') xyval=1.3954100492139947 coeff=-1.00827778
  z=0.01 -> displacement 0.000e+00   scaled displacement 0.000e+00
 >riskyterm: 16  z: z_192_quad18  card: 1  vars: [('x12', 'x12')]
  j=16 h=0 var=('x12', 'x12') xyval=0.17638790230442186 coeff=2.541705519
  z=-0.01 -> displacement 0.000e+00   scaled displacement 0.000e+00
 >riskyterm: 17  z: z_192_quad19  card: 1  vars: [('x12', 'x14')]
  j=17 h=0 var=('x12', 'x14') xyval=0.6995108730772841 coeff=3.02492942
  z=-0.01 -> displacement 0.000e+00   scaled displacement 0.000e+00
 >riskyterm: 18  z: z_192_quad20  card: 1  vars: [('x12', 'x17')]
  j=18 h=0 var=('x12', 'x17') xyval=3.548870810117889 coeff=1.00827778
  z=-0.01 -> displacement 0.000e+00   scaled displacement 0.000e+00
 >riskyterm: 19  z: z_192_quad21  card: 1  vars: [('x12', 'x18')]
  j=19 h=0 var=('x12', 'x18') xyval=2.3547392325962853 coeff=-1.00827778
  z=0.01 -> displacement 0.000e+00   scaled displacement 0.000e+00
 >riskyterm: 20  z: z_192_quad22  card: 1  vars: [('x13', 'x13')]
  j=20 h=0 var=('x13', 'x13') xyval=0.823612097695578 coeff=2.541705519
  z=-0.01 -> displacement 0.000e+00   scaled displacement 0.000e+00
 >riskyterm: 21  z: z_192_quad23  card: 1  vars: [('x13', 'x14')]
  j=21 h=0 var=('x13', 'x14') xyval=1.511546215829295 coeff=1.00827778
  z=-0.01 -> displacement 0.000e+00   scaled displacement 0.000e+00
 >riskyterm: 22  z: z_192_quad24  card: 1  vars: [('x13', 'x17')]
  j=22 h=0 var=('x13', 'x17') xyval=7.668618816319782 coeff=-3.02492942
  z=0.01 -> displacement 0.000e+00   scaled displacement 0.000e+00
 >riskyterm: 23  z: z_192_quad25  card: 1  vars: [('x13', 'x18')]
  j=23 h=0 var=('x13', 'x18') xyval=5.088265691479037 coeff=3.02492942
  z=-0.01 -> displacement 0.000e+00   scaled displacement 0.000e+00
 SUMMARY - feat: e207 (>)  Greedy: 0 at term:    L1norm: 0  L2norm: 0  slack: 14.2148  scale: 71.1913
>feat: 193  name: e208  numrisky: 24
 >riskyterm: 0  z: z_193_quad0  card: 1  vars: [('x9', 'x9')]
  j=0 h=0 var=('x9', 'x9') xyval=0.9999592071977097 coeff=3.20415403
  z=-0.01 -> displacement 0.000e+00   scaled displacement 0.000e+00
 >riskyterm: 1  z: z_193_quad1  card: 1  vars: [('x9', 'x11')]
  j=1 h=0 var=('x9', 'x11') xyval=-1.5375584326020444 coeff=2.5314331
  z=0.01 -> displacement 0.000e+00   scaled displacement 0.000e+00
 >riskyterm: 2  z: z_193_quad2  card: 1  vars: [('x9', 'x12')]
  j=2 h=0 var=('x9', 'x12') xyval=-0.41997703145243165 coeff=0.9937987225
  z=0.01 -> displacement 0.000e+00   scaled displacement 0.000e+00
 >riskyterm: 3  z: z_193_quad3  card: 1  vars: [('x9', 'x13')]
  j=3 h=0 var=('x9', 'x13') xyval=-0.9075122590081706 coeff=-4.751635521
  z=-0.01 -> displacement 0.000e+00   scaled displacement 0.000e+00
 >riskyterm: 4  z: z_193_quad4  card: 1  vars: [('x9', 'x14')]
  j=4 h=0 var=('x9', 'x14') xyval=-1.665525220866192 coeff=-2.5314331
  z=-0.01 -> displacement 0.000e+00   scaled displacement 0.000e+00
 >riskyterm: 5  z: z_193_quad5  card: 1  vars: [('x9', 'x17')]
  j=5 h=0 var=('x9', 'x17') xyval=-8.449809813312426 coeff=-2.53149414
  z=-0.01 -> displacement 0.000e+00   scaled displacement 0.000e+00
 >riskyterm: 6  z: z_193_quad6  card: 1  vars: [('x9', 'x18')]
  j=6 h=0 var=('x9', 'x18') xyval=-5.606599884858278 coeff=2.53149414
  z=0.01 -> displacement 0.000e+00   scaled displacement 0.000e+00
 >riskyterm: 7  z: z_193_quad7  card: 1  vars: [('x10', 'x10')]
  j=7 h=0 var=('x10', 'x10') xyval=4.0792802287491546e-05 coeff=3.20415403
  z=-0.01 -> displacement 0.000e+00   scaled displacement 0.000e+00
 >riskyterm: 8  z: z_193_quad8  card: 1  vars: [('x10', 'x11')]
  j=8 h=0 var=('x10', 'x11') xyval=-0.009820469653065059 coeff=2.53149414
  z=0.01 -> displacement 0.000e+00   scaled displacement 0.000e+00
 >riskyterm: 9  z: z_193_quad9  card: 1  vars: [('x10', 'x12')]
  j=9 h=0 var=('x10', 'x12') xyval=-0.0026824162288149197 coeff=4.751635521
  z=0.01 -> displacement 0.000e+00   scaled displacement 0.000e+00
 >riskyterm: 10  z: z_193_quad10  card: 1  vars: [('x10', 'x13')]
  j=10 h=0 var=('x10', 'x13') xyval=-0.005796330344526775 coeff=0.9937987225
  z=0.01 -> displacement 0.000e+00   scaled displacement 0.000e+00
 >riskyterm: 11  z: z_193_quad11  card: 1  vars: [('x10', 'x14')]
  j=11 h=0 var=('x10', 'x14') xyval=-0.010637800516140963 coeff=-2.53149414
  z=-0.01 -> displacement 0.000e+00   scaled displacement 0.000e+00
 >riskyterm: 12  z: z_193_quad12  card: 1  vars: [('x10', 'x17')]
  j=12 h=0 var=('x10', 'x17') xyval=-0.053969396600671134 coeff=2.5314331
  z=0.01 -> displacement 0.000e+00   scaled displacement 0.000e+00
 >riskyterm: 13  z: z_193_quad13  card: 1  vars: [('x10', 'x18')]
  j=13 h=0 var=('x10', 'x18') xyval=-0.03580965956067793 coeff=-2.5314331
  z=-0.01 -> displacement 0.000e+00   scaled displacement 0.000e+00
 >riskyterm: 14  z: z_193_quad15  card: 1  vars: [('x11', 'x12')]
  j=14 h=0 var=('x11', 'x12') xyval=0.6457655687960341 coeff=2.26962754
  z=-0.01 -> displacement 0.000e+00   scaled displacement 0.000e+00
 >riskyterm: 15  z: z_193_quad16  card: 1  vars: [('x11', 'x13')]
  j=15 h=0 var=('x11', 'x13') xyval=1.3954100492139947 coeff=-1.48442486
  z=0.01 -> displacement 0.000e+00   scaled displacement 0.000e+00
 >riskyterm: 16  z: z_193_quad18  card: 1  vars: [('x12', 'x12')]
  j=16 h=0 var=('x12', 'x12') xyval=0.17638790230442186 coeff=1.838681584
  z=-0.01 -> displacement 0.000e+00   scaled displacement 0.000e+00
 >riskyterm: 17  z: z_193_quad19  card: 1  vars: [('x12', 'x14')]
  j=17 h=0 var=('x12', 'x14') xyval=0.6995108730772841 coeff=-2.26962754
  z=0.01 -> displacement 0.000e+00   scaled displacement 0.000e+00
 >riskyterm: 18  z: z_193_quad20  card: 1  vars: [('x12', 'x17')]
  j=18 h=0 var=('x12', 'x17') xyval=3.548870810117889 coeff=1.48442486
  z=-0.01 -> displacement 0.000e+00   scaled displacement 0.000e+00
 >riskyterm: 19  z: z_193_quad21  card: 1  vars: [('x12', 'x18')]
  j=19 h=0 var=('x12', 'x18') xyval=2.3547392325962853 coeff=-1.48442486
  z=0.01 -> displacement 0.000e+00   scaled displacement 0.000e+00
 >riskyterm: 20  z: z_193_quad22  card: 1  vars: [('x13', 'x13')]
  j=20 h=0 var=('x13', 'x13') xyval=0.823612097695578 coeff=1.838681584
  z=-0.01 -> displacement 0.000e+00   scaled displacement 0.000e+00
 >riskyterm: 21  z: z_193_quad23  card: 1  vars: [('x13', 'x14')]
  j=21 h=0 var=('x13', 'x14') xyval=1.511546215829295 coeff=1.48442486
  z=-0.01 -> displacement 0.000e+00   scaled displacement 0.000e+00
 >riskyterm: 22  z: z_193_quad24  card: 1  vars: [('x13', 'x17')]
  j=22 h=0 var=('x13', 'x17') xyval=7.668618816319782 coeff=2.26962754
  z=-0.01 -> displacement 0.000e+00   scaled displacement 0.000e+00
 >riskyterm: 23  z: z_193_quad25  card: 1  vars: [('x13', 'x18')]
  j=23 h=0 var=('x13', 'x18') xyval=5.088265691479037 coeff=-2.26962754
  z=0.01 -> displacement 0.000e+00   scaled displacement 0.000e+00
 SUMMARY - feat: e208 (>)  Greedy: 0 at term:    L1norm: 0  L2norm: 0  slack: 31.8529  scale: 64.8445
>feat: 194  name: e209  numrisky: 24
 >riskyterm: 0  z: z_194_quad0  card: 1  vars: [('x9', 'x9')]
  j=0 h=0 var=('x9', 'x9') xyval=0.9999592071977097 coeff=3.20415403
  z=-0.01 -> displacement 0.000e+00   scaled displacement 0.000e+00
 >riskyterm: 1  z: z_194_quad1  card: 1  vars: [('x9', 'x11')]
  j=1 h=0 var=('x9', 'x11') xyval=-1.5375584326020444 coeff=2.5314331
  z=0.01 -> displacement 0.000e+00   scaled displacement 0.000e+00
 >riskyterm: 2  z: z_194_quad2  card: 1  vars: [('x9', 'x12')]
  j=2 h=0 var=('x9', 'x12') xyval=-0.41997703145243165 coeff=-7.756675598
  z=-0.01 -> displacement 0.000e+00   scaled displacement 0.000e+00
 >riskyterm: 3  z: z_194_quad3  card: 1  vars: [('x9', 'x13')]
  j=3 h=0 var=('x9', 'x13') xyval=-0.9075122590081706 coeff=3.878471948
  z=0.01 -> displacement 0.000e+00   scaled displacement 0.000e+00
 >riskyterm: 4  z: z_194_quad4  card: 1  vars: [('x9', 'x14')]
  j=4 h=0 var=('x9', 'x14') xyval=-1.665525220866192 coeff=-2.5314331
  z=-0.01 -> displacement 0.000e+00   scaled displacement 0.000e+00
 >riskyterm: 5  z: z_194_quad5  card: 1  vars: [('x9', 'x17')]
  j=5 h=0 var=('x9', 'x17') xyval=-8.449809813312426 coeff=-2.53149414
  z=-0.01 -> displacement 0.000e+00   scaled displacement 0.000e+00
 >riskyterm: 6  z: z_194_quad6  card: 1  vars: [('x9', 'x18')]
  j=6 h=0 var=('x9', 'x18') xyval=-5.606599884858278 coeff=2.53149414
  z=0.01 -> displacement 0.000e+00   scaled displacement 0.000e+00
 >riskyterm: 7  z: z_194_quad7  card: 1  vars: [('x10', 'x10')]
  j=7 h=0 var=('x10', 'x10') xyval=4.0792802287491546e-05 coeff=3.20415403
  z=-0.01 -> displacement 0.000e+00   scaled displacement 0.000e+00
 >riskyterm: 8  z: z_194_quad8  card: 1  vars: [('x10', 'x11')]
  j=8 h=0 var=('x10', 'x11') xyval=-0.009820469653065059 coeff=2.53149414
  z=0.01 -> displacement 0.000e+00   scaled displacement 0.000e+00
 >riskyterm: 9  z: z_194_quad9  card: 1  vars: [('x10', 'x12')]
  j=9 h=0 var=('x10', 'x12') xyval=-0.0026824162288149197 coeff=-3.878471948
  z=-0.01 -> displacement 0.000e+00   scaled displacement 0.000e+00
 >riskyterm: 10  z: z_194_quad10  card: 1  vars: [('x10', 'x13')]
  j=10 h=0 var=('x10', 'x13') xyval=-0.005796330344526775 coeff=-7.756675598
  z=-0.01 -> displacement 0.000e+00   scaled displacement 0.000e+00
 >riskyterm: 11  z: z_194_quad11  card: 1  vars: [('x10', 'x14')]
  j=11 h=0 var=('x10', 'x14') xyval=-0.010637800516140963 coeff=-2.53149414
  z=-0.01 -> displacement 0.000e+00   scaled displacement 0.000e+00
 >riskyterm: 12  z: z_194_quad12  card: 1  vars: [('x10', 'x17')]
  j=12 h=0 var=('x10', 'x17') xyval=-0.053969396600671134 coeff=2.5314331
  z=0.01 -> displacement 0.000e+00   scaled displacement 0.000e+00
 >riskyterm: 13  z: z_194_quad13  card: 1  vars: [('x10', 'x18')]
  j=13 h=0 var=('x10', 'x18') xyval=-0.03580965956067793 coeff=-2.5314331
  z=-0.01 -> displacement 0.000e+00   scaled displacement 0.000e+00
 >riskyterm: 14  z: z_194_quad15  card: 1  vars: [('x11', 'x12')]
  j=14 h=0 var=('x11', 'x12') xyval=0.6457655687960341 coeff=-4.59619514
  z=0.01 -> displacement 0.000e+00   scaled displacement 0.000e+00
 >riskyterm: 15  z: z_194_quad16  card: 1  vars: [('x11', 'x13')]
  j=15 h=0 var=('x11', 'x13') xyval=1.3954100492139947 coeff=-1.53205596
  z=0.01 -> displacement 0.000e+00   scaled displacement 0.000e+00
 >riskyterm: 16  z: z_194_quad18  card: 1  vars: [('x12', 'x12')]
  j=16 h=0 var=('x12', 'x12') xyval=0.17638790230442186 coeff=5.868051307
  z=-0.01 -> displacement 0.000e+00   scaled displacement 0.000e+00
 >riskyterm: 17  z: z_194_quad19  card: 1  vars: [('x12', 'x14')]
  j=17 h=0 var=('x12', 'x14') xyval=0.6995108730772841 coeff=4.59619514
  z=-0.01 -> displacement 0.000e+00   scaled displacement 0.000e+00
 >riskyterm: 18  z: z_194_quad20  card: 1  vars: [('x12', 'x17')]
  j=18 h=0 var=('x12', 'x17') xyval=3.548870810117889 coeff=1.53205596
  z=-0.01 -> displacement 0.000e+00   scaled displacement 0.000e+00
 >riskyterm: 19  z: z_194_quad21  card: 1  vars: [('x12', 'x18')]
  j=19 h=0 var=('x12', 'x18') xyval=2.3547392325962853 coeff=-1.53205596
  z=0.01 -> displacement 0.000e+00   scaled displacement 0.000e+00
 >riskyterm: 20  z: z_194_quad22  card: 1  vars: [('x13', 'x13')]
  j=20 h=0 var=('x13', 'x13') xyval=0.823612097695578 coeff=5.868051307
  z=-0.01 -> displacement 0.000e+00   scaled displacement 0.000e+00
 >riskyterm: 21  z: z_194_quad23  card: 1  vars: [('x13', 'x14')]
  j=21 h=0 var=('x13', 'x14') xyval=1.511546215829295 coeff=1.53205596
  z=-0.01 -> displacement 0.000e+00   scaled displacement 0.000e+00
 >riskyterm: 22  z: z_194_quad24  card: 1  vars: [('x13', 'x17')]
  j=22 h=0 var=('x13', 'x17') xyval=7.668618816319782 coeff=-4.59619514
  z=0.01 -> displacement 0.000e+00   scaled displacement 0.000e+00
 >riskyterm: 23  z: z_194_quad25  card: 1  vars: [('x13', 'x18')]
  j=23 h=0 var=('x13', 'x18') xyval=5.088265691479037 coeff=4.59619514
  z=-0.01 -> displacement 0.000e+00   scaled displacement 0.000e+00
 SUMMARY - feat: e209 (>)  Greedy: 0 at term:    L1norm: 0  L2norm: 0  slack: 14.5409  scale: 94.1794
>feat: 195  name: e210  numrisky: 24
 >riskyterm: 0  z: z_195_quad0  card: 1  vars: [('x9', 'x9')]
  j=0 h=0 var=('x9', 'x9') xyval=0.9999592071977097 coeff=3.20415403
  z=-0.01 -> displacement 0.000e+00   scaled displacement 0.000e+00
 >riskyterm: 1  z: z_195_quad1  card: 1  vars: [('x9', 'x11')]
  j=1 h=0 var=('x9', 'x11') xyval=-1.5375584326020444 coeff=2.5314331
  z=0.01 -> displacement 0.000e+00   scaled displacement 0.000e+00
 >riskyterm: 2  z: z_195_quad2  card: 1  vars: [('x9', 'x12')]
  j=2 h=0 var=('x9', 'x12') xyval=-0.41997703145243165 coeff=4.003434757
  z=0.01 -> displacement 0.000e+00   scaled displacement 0.000e+00
 >riskyterm: 3  z: z_195_quad3  card: 1  vars: [('x9', 'x13')]
  j=3 h=0 var=('x9', 'x13') xyval=-0.9075122590081706 coeff=2.334715947
  z=0.01 -> displacement 0.000e+00   scaled displacement 0.000e+00
 >riskyterm: 4  z: z_195_quad4  card: 1  vars: [('x9', 'x14')]
  j=4 h=0 var=('x9', 'x14') xyval=-1.665525220866192 coeff=-2.5314331
  z=-0.01 -> displacement 0.000e+00   scaled displacement 0.000e+00
 >riskyterm: 5  z: z_195_quad5  card: 1  vars: [('x9', 'x17')]
  j=5 h=0 var=('x9', 'x17') xyval=-8.449809813312426 coeff=-2.53149414
  z=-0.01 -> displacement 0.000e+00   scaled displacement 0.000e+00
 >riskyterm: 6  z: z_195_quad6  card: 1  vars: [('x9', 'x18')]
  j=6 h=0 var=('x9', 'x18') xyval=-5.606599884858278 coeff=2.53149414
  z=0.01 -> displacement 0.000e+00   scaled displacement 0.000e+00
 >riskyterm: 7  z: z_195_quad7  card: 1  vars: [('x10', 'x10')]
  j=7 h=0 var=('x10', 'x10') xyval=4.0792802287491546e-05 coeff=3.20415403
  z=-0.01 -> displacement 0.000e+00   scaled displacement 0.000e+00
 >riskyterm: 8  z: z_195_quad8  card: 1  vars: [('x10', 'x11')]
  j=8 h=0 var=('x10', 'x11') xyval=-0.009820469653065059 coeff=2.53149414
  z=0.01 -> displacement 0.000e+00   scaled displacement 0.000e+00
 >riskyterm: 9  z: z_195_quad9  card: 1  vars: [('x10', 'x12')]
  j=9 h=0 var=('x10', 'x12') xyval=-0.0026824162288149197 coeff=-2.334715947
  z=-0.01 -> displacement 0.000e+00   scaled displacement 0.000e+00
 >riskyterm: 10  z: z_195_quad10  card: 1  vars: [('x10', 'x13')]
  j=10 h=0 var=('x10', 'x13') xyval=-0.005796330344526775 coeff=4.003434757
  z=0.01 -> displacement 0.000e+00   scaled displacement 0.000e+00
 >riskyterm: 11  z: z_195_quad11  card: 1  vars: [('x10', 'x14')]
  j=11 h=0 var=('x10', 'x14') xyval=-0.010637800516140963 coeff=-2.53149414
  z=-0.01 -> displacement 0.000e+00   scaled displacement 0.000e+00
 >riskyterm: 12  z: z_195_quad12  card: 1  vars: [('x10', 'x17')]
  j=12 h=0 var=('x10', 'x17') xyval=-0.053969396600671134 coeff=2.5314331
  z=0.01 -> displacement 0.000e+00   scaled displacement 0.000e+00
 >riskyterm: 13  z: z_195_quad13  card: 1  vars: [('x10', 'x18')]
  j=13 h=0 var=('x10', 'x18') xyval=-0.03580965956067793 coeff=-2.5314331
  z=-0.01 -> displacement 0.000e+00   scaled displacement 0.000e+00
 >riskyterm: 14  z: z_195_quad15  card: 1  vars: [('x11', 'x12')]
  j=14 h=0 var=('x11', 'x12') xyval=0.6457655687960341 coeff=0.65916112
  z=-0.01 -> displacement 0.000e+00   scaled displacement 0.000e+00
 >riskyterm: 15  z: z_195_quad16  card: 1  vars: [('x11', 'x13')]
  j=15 h=0 var=('x11', 'x13') xyval=1.3954100492139947 coeff=2.50375742
  z=-0.01 -> displacement 0.000e+00   scaled displacement 0.000e+00
 >riskyterm: 16  z: z_195_quad18  card: 1  vars: [('x12', 'x12')]
  j=16 h=0 var=('x12', 'x12') xyval=0.17638790230442186 coeff=1.67582365
  z=-0.01 -> displacement 0.000e+00   scaled displacement 0.000e+00
 >riskyterm: 17  z: z_195_quad19  card: 1  vars: [('x12', 'x14')]
  j=17 h=0 var=('x12', 'x14') xyval=0.6995108730772841 coeff=-0.65916112
  z=0.01 -> displacement 0.000e+00   scaled displacement 0.000e+00
 >riskyterm: 18  z: z_195_quad20  card: 1  vars: [('x12', 'x17')]
  j=18 h=0 var=('x12', 'x17') xyval=3.548870810117889 coeff=-2.50375742
  z=0.01 -> displacement 0.000e+00   scaled displacement 0.000e+00
 >riskyterm: 19  z: z_195_quad21  card: 1  vars: [('x12', 'x18')]
  j=19 h=0 var=('x12', 'x18') xyval=2.3547392325962853 coeff=2.50375742
  z=-0.01 -> displacement 0.000e+00   scaled displacement 0.000e+00
 >riskyterm: 20  z: z_195_quad22  card: 1  vars: [('x13', 'x13')]
  j=20 h=0 var=('x13', 'x13') xyval=0.823612097695578 coeff=1.67582365
  z=-0.01 -> displacement 0.000e+00   scaled displacement 0.000e+00
 >riskyterm: 21  z: z_195_quad23  card: 1  vars: [('x13', 'x14')]
  j=21 h=0 var=('x13', 'x14') xyval=1.511546215829295 coeff=-2.50375742
  z=0.01 -> displacement 0.000e+00   scaled displacement 0.000e+00
 >riskyterm: 22  z: z_195_quad24  card: 1  vars: [('x13', 'x17')]
  j=22 h=0 var=('x13', 'x17') xyval=7.668618816319782 coeff=0.65916112
  z=-0.01 -> displacement 0.000e+00   scaled displacement 0.000e+00
 >riskyterm: 23  z: z_195_quad25  card: 1  vars: [('x13', 'x18')]
  j=23 h=0 var=('x13', 'x18') xyval=5.088265691479037 coeff=-0.65916112
  z=0.01 -> displacement 0.000e+00   scaled displacement 0.000e+00
 SUMMARY - feat: e210 (>)  Greedy: 0 at term:    L1norm: 0  L2norm: 0  slack: 14.7683  scale: 63.3396
Max feature value: 0.00713641 at e49  (L1-norm: 0.00713641  L2-norm: 0.00713641.)
Counter: 0  feature: e49 (>)  term: ['x7']  z=0.01 --> delta: 7.136e-03
         rhs: -10.000  slack: 0.000  scale: 8.482  percent_violation: -0.006
Counter: 1  feature: e87 (>)  term: [('x13', 'x18')]  z=0.01 --> delta: 7.123e-03
         rhs: 4.297  slack: 0.024  scale: 29.216  percent_violation: 0.048
Counter: 2  feature: e32 (<)  term: ['x7']  z=0.01 --> delta: 6.190e-03
         rhs: 0.000  slack: 0.000  scale: 6.376  percent_violation: 39467.875
Counter: 3  feature: e2 (<)  term: ['x4']  z=0.01 --> delta: 5.005e-03
         rhs: 0.000  slack: 0.000  scale: 3.450  percent_violation: 17270.010
Counter: 4  feature: e25 (>)  term: ['x10']  z=0.01 --> delta: 4.946e-03
         rhs: 0.000  slack: 0.000  scale: 7.000  percent_violation: 34620.899
Counter: 5  feature: e5 (<)  term: ['x13']  z=0.01 --> delta: 4.244e-03
         rhs: 0.000  slack: 0.002  scale: 3.064  percent_violation: 13005.259
Counter: 6  feature: e81 (>)  term: [('x13', 'x18')]  z=0.01 --> delta: 4.055e-03
         rhs: 3.013  slack: 0.007  scale: 26.694  percent_violation: 0.036
Counter: 7  feature: e153 (>)  term: [('x4', 'x18')]  z=0.01 --> delta: 4.004e-03
         rhs: 2.060  slack: 0.009  scale: 69.592  percent_violation: 0.135
Counter: 8  feature: e35 (<)  term: ['x4']  z=0.01 --> delta: 3.952e-03
         rhs: 0.000  slack: 0.002  scale: 6.000  percent_violation: 23710.734
Counter: 9  feature: e198 (>)  term: [('x10', 'x17')]  z=0.01 --> delta: 3.909e-03
         rhs: 1.300  slack: 0.024  scale: 191.260  percent_violation: 0.575
Counter: 10  feature: e14 (<)  term: ['x10']  z=0.01 --> delta: 3.767e-03
         rhs: 0.000  slack: 0.000  scale: 4.056  percent_violation: 15278.314
Counter: 11  feature: e179 (>)  term: [('x13', 'x18')]  z=0.01 --> delta: 3.662e-03
         rhs: 2.123  slack: 0.044  scale: 84.353  percent_violation: 0.145
Counter: 12  feature: e10 (<)  term: ['x4']  z=0.01 --> delta: 3.218e-03
         rhs: 0.000  slack: 0.006  scale: 7.000  percent_violation: 22525.283
Counter: 13  feature: e19 (>)  term: ['x4']  z=0.01 --> delta: 3.111e-03
         rhs: 0.000  slack: 0.000  scale: 7.000  percent_violation: 21773.834
Counter: 14  feature: e202 (>)  term: [('x10', 'x17')]  z=0.01 --> delta: 2.571e-03
         rhs: 2.326  slack: 0.372  scale: 155.505  percent_violation: 0.172
Counter: 15  feature: e109 (>)  term: [('x13', 'x18')]  z=0.01 --> delta: 2.564e-03
         rhs: 2.074  slack: 0.052  scale: 78.475  percent_violation: 0.097
Counter: 16  feature: e54 (>)  term: ['x10']  z=0.01 --> delta: 2.546e-03
         rhs: -10.000  slack: 0.000  scale: 6.000  percent_violation: -0.002
Counter: 17  feature: e31 (<)  term: ['x4']  z=0.01 --> delta: 2.085e-03
         rhs: 0.000  slack: 0.007  scale: 3.450  percent_violation: 7192.592
Counter: 18  feature: e172 (>)  term: [('x10', 'x17')]  z=0.01 --> delta: 1.973e-03
         rhs: 3.009  slack: 0.377  scale: 123.749  percent_violation: 0.081
Counter: 19  feature: e16 (>)  term: ['x7']  z=0.01 --> delta: 1.937e-03
         rhs: 0.000  slack: 0.000  scale: 7.376  percent_violation: 14289.379
Counter: 20  feature: e20 (>)  term: ['x7']  z=0.01 --> delta: 1.507e-03
         rhs: 0.000  slack: 0.000  scale: 9.482  percent_violation: 14289.379
Counter: 21  feature: e99 (>)  term: [('x13', 'x18')]  z=0.01 --> delta: 6.113e-04
         rhs: 1.192  slack: 0.144  scale: 80.471  percent_violation: 0.041
