Starting log: Thu May 28 13:12:05 2026.
Running on: jasper.local.

<Version 2025.May.28.110600@jasper>
Reading config file drsk.conf.
LPFILE ../data/qplib_3318.lp
LOUDCONSTRAINTS 0
STRUCTFILE implicit
PARAMFILE drskparams.conf
Reading LP ../data/qplib_3318.lp.
Number of variables = 25.
Done reading LP.
Now storing LP data.

Reading implicit structure.
Storing linear constraints; 93 in total.
+ coeff 2.00008 of var x3 (idx 0) in constr e2 (idx 0) is deemed risky
+ coeff 3 of var x6 (idx 0) in constr e3 (idx 1) is deemed risky
+ coeff -1.5 of var x7 (idx 1) in constr e3 (idx 1) is deemed risky
+ coeff -2.99992 of var x10 (idx 1) in constr e4 (idx 2) is deemed risky
+ coeff 2.5 of var x12 (idx 0) in constr e5 (idx 3) is deemed risky
+ coeff -2.5 of var x13 (idx 1) in constr e5 (idx 3) is deemed risky
+ coeff 0.666667 of var x15 (idx 0) in constr e6 (idx 4) is deemed risky
+ coeff -1.5 of var x16 (idx 1) in constr e6 (idx 4) is deemed risky
+ coeff 4 of var x18 (idx 0) in constr e7 (idx 5) is deemed risky
+ coeff -2.00008 of var x19 (idx 1) in constr e7 (idx 5) is deemed risky
+ coeff -1.99992 of var x3 (idx 0) in constr e8 (idx 6) is deemed risky
+ coeff -3 of var x6 (idx 0) in constr e9 (idx 7) is deemed risky
+ coeff -1.5 of var x7 (idx 1) in constr e9 (idx 7) is deemed risky
+ coeff 1.00008 of var x10 (idx 1) in constr e10 (idx 8) is deemed risky
+ coeff -2.5 of var x12 (idx 0) in constr e11 (idx 9) is deemed risky
+ coeff -2.5 of var x13 (idx 1) in constr e11 (idx 9) is deemed risky
+ coeff -2.33333 of var x15 (idx 0) in constr e12 (idx 10) is deemed risky
+ coeff -1.5 of var x16 (idx 1) in constr e12 (idx 10) is deemed risky
+ coeff -2.00008 of var x19 (idx 1) in constr e13 (idx 11) is deemed risky
+ coeff -1.99992 of var x3 (idx 0) in constr e14 (idx 12) is deemed risky
+ coeff -3 of var x6 (idx 0) in constr e15 (idx 13) is deemed risky
+ coeff 1.5 of var x7 (idx 1) in constr e15 (idx 13) is deemed risky
+ coeff 1.00008 of var x10 (idx 1) in constr e16 (idx 14) is deemed risky
+ coeff -2.5 of var x12 (idx 0) in constr e17 (idx 15) is deemed risky
+ coeff 2.5 of var x13 (idx 1) in constr e17 (idx 15) is deemed risky
+ coeff -2.33333 of var x15 (idx 0) in constr e18 (idx 16) is deemed risky
+ coeff 1.5 of var x16 (idx 1) in constr e18 (idx 16) is deemed risky
+ coeff 1.99992 of var x19 (idx 1) in constr e19 (idx 17) is deemed risky
+ coeff 2.00008 of var x3 (idx 0) in constr e20 (idx 18) is deemed risky
+ coeff 4 of var x4 (idx 1) in constr e20 (idx 18) is deemed risky
+ coeff 3 of var x6 (idx 0) in constr e21 (idx 19) is deemed risky
+ coeff 1.5 of var x7 (idx 1) in constr e21 (idx 19) is deemed risky
+ coeff 2.5 of var x12 (idx 0) in constr e22 (idx 20) is deemed risky
+ coeff 2.5 of var x13 (idx 1) in constr e22 (idx 20) is deemed risky
+ coeff 4.66667 of var x15 (idx 0) in constr e23 (idx 21) is deemed risky
+ coeff 1.5 of var x16 (idx 1) in constr e23 (idx 21) is deemed risky
+ coeff 1.99992 of var x19 (idx 1) in constr e24 (idx 22) is deemed risky
+ coeff 2.00008 of var x3 (idx 1) in constr e25 (idx 23) is deemed risky
+ coeff 3 of var x6 (idx 1) in constr e26 (idx 24) is deemed risky
+ coeff -1.5 of var x7 (idx 2) in constr e26 (idx 24) is deemed risky
+ coeff -2.99992 of var x10 (idx 2) in constr e27 (idx 25) is deemed risky
+ coeff 2.5 of var x12 (idx 1) in constr e28 (idx 26) is deemed risky
+ coeff -2.5 of var x13 (idx 2) in constr e28 (idx 26) is deemed risky
+ coeff 0.666667 of var x15 (idx 1) in constr e29 (idx 27) is deemed risky
+ coeff -1.5 of var x16 (idx 2) in constr e29 (idx 27) is deemed risky
+ coeff 4 of var x18 (idx 1) in constr e30 (idx 28) is deemed risky
+ coeff -2.00008 of var x19 (idx 2) in constr e30 (idx 28) is deemed risky
+ coeff -1.99992 of var x3 (idx 1) in constr e31 (idx 29) is deemed risky
+ coeff -3 of var x6 (idx 1) in constr e32 (idx 30) is deemed risky
+ coeff -1.5 of var x7 (idx 2) in constr e32 (idx 30) is deemed risky
+ coeff 1.00008 of var x10 (idx 2) in constr e33 (idx 31) is deemed risky
+ coeff -2.5 of var x12 (idx 1) in constr e34 (idx 32) is deemed risky
+ coeff -2.5 of var x13 (idx 2) in constr e34 (idx 32) is deemed risky
+ coeff -2.33333 of var x15 (idx 1) in constr e35 (idx 33) is deemed risky
+ coeff -1.5 of var x16 (idx 2) in constr e35 (idx 33) is deemed risky
+ coeff -2.00008 of var x19 (idx 2) in constr e36 (idx 34) is deemed risky
+ coeff -1.99992 of var x3 (idx 1) in constr e37 (idx 35) is deemed risky
+ coeff -3 of var x6 (idx 1) in constr e38 (idx 36) is deemed risky
+ coeff 1.5 of var x7 (idx 2) in constr e38 (idx 36) is deemed risky
+ coeff 1.00008 of var x10 (idx 2) in constr e39 (idx 37) is deemed risky
+ coeff -2.5 of var x12 (idx 1) in constr e40 (idx 38) is deemed risky
+ coeff 2.5 of var x13 (idx 2) in constr e40 (idx 38) is deemed risky
+ coeff -2.33333 of var x15 (idx 1) in constr e41 (idx 39) is deemed risky
+ coeff 1.5 of var x16 (idx 2) in constr e41 (idx 39) is deemed risky
+ coeff 1.99992 of var x19 (idx 2) in constr e42 (idx 40) is deemed risky
+ coeff 2.00008 of var x3 (idx 1) in constr e43 (idx 41) is deemed risky
+ coeff 4 of var x4 (idx 2) in constr e43 (idx 41) is deemed risky
+ coeff 3 of var x6 (idx 1) in constr e44 (idx 42) is deemed risky
+ coeff 1.5 of var x7 (idx 2) in constr e44 (idx 42) is deemed risky
+ coeff 2.5 of var x12 (idx 1) in constr e46 (idx 43) is deemed risky
+ coeff 2.5 of var x13 (idx 2) in constr e46 (idx 43) is deemed risky
+ coeff 4.66667 of var x15 (idx 1) in constr e47 (idx 44) is deemed risky
+ coeff 1.5 of var x16 (idx 2) in constr e47 (idx 44) is deemed risky
+ coeff 1.99992 of var x19 (idx 2) in constr e48 (idx 45) is deemed risky
+ coeff 2.00008 of var x4 (idx 1) in constr e49 (idx 46) is deemed risky
+ coeff 1.5 of var x6 (idx 0) in constr e50 (idx 47) is deemed risky
+ coeff 3 of var x7 (idx 1) in constr e50 (idx 47) is deemed risky
+ coeff 2.99992 of var x9 (idx 0) in constr e51 (idx 48) is deemed risky
+ coeff 2.5 of var x12 (idx 0) in constr e52 (idx 49) is deemed risky
+ coeff 2.5 of var x13 (idx 1) in constr e52 (idx 49) is deemed risky
+ coeff 1.5 of var x15 (idx 0) in constr e53 (idx 50) is deemed risky
+ coeff 0.666667 of var x16 (idx 1) in constr e53 (idx 50) is deemed risky
+ coeff 2.00008 of var x18 (idx 0) in constr e54 (idx 51) is deemed risky
+ coeff 4 of var x19 (idx 1) in constr e54 (idx 51) is deemed risky
+ coeff -1.99992 of var x4 (idx 1) in constr e55 (idx 52) is deemed risky
+ coeff 1.5 of var x6 (idx 0) in constr e56 (idx 53) is deemed risky
+ coeff -3 of var x7 (idx 1) in constr e56 (idx 53) is deemed risky
+ coeff -1.00008 of var x9 (idx 0) in constr e57 (idx 54) is deemed risky
+ coeff 2.5 of var x12 (idx 0) in constr e58 (idx 55) is deemed risky
+ coeff -2.5 of var x13 (idx 1) in constr e58 (idx 55) is deemed risky
+ coeff 1.5 of var x15 (idx 0) in constr e59 (idx 56) is deemed risky
+ coeff -2.33333 of var x16 (idx 1) in constr e59 (idx 56) is deemed risky
+ coeff 2.00008 of var x18 (idx 0) in constr e60 (idx 57) is deemed risky
+ coeff -1.99992 of var x4 (idx 1) in constr e61 (idx 58) is deemed risky
+ coeff -1.5 of var x6 (idx 0) in constr e62 (idx 59) is deemed risky
+ coeff -3 of var x7 (idx 1) in constr e62 (idx 59) is deemed risky
+ coeff -1.00008 of var x9 (idx 0) in constr e63 (idx 60) is deemed risky
+ coeff -2.5 of var x12 (idx 0) in constr e64 (idx 61) is deemed risky
+ coeff -2.5 of var x13 (idx 1) in constr e64 (idx 61) is deemed risky
+ coeff -1.5 of var x15 (idx 0) in constr e65 (idx 62) is deemed risky
+ coeff -2.33333 of var x16 (idx 1) in constr e65 (idx 62) is deemed risky
+ coeff -1.99992 of var x18 (idx 0) in constr e66 (idx 63) is deemed risky
+ coeff -4 of var x3 (idx 0) in constr e67 (idx 64) is deemed risky
+ coeff 2.00008 of var x4 (idx 1) in constr e67 (idx 64) is deemed risky
+ coeff -1.5 of var x6 (idx 0) in constr e68 (idx 65) is deemed risky
+ coeff 3 of var x7 (idx 1) in constr e68 (idx 65) is deemed risky
+ coeff -2.5 of var x12 (idx 0) in constr e69 (idx 66) is deemed risky
+ coeff 2.5 of var x13 (idx 1) in constr e69 (idx 66) is deemed risky
+ coeff -1.5 of var x15 (idx 0) in constr e70 (idx 67) is deemed risky
+ coeff 4.66667 of var x16 (idx 1) in constr e70 (idx 67) is deemed risky
+ coeff -1.99992 of var x18 (idx 0) in constr e71 (idx 68) is deemed risky
+ coeff 2.00008 of var x4 (idx 1) in constr e72 (idx 69) is deemed risky
+ coeff 1.5 of var x6 (idx 0) in constr e73 (idx 70) is deemed risky
+ coeff 3 of var x7 (idx 1) in constr e73 (idx 70) is deemed risky
+ coeff 2.99992 of var x9 (idx 0) in constr e74 (idx 71) is deemed risky
+ coeff 2.5 of var x12 (idx 0) in constr e75 (idx 72) is deemed risky
+ coeff 2.5 of var x13 (idx 1) in constr e75 (idx 72) is deemed risky
+ coeff 1.5 of var x15 (idx 0) in constr e76 (idx 73) is deemed risky
+ coeff 0.666667 of var x16 (idx 1) in constr e76 (idx 73) is deemed risky
+ coeff 2.00008 of var x18 (idx 0) in constr e77 (idx 74) is deemed risky
+ coeff 4 of var x19 (idx 1) in constr e77 (idx 74) is deemed risky
+ coeff -1.99992 of var x4 (idx 1) in constr e78 (idx 75) is deemed risky
+ coeff 1.5 of var x6 (idx 0) in constr e79 (idx 76) is deemed risky
+ coeff -3 of var x7 (idx 1) in constr e79 (idx 76) is deemed risky
+ coeff -1.00008 of var x9 (idx 0) in constr e80 (idx 77) is deemed risky
+ coeff 2.5 of var x12 (idx 0) in constr e81 (idx 78) is deemed risky
+ coeff -2.5 of var x13 (idx 1) in constr e81 (idx 78) is deemed risky
+ coeff 1.5 of var x15 (idx 0) in constr e82 (idx 79) is deemed risky
+ coeff -2.33333 of var x16 (idx 1) in constr e82 (idx 79) is deemed risky
+ coeff 2.00008 of var x18 (idx 0) in constr e83 (idx 80) is deemed risky
+ coeff -1.99992 of var x4 (idx 1) in constr e84 (idx 81) is deemed risky
+ coeff -1.5 of var x6 (idx 0) in constr e85 (idx 82) is deemed risky
+ coeff -3 of var x7 (idx 1) in constr e85 (idx 82) is deemed risky
+ coeff -1.00008 of var x9 (idx 0) in constr e86 (idx 83) is deemed risky
+ coeff -2.5 of var x12 (idx 0) in constr e87 (idx 84) is deemed risky
+ coeff -2.5 of var x13 (idx 1) in constr e87 (idx 84) is deemed risky
+ coeff -1.5 of var x15 (idx 0) in constr e88 (idx 85) is deemed risky
+ coeff -2.33333 of var x16 (idx 1) in constr e88 (idx 85) is deemed risky
+ coeff -1.99992 of var x18 (idx 0) in constr e89 (idx 86) is deemed risky
+ coeff -4 of var x3 (idx 0) in constr e90 (idx 87) is deemed risky
+ coeff 2.00008 of var x4 (idx 1) in constr e90 (idx 87) is deemed risky
+ coeff -1.5 of var x6 (idx 0) in constr e91 (idx 88) is deemed risky
+ coeff 3 of var x7 (idx 1) in constr e91 (idx 88) is deemed risky
+ coeff -2.5 of var x12 (idx 0) in constr e92 (idx 89) is deemed risky
+ coeff 2.5 of var x13 (idx 1) in constr e92 (idx 89) is deemed risky
+ coeff -1.5 of var x15 (idx 0) in constr e93 (idx 90) is deemed risky
+ coeff 4.66667 of var x16 (idx 1) in constr e93 (idx 90) is deemed risky
+ coeff -1.99992 of var x18 (idx 0) in constr e94 (idx 91) is deemed risky
Stored linear constraints with code 0.
Storing quadratic constraints; 381 in total.
+ coeff 4.39233 of var (x5,x6) (idx 1) in constr e116 (idx 92) is deemed risky
+ coeff 1.39221 of var (x5,x7) (idx 2) in constr e116 (idx 92) is deemed risky
+ coeff -4.39233 of var (x6,x8) (idx 4) in constr e116 (idx 92) is deemed risky
+ coeff -1.39221 of var (x6,x21) (idx 5) in constr e116 (idx 92) is deemed risky
+ coeff 1.39221 of var (x6,x22) (idx 6) in constr e116 (idx 92) is deemed risky
+ coeff -1.39221 of var (x7,x8) (idx 7) in constr e116 (idx 92) is deemed risky
+ coeff 4.39233 of var (x7,x21) (idx 8) in constr e116 (idx 92) is deemed risky
+ coeff -4.39233 of var (x7,x22) (idx 9) in constr e116 (idx 92) is deemed risky
+ coeff 0.960999 of var (x5,x9) (idx 1) in constr e117 (idx 93) is deemed risky
+ coeff -2.88289 of var (x5,x10) (idx 2) in constr e117 (idx 93) is deemed risky
+ coeff -0.960999 of var (x9,x11) (idx 4) in constr e117 (idx 93) is deemed risky
+ coeff 2.88289 of var (x9,x21) (idx 5) in constr e117 (idx 93) is deemed risky
+ coeff -2.88289 of var (x9,x23) (idx 6) in constr e117 (idx 93) is deemed risky
+ coeff 2.88289 of var (x10,x11) (idx 7) in constr e117 (idx 93) is deemed risky
+ coeff 0.960999 of var (x10,x21) (idx 8) in constr e117 (idx 93) is deemed risky
+ coeff -0.960999 of var (x10,x23) (idx 9) in constr e117 (idx 93) is deemed risky
+ coeff 4.14205 of var (x5,x12) (idx 1) in constr e118 (idx 94) is deemed risky
+ coeff 4.14205 of var (x5,x13) (idx 2) in constr e118 (idx 94) is deemed risky
+ coeff -4.14205 of var (x12,x14) (idx 4) in constr e118 (idx 94) is deemed risky
+ coeff -4.14205 of var (x12,x21) (idx 5) in constr e118 (idx 94) is deemed risky
+ coeff 4.14205 of var (x12,x24) (idx 6) in constr e118 (idx 94) is deemed risky
+ coeff -4.14205 of var (x13,x14) (idx 7) in constr e118 (idx 94) is deemed risky
+ coeff 4.14205 of var (x13,x21) (idx 8) in constr e118 (idx 94) is deemed risky
+ coeff -4.14205 of var (x13,x24) (idx 9) in constr e118 (idx 94) is deemed risky
+ coeff 4.42912 of var (x5,x15) (idx 1) in constr e119 (idx 95) is deemed risky
+ coeff 1.36523 of var (x5,x16) (idx 2) in constr e119 (idx 95) is deemed risky
+ coeff -4.42912 of var (x15,x17) (idx 4) in constr e119 (idx 95) is deemed risky
+ coeff -1.36523 of var (x15,x21) (idx 5) in constr e119 (idx 95) is deemed risky
+ coeff 1.36523 of var (x15,x25) (idx 6) in constr e119 (idx 95) is deemed risky
+ coeff -1.36523 of var (x16,x17) (idx 7) in constr e119 (idx 95) is deemed risky
+ coeff 4.42912 of var (x16,x21) (idx 8) in constr e119 (idx 95) is deemed risky
+ coeff -4.42912 of var (x16,x25) (idx 9) in constr e119 (idx 95) is deemed risky
+ coeff 4.94409 of var (x5,x18) (idx 1) in constr e120 (idx 96) is deemed risky
+ coeff -2.47217 of var (x5,x19) (idx 2) in constr e120 (idx 96) is deemed risky
+ coeff -4.94409 of var (x18,x20) (idx 4) in constr e120 (idx 96) is deemed risky
+ coeff 2.47217 of var (x18,x21) (idx 5) in constr e120 (idx 96) is deemed risky
+ coeff -2.47217 of var (x18,x26) (idx 6) in constr e120 (idx 96) is deemed risky
+ coeff 2.47217 of var (x19,x20) (idx 7) in constr e120 (idx 96) is deemed risky
+ coeff 4.94409 of var (x19,x21) (idx 8) in constr e120 (idx 96) is deemed risky
+ coeff -4.94409 of var (x19,x26) (idx 9) in constr e120 (idx 96) is deemed risky
+ coeff -4.39221 of var (x5,x6) (idx 1) in constr e121 (idx 97) is deemed risky
+ coeff 1.3924 of var (x5,x7) (idx 2) in constr e121 (idx 97) is deemed risky
+ coeff 4.39221 of var (x6,x8) (idx 4) in constr e121 (idx 97) is deemed risky
+ coeff -1.3924 of var (x6,x21) (idx 5) in constr e121 (idx 97) is deemed risky
+ coeff 1.3924 of var (x6,x22) (idx 6) in constr e121 (idx 97) is deemed risky
+ coeff -1.3924 of var (x7,x8) (idx 7) in constr e121 (idx 97) is deemed risky
+ coeff -4.39221 of var (x7,x21) (idx 8) in constr e121 (idx 97) is deemed risky
+ coeff 4.39221 of var (x7,x22) (idx 9) in constr e121 (idx 97) is deemed risky
+ coeff -2.47186 of var (x5,x9) (idx 1) in constr e122 (idx 98) is deemed risky
+ coeff 1.23609 of var (x5,x10) (idx 2) in constr e122 (idx 98) is deemed risky
+ coeff 2.47186 of var (x9,x11) (idx 4) in constr e122 (idx 98) is deemed risky
+ coeff -1.23609 of var (x9,x21) (idx 5) in constr e122 (idx 98) is deemed risky
+ coeff 1.23609 of var (x9,x23) (idx 6) in constr e122 (idx 98) is deemed risky
+ coeff -1.23609 of var (x10,x11) (idx 7) in constr e122 (idx 98) is deemed risky
+ coeff -2.47186 of var (x10,x21) (idx 8) in constr e122 (idx 98) is deemed risky
+ coeff 2.47186 of var (x10,x23) (idx 9) in constr e122 (idx 98) is deemed risky
+ coeff -4.14205 of var (x5,x12) (idx 1) in constr e123 (idx 99) is deemed risky
+ coeff -4.14205 of var (x5,x13) (idx 2) in constr e123 (idx 99) is deemed risky
+ coeff 4.14205 of var (x12,x14) (idx 4) in constr e123 (idx 99) is deemed risky
+ coeff 4.14205 of var (x12,x21) (idx 5) in constr e123 (idx 99) is deemed risky
+ coeff -4.14205 of var (x12,x24) (idx 6) in constr e123 (idx 99) is deemed risky
+ coeff 4.14205 of var (x13,x14) (idx 7) in constr e123 (idx 99) is deemed risky
+ coeff -4.14205 of var (x13,x21) (idx 8) in constr e123 (idx 99) is deemed risky
+ coeff 4.14205 of var (x13,x24) (idx 9) in constr e123 (idx 99) is deemed risky
+ coeff -3.59164 of var (x5,x15) (idx 1) in constr e124 (idx 100) is deemed risky
+ coeff 1.92502 of var (x5,x16) (idx 2) in constr e124 (idx 100) is deemed risky
+ coeff 3.59164 of var (x15,x17) (idx 4) in constr e124 (idx 100) is deemed risky
+ coeff -1.92502 of var (x15,x21) (idx 5) in constr e124 (idx 100) is deemed risky
+ coeff 1.92502 of var (x15,x25) (idx 6) in constr e124 (idx 100) is deemed risky
+ coeff -1.92502 of var (x16,x17) (idx 7) in constr e124 (idx 100) is deemed risky
+ coeff -3.59164 of var (x16,x21) (idx 8) in constr e124 (idx 100) is deemed risky
+ coeff 3.59164 of var (x16,x25) (idx 9) in constr e124 (idx 100) is deemed risky
+ coeff -3.31348 of var (x5,x18) (idx 1) in constr e125 (idx 101) is deemed risky
+ coeff -3.3138 of var (x5,x19) (idx 2) in constr e125 (idx 101) is deemed risky
+ coeff 3.31348 of var (x18,x20) (idx 4) in constr e125 (idx 101) is deemed risky
+ coeff 3.3138 of var (x18,x21) (idx 5) in constr e125 (idx 101) is deemed risky
+ coeff -3.3138 of var (x18,x26) (idx 6) in constr e125 (idx 101) is deemed risky
+ coeff 3.3138 of var (x19,x20) (idx 7) in constr e125 (idx 101) is deemed risky
+ coeff -3.31348 of var (x19,x21) (idx 8) in constr e125 (idx 101) is deemed risky
+ coeff 3.31348 of var (x19,x26) (idx 9) in constr e125 (idx 101) is deemed risky
+ coeff -4.09888 of var (x5,x6) (idx 1) in constr e126 (idx 102) is deemed risky
+ coeff -1.09888 of var (x5,x7) (idx 2) in constr e126 (idx 102) is deemed risky
+ coeff 4.09888 of var (x6,x8) (idx 4) in constr e126 (idx 102) is deemed risky
+ coeff 1.09888 of var (x6,x21) (idx 5) in constr e126 (idx 102) is deemed risky
+ coeff -1.09888 of var (x6,x22) (idx 6) in constr e126 (idx 102) is deemed risky
+ coeff 1.09888 of var (x7,x8) (idx 7) in constr e126 (idx 102) is deemed risky
+ coeff -4.09888 of var (x7,x21) (idx 8) in constr e126 (idx 102) is deemed risky
+ coeff 4.09888 of var (x7,x22) (idx 9) in constr e126 (idx 102) is deemed risky
+ coeff 1.46014 of var (x5,x9) (idx 1) in constr e127 (idx 103) is deemed risky
+ coeff -4.38053 of var (x5,x10) (idx 2) in constr e127 (idx 103) is deemed risky
+ coeff -1.46014 of var (x9,x11) (idx 4) in constr e127 (idx 103) is deemed risky
+ coeff 4.38053 of var (x9,x21) (idx 5) in constr e127 (idx 103) is deemed risky
+ coeff -4.38053 of var (x9,x23) (idx 6) in constr e127 (idx 103) is deemed risky
+ coeff 4.38053 of var (x10,x11) (idx 7) in constr e127 (idx 103) is deemed risky
+ coeff 1.46014 of var (x10,x21) (idx 8) in constr e127 (idx 103) is deemed risky
+ coeff -1.46014 of var (x10,x23) (idx 9) in constr e127 (idx 103) is deemed risky
+ coeff -4.14205 of var (x5,x12) (idx 1) in constr e128 (idx 104) is deemed risky
+ coeff 4.14205 of var (x5,x13) (idx 2) in constr e128 (idx 104) is deemed risky
+ coeff 4.14205 of var (x12,x14) (idx 4) in constr e128 (idx 104) is deemed risky
+ coeff -4.14205 of var (x12,x21) (idx 5) in constr e128 (idx 104) is deemed risky
+ coeff 4.14205 of var (x12,x24) (idx 6) in constr e128 (idx 104) is deemed risky
+ coeff -4.14205 of var (x13,x14) (idx 7) in constr e128 (idx 104) is deemed risky
+ coeff -4.14205 of var (x13,x21) (idx 8) in constr e128 (idx 104) is deemed risky
+ coeff 4.14205 of var (x13,x24) (idx 9) in constr e128 (idx 104) is deemed risky
+ coeff -3.59164 of var (x5,x15) (idx 1) in constr e129 (idx 105) is deemed risky
+ coeff -1.92496 of var (x5,x16) (idx 2) in constr e129 (idx 105) is deemed risky
+ coeff 3.59164 of var (x15,x17) (idx 4) in constr e129 (idx 105) is deemed risky
+ coeff 1.92496 of var (x15,x21) (idx 5) in constr e129 (idx 105) is deemed risky
+ coeff -1.92496 of var (x15,x25) (idx 6) in constr e129 (idx 105) is deemed risky
+ coeff 1.92496 of var (x16,x17) (idx 7) in constr e129 (idx 105) is deemed risky
+ coeff -3.59164 of var (x16,x21) (idx 8) in constr e129 (idx 105) is deemed risky
+ coeff 3.59164 of var (x16,x25) (idx 9) in constr e129 (idx 105) is deemed risky
+ coeff -3.31372 of var (x5,x18) (idx 1) in constr e130 (idx 106) is deemed risky
+ coeff 3.31348 of var (x5,x19) (idx 2) in constr e130 (idx 106) is deemed risky
+ coeff 3.31372 of var (x18,x20) (idx 4) in constr e130 (idx 106) is deemed risky
+ coeff -3.31348 of var (x18,x21) (idx 5) in constr e130 (idx 106) is deemed risky
+ coeff 3.31348 of var (x18,x26) (idx 6) in constr e130 (idx 106) is deemed risky
+ coeff -3.31348 of var (x19,x20) (idx 7) in constr e130 (idx 106) is deemed risky
+ coeff -3.31372 of var (x19,x21) (idx 8) in constr e130 (idx 106) is deemed risky
+ coeff 3.31372 of var (x19,x26) (idx 9) in constr e130 (idx 106) is deemed risky
+ coeff 4.09802 of var (x5,x6) (idx 1) in constr e131 (idx 107) is deemed risky
+ coeff -1.09802 of var (x5,x7) (idx 2) in constr e131 (idx 107) is deemed risky
+ coeff -4.09802 of var (x6,x8) (idx 4) in constr e131 (idx 107) is deemed risky
+ coeff 1.09802 of var (x6,x21) (idx 5) in constr e131 (idx 107) is deemed risky
+ coeff -1.09802 of var (x6,x22) (idx 6) in constr e131 (idx 107) is deemed risky
+ coeff 1.09802 of var (x7,x8) (idx 7) in constr e131 (idx 107) is deemed risky
+ coeff 4.09802 of var (x7,x21) (idx 8) in constr e131 (idx 107) is deemed risky
+ coeff -4.09802 of var (x7,x22) (idx 9) in constr e131 (idx 107) is deemed risky
+ coeff 0.558512 of var (x5,x9) (idx 1) in constr e132 (idx 108) is deemed risky
+ coeff -1.67537 of var (x5,x10) (idx 2) in constr e132 (idx 108) is deemed risky
+ coeff -0.558512 of var (x9,x11) (idx 4) in constr e132 (idx 108) is deemed risky
+ coeff 1.67537 of var (x9,x21) (idx 5) in constr e132 (idx 108) is deemed risky
+ coeff -1.67537 of var (x9,x23) (idx 6) in constr e132 (idx 108) is deemed risky
+ coeff 1.67537 of var (x10,x11) (idx 7) in constr e132 (idx 108) is deemed risky
+ coeff 0.558512 of var (x10,x21) (idx 8) in constr e132 (idx 108) is deemed risky
+ coeff -0.558512 of var (x10,x23) (idx 9) in constr e132 (idx 108) is deemed risky
+ coeff 4.14205 of var (x5,x12) (idx 1) in constr e133 (idx 109) is deemed risky
+ coeff -4.14205 of var (x5,x13) (idx 2) in constr e133 (idx 109) is deemed risky
+ coeff -4.14205 of var (x12,x14) (idx 4) in constr e133 (idx 109) is deemed risky
+ coeff 4.14205 of var (x12,x21) (idx 5) in constr e133 (idx 109) is deemed risky
+ coeff -4.14205 of var (x12,x24) (idx 6) in constr e133 (idx 109) is deemed risky
+ coeff 4.14205 of var (x13,x14) (idx 7) in constr e133 (idx 109) is deemed risky
+ coeff 4.14205 of var (x13,x21) (idx 8) in constr e133 (idx 109) is deemed risky
+ coeff -4.14205 of var (x13,x24) (idx 9) in constr e133 (idx 109) is deemed risky
+ coeff 6.78566 of var (x5,x15) (idx 1) in constr e134 (idx 110) is deemed risky
+ coeff 2.15082 of var (x5,x16) (idx 2) in constr e134 (idx 110) is deemed risky
+ coeff -6.78566 of var (x15,x17) (idx 4) in constr e134 (idx 110) is deemed risky
+ coeff -2.15082 of var (x15,x21) (idx 5) in constr e134 (idx 110) is deemed risky
+ coeff 2.15082 of var (x15,x25) (idx 6) in constr e134 (idx 110) is deemed risky
+ coeff -2.15082 of var (x16,x17) (idx 7) in constr e134 (idx 110) is deemed risky
+ coeff 6.78566 of var (x16,x21) (idx 8) in constr e134 (idx 110) is deemed risky
+ coeff -6.78566 of var (x16,x25) (idx 9) in constr e134 (idx 110) is deemed risky
+ coeff 6.83276 of var (x5,x18) (idx 1) in constr e135 (idx 111) is deemed risky
+ coeff -3.4165 of var (x5,x19) (idx 2) in constr e135 (idx 111) is deemed risky
+ coeff -6.83276 of var (x18,x20) (idx 4) in constr e135 (idx 111) is deemed risky
+ coeff 3.4165 of var (x18,x21) (idx 5) in constr e135 (idx 111) is deemed risky
+ coeff -3.4165 of var (x18,x26) (idx 6) in constr e135 (idx 111) is deemed risky
+ coeff 3.4165 of var (x19,x20) (idx 7) in constr e135 (idx 111) is deemed risky
+ coeff 6.83276 of var (x19,x21) (idx 8) in constr e135 (idx 111) is deemed risky
+ coeff -6.83276 of var (x19,x26) (idx 9) in constr e135 (idx 111) is deemed risky
+ coeff 0.960999 of var (x8,x9) (idx 1) in constr e136 (idx 112) is deemed risky
+ coeff -2.88289 of var (x8,x10) (idx 2) in constr e136 (idx 112) is deemed risky
+ coeff -0.960999 of var (x9,x11) (idx 4) in constr e136 (idx 112) is deemed risky
+ coeff 2.88289 of var (x9,x22) (idx 5) in constr e136 (idx 112) is deemed risky
+ coeff -2.88289 of var (x9,x23) (idx 6) in constr e136 (idx 112) is deemed risky
+ coeff 2.88289 of var (x10,x11) (idx 7) in constr e136 (idx 112) is deemed risky
+ coeff 0.960999 of var (x10,x22) (idx 8) in constr e136 (idx 112) is deemed risky
+ coeff -0.960999 of var (x10,x23) (idx 9) in constr e136 (idx 112) is deemed risky
+ coeff 4.14205 of var (x8,x12) (idx 1) in constr e137 (idx 113) is deemed risky
+ coeff 4.14205 of var (x8,x13) (idx 2) in constr e137 (idx 113) is deemed risky
+ coeff -4.14205 of var (x12,x14) (idx 4) in constr e137 (idx 113) is deemed risky
+ coeff -4.14205 of var (x12,x22) (idx 5) in constr e137 (idx 113) is deemed risky
+ coeff 4.14205 of var (x12,x24) (idx 6) in constr e137 (idx 113) is deemed risky
+ coeff -4.14205 of var (x13,x14) (idx 7) in constr e137 (idx 113) is deemed risky
+ coeff 4.14205 of var (x13,x22) (idx 8) in constr e137 (idx 113) is deemed risky
+ coeff -4.14205 of var (x13,x24) (idx 9) in constr e137 (idx 113) is deemed risky
+ coeff 4.42912 of var (x8,x15) (idx 1) in constr e138 (idx 114) is deemed risky
+ coeff 1.36523 of var (x8,x16) (idx 2) in constr e138 (idx 114) is deemed risky
+ coeff -4.42912 of var (x15,x17) (idx 4) in constr e138 (idx 114) is deemed risky
+ coeff -1.36523 of var (x15,x22) (idx 5) in constr e138 (idx 114) is deemed risky
+ coeff 1.36523 of var (x15,x25) (idx 6) in constr e138 (idx 114) is deemed risky
+ coeff -1.36523 of var (x16,x17) (idx 7) in constr e138 (idx 114) is deemed risky
+ coeff 4.42912 of var (x16,x22) (idx 8) in constr e138 (idx 114) is deemed risky
+ coeff -4.42912 of var (x16,x25) (idx 9) in constr e138 (idx 114) is deemed risky
+ coeff 4.94409 of var (x8,x18) (idx 1) in constr e139 (idx 115) is deemed risky
+ coeff -2.47217 of var (x8,x19) (idx 2) in constr e139 (idx 115) is deemed risky
+ coeff -4.94409 of var (x18,x20) (idx 4) in constr e139 (idx 115) is deemed risky
+ coeff 2.47217 of var (x18,x22) (idx 5) in constr e139 (idx 115) is deemed risky
+ coeff -2.47217 of var (x18,x26) (idx 6) in constr e139 (idx 115) is deemed risky
+ coeff 2.47217 of var (x19,x20) (idx 7) in constr e139 (idx 115) is deemed risky
+ coeff 4.94409 of var (x19,x22) (idx 8) in constr e139 (idx 115) is deemed risky
+ coeff -4.94409 of var (x19,x26) (idx 9) in constr e139 (idx 115) is deemed risky
+ coeff -2.47186 of var (x8,x9) (idx 1) in constr e140 (idx 116) is deemed risky
+ coeff 1.23609 of var (x8,x10) (idx 2) in constr e140 (idx 116) is deemed risky
+ coeff 2.47186 of var (x9,x11) (idx 4) in constr e140 (idx 116) is deemed risky
+ coeff -1.23609 of var (x9,x22) (idx 5) in constr e140 (idx 116) is deemed risky
+ coeff 1.23609 of var (x9,x23) (idx 6) in constr e140 (idx 116) is deemed risky
+ coeff -1.23609 of var (x10,x11) (idx 7) in constr e140 (idx 116) is deemed risky
+ coeff -2.47186 of var (x10,x22) (idx 8) in constr e140 (idx 116) is deemed risky
+ coeff 2.47186 of var (x10,x23) (idx 9) in constr e140 (idx 116) is deemed risky
+ coeff -4.14205 of var (x8,x12) (idx 1) in constr e141 (idx 117) is deemed risky
+ coeff -4.14205 of var (x8,x13) (idx 2) in constr e141 (idx 117) is deemed risky
+ coeff 4.14205 of var (x12,x14) (idx 4) in constr e141 (idx 117) is deemed risky
+ coeff 4.14205 of var (x12,x22) (idx 5) in constr e141 (idx 117) is deemed risky
+ coeff -4.14205 of var (x12,x24) (idx 6) in constr e141 (idx 117) is deemed risky
+ coeff 4.14205 of var (x13,x14) (idx 7) in constr e141 (idx 117) is deemed risky
+ coeff -4.14205 of var (x13,x22) (idx 8) in constr e141 (idx 117) is deemed risky
+ coeff 4.14205 of var (x13,x24) (idx 9) in constr e141 (idx 117) is deemed risky
+ coeff -3.59164 of var (x8,x15) (idx 1) in constr e142 (idx 118) is deemed risky
+ coeff 1.92502 of var (x8,x16) (idx 2) in constr e142 (idx 118) is deemed risky
+ coeff 3.59164 of var (x15,x17) (idx 4) in constr e142 (idx 118) is deemed risky
+ coeff -1.92502 of var (x15,x22) (idx 5) in constr e142 (idx 118) is deemed risky
+ coeff 1.92502 of var (x15,x25) (idx 6) in constr e142 (idx 118) is deemed risky
+ coeff -1.92502 of var (x16,x17) (idx 7) in constr e142 (idx 118) is deemed risky
+ coeff -3.59164 of var (x16,x22) (idx 8) in constr e142 (idx 118) is deemed risky
+ coeff 3.59164 of var (x16,x25) (idx 9) in constr e142 (idx 118) is deemed risky
+ coeff -3.31348 of var (x8,x18) (idx 1) in constr e143 (idx 119) is deemed risky
+ coeff -3.3138 of var (x8,x19) (idx 2) in constr e143 (idx 119) is deemed risky
+ coeff 3.31348 of var (x18,x20) (idx 4) in constr e143 (idx 119) is deemed risky
+ coeff 3.3138 of var (x18,x22) (idx 5) in constr e143 (idx 119) is deemed risky
+ coeff -3.3138 of var (x18,x26) (idx 6) in constr e143 (idx 119) is deemed risky
+ coeff 3.3138 of var (x19,x20) (idx 7) in constr e143 (idx 119) is deemed risky
+ coeff -3.31348 of var (x19,x22) (idx 8) in constr e143 (idx 119) is deemed risky
+ coeff 3.31348 of var (x19,x26) (idx 9) in constr e143 (idx 119) is deemed risky
+ coeff 1.46014 of var (x8,x9) (idx 1) in constr e144 (idx 120) is deemed risky
+ coeff -4.38053 of var (x8,x10) (idx 2) in constr e144 (idx 120) is deemed risky
+ coeff -1.46014 of var (x9,x11) (idx 4) in constr e144 (idx 120) is deemed risky
+ coeff 4.38053 of var (x9,x22) (idx 5) in constr e144 (idx 120) is deemed risky
+ coeff -4.38053 of var (x9,x23) (idx 6) in constr e144 (idx 120) is deemed risky
+ coeff 4.38053 of var (x10,x11) (idx 7) in constr e144 (idx 120) is deemed risky
+ coeff 1.46014 of var (x10,x22) (idx 8) in constr e144 (idx 120) is deemed risky
+ coeff -1.46014 of var (x10,x23) (idx 9) in constr e144 (idx 120) is deemed risky
+ coeff -4.14205 of var (x8,x12) (idx 1) in constr e145 (idx 121) is deemed risky
+ coeff 4.14205 of var (x8,x13) (idx 2) in constr e145 (idx 121) is deemed risky
+ coeff 4.14205 of var (x12,x14) (idx 4) in constr e145 (idx 121) is deemed risky
+ coeff -4.14205 of var (x12,x22) (idx 5) in constr e145 (idx 121) is deemed risky
+ coeff 4.14205 of var (x12,x24) (idx 6) in constr e145 (idx 121) is deemed risky
+ coeff -4.14205 of var (x13,x14) (idx 7) in constr e145 (idx 121) is deemed risky
+ coeff -4.14205 of var (x13,x22) (idx 8) in constr e145 (idx 121) is deemed risky
+ coeff 4.14205 of var (x13,x24) (idx 9) in constr e145 (idx 121) is deemed risky
+ coeff -3.59164 of var (x8,x15) (idx 1) in constr e146 (idx 122) is deemed risky
+ coeff -1.92496 of var (x8,x16) (idx 2) in constr e146 (idx 122) is deemed risky
+ coeff 3.59164 of var (x15,x17) (idx 4) in constr e146 (idx 122) is deemed risky
+ coeff 1.92496 of var (x15,x22) (idx 5) in constr e146 (idx 122) is deemed risky
+ coeff -1.92496 of var (x15,x25) (idx 6) in constr e146 (idx 122) is deemed risky
+ coeff 1.92496 of var (x16,x17) (idx 7) in constr e146 (idx 122) is deemed risky
+ coeff -3.59164 of var (x16,x22) (idx 8) in constr e146 (idx 122) is deemed risky
+ coeff 3.59164 of var (x16,x25) (idx 9) in constr e146 (idx 122) is deemed risky
+ coeff -3.31372 of var (x8,x18) (idx 1) in constr e147 (idx 123) is deemed risky
+ coeff 3.31348 of var (x8,x19) (idx 2) in constr e147 (idx 123) is deemed risky
+ coeff 3.31372 of var (x18,x20) (idx 4) in constr e147 (idx 123) is deemed risky
+ coeff -3.31348 of var (x18,x22) (idx 5) in constr e147 (idx 123) is deemed risky
+ coeff 3.31348 of var (x18,x26) (idx 6) in constr e147 (idx 123) is deemed risky
+ coeff -3.31348 of var (x19,x20) (idx 7) in constr e147 (idx 123) is deemed risky
+ coeff -3.31372 of var (x19,x22) (idx 8) in constr e147 (idx 123) is deemed risky
+ coeff 3.31372 of var (x19,x26) (idx 9) in constr e147 (idx 123) is deemed risky
+ coeff 0.558512 of var (x8,x9) (idx 1) in constr e148 (idx 124) is deemed risky
+ coeff -1.67537 of var (x8,x10) (idx 2) in constr e148 (idx 124) is deemed risky
+ coeff -0.558512 of var (x9,x11) (idx 4) in constr e148 (idx 124) is deemed risky
+ coeff 1.67537 of var (x9,x22) (idx 5) in constr e148 (idx 124) is deemed risky
+ coeff -1.67537 of var (x9,x23) (idx 6) in constr e148 (idx 124) is deemed risky
+ coeff 1.67537 of var (x10,x11) (idx 7) in constr e148 (idx 124) is deemed risky
+ coeff 0.558512 of var (x10,x22) (idx 8) in constr e148 (idx 124) is deemed risky
+ coeff -0.558512 of var (x10,x23) (idx 9) in constr e148 (idx 124) is deemed risky
+ coeff 4.14205 of var (x8,x12) (idx 1) in constr e149 (idx 125) is deemed risky
+ coeff -4.14205 of var (x8,x13) (idx 2) in constr e149 (idx 125) is deemed risky
+ coeff -4.14205 of var (x12,x14) (idx 4) in constr e149 (idx 125) is deemed risky
+ coeff 4.14205 of var (x12,x22) (idx 5) in constr e149 (idx 125) is deemed risky
+ coeff -4.14205 of var (x12,x24) (idx 6) in constr e149 (idx 125) is deemed risky
+ coeff 4.14205 of var (x13,x14) (idx 7) in constr e149 (idx 125) is deemed risky
+ coeff 4.14205 of var (x13,x22) (idx 8) in constr e149 (idx 125) is deemed risky
+ coeff -4.14205 of var (x13,x24) (idx 9) in constr e149 (idx 125) is deemed risky
+ coeff 6.78566 of var (x8,x15) (idx 1) in constr e150 (idx 126) is deemed risky
+ coeff 2.15082 of var (x8,x16) (idx 2) in constr e150 (idx 126) is deemed risky
+ coeff -6.78566 of var (x15,x17) (idx 4) in constr e150 (idx 126) is deemed risky
+ coeff -2.15082 of var (x15,x22) (idx 5) in constr e150 (idx 126) is deemed risky
+ coeff 2.15082 of var (x15,x25) (idx 6) in constr e150 (idx 126) is deemed risky
+ coeff -2.15082 of var (x16,x17) (idx 7) in constr e150 (idx 126) is deemed risky
+ coeff 6.78566 of var (x16,x22) (idx 8) in constr e150 (idx 126) is deemed risky
+ coeff -6.78566 of var (x16,x25) (idx 9) in constr e150 (idx 126) is deemed risky
+ coeff 6.83276 of var (x8,x18) (idx 1) in constr e151 (idx 127) is deemed risky
+ coeff -3.4165 of var (x8,x19) (idx 2) in constr e151 (idx 127) is deemed risky
+ coeff -6.83276 of var (x18,x20) (idx 4) in constr e151 (idx 127) is deemed risky
+ coeff 3.4165 of var (x18,x22) (idx 5) in constr e151 (idx 127) is deemed risky
+ coeff -3.4165 of var (x18,x26) (idx 6) in constr e151 (idx 127) is deemed risky
+ coeff 3.4165 of var (x19,x20) (idx 7) in constr e151 (idx 127) is deemed risky
+ coeff 6.83276 of var (x19,x22) (idx 8) in constr e151 (idx 127) is deemed risky
+ coeff -6.83276 of var (x19,x26) (idx 9) in constr e151 (idx 127) is deemed risky
+ coeff 4.14205 of var (x11,x12) (idx 1) in constr e152 (idx 128) is deemed risky
+ coeff 4.14205 of var (x11,x13) (idx 2) in constr e152 (idx 128) is deemed risky
+ coeff -4.14205 of var (x12,x14) (idx 4) in constr e152 (idx 128) is deemed risky
+ coeff -4.14205 of var (x12,x23) (idx 5) in constr e152 (idx 128) is deemed risky
+ coeff 4.14205 of var (x12,x24) (idx 6) in constr e152 (idx 128) is deemed risky
+ coeff -4.14205 of var (x13,x14) (idx 7) in constr e152 (idx 128) is deemed risky
+ coeff 4.14205 of var (x13,x23) (idx 8) in constr e152 (idx 128) is deemed risky
+ coeff -4.14205 of var (x13,x24) (idx 9) in constr e152 (idx 128) is deemed risky
+ coeff 4.42912 of var (x11,x15) (idx 1) in constr e153 (idx 129) is deemed risky
+ coeff 1.36523 of var (x11,x16) (idx 2) in constr e153 (idx 129) is deemed risky
+ coeff -4.42912 of var (x15,x17) (idx 4) in constr e153 (idx 129) is deemed risky
+ coeff -1.36523 of var (x15,x23) (idx 5) in constr e153 (idx 129) is deemed risky
+ coeff 1.36523 of var (x15,x25) (idx 6) in constr e153 (idx 129) is deemed risky
+ coeff -1.36523 of var (x16,x17) (idx 7) in constr e153 (idx 129) is deemed risky
+ coeff 4.42912 of var (x16,x23) (idx 8) in constr e153 (idx 129) is deemed risky
+ coeff -4.42912 of var (x16,x25) (idx 9) in constr e153 (idx 129) is deemed risky
+ coeff 4.94409 of var (x11,x18) (idx 1) in constr e154 (idx 130) is deemed risky
+ coeff -2.47217 of var (x11,x19) (idx 2) in constr e154 (idx 130) is deemed risky
+ coeff -4.94409 of var (x18,x20) (idx 4) in constr e154 (idx 130) is deemed risky
+ coeff 2.47217 of var (x18,x23) (idx 5) in constr e154 (idx 130) is deemed risky
+ coeff -2.47217 of var (x18,x26) (idx 6) in constr e154 (idx 130) is deemed risky
+ coeff 2.47217 of var (x19,x20) (idx 7) in constr e154 (idx 130) is deemed risky
+ coeff 4.94409 of var (x19,x23) (idx 8) in constr e154 (idx 130) is deemed risky
+ coeff -4.94409 of var (x19,x26) (idx 9) in constr e154 (idx 130) is deemed risky
+ coeff -4.14205 of var (x11,x12) (idx 1) in constr e155 (idx 131) is deemed risky
+ coeff -4.14205 of var (x11,x13) (idx 2) in constr e155 (idx 131) is deemed risky
+ coeff 4.14205 of var (x12,x14) (idx 4) in constr e155 (idx 131) is deemed risky
+ coeff 4.14205 of var (x12,x23) (idx 5) in constr e155 (idx 131) is deemed risky
+ coeff -4.14205 of var (x12,x24) (idx 6) in constr e155 (idx 131) is deemed risky
+ coeff 4.14205 of var (x13,x14) (idx 7) in constr e155 (idx 131) is deemed risky
+ coeff -4.14205 of var (x13,x23) (idx 8) in constr e155 (idx 131) is deemed risky
+ coeff 4.14205 of var (x13,x24) (idx 9) in constr e155 (idx 131) is deemed risky
+ coeff -3.59164 of var (x11,x15) (idx 1) in constr e156 (idx 132) is deemed risky
+ coeff 1.92502 of var (x11,x16) (idx 2) in constr e156 (idx 132) is deemed risky
+ coeff 3.59164 of var (x15,x17) (idx 4) in constr e156 (idx 132) is deemed risky
+ coeff -1.92502 of var (x15,x23) (idx 5) in constr e156 (idx 132) is deemed risky
+ coeff 1.92502 of var (x15,x25) (idx 6) in constr e156 (idx 132) is deemed risky
+ coeff -1.92502 of var (x16,x17) (idx 7) in constr e156 (idx 132) is deemed risky
+ coeff -3.59164 of var (x16,x23) (idx 8) in constr e156 (idx 132) is deemed risky
+ coeff 3.59164 of var (x16,x25) (idx 9) in constr e156 (idx 132) is deemed risky
+ coeff -3.31348 of var (x11,x18) (idx 1) in constr e157 (idx 133) is deemed risky
+ coeff -3.3138 of var (x11,x19) (idx 2) in constr e157 (idx 133) is deemed risky
+ coeff 3.31348 of var (x18,x20) (idx 4) in constr e157 (idx 133) is deemed risky
+ coeff 3.3138 of var (x18,x23) (idx 5) in constr e157 (idx 133) is deemed risky
+ coeff -3.3138 of var (x18,x26) (idx 6) in constr e157 (idx 133) is deemed risky
+ coeff 3.3138 of var (x19,x20) (idx 7) in constr e157 (idx 133) is deemed risky
+ coeff -3.31348 of var (x19,x23) (idx 8) in constr e157 (idx 133) is deemed risky
+ coeff 3.31348 of var (x19,x26) (idx 9) in constr e157 (idx 133) is deemed risky
+ coeff -4.14205 of var (x11,x12) (idx 1) in constr e158 (idx 134) is deemed risky
+ coeff 4.14205 of var (x11,x13) (idx 2) in constr e158 (idx 134) is deemed risky
+ coeff 4.14205 of var (x12,x14) (idx 4) in constr e158 (idx 134) is deemed risky
+ coeff -4.14205 of var (x12,x23) (idx 5) in constr e158 (idx 134) is deemed risky
+ coeff 4.14205 of var (x12,x24) (idx 6) in constr e158 (idx 134) is deemed risky
+ coeff -4.14205 of var (x13,x14) (idx 7) in constr e158 (idx 134) is deemed risky
+ coeff -4.14205 of var (x13,x23) (idx 8) in constr e158 (idx 134) is deemed risky
+ coeff 4.14205 of var (x13,x24) (idx 9) in constr e158 (idx 134) is deemed risky
+ coeff -3.59164 of var (x11,x15) (idx 1) in constr e159 (idx 135) is deemed risky
+ coeff -1.92496 of var (x11,x16) (idx 2) in constr e159 (idx 135) is deemed risky
+ coeff 3.59164 of var (x15,x17) (idx 4) in constr e159 (idx 135) is deemed risky
+ coeff 1.92496 of var (x15,x23) (idx 5) in constr e159 (idx 135) is deemed risky
+ coeff -1.92496 of var (x15,x25) (idx 6) in constr e159 (idx 135) is deemed risky
+ coeff 1.92496 of var (x16,x17) (idx 7) in constr e159 (idx 135) is deemed risky
+ coeff -3.59164 of var (x16,x23) (idx 8) in constr e159 (idx 135) is deemed risky
+ coeff 3.59164 of var (x16,x25) (idx 9) in constr e159 (idx 135) is deemed risky
+ coeff -3.31372 of var (x11,x18) (idx 1) in constr e160 (idx 136) is deemed risky
+ coeff 3.31348 of var (x11,x19) (idx 2) in constr e160 (idx 136) is deemed risky
+ coeff 3.31372 of var (x18,x20) (idx 4) in constr e160 (idx 136) is deemed risky
+ coeff -3.31348 of var (x18,x23) (idx 5) in constr e160 (idx 136) is deemed risky
+ coeff 3.31348 of var (x18,x26) (idx 6) in constr e160 (idx 136) is deemed risky
+ coeff -3.31348 of var (x19,x20) (idx 7) in constr e160 (idx 136) is deemed risky
+ coeff -3.31372 of var (x19,x23) (idx 8) in constr e160 (idx 136) is deemed risky
+ coeff 3.31372 of var (x19,x26) (idx 9) in constr e160 (idx 136) is deemed risky
+ coeff 4.14205 of var (x11,x12) (idx 1) in constr e161 (idx 137) is deemed risky
+ coeff -4.14205 of var (x11,x13) (idx 2) in constr e161 (idx 137) is deemed risky
+ coeff -4.14205 of var (x12,x14) (idx 4) in constr e161 (idx 137) is deemed risky
+ coeff 4.14205 of var (x12,x23) (idx 5) in constr e161 (idx 137) is deemed risky
+ coeff -4.14205 of var (x12,x24) (idx 6) in constr e161 (idx 137) is deemed risky
+ coeff 4.14205 of var (x13,x14) (idx 7) in constr e161 (idx 137) is deemed risky
+ coeff 4.14205 of var (x13,x23) (idx 8) in constr e161 (idx 137) is deemed risky
+ coeff -4.14205 of var (x13,x24) (idx 9) in constr e161 (idx 137) is deemed risky
+ coeff 6.78566 of var (x11,x15) (idx 1) in constr e162 (idx 138) is deemed risky
+ coeff 2.15082 of var (x11,x16) (idx 2) in constr e162 (idx 138) is deemed risky
+ coeff -6.78566 of var (x15,x17) (idx 4) in constr e162 (idx 138) is deemed risky
+ coeff -2.15082 of var (x15,x23) (idx 5) in constr e162 (idx 138) is deemed risky
+ coeff 2.15082 of var (x15,x25) (idx 6) in constr e162 (idx 138) is deemed risky
+ coeff -2.15082 of var (x16,x17) (idx 7) in constr e162 (idx 138) is deemed risky
+ coeff 6.78566 of var (x16,x23) (idx 8) in constr e162 (idx 138) is deemed risky
+ coeff -6.78566 of var (x16,x25) (idx 9) in constr e162 (idx 138) is deemed risky
+ coeff 6.83276 of var (x11,x18) (idx 1) in constr e163 (idx 139) is deemed risky
+ coeff -3.4165 of var (x11,x19) (idx 2) in constr e163 (idx 139) is deemed risky
+ coeff -6.83276 of var (x18,x20) (idx 4) in constr e163 (idx 139) is deemed risky
+ coeff 3.4165 of var (x18,x23) (idx 5) in constr e163 (idx 139) is deemed risky
+ coeff -3.4165 of var (x18,x26) (idx 6) in constr e163 (idx 139) is deemed risky
+ coeff 3.4165 of var (x19,x20) (idx 7) in constr e163 (idx 139) is deemed risky
+ coeff 6.83276 of var (x19,x23) (idx 8) in constr e163 (idx 139) is deemed risky
+ coeff -6.83276 of var (x19,x26) (idx 9) in constr e163 (idx 139) is deemed risky
+ coeff 4.42912 of var (x14,x15) (idx 1) in constr e164 (idx 140) is deemed risky
+ coeff 1.36523 of var (x14,x16) (idx 2) in constr e164 (idx 140) is deemed risky
+ coeff -4.42912 of var (x15,x17) (idx 4) in constr e164 (idx 140) is deemed risky
+ coeff -1.36523 of var (x15,x24) (idx 5) in constr e164 (idx 140) is deemed risky
+ coeff 1.36523 of var (x15,x25) (idx 6) in constr e164 (idx 140) is deemed risky
+ coeff -1.36523 of var (x16,x17) (idx 7) in constr e164 (idx 140) is deemed risky
+ coeff 4.42912 of var (x16,x24) (idx 8) in constr e164 (idx 140) is deemed risky
+ coeff -4.42912 of var (x16,x25) (idx 9) in constr e164 (idx 140) is deemed risky
+ coeff 4.94409 of var (x14,x18) (idx 1) in constr e165 (idx 141) is deemed risky
+ coeff -2.47217 of var (x14,x19) (idx 2) in constr e165 (idx 141) is deemed risky
+ coeff -4.94409 of var (x18,x20) (idx 4) in constr e165 (idx 141) is deemed risky
+ coeff 2.47217 of var (x18,x24) (idx 5) in constr e165 (idx 141) is deemed risky
+ coeff -2.47217 of var (x18,x26) (idx 6) in constr e165 (idx 141) is deemed risky
+ coeff 2.47217 of var (x19,x20) (idx 7) in constr e165 (idx 141) is deemed risky
+ coeff 4.94409 of var (x19,x24) (idx 8) in constr e165 (idx 141) is deemed risky
+ coeff -4.94409 of var (x19,x26) (idx 9) in constr e165 (idx 141) is deemed risky
+ coeff -3.59164 of var (x14,x15) (idx 1) in constr e166 (idx 142) is deemed risky
+ coeff 1.92502 of var (x14,x16) (idx 2) in constr e166 (idx 142) is deemed risky
+ coeff 3.59164 of var (x15,x17) (idx 4) in constr e166 (idx 142) is deemed risky
+ coeff -1.92502 of var (x15,x24) (idx 5) in constr e166 (idx 142) is deemed risky
+ coeff 1.92502 of var (x15,x25) (idx 6) in constr e166 (idx 142) is deemed risky
+ coeff -1.92502 of var (x16,x17) (idx 7) in constr e166 (idx 142) is deemed risky
+ coeff -3.59164 of var (x16,x24) (idx 8) in constr e166 (idx 142) is deemed risky
+ coeff 3.59164 of var (x16,x25) (idx 9) in constr e166 (idx 142) is deemed risky
+ coeff -3.31348 of var (x14,x18) (idx 1) in constr e167 (idx 143) is deemed risky
+ coeff -3.3138 of var (x14,x19) (idx 2) in constr e167 (idx 143) is deemed risky
+ coeff 3.31348 of var (x18,x20) (idx 4) in constr e167 (idx 143) is deemed risky
+ coeff 3.3138 of var (x18,x24) (idx 5) in constr e167 (idx 143) is deemed risky
+ coeff -3.3138 of var (x18,x26) (idx 6) in constr e167 (idx 143) is deemed risky
+ coeff 3.3138 of var (x19,x20) (idx 7) in constr e167 (idx 143) is deemed risky
+ coeff -3.31348 of var (x19,x24) (idx 8) in constr e167 (idx 143) is deemed risky
+ coeff 3.31348 of var (x19,x26) (idx 9) in constr e167 (idx 143) is deemed risky
+ coeff -3.59164 of var (x14,x15) (idx 1) in constr e168 (idx 144) is deemed risky
+ coeff -1.92496 of var (x14,x16) (idx 2) in constr e168 (idx 144) is deemed risky
+ coeff 3.59164 of var (x15,x17) (idx 4) in constr e168 (idx 144) is deemed risky
+ coeff 1.92496 of var (x15,x24) (idx 5) in constr e168 (idx 144) is deemed risky
+ coeff -1.92496 of var (x15,x25) (idx 6) in constr e168 (idx 144) is deemed risky
+ coeff 1.92496 of var (x16,x17) (idx 7) in constr e168 (idx 144) is deemed risky
+ coeff -3.59164 of var (x16,x24) (idx 8) in constr e168 (idx 144) is deemed risky
+ coeff 3.59164 of var (x16,x25) (idx 9) in constr e168 (idx 144) is deemed risky
+ coeff -3.31372 of var (x14,x18) (idx 1) in constr e169 (idx 145) is deemed risky
+ coeff 3.31348 of var (x14,x19) (idx 2) in constr e169 (idx 145) is deemed risky
+ coeff 3.31372 of var (x18,x20) (idx 4) in constr e169 (idx 145) is deemed risky
+ coeff -3.31348 of var (x18,x24) (idx 5) in constr e169 (idx 145) is deemed risky
+ coeff 3.31348 of var (x18,x26) (idx 6) in constr e169 (idx 145) is deemed risky
+ coeff -3.31348 of var (x19,x20) (idx 7) in constr e169 (idx 145) is deemed risky
+ coeff -3.31372 of var (x19,x24) (idx 8) in constr e169 (idx 145) is deemed risky
+ coeff 3.31372 of var (x19,x26) (idx 9) in constr e169 (idx 145) is deemed risky
+ coeff 6.78566 of var (x14,x15) (idx 1) in constr e170 (idx 146) is deemed risky
+ coeff 2.15082 of var (x14,x16) (idx 2) in constr e170 (idx 146) is deemed risky
+ coeff -6.78566 of var (x15,x17) (idx 4) in constr e170 (idx 146) is deemed risky
+ coeff -2.15082 of var (x15,x24) (idx 5) in constr e170 (idx 146) is deemed risky
+ coeff 2.15082 of var (x15,x25) (idx 6) in constr e170 (idx 146) is deemed risky
+ coeff -2.15082 of var (x16,x17) (idx 7) in constr e170 (idx 146) is deemed risky
+ coeff 6.78566 of var (x16,x24) (idx 8) in constr e170 (idx 146) is deemed risky
+ coeff -6.78566 of var (x16,x25) (idx 9) in constr e170 (idx 146) is deemed risky
+ coeff 6.83276 of var (x14,x18) (idx 1) in constr e171 (idx 147) is deemed risky
+ coeff -3.4165 of var (x14,x19) (idx 2) in constr e171 (idx 147) is deemed risky
+ coeff -6.83276 of var (x18,x20) (idx 4) in constr e171 (idx 147) is deemed risky
+ coeff 3.4165 of var (x18,x24) (idx 5) in constr e171 (idx 147) is deemed risky
+ coeff -3.4165 of var (x18,x26) (idx 6) in constr e171 (idx 147) is deemed risky
+ coeff 3.4165 of var (x19,x20) (idx 7) in constr e171 (idx 147) is deemed risky
+ coeff 6.83276 of var (x19,x24) (idx 8) in constr e171 (idx 147) is deemed risky
+ coeff -6.83276 of var (x19,x26) (idx 9) in constr e171 (idx 147) is deemed risky
+ coeff 4.94409 of var (x17,x18) (idx 1) in constr e172 (idx 148) is deemed risky
+ coeff -2.47217 of var (x17,x19) (idx 2) in constr e172 (idx 148) is deemed risky
+ coeff -4.94409 of var (x18,x20) (idx 4) in constr e172 (idx 148) is deemed risky
+ coeff 2.47217 of var (x18,x25) (idx 5) in constr e172 (idx 148) is deemed risky
+ coeff -2.47217 of var (x18,x26) (idx 6) in constr e172 (idx 148) is deemed risky
+ coeff 2.47217 of var (x19,x20) (idx 7) in constr e172 (idx 148) is deemed risky
+ coeff 4.94409 of var (x19,x25) (idx 8) in constr e172 (idx 148) is deemed risky
+ coeff -4.94409 of var (x19,x26) (idx 9) in constr e172 (idx 148) is deemed risky
+ coeff -3.31348 of var (x17,x18) (idx 1) in constr e173 (idx 149) is deemed risky
+ coeff -3.3138 of var (x17,x19) (idx 2) in constr e173 (idx 149) is deemed risky
+ coeff 3.31348 of var (x18,x20) (idx 4) in constr e173 (idx 149) is deemed risky
+ coeff 3.3138 of var (x18,x25) (idx 5) in constr e173 (idx 149) is deemed risky
+ coeff -3.3138 of var (x18,x26) (idx 6) in constr e173 (idx 149) is deemed risky
+ coeff 3.3138 of var (x19,x20) (idx 7) in constr e173 (idx 149) is deemed risky
+ coeff -3.31348 of var (x19,x25) (idx 8) in constr e173 (idx 149) is deemed risky
+ coeff 3.31348 of var (x19,x26) (idx 9) in constr e173 (idx 149) is deemed risky
+ coeff -3.31372 of var (x17,x18) (idx 1) in constr e174 (idx 150) is deemed risky
+ coeff 3.31348 of var (x17,x19) (idx 2) in constr e174 (idx 150) is deemed risky
+ coeff 3.31372 of var (x18,x20) (idx 4) in constr e174 (idx 150) is deemed risky
+ coeff -3.31348 of var (x18,x25) (idx 5) in constr e174 (idx 150) is deemed risky
+ coeff 3.31348 of var (x18,x26) (idx 6) in constr e174 (idx 150) is deemed risky
+ coeff -3.31348 of var (x19,x20) (idx 7) in constr e174 (idx 150) is deemed risky
+ coeff -3.31372 of var (x19,x25) (idx 8) in constr e174 (idx 150) is deemed risky
+ coeff 3.31372 of var (x19,x26) (idx 9) in constr e174 (idx 150) is deemed risky
+ coeff 6.83276 of var (x17,x18) (idx 1) in constr e175 (idx 151) is deemed risky
+ coeff -3.4165 of var (x17,x19) (idx 2) in constr e175 (idx 151) is deemed risky
+ coeff -6.83276 of var (x18,x20) (idx 4) in constr e175 (idx 151) is deemed risky
+ coeff 3.4165 of var (x18,x25) (idx 5) in constr e175 (idx 151) is deemed risky
+ coeff -3.4165 of var (x18,x26) (idx 6) in constr e175 (idx 151) is deemed risky
+ coeff 3.4165 of var (x19,x20) (idx 7) in constr e175 (idx 151) is deemed risky
+ coeff 6.83276 of var (x19,x25) (idx 8) in constr e175 (idx 151) is deemed risky
+ coeff -6.83276 of var (x19,x26) (idx 9) in constr e175 (idx 151) is deemed risky
+ coeff -2.47217 of var (x3,x5) (idx 0) in constr e176 (idx 152) is deemed risky
+ coeff 2.47217 of var (x3,x8) (idx 1) in constr e176 (idx 152) is deemed risky
+ coeff 4.94409 of var (x3,x21) (idx 2) in constr e176 (idx 152) is deemed risky
+ coeff -4.94409 of var (x3,x22) (idx 3) in constr e176 (idx 152) is deemed risky
+ coeff -4.94409 of var (x4,x5) (idx 4) in constr e176 (idx 152) is deemed risky
+ coeff 4.94409 of var (x4,x8) (idx 5) in constr e176 (idx 152) is deemed risky
+ coeff -2.47217 of var (x4,x21) (idx 6) in constr e176 (idx 152) is deemed risky
+ coeff 2.47217 of var (x4,x22) (idx 7) in constr e176 (idx 152) is deemed risky
+ coeff -2.47217 of var (x3,x5) (idx 0) in constr e177 (idx 153) is deemed risky
+ coeff 2.47217 of var (x3,x11) (idx 1) in constr e177 (idx 153) is deemed risky
+ coeff 4.94409 of var (x3,x21) (idx 2) in constr e177 (idx 153) is deemed risky
+ coeff -4.94409 of var (x3,x23) (idx 3) in constr e177 (idx 153) is deemed risky
+ coeff -4.94409 of var (x4,x5) (idx 4) in constr e177 (idx 153) is deemed risky
+ coeff 4.94409 of var (x4,x11) (idx 5) in constr e177 (idx 153) is deemed risky
+ coeff -2.47217 of var (x4,x21) (idx 6) in constr e177 (idx 153) is deemed risky
+ coeff 2.47217 of var (x4,x23) (idx 7) in constr e177 (idx 153) is deemed risky
+ coeff -2.47217 of var (x3,x5) (idx 0) in constr e178 (idx 154) is deemed risky
+ coeff 2.47217 of var (x3,x14) (idx 1) in constr e178 (idx 154) is deemed risky
+ coeff 4.94409 of var (x3,x21) (idx 2) in constr e178 (idx 154) is deemed risky
+ coeff -4.94409 of var (x3,x24) (idx 3) in constr e178 (idx 154) is deemed risky
+ coeff -4.94409 of var (x4,x5) (idx 4) in constr e178 (idx 154) is deemed risky
+ coeff 4.94409 of var (x4,x14) (idx 5) in constr e178 (idx 154) is deemed risky
+ coeff -2.47217 of var (x4,x21) (idx 6) in constr e178 (idx 154) is deemed risky
+ coeff 2.47217 of var (x4,x24) (idx 7) in constr e178 (idx 154) is deemed risky
+ coeff -2.47217 of var (x3,x5) (idx 0) in constr e179 (idx 155) is deemed risky
+ coeff 2.47217 of var (x3,x17) (idx 1) in constr e179 (idx 155) is deemed risky
+ coeff 4.94409 of var (x3,x21) (idx 2) in constr e179 (idx 155) is deemed risky
+ coeff -4.94409 of var (x3,x25) (idx 3) in constr e179 (idx 155) is deemed risky
+ coeff -4.94409 of var (x4,x5) (idx 4) in constr e179 (idx 155) is deemed risky
+ coeff 4.94409 of var (x4,x17) (idx 5) in constr e179 (idx 155) is deemed risky
+ coeff -2.47217 of var (x4,x21) (idx 6) in constr e179 (idx 155) is deemed risky
+ coeff 2.47217 of var (x4,x25) (idx 7) in constr e179 (idx 155) is deemed risky
+ coeff -2.47217 of var (x3,x5) (idx 0) in constr e180 (idx 156) is deemed risky
+ coeff 2.47217 of var (x3,x20) (idx 1) in constr e180 (idx 156) is deemed risky
+ coeff 4.94409 of var (x3,x21) (idx 2) in constr e180 (idx 156) is deemed risky
+ coeff -4.94409 of var (x3,x26) (idx 3) in constr e180 (idx 156) is deemed risky
+ coeff -4.94409 of var (x4,x5) (idx 4) in constr e180 (idx 156) is deemed risky
+ coeff 4.94409 of var (x4,x20) (idx 5) in constr e180 (idx 156) is deemed risky
+ coeff -2.47217 of var (x4,x21) (idx 6) in constr e180 (idx 156) is deemed risky
+ coeff 2.47217 of var (x4,x26) (idx 7) in constr e180 (idx 156) is deemed risky
+ coeff -4.39233 of var (x6,x8) (idx 0) in constr e181 (idx 157) is deemed risky
+ coeff 4.39233 of var (x6,x11) (idx 1) in constr e181 (idx 157) is deemed risky
+ coeff 1.39221 of var (x6,x22) (idx 2) in constr e181 (idx 157) is deemed risky
+ coeff -1.39221 of var (x6,x23) (idx 3) in constr e181 (idx 157) is deemed risky
+ coeff -1.39221 of var (x7,x8) (idx 4) in constr e181 (idx 157) is deemed risky
+ coeff 1.39221 of var (x7,x11) (idx 5) in constr e181 (idx 157) is deemed risky
+ coeff -4.39233 of var (x7,x22) (idx 6) in constr e181 (idx 157) is deemed risky
+ coeff 4.39233 of var (x7,x23) (idx 7) in constr e181 (idx 157) is deemed risky
+ coeff -4.39233 of var (x6,x8) (idx 0) in constr e182 (idx 158) is deemed risky
+ coeff 4.39233 of var (x6,x14) (idx 1) in constr e182 (idx 158) is deemed risky
+ coeff 1.39221 of var (x6,x22) (idx 2) in constr e182 (idx 158) is deemed risky
+ coeff -1.39221 of var (x6,x24) (idx 3) in constr e182 (idx 158) is deemed risky
+ coeff -1.39221 of var (x7,x8) (idx 4) in constr e182 (idx 158) is deemed risky
+ coeff 1.39221 of var (x7,x14) (idx 5) in constr e182 (idx 158) is deemed risky
+ coeff -4.39233 of var (x7,x22) (idx 6) in constr e182 (idx 158) is deemed risky
+ coeff 4.39233 of var (x7,x24) (idx 7) in constr e182 (idx 158) is deemed risky
+ coeff -4.39233 of var (x6,x8) (idx 0) in constr e183 (idx 159) is deemed risky
+ coeff 4.39233 of var (x6,x17) (idx 1) in constr e183 (idx 159) is deemed risky
+ coeff 1.39221 of var (x6,x22) (idx 2) in constr e183 (idx 159) is deemed risky
+ coeff -1.39221 of var (x6,x25) (idx 3) in constr e183 (idx 159) is deemed risky
+ coeff -1.39221 of var (x7,x8) (idx 4) in constr e183 (idx 159) is deemed risky
+ coeff 1.39221 of var (x7,x17) (idx 5) in constr e183 (idx 159) is deemed risky
+ coeff -4.39233 of var (x7,x22) (idx 6) in constr e183 (idx 159) is deemed risky
+ coeff 4.39233 of var (x7,x25) (idx 7) in constr e183 (idx 159) is deemed risky
+ coeff -4.39233 of var (x6,x8) (idx 0) in constr e184 (idx 160) is deemed risky
+ coeff 4.39233 of var (x6,x20) (idx 1) in constr e184 (idx 160) is deemed risky
+ coeff 1.39221 of var (x6,x22) (idx 2) in constr e184 (idx 160) is deemed risky
+ coeff -1.39221 of var (x6,x26) (idx 3) in constr e184 (idx 160) is deemed risky
+ coeff -1.39221 of var (x7,x8) (idx 4) in constr e184 (idx 160) is deemed risky
+ coeff 1.39221 of var (x7,x20) (idx 5) in constr e184 (idx 160) is deemed risky
+ coeff -4.39233 of var (x7,x22) (idx 6) in constr e184 (idx 160) is deemed risky
+ coeff 4.39233 of var (x7,x26) (idx 7) in constr e184 (idx 160) is deemed risky
+ coeff -0.960999 of var (x9,x11) (idx 0) in constr e185 (idx 161) is deemed risky
+ coeff 0.960999 of var (x9,x14) (idx 1) in constr e185 (idx 161) is deemed risky
+ coeff -2.88289 of var (x9,x23) (idx 2) in constr e185 (idx 161) is deemed risky
+ coeff 2.88289 of var (x9,x24) (idx 3) in constr e185 (idx 161) is deemed risky
+ coeff 2.88289 of var (x10,x11) (idx 4) in constr e185 (idx 161) is deemed risky
+ coeff -2.88289 of var (x10,x14) (idx 5) in constr e185 (idx 161) is deemed risky
+ coeff -0.960999 of var (x10,x23) (idx 6) in constr e185 (idx 161) is deemed risky
+ coeff 0.960999 of var (x10,x24) (idx 7) in constr e185 (idx 161) is deemed risky
+ coeff -0.960999 of var (x9,x11) (idx 0) in constr e186 (idx 162) is deemed risky
+ coeff 0.960999 of var (x9,x17) (idx 1) in constr e186 (idx 162) is deemed risky
+ coeff -2.88289 of var (x9,x23) (idx 2) in constr e186 (idx 162) is deemed risky
+ coeff 2.88289 of var (x9,x25) (idx 3) in constr e186 (idx 162) is deemed risky
+ coeff 2.88289 of var (x10,x11) (idx 4) in constr e186 (idx 162) is deemed risky
+ coeff -2.88289 of var (x10,x17) (idx 5) in constr e186 (idx 162) is deemed risky
+ coeff -0.960999 of var (x10,x23) (idx 6) in constr e186 (idx 162) is deemed risky
+ coeff 0.960999 of var (x10,x25) (idx 7) in constr e186 (idx 162) is deemed risky
+ coeff -0.960999 of var (x9,x11) (idx 0) in constr e187 (idx 163) is deemed risky
+ coeff 0.960999 of var (x9,x20) (idx 1) in constr e187 (idx 163) is deemed risky
+ coeff -2.88289 of var (x9,x23) (idx 2) in constr e187 (idx 163) is deemed risky
+ coeff 2.88289 of var (x9,x26) (idx 3) in constr e187 (idx 163) is deemed risky
+ coeff 2.88289 of var (x10,x11) (idx 4) in constr e187 (idx 163) is deemed risky
+ coeff -2.88289 of var (x10,x20) (idx 5) in constr e187 (idx 163) is deemed risky
+ coeff -0.960999 of var (x10,x23) (idx 6) in constr e187 (idx 163) is deemed risky
+ coeff 0.960999 of var (x10,x26) (idx 7) in constr e187 (idx 163) is deemed risky
+ coeff -4.14205 of var (x12,x14) (idx 0) in constr e188 (idx 164) is deemed risky
+ coeff 4.14205 of var (x12,x17) (idx 1) in constr e188 (idx 164) is deemed risky
+ coeff 4.14205 of var (x12,x24) (idx 2) in constr e188 (idx 164) is deemed risky
+ coeff -4.14205 of var (x12,x25) (idx 3) in constr e188 (idx 164) is deemed risky
+ coeff -4.14205 of var (x13,x14) (idx 4) in constr e188 (idx 164) is deemed risky
+ coeff 4.14205 of var (x13,x17) (idx 5) in constr e188 (idx 164) is deemed risky
+ coeff -4.14205 of var (x13,x24) (idx 6) in constr e188 (idx 164) is deemed risky
+ coeff 4.14205 of var (x13,x25) (idx 7) in constr e188 (idx 164) is deemed risky
+ coeff -4.14205 of var (x12,x14) (idx 0) in constr e189 (idx 165) is deemed risky
+ coeff 4.14205 of var (x12,x20) (idx 1) in constr e189 (idx 165) is deemed risky
+ coeff 4.14205 of var (x12,x24) (idx 2) in constr e189 (idx 165) is deemed risky
+ coeff -4.14205 of var (x12,x26) (idx 3) in constr e189 (idx 165) is deemed risky
+ coeff -4.14205 of var (x13,x14) (idx 4) in constr e189 (idx 165) is deemed risky
+ coeff 4.14205 of var (x13,x20) (idx 5) in constr e189 (idx 165) is deemed risky
+ coeff -4.14205 of var (x13,x24) (idx 6) in constr e189 (idx 165) is deemed risky
+ coeff 4.14205 of var (x13,x26) (idx 7) in constr e189 (idx 165) is deemed risky
+ coeff -4.42912 of var (x15,x17) (idx 0) in constr e190 (idx 166) is deemed risky
+ coeff 4.42912 of var (x15,x20) (idx 1) in constr e190 (idx 166) is deemed risky
+ coeff 1.36523 of var (x15,x25) (idx 2) in constr e190 (idx 166) is deemed risky
+ coeff -1.36523 of var (x15,x26) (idx 3) in constr e190 (idx 166) is deemed risky
+ coeff -1.36523 of var (x16,x17) (idx 4) in constr e190 (idx 166) is deemed risky
+ coeff 1.36523 of var (x16,x20) (idx 5) in constr e190 (idx 166) is deemed risky
+ coeff -4.42912 of var (x16,x25) (idx 6) in constr e190 (idx 166) is deemed risky
+ coeff 4.42912 of var (x16,x26) (idx 7) in constr e190 (idx 166) is deemed risky
+ coeff -3.3138 of var (x3,x5) (idx 0) in constr e191 (idx 167) is deemed risky
+ coeff 3.3138 of var (x3,x8) (idx 1) in constr e191 (idx 167) is deemed risky
+ coeff -3.31348 of var (x3,x21) (idx 2) in constr e191 (idx 167) is deemed risky
+ coeff 3.31348 of var (x3,x22) (idx 3) in constr e191 (idx 167) is deemed risky
+ coeff 3.31348 of var (x4,x5) (idx 4) in constr e191 (idx 167) is deemed risky
+ coeff -3.31348 of var (x4,x8) (idx 5) in constr e191 (idx 167) is deemed risky
+ coeff -3.3138 of var (x4,x21) (idx 6) in constr e191 (idx 167) is deemed risky
+ coeff 3.3138 of var (x4,x22) (idx 7) in constr e191 (idx 167) is deemed risky
+ coeff -3.3138 of var (x3,x5) (idx 0) in constr e192 (idx 168) is deemed risky
+ coeff 3.3138 of var (x3,x11) (idx 1) in constr e192 (idx 168) is deemed risky
+ coeff -3.31348 of var (x3,x21) (idx 2) in constr e192 (idx 168) is deemed risky
+ coeff 3.31348 of var (x3,x23) (idx 3) in constr e192 (idx 168) is deemed risky
+ coeff 3.31348 of var (x4,x5) (idx 4) in constr e192 (idx 168) is deemed risky
+ coeff -3.31348 of var (x4,x11) (idx 5) in constr e192 (idx 168) is deemed risky
+ coeff -3.3138 of var (x4,x21) (idx 6) in constr e192 (idx 168) is deemed risky
+ coeff 3.3138 of var (x4,x23) (idx 7) in constr e192 (idx 168) is deemed risky
+ coeff -3.3138 of var (x3,x5) (idx 0) in constr e193 (idx 169) is deemed risky
+ coeff 3.3138 of var (x3,x14) (idx 1) in constr e193 (idx 169) is deemed risky
+ coeff -3.31348 of var (x3,x21) (idx 2) in constr e193 (idx 169) is deemed risky
+ coeff 3.31348 of var (x3,x24) (idx 3) in constr e193 (idx 169) is deemed risky
+ coeff 3.31348 of var (x4,x5) (idx 4) in constr e193 (idx 169) is deemed risky
+ coeff -3.31348 of var (x4,x14) (idx 5) in constr e193 (idx 169) is deemed risky
+ coeff -3.3138 of var (x4,x21) (idx 6) in constr e193 (idx 169) is deemed risky
+ coeff 3.3138 of var (x4,x24) (idx 7) in constr e193 (idx 169) is deemed risky
+ coeff -3.3138 of var (x3,x5) (idx 0) in constr e194 (idx 170) is deemed risky
+ coeff 3.3138 of var (x3,x17) (idx 1) in constr e194 (idx 170) is deemed risky
+ coeff -3.31348 of var (x3,x21) (idx 2) in constr e194 (idx 170) is deemed risky
+ coeff 3.31348 of var (x3,x25) (idx 3) in constr e194 (idx 170) is deemed risky
+ coeff 3.31348 of var (x4,x5) (idx 4) in constr e194 (idx 170) is deemed risky
+ coeff -3.31348 of var (x4,x17) (idx 5) in constr e194 (idx 170) is deemed risky
+ coeff -3.3138 of var (x4,x21) (idx 6) in constr e194 (idx 170) is deemed risky
+ coeff 3.3138 of var (x4,x25) (idx 7) in constr e194 (idx 170) is deemed risky
+ coeff -3.3138 of var (x3,x5) (idx 0) in constr e195 (idx 171) is deemed risky
+ coeff 3.3138 of var (x3,x20) (idx 1) in constr e195 (idx 171) is deemed risky
+ coeff -3.31348 of var (x3,x21) (idx 2) in constr e195 (idx 171) is deemed risky
+ coeff 3.31348 of var (x3,x26) (idx 3) in constr e195 (idx 171) is deemed risky
+ coeff 3.31348 of var (x4,x5) (idx 4) in constr e195 (idx 171) is deemed risky
+ coeff -3.31348 of var (x4,x20) (idx 5) in constr e195 (idx 171) is deemed risky
+ coeff -3.3138 of var (x4,x21) (idx 6) in constr e195 (idx 171) is deemed risky
+ coeff 3.3138 of var (x4,x26) (idx 7) in constr e195 (idx 171) is deemed risky
+ coeff 4.39221 of var (x6,x8) (idx 0) in constr e196 (idx 172) is deemed risky
+ coeff -4.39221 of var (x6,x11) (idx 1) in constr e196 (idx 172) is deemed risky
+ coeff 1.3924 of var (x6,x22) (idx 2) in constr e196 (idx 172) is deemed risky
+ coeff -1.3924 of var (x6,x23) (idx 3) in constr e196 (idx 172) is deemed risky
+ coeff -1.3924 of var (x7,x8) (idx 4) in constr e196 (idx 172) is deemed risky
+ coeff 1.3924 of var (x7,x11) (idx 5) in constr e196 (idx 172) is deemed risky
+ coeff 4.39221 of var (x7,x22) (idx 6) in constr e196 (idx 172) is deemed risky
+ coeff -4.39221 of var (x7,x23) (idx 7) in constr e196 (idx 172) is deemed risky
+ coeff 4.39221 of var (x6,x8) (idx 0) in constr e197 (idx 173) is deemed risky
+ coeff -4.39221 of var (x6,x14) (idx 1) in constr e197 (idx 173) is deemed risky
+ coeff 1.3924 of var (x6,x22) (idx 2) in constr e197 (idx 173) is deemed risky
+ coeff -1.3924 of var (x6,x24) (idx 3) in constr e197 (idx 173) is deemed risky
+ coeff -1.3924 of var (x7,x8) (idx 4) in constr e197 (idx 173) is deemed risky
+ coeff 1.3924 of var (x7,x14) (idx 5) in constr e197 (idx 173) is deemed risky
+ coeff 4.39221 of var (x7,x22) (idx 6) in constr e197 (idx 173) is deemed risky
+ coeff -4.39221 of var (x7,x24) (idx 7) in constr e197 (idx 173) is deemed risky
+ coeff 4.39221 of var (x6,x8) (idx 0) in constr e198 (idx 174) is deemed risky
+ coeff -4.39221 of var (x6,x17) (idx 1) in constr e198 (idx 174) is deemed risky
+ coeff 1.3924 of var (x6,x22) (idx 2) in constr e198 (idx 174) is deemed risky
+ coeff -1.3924 of var (x6,x25) (idx 3) in constr e198 (idx 174) is deemed risky
+ coeff -1.3924 of var (x7,x8) (idx 4) in constr e198 (idx 174) is deemed risky
+ coeff 1.3924 of var (x7,x17) (idx 5) in constr e198 (idx 174) is deemed risky
+ coeff 4.39221 of var (x7,x22) (idx 6) in constr e198 (idx 174) is deemed risky
+ coeff -4.39221 of var (x7,x25) (idx 7) in constr e198 (idx 174) is deemed risky
+ coeff 4.39221 of var (x6,x8) (idx 0) in constr e199 (idx 175) is deemed risky
+ coeff -4.39221 of var (x6,x20) (idx 1) in constr e199 (idx 175) is deemed risky
+ coeff 1.3924 of var (x6,x22) (idx 2) in constr e199 (idx 175) is deemed risky
+ coeff -1.3924 of var (x6,x26) (idx 3) in constr e199 (idx 175) is deemed risky
+ coeff -1.3924 of var (x7,x8) (idx 4) in constr e199 (idx 175) is deemed risky
+ coeff 1.3924 of var (x7,x20) (idx 5) in constr e199 (idx 175) is deemed risky
+ coeff 4.39221 of var (x7,x22) (idx 6) in constr e199 (idx 175) is deemed risky
+ coeff -4.39221 of var (x7,x26) (idx 7) in constr e199 (idx 175) is deemed risky
+ coeff 2.47186 of var (x9,x11) (idx 0) in constr e200 (idx 176) is deemed risky
+ coeff -2.47186 of var (x9,x14) (idx 1) in constr e200 (idx 176) is deemed risky
+ coeff 1.23609 of var (x9,x23) (idx 2) in constr e200 (idx 176) is deemed risky
+ coeff -1.23609 of var (x9,x24) (idx 3) in constr e200 (idx 176) is deemed risky
+ coeff -1.23609 of var (x10,x11) (idx 4) in constr e200 (idx 176) is deemed risky
+ coeff 1.23609 of var (x10,x14) (idx 5) in constr e200 (idx 176) is deemed risky
+ coeff 2.47186 of var (x10,x23) (idx 6) in constr e200 (idx 176) is deemed risky
+ coeff -2.47186 of var (x10,x24) (idx 7) in constr e200 (idx 176) is deemed risky
+ coeff 2.47186 of var (x9,x11) (idx 0) in constr e201 (idx 177) is deemed risky
+ coeff -2.47186 of var (x9,x17) (idx 1) in constr e201 (idx 177) is deemed risky
+ coeff 1.23609 of var (x9,x23) (idx 2) in constr e201 (idx 177) is deemed risky
+ coeff -1.23609 of var (x9,x25) (idx 3) in constr e201 (idx 177) is deemed risky
+ coeff -1.23609 of var (x10,x11) (idx 4) in constr e201 (idx 177) is deemed risky
+ coeff 1.23609 of var (x10,x17) (idx 5) in constr e201 (idx 177) is deemed risky
+ coeff 2.47186 of var (x10,x23) (idx 6) in constr e201 (idx 177) is deemed risky
+ coeff -2.47186 of var (x10,x25) (idx 7) in constr e201 (idx 177) is deemed risky
+ coeff 2.47186 of var (x9,x11) (idx 0) in constr e202 (idx 178) is deemed risky
+ coeff -2.47186 of var (x9,x20) (idx 1) in constr e202 (idx 178) is deemed risky
+ coeff 1.23609 of var (x9,x23) (idx 2) in constr e202 (idx 178) is deemed risky
+ coeff -1.23609 of var (x9,x26) (idx 3) in constr e202 (idx 178) is deemed risky
+ coeff -1.23609 of var (x10,x11) (idx 4) in constr e202 (idx 178) is deemed risky
+ coeff 1.23609 of var (x10,x20) (idx 5) in constr e202 (idx 178) is deemed risky
+ coeff 2.47186 of var (x10,x23) (idx 6) in constr e202 (idx 178) is deemed risky
+ coeff -2.47186 of var (x10,x26) (idx 7) in constr e202 (idx 178) is deemed risky
+ coeff 4.14205 of var (x12,x14) (idx 0) in constr e203 (idx 179) is deemed risky
+ coeff -4.14205 of var (x12,x17) (idx 1) in constr e203 (idx 179) is deemed risky
+ coeff -4.14205 of var (x12,x24) (idx 2) in constr e203 (idx 179) is deemed risky
+ coeff 4.14205 of var (x12,x25) (idx 3) in constr e203 (idx 179) is deemed risky
+ coeff 4.14205 of var (x13,x14) (idx 4) in constr e203 (idx 179) is deemed risky
+ coeff -4.14205 of var (x13,x17) (idx 5) in constr e203 (idx 179) is deemed risky
+ coeff 4.14205 of var (x13,x24) (idx 6) in constr e203 (idx 179) is deemed risky
+ coeff -4.14205 of var (x13,x25) (idx 7) in constr e203 (idx 179) is deemed risky
+ coeff 4.14205 of var (x12,x14) (idx 0) in constr e204 (idx 180) is deemed risky
+ coeff -4.14205 of var (x12,x20) (idx 1) in constr e204 (idx 180) is deemed risky
+ coeff -4.14205 of var (x12,x24) (idx 2) in constr e204 (idx 180) is deemed risky
+ coeff 4.14205 of var (x12,x26) (idx 3) in constr e204 (idx 180) is deemed risky
+ coeff 4.14205 of var (x13,x14) (idx 4) in constr e204 (idx 180) is deemed risky
+ coeff -4.14205 of var (x13,x20) (idx 5) in constr e204 (idx 180) is deemed risky
+ coeff 4.14205 of var (x13,x24) (idx 6) in constr e204 (idx 180) is deemed risky
+ coeff -4.14205 of var (x13,x26) (idx 7) in constr e204 (idx 180) is deemed risky
+ coeff 3.59164 of var (x15,x17) (idx 0) in constr e205 (idx 181) is deemed risky
+ coeff -3.59164 of var (x15,x20) (idx 1) in constr e205 (idx 181) is deemed risky
+ coeff 1.92502 of var (x15,x25) (idx 2) in constr e205 (idx 181) is deemed risky
+ coeff -1.92502 of var (x15,x26) (idx 3) in constr e205 (idx 181) is deemed risky
+ coeff -1.92502 of var (x16,x17) (idx 4) in constr e205 (idx 181) is deemed risky
+ coeff 1.92502 of var (x16,x20) (idx 5) in constr e205 (idx 181) is deemed risky
+ coeff 3.59164 of var (x16,x25) (idx 6) in constr e205 (idx 181) is deemed risky
+ coeff -3.59164 of var (x16,x26) (idx 7) in constr e205 (idx 181) is deemed risky
+ coeff 3.31348 of var (x3,x5) (idx 0) in constr e206 (idx 182) is deemed risky
+ coeff -3.31348 of var (x3,x8) (idx 1) in constr e206 (idx 182) is deemed risky
+ coeff -3.31372 of var (x3,x21) (idx 2) in constr e206 (idx 182) is deemed risky
+ coeff 3.31372 of var (x3,x22) (idx 3) in constr e206 (idx 182) is deemed risky
+ coeff 3.31372 of var (x4,x5) (idx 4) in constr e206 (idx 182) is deemed risky
+ coeff -3.31372 of var (x4,x8) (idx 5) in constr e206 (idx 182) is deemed risky
+ coeff 3.31348 of var (x4,x21) (idx 6) in constr e206 (idx 182) is deemed risky
+ coeff -3.31348 of var (x4,x22) (idx 7) in constr e206 (idx 182) is deemed risky
+ coeff 3.31348 of var (x3,x5) (idx 0) in constr e207 (idx 183) is deemed risky
+ coeff -3.31348 of var (x3,x11) (idx 1) in constr e207 (idx 183) is deemed risky
+ coeff -3.31372 of var (x3,x21) (idx 2) in constr e207 (idx 183) is deemed risky
+ coeff 3.31372 of var (x3,x23) (idx 3) in constr e207 (idx 183) is deemed risky
+ coeff 3.31372 of var (x4,x5) (idx 4) in constr e207 (idx 183) is deemed risky
+ coeff -3.31372 of var (x4,x11) (idx 5) in constr e207 (idx 183) is deemed risky
+ coeff 3.31348 of var (x4,x21) (idx 6) in constr e207 (idx 183) is deemed risky
+ coeff -3.31348 of var (x4,x23) (idx 7) in constr e207 (idx 183) is deemed risky
+ coeff 3.31348 of var (x3,x5) (idx 0) in constr e208 (idx 184) is deemed risky
+ coeff -3.31348 of var (x3,x14) (idx 1) in constr e208 (idx 184) is deemed risky
+ coeff -3.31372 of var (x3,x21) (idx 2) in constr e208 (idx 184) is deemed risky
+ coeff 3.31372 of var (x3,x24) (idx 3) in constr e208 (idx 184) is deemed risky
+ coeff 3.31372 of var (x4,x5) (idx 4) in constr e208 (idx 184) is deemed risky
+ coeff -3.31372 of var (x4,x14) (idx 5) in constr e208 (idx 184) is deemed risky
+ coeff 3.31348 of var (x4,x21) (idx 6) in constr e208 (idx 184) is deemed risky
+ coeff -3.31348 of var (x4,x24) (idx 7) in constr e208 (idx 184) is deemed risky
+ coeff 3.31348 of var (x3,x5) (idx 0) in constr e209 (idx 185) is deemed risky
+ coeff -3.31348 of var (x3,x17) (idx 1) in constr e209 (idx 185) is deemed risky
+ coeff -3.31372 of var (x3,x21) (idx 2) in constr e209 (idx 185) is deemed risky
+ coeff 3.31372 of var (x3,x25) (idx 3) in constr e209 (idx 185) is deemed risky
+ coeff 3.31372 of var (x4,x5) (idx 4) in constr e209 (idx 185) is deemed risky
+ coeff -3.31372 of var (x4,x17) (idx 5) in constr e209 (idx 185) is deemed risky
+ coeff 3.31348 of var (x4,x21) (idx 6) in constr e209 (idx 185) is deemed risky
+ coeff -3.31348 of var (x4,x25) (idx 7) in constr e209 (idx 185) is deemed risky
+ coeff 3.31348 of var (x3,x5) (idx 0) in constr e210 (idx 186) is deemed risky
+ coeff -3.31348 of var (x3,x20) (idx 1) in constr e210 (idx 186) is deemed risky
+ coeff -3.31372 of var (x3,x21) (idx 2) in constr e210 (idx 186) is deemed risky
+ coeff 3.31372 of var (x3,x26) (idx 3) in constr e210 (idx 186) is deemed risky
+ coeff 3.31372 of var (x4,x5) (idx 4) in constr e210 (idx 186) is deemed risky
+ coeff -3.31372 of var (x4,x20) (idx 5) in constr e210 (idx 186) is deemed risky
+ coeff 3.31348 of var (x4,x21) (idx 6) in constr e210 (idx 186) is deemed risky
+ coeff -3.31348 of var (x4,x26) (idx 7) in constr e210 (idx 186) is deemed risky
+ coeff 4.09888 of var (x6,x8) (idx 0) in constr e211 (idx 187) is deemed risky
+ coeff -4.09888 of var (x6,x11) (idx 1) in constr e211 (idx 187) is deemed risky
+ coeff -1.09888 of var (x6,x22) (idx 2) in constr e211 (idx 187) is deemed risky
+ coeff 1.09888 of var (x6,x23) (idx 3) in constr e211 (idx 187) is deemed risky
+ coeff 1.09888 of var (x7,x8) (idx 4) in constr e211 (idx 187) is deemed risky
+ coeff -1.09888 of var (x7,x11) (idx 5) in constr e211 (idx 187) is deemed risky
+ coeff 4.09888 of var (x7,x22) (idx 6) in constr e211 (idx 187) is deemed risky
+ coeff -4.09888 of var (x7,x23) (idx 7) in constr e211 (idx 187) is deemed risky
+ coeff 4.09888 of var (x6,x8) (idx 0) in constr e212 (idx 188) is deemed risky
+ coeff -4.09888 of var (x6,x14) (idx 1) in constr e212 (idx 188) is deemed risky
+ coeff -1.09888 of var (x6,x22) (idx 2) in constr e212 (idx 188) is deemed risky
+ coeff 1.09888 of var (x6,x24) (idx 3) in constr e212 (idx 188) is deemed risky
+ coeff 1.09888 of var (x7,x8) (idx 4) in constr e212 (idx 188) is deemed risky
+ coeff -1.09888 of var (x7,x14) (idx 5) in constr e212 (idx 188) is deemed risky
+ coeff 4.09888 of var (x7,x22) (idx 6) in constr e212 (idx 188) is deemed risky
+ coeff -4.09888 of var (x7,x24) (idx 7) in constr e212 (idx 188) is deemed risky
+ coeff 4.09888 of var (x6,x8) (idx 0) in constr e213 (idx 189) is deemed risky
+ coeff -4.09888 of var (x6,x17) (idx 1) in constr e213 (idx 189) is deemed risky
+ coeff -1.09888 of var (x6,x22) (idx 2) in constr e213 (idx 189) is deemed risky
+ coeff 1.09888 of var (x6,x25) (idx 3) in constr e213 (idx 189) is deemed risky
+ coeff 1.09888 of var (x7,x8) (idx 4) in constr e213 (idx 189) is deemed risky
+ coeff -1.09888 of var (x7,x17) (idx 5) in constr e213 (idx 189) is deemed risky
+ coeff 4.09888 of var (x7,x22) (idx 6) in constr e213 (idx 189) is deemed risky
+ coeff -4.09888 of var (x7,x25) (idx 7) in constr e213 (idx 189) is deemed risky
+ coeff 4.09888 of var (x6,x8) (idx 0) in constr e214 (idx 190) is deemed risky
+ coeff -4.09888 of var (x6,x20) (idx 1) in constr e214 (idx 190) is deemed risky
+ coeff -1.09888 of var (x6,x22) (idx 2) in constr e214 (idx 190) is deemed risky
+ coeff 1.09888 of var (x6,x26) (idx 3) in constr e214 (idx 190) is deemed risky
+ coeff 1.09888 of var (x7,x8) (idx 4) in constr e214 (idx 190) is deemed risky
+ coeff -1.09888 of var (x7,x20) (idx 5) in constr e214 (idx 190) is deemed risky
+ coeff 4.09888 of var (x7,x22) (idx 6) in constr e214 (idx 190) is deemed risky
+ coeff -4.09888 of var (x7,x26) (idx 7) in constr e214 (idx 190) is deemed risky
+ coeff -1.46014 of var (x9,x11) (idx 0) in constr e215 (idx 191) is deemed risky
+ coeff 1.46014 of var (x9,x14) (idx 1) in constr e215 (idx 191) is deemed risky
+ coeff -4.38053 of var (x9,x23) (idx 2) in constr e215 (idx 191) is deemed risky
+ coeff 4.38053 of var (x9,x24) (idx 3) in constr e215 (idx 191) is deemed risky
+ coeff 4.38053 of var (x10,x11) (idx 4) in constr e215 (idx 191) is deemed risky
+ coeff -4.38053 of var (x10,x14) (idx 5) in constr e215 (idx 191) is deemed risky
+ coeff -1.46014 of var (x10,x23) (idx 6) in constr e215 (idx 191) is deemed risky
+ coeff 1.46014 of var (x10,x24) (idx 7) in constr e215 (idx 191) is deemed risky
+ coeff -1.46014 of var (x9,x11) (idx 0) in constr e216 (idx 192) is deemed risky
+ coeff 1.46014 of var (x9,x17) (idx 1) in constr e216 (idx 192) is deemed risky
+ coeff -4.38053 of var (x9,x23) (idx 2) in constr e216 (idx 192) is deemed risky
+ coeff 4.38053 of var (x9,x25) (idx 3) in constr e216 (idx 192) is deemed risky
+ coeff 4.38053 of var (x10,x11) (idx 4) in constr e216 (idx 192) is deemed risky
+ coeff -4.38053 of var (x10,x17) (idx 5) in constr e216 (idx 192) is deemed risky
+ coeff -1.46014 of var (x10,x23) (idx 6) in constr e216 (idx 192) is deemed risky
+ coeff 1.46014 of var (x10,x25) (idx 7) in constr e216 (idx 192) is deemed risky
+ coeff -1.46014 of var (x9,x11) (idx 0) in constr e217 (idx 193) is deemed risky
+ coeff 1.46014 of var (x9,x20) (idx 1) in constr e217 (idx 193) is deemed risky
+ coeff -4.38053 of var (x9,x23) (idx 2) in constr e217 (idx 193) is deemed risky
+ coeff 4.38053 of var (x9,x26) (idx 3) in constr e217 (idx 193) is deemed risky
+ coeff 4.38053 of var (x10,x11) (idx 4) in constr e217 (idx 193) is deemed risky
+ coeff -4.38053 of var (x10,x20) (idx 5) in constr e217 (idx 193) is deemed risky
+ coeff -1.46014 of var (x10,x23) (idx 6) in constr e217 (idx 193) is deemed risky
+ coeff 1.46014 of var (x10,x26) (idx 7) in constr e217 (idx 193) is deemed risky
+ coeff 4.14205 of var (x12,x14) (idx 0) in constr e218 (idx 194) is deemed risky
+ coeff -4.14205 of var (x12,x17) (idx 1) in constr e218 (idx 194) is deemed risky
+ coeff 4.14205 of var (x12,x24) (idx 2) in constr e218 (idx 194) is deemed risky
+ coeff -4.14205 of var (x12,x25) (idx 3) in constr e218 (idx 194) is deemed risky
+ coeff -4.14205 of var (x13,x14) (idx 4) in constr e218 (idx 194) is deemed risky
+ coeff 4.14205 of var (x13,x17) (idx 5) in constr e218 (idx 194) is deemed risky
+ coeff 4.14205 of var (x13,x24) (idx 6) in constr e218 (idx 194) is deemed risky
+ coeff -4.14205 of var (x13,x25) (idx 7) in constr e218 (idx 194) is deemed risky
+ coeff 4.14205 of var (x12,x14) (idx 0) in constr e219 (idx 195) is deemed risky
+ coeff -4.14205 of var (x12,x20) (idx 1) in constr e219 (idx 195) is deemed risky
+ coeff 4.14205 of var (x12,x24) (idx 2) in constr e219 (idx 195) is deemed risky
+ coeff -4.14205 of var (x12,x26) (idx 3) in constr e219 (idx 195) is deemed risky
+ coeff -4.14205 of var (x13,x14) (idx 4) in constr e219 (idx 195) is deemed risky
+ coeff 4.14205 of var (x13,x20) (idx 5) in constr e219 (idx 195) is deemed risky
+ coeff 4.14205 of var (x13,x24) (idx 6) in constr e219 (idx 195) is deemed risky
+ coeff -4.14205 of var (x13,x26) (idx 7) in constr e219 (idx 195) is deemed risky
+ coeff 3.59164 of var (x15,x17) (idx 0) in constr e220 (idx 196) is deemed risky
+ coeff -3.59164 of var (x15,x20) (idx 1) in constr e220 (idx 196) is deemed risky
+ coeff -1.92496 of var (x15,x25) (idx 2) in constr e220 (idx 196) is deemed risky
+ coeff 1.92496 of var (x15,x26) (idx 3) in constr e220 (idx 196) is deemed risky
+ coeff 1.92496 of var (x16,x17) (idx 4) in constr e220 (idx 196) is deemed risky
+ coeff -1.92496 of var (x16,x20) (idx 5) in constr e220 (idx 196) is deemed risky
+ coeff 3.59164 of var (x16,x25) (idx 6) in constr e220 (idx 196) is deemed risky
+ coeff -3.59164 of var (x16,x26) (idx 7) in constr e220 (idx 196) is deemed risky
+ coeff -3.4165 of var (x3,x5) (idx 0) in constr e221 (idx 197) is deemed risky
+ coeff 3.4165 of var (x3,x8) (idx 1) in constr e221 (idx 197) is deemed risky
+ coeff 6.83276 of var (x3,x21) (idx 2) in constr e221 (idx 197) is deemed risky
+ coeff -6.83276 of var (x3,x22) (idx 3) in constr e221 (idx 197) is deemed risky
+ coeff -6.83276 of var (x4,x5) (idx 4) in constr e221 (idx 197) is deemed risky
+ coeff 6.83276 of var (x4,x8) (idx 5) in constr e221 (idx 197) is deemed risky
+ coeff -3.4165 of var (x4,x21) (idx 6) in constr e221 (idx 197) is deemed risky
+ coeff 3.4165 of var (x4,x22) (idx 7) in constr e221 (idx 197) is deemed risky
+ coeff -3.4165 of var (x3,x5) (idx 0) in constr e222 (idx 198) is deemed risky
+ coeff 3.4165 of var (x3,x11) (idx 1) in constr e222 (idx 198) is deemed risky
+ coeff 6.83276 of var (x3,x21) (idx 2) in constr e222 (idx 198) is deemed risky
+ coeff -6.83276 of var (x3,x23) (idx 3) in constr e222 (idx 198) is deemed risky
+ coeff -6.83276 of var (x4,x5) (idx 4) in constr e222 (idx 198) is deemed risky
+ coeff 6.83276 of var (x4,x11) (idx 5) in constr e222 (idx 198) is deemed risky
+ coeff -3.4165 of var (x4,x21) (idx 6) in constr e222 (idx 198) is deemed risky
+ coeff 3.4165 of var (x4,x23) (idx 7) in constr e222 (idx 198) is deemed risky
+ coeff -3.4165 of var (x3,x5) (idx 0) in constr e223 (idx 199) is deemed risky
+ coeff 3.4165 of var (x3,x14) (idx 1) in constr e223 (idx 199) is deemed risky
+ coeff 6.83276 of var (x3,x21) (idx 2) in constr e223 (idx 199) is deemed risky
+ coeff -6.83276 of var (x3,x24) (idx 3) in constr e223 (idx 199) is deemed risky
+ coeff -6.83276 of var (x4,x5) (idx 4) in constr e223 (idx 199) is deemed risky
+ coeff 6.83276 of var (x4,x14) (idx 5) in constr e223 (idx 199) is deemed risky
+ coeff -3.4165 of var (x4,x21) (idx 6) in constr e223 (idx 199) is deemed risky
+ coeff 3.4165 of var (x4,x24) (idx 7) in constr e223 (idx 199) is deemed risky
+ coeff -3.4165 of var (x3,x5) (idx 0) in constr e224 (idx 200) is deemed risky
+ coeff 3.4165 of var (x3,x17) (idx 1) in constr e224 (idx 200) is deemed risky
+ coeff 6.83276 of var (x3,x21) (idx 2) in constr e224 (idx 200) is deemed risky
+ coeff -6.83276 of var (x3,x25) (idx 3) in constr e224 (idx 200) is deemed risky
+ coeff -6.83276 of var (x4,x5) (idx 4) in constr e224 (idx 200) is deemed risky
+ coeff 6.83276 of var (x4,x17) (idx 5) in constr e224 (idx 200) is deemed risky
+ coeff -3.4165 of var (x4,x21) (idx 6) in constr e224 (idx 200) is deemed risky
+ coeff 3.4165 of var (x4,x25) (idx 7) in constr e224 (idx 200) is deemed risky
+ coeff -3.4165 of var (x3,x5) (idx 0) in constr e225 (idx 201) is deemed risky
+ coeff 3.4165 of var (x3,x20) (idx 1) in constr e225 (idx 201) is deemed risky
+ coeff 6.83276 of var (x3,x21) (idx 2) in constr e225 (idx 201) is deemed risky
+ coeff -6.83276 of var (x3,x26) (idx 3) in constr e225 (idx 201) is deemed risky
+ coeff -6.83276 of var (x4,x5) (idx 4) in constr e225 (idx 201) is deemed risky
+ coeff 6.83276 of var (x4,x20) (idx 5) in constr e225 (idx 201) is deemed risky
+ coeff -3.4165 of var (x4,x21) (idx 6) in constr e225 (idx 201) is deemed risky
+ coeff 3.4165 of var (x4,x26) (idx 7) in constr e225 (idx 201) is deemed risky
+ coeff -4.09802 of var (x6,x8) (idx 0) in constr e226 (idx 202) is deemed risky
+ coeff 4.09802 of var (x6,x11) (idx 1) in constr e226 (idx 202) is deemed risky
+ coeff -1.09802 of var (x6,x22) (idx 2) in constr e226 (idx 202) is deemed risky
+ coeff 1.09802 of var (x6,x23) (idx 3) in constr e226 (idx 202) is deemed risky
+ coeff 1.09802 of var (x7,x8) (idx 4) in constr e226 (idx 202) is deemed risky
+ coeff -1.09802 of var (x7,x11) (idx 5) in constr e226 (idx 202) is deemed risky
+ coeff -4.09802 of var (x7,x22) (idx 6) in constr e226 (idx 202) is deemed risky
+ coeff 4.09802 of var (x7,x23) (idx 7) in constr e226 (idx 202) is deemed risky
+ coeff -4.09802 of var (x6,x8) (idx 0) in constr e227 (idx 203) is deemed risky
+ coeff 4.09802 of var (x6,x14) (idx 1) in constr e227 (idx 203) is deemed risky
+ coeff -1.09802 of var (x6,x22) (idx 2) in constr e227 (idx 203) is deemed risky
+ coeff 1.09802 of var (x6,x24) (idx 3) in constr e227 (idx 203) is deemed risky
+ coeff 1.09802 of var (x7,x8) (idx 4) in constr e227 (idx 203) is deemed risky
+ coeff -1.09802 of var (x7,x14) (idx 5) in constr e227 (idx 203) is deemed risky
+ coeff -4.09802 of var (x7,x22) (idx 6) in constr e227 (idx 203) is deemed risky
+ coeff 4.09802 of var (x7,x24) (idx 7) in constr e227 (idx 203) is deemed risky
+ coeff -4.09802 of var (x6,x8) (idx 0) in constr e228 (idx 204) is deemed risky
+ coeff 4.09802 of var (x6,x17) (idx 1) in constr e228 (idx 204) is deemed risky
+ coeff -1.09802 of var (x6,x22) (idx 2) in constr e228 (idx 204) is deemed risky
+ coeff 1.09802 of var (x6,x25) (idx 3) in constr e228 (idx 204) is deemed risky
+ coeff 1.09802 of var (x7,x8) (idx 4) in constr e228 (idx 204) is deemed risky
+ coeff -1.09802 of var (x7,x17) (idx 5) in constr e228 (idx 204) is deemed risky
+ coeff -4.09802 of var (x7,x22) (idx 6) in constr e228 (idx 204) is deemed risky
+ coeff 4.09802 of var (x7,x25) (idx 7) in constr e228 (idx 204) is deemed risky
+ coeff -4.09802 of var (x6,x8) (idx 0) in constr e229 (idx 205) is deemed risky
+ coeff 4.09802 of var (x6,x20) (idx 1) in constr e229 (idx 205) is deemed risky
+ coeff -1.09802 of var (x6,x22) (idx 2) in constr e229 (idx 205) is deemed risky
+ coeff 1.09802 of var (x6,x26) (idx 3) in constr e229 (idx 205) is deemed risky
+ coeff 1.09802 of var (x7,x8) (idx 4) in constr e229 (idx 205) is deemed risky
+ coeff -1.09802 of var (x7,x20) (idx 5) in constr e229 (idx 205) is deemed risky
+ coeff -4.09802 of var (x7,x22) (idx 6) in constr e229 (idx 205) is deemed risky
+ coeff 4.09802 of var (x7,x26) (idx 7) in constr e229 (idx 205) is deemed risky
+ coeff -0.558512 of var (x9,x11) (idx 0) in constr e230 (idx 206) is deemed risky
+ coeff 0.558512 of var (x9,x14) (idx 1) in constr e230 (idx 206) is deemed risky
+ coeff -1.67537 of var (x9,x23) (idx 2) in constr e230 (idx 206) is deemed risky
+ coeff 1.67537 of var (x9,x24) (idx 3) in constr e230 (idx 206) is deemed risky
+ coeff 1.67537 of var (x10,x11) (idx 4) in constr e230 (idx 206) is deemed risky
+ coeff -1.67537 of var (x10,x14) (idx 5) in constr e230 (idx 206) is deemed risky
+ coeff -0.558512 of var (x10,x23) (idx 6) in constr e230 (idx 206) is deemed risky
+ coeff 0.558512 of var (x10,x24) (idx 7) in constr e230 (idx 206) is deemed risky
+ coeff -0.558512 of var (x9,x11) (idx 0) in constr e231 (idx 207) is deemed risky
+ coeff 0.558512 of var (x9,x17) (idx 1) in constr e231 (idx 207) is deemed risky
+ coeff -1.67537 of var (x9,x23) (idx 2) in constr e231 (idx 207) is deemed risky
+ coeff 1.67537 of var (x9,x25) (idx 3) in constr e231 (idx 207) is deemed risky
+ coeff 1.67537 of var (x10,x11) (idx 4) in constr e231 (idx 207) is deemed risky
+ coeff -1.67537 of var (x10,x17) (idx 5) in constr e231 (idx 207) is deemed risky
+ coeff -0.558512 of var (x10,x23) (idx 6) in constr e231 (idx 207) is deemed risky
+ coeff 0.558512 of var (x10,x25) (idx 7) in constr e231 (idx 207) is deemed risky
+ coeff -0.558512 of var (x9,x11) (idx 0) in constr e232 (idx 208) is deemed risky
+ coeff 0.558512 of var (x9,x20) (idx 1) in constr e232 (idx 208) is deemed risky
+ coeff -1.67537 of var (x9,x23) (idx 2) in constr e232 (idx 208) is deemed risky
+ coeff 1.67537 of var (x9,x26) (idx 3) in constr e232 (idx 208) is deemed risky
+ coeff 1.67537 of var (x10,x11) (idx 4) in constr e232 (idx 208) is deemed risky
+ coeff -1.67537 of var (x10,x20) (idx 5) in constr e232 (idx 208) is deemed risky
+ coeff -0.558512 of var (x10,x23) (idx 6) in constr e232 (idx 208) is deemed risky
+ coeff 0.558512 of var (x10,x26) (idx 7) in constr e232 (idx 208) is deemed risky
+ coeff -4.14205 of var (x12,x14) (idx 0) in constr e233 (idx 209) is deemed risky
+ coeff 4.14205 of var (x12,x17) (idx 1) in constr e233 (idx 209) is deemed risky
+ coeff -4.14205 of var (x12,x24) (idx 2) in constr e233 (idx 209) is deemed risky
+ coeff 4.14205 of var (x12,x25) (idx 3) in constr e233 (idx 209) is deemed risky
+ coeff 4.14205 of var (x13,x14) (idx 4) in constr e233 (idx 209) is deemed risky
+ coeff -4.14205 of var (x13,x17) (idx 5) in constr e233 (idx 209) is deemed risky
+ coeff -4.14205 of var (x13,x24) (idx 6) in constr e233 (idx 209) is deemed risky
+ coeff 4.14205 of var (x13,x25) (idx 7) in constr e233 (idx 209) is deemed risky
+ coeff -4.14205 of var (x12,x14) (idx 0) in constr e234 (idx 210) is deemed risky
+ coeff 4.14205 of var (x12,x20) (idx 1) in constr e234 (idx 210) is deemed risky
+ coeff -4.14205 of var (x12,x24) (idx 2) in constr e234 (idx 210) is deemed risky
+ coeff 4.14205 of var (x12,x26) (idx 3) in constr e234 (idx 210) is deemed risky
+ coeff 4.14205 of var (x13,x14) (idx 4) in constr e234 (idx 210) is deemed risky
+ coeff -4.14205 of var (x13,x20) (idx 5) in constr e234 (idx 210) is deemed risky
+ coeff -4.14205 of var (x13,x24) (idx 6) in constr e234 (idx 210) is deemed risky
+ coeff 4.14205 of var (x13,x26) (idx 7) in constr e234 (idx 210) is deemed risky
+ coeff -6.78566 of var (x15,x17) (idx 0) in constr e235 (idx 211) is deemed risky
+ coeff 6.78566 of var (x15,x20) (idx 1) in constr e235 (idx 211) is deemed risky
+ coeff 2.15082 of var (x15,x25) (idx 2) in constr e235 (idx 211) is deemed risky
+ coeff -2.15082 of var (x15,x26) (idx 3) in constr e235 (idx 211) is deemed risky
+ coeff -2.15082 of var (x16,x17) (idx 4) in constr e235 (idx 211) is deemed risky
+ coeff 2.15082 of var (x16,x20) (idx 5) in constr e235 (idx 211) is deemed risky
+ coeff -6.78566 of var (x16,x25) (idx 6) in constr e235 (idx 211) is deemed risky
+ coeff 6.78566 of var (x16,x26) (idx 7) in constr e235 (idx 211) is deemed risky
+ coeff -2.47217 of var (x3,x5) (idx 0) in constr e236 (idx 212) is deemed risky
+ coeff -8.87091 of var (x3,x6) (idx 1) in constr e236 (idx 212) is deemed risky
+ coeff 9.13716 of var (x3,x7) (idx 2) in constr e236 (idx 212) is deemed risky
+ coeff 2.47217 of var (x3,x8) (idx 3) in constr e236 (idx 212) is deemed risky
+ coeff 4.94409 of var (x3,x21) (idx 4) in constr e236 (idx 212) is deemed risky
+ coeff -4.94409 of var (x3,x22) (idx 5) in constr e236 (idx 212) is deemed risky
+ coeff -4.94409 of var (x4,x5) (idx 6) in constr e236 (idx 212) is deemed risky
+ coeff -9.13716 of var (x4,x6) (idx 7) in constr e236 (idx 212) is deemed risky
+ coeff -8.87091 of var (x4,x7) (idx 8) in constr e236 (idx 212) is deemed risky
+ coeff 4.94409 of var (x4,x8) (idx 9) in constr e236 (idx 212) is deemed risky
+ coeff -2.47217 of var (x4,x21) (idx 10) in constr e236 (idx 212) is deemed risky
+ coeff 2.47217 of var (x4,x22) (idx 11) in constr e236 (idx 212) is deemed risky
+ coeff 4.39233 of var (x5,x6) (idx 13) in constr e236 (idx 212) is deemed risky
+ coeff 1.39221 of var (x5,x7) (idx 14) in constr e236 (idx 212) is deemed risky
+ coeff -4.39233 of var (x6,x8) (idx 16) in constr e236 (idx 212) is deemed risky
+ coeff -1.39221 of var (x6,x21) (idx 17) in constr e236 (idx 212) is deemed risky
+ coeff 1.39221 of var (x6,x22) (idx 18) in constr e236 (idx 212) is deemed risky
+ coeff -1.39221 of var (x7,x8) (idx 19) in constr e236 (idx 212) is deemed risky
+ coeff 4.39233 of var (x7,x21) (idx 20) in constr e236 (idx 212) is deemed risky
+ coeff -4.39233 of var (x7,x22) (idx 21) in constr e236 (idx 212) is deemed risky
+ coeff -2.47217 of var (x3,x5) (idx 0) in constr e237 (idx 213) is deemed risky
+ coeff 5.93877 of var (x3,x9) (idx 1) in constr e237 (idx 213) is deemed risky
+ coeff 5.93913 of var (x3,x10) (idx 2) in constr e237 (idx 213) is deemed risky
+ coeff 2.47217 of var (x3,x11) (idx 3) in constr e237 (idx 213) is deemed risky
+ coeff 4.94409 of var (x3,x21) (idx 4) in constr e237 (idx 213) is deemed risky
+ coeff -4.94409 of var (x3,x23) (idx 5) in constr e237 (idx 213) is deemed risky
+ coeff -4.94409 of var (x4,x5) (idx 6) in constr e237 (idx 213) is deemed risky
+ coeff -5.93913 of var (x4,x9) (idx 7) in constr e237 (idx 213) is deemed risky
+ coeff 5.93877 of var (x4,x10) (idx 8) in constr e237 (idx 213) is deemed risky
+ coeff 4.94409 of var (x4,x11) (idx 9) in constr e237 (idx 213) is deemed risky
+ coeff -2.47217 of var (x4,x21) (idx 10) in constr e237 (idx 213) is deemed risky
+ coeff 2.47217 of var (x4,x23) (idx 11) in constr e237 (idx 213) is deemed risky
+ coeff 0.960999 of var (x5,x9) (idx 13) in constr e237 (idx 213) is deemed risky
+ coeff -2.88289 of var (x5,x10) (idx 14) in constr e237 (idx 213) is deemed risky
+ coeff -0.960999 of var (x9,x11) (idx 16) in constr e237 (idx 213) is deemed risky
+ coeff 2.88289 of var (x9,x21) (idx 17) in constr e237 (idx 213) is deemed risky
+ coeff -2.88289 of var (x9,x23) (idx 18) in constr e237 (idx 213) is deemed risky
+ coeff 2.88289 of var (x10,x11) (idx 19) in constr e237 (idx 213) is deemed risky
+ coeff 0.960999 of var (x10,x21) (idx 20) in constr e237 (idx 213) is deemed risky
+ coeff -0.960999 of var (x10,x23) (idx 21) in constr e237 (idx 213) is deemed risky
+ coeff -2.47217 of var (x3,x5) (idx 0) in constr e238 (idx 214) is deemed risky
+ coeff -15.3593 of var (x3,x12) (idx 1) in constr e238 (idx 214) is deemed risky
+ coeff 5.11942 of var (x3,x13) (idx 2) in constr e238 (idx 214) is deemed risky
+ coeff 2.47217 of var (x3,x14) (idx 3) in constr e238 (idx 214) is deemed risky
+ coeff 4.94409 of var (x3,x21) (idx 4) in constr e238 (idx 214) is deemed risky
+ coeff -4.94409 of var (x3,x24) (idx 5) in constr e238 (idx 214) is deemed risky
+ coeff -4.94409 of var (x4,x5) (idx 6) in constr e238 (idx 214) is deemed risky
+ coeff -5.11942 of var (x4,x12) (idx 7) in constr e238 (idx 214) is deemed risky
+ coeff -15.3593 of var (x4,x13) (idx 8) in constr e238 (idx 214) is deemed risky
+ coeff 4.94409 of var (x4,x14) (idx 9) in constr e238 (idx 214) is deemed risky
+ coeff -2.47217 of var (x4,x21) (idx 10) in constr e238 (idx 214) is deemed risky
+ coeff 2.47217 of var (x4,x24) (idx 11) in constr e238 (idx 214) is deemed risky
+ coeff 4.14205 of var (x5,x12) (idx 13) in constr e238 (idx 214) is deemed risky
+ coeff 4.14205 of var (x5,x13) (idx 14) in constr e238 (idx 214) is deemed risky
+ coeff -4.14205 of var (x12,x14) (idx 16) in constr e238 (idx 214) is deemed risky
+ coeff -4.14205 of var (x12,x21) (idx 17) in constr e238 (idx 214) is deemed risky
+ coeff 4.14205 of var (x12,x24) (idx 18) in constr e238 (idx 214) is deemed risky
+ coeff -4.14205 of var (x13,x14) (idx 19) in constr e238 (idx 214) is deemed risky
+ coeff 4.14205 of var (x13,x21) (idx 20) in constr e238 (idx 214) is deemed risky
+ coeff -4.14205 of var (x13,x24) (idx 21) in constr e238 (idx 214) is deemed risky
+ coeff -2.47217 of var (x3,x5) (idx 0) in constr e239 (idx 215) is deemed risky
+ coeff -8.84968 of var (x3,x15) (idx 1) in constr e239 (idx 215) is deemed risky
+ coeff 9.26144 of var (x3,x16) (idx 2) in constr e239 (idx 215) is deemed risky
+ coeff 2.47217 of var (x3,x17) (idx 3) in constr e239 (idx 215) is deemed risky
+ coeff 4.94409 of var (x3,x21) (idx 4) in constr e239 (idx 215) is deemed risky
+ coeff -4.94409 of var (x3,x25) (idx 5) in constr e239 (idx 215) is deemed risky
+ coeff -4.94409 of var (x4,x5) (idx 6) in constr e239 (idx 215) is deemed risky
+ coeff -9.26144 of var (x4,x15) (idx 7) in constr e239 (idx 215) is deemed risky
+ coeff -8.84968 of var (x4,x16) (idx 8) in constr e239 (idx 215) is deemed risky
+ coeff 4.94409 of var (x4,x17) (idx 9) in constr e239 (idx 215) is deemed risky
+ coeff -2.47217 of var (x4,x21) (idx 10) in constr e239 (idx 215) is deemed risky
+ coeff 2.47217 of var (x4,x25) (idx 11) in constr e239 (idx 215) is deemed risky
+ coeff 4.42912 of var (x5,x15) (idx 13) in constr e239 (idx 215) is deemed risky
+ coeff 1.36523 of var (x5,x16) (idx 14) in constr e239 (idx 215) is deemed risky
+ coeff -4.42912 of var (x15,x17) (idx 16) in constr e239 (idx 215) is deemed risky
+ coeff -1.36523 of var (x15,x21) (idx 17) in constr e239 (idx 215) is deemed risky
+ coeff 1.36523 of var (x15,x25) (idx 18) in constr e239 (idx 215) is deemed risky
+ coeff -1.36523 of var (x16,x17) (idx 19) in constr e239 (idx 215) is deemed risky
+ coeff 4.42912 of var (x16,x21) (idx 20) in constr e239 (idx 215) is deemed risky
+ coeff -4.42912 of var (x16,x25) (idx 21) in constr e239 (idx 215) is deemed risky
+ coeff -2.47217 of var (x3,x5) (idx 0) in constr e240 (idx 216) is deemed risky
+ coeff 15.2778 of var (x3,x19) (idx 1) in constr e240 (idx 216) is deemed risky
+ coeff 2.47217 of var (x3,x20) (idx 2) in constr e240 (idx 216) is deemed risky
+ coeff 4.94409 of var (x3,x21) (idx 3) in constr e240 (idx 216) is deemed risky
+ coeff -4.94409 of var (x3,x26) (idx 4) in constr e240 (idx 216) is deemed risky
+ coeff -4.94409 of var (x4,x5) (idx 5) in constr e240 (idx 216) is deemed risky
+ coeff -15.2778 of var (x4,x18) (idx 6) in constr e240 (idx 216) is deemed risky
+ coeff 4.94409 of var (x4,x20) (idx 7) in constr e240 (idx 216) is deemed risky
+ coeff -2.47217 of var (x4,x21) (idx 8) in constr e240 (idx 216) is deemed risky
+ coeff 2.47217 of var (x4,x26) (idx 9) in constr e240 (idx 216) is deemed risky
+ coeff 4.94409 of var (x5,x18) (idx 11) in constr e240 (idx 216) is deemed risky
+ coeff -2.47217 of var (x5,x19) (idx 12) in constr e240 (idx 216) is deemed risky
+ coeff -4.94409 of var (x18,x20) (idx 14) in constr e240 (idx 216) is deemed risky
+ coeff 2.47217 of var (x18,x21) (idx 15) in constr e240 (idx 216) is deemed risky
+ coeff -2.47217 of var (x18,x26) (idx 16) in constr e240 (idx 216) is deemed risky
+ coeff 2.47217 of var (x19,x20) (idx 17) in constr e240 (idx 216) is deemed risky
+ coeff 4.94409 of var (x19,x21) (idx 18) in constr e240 (idx 216) is deemed risky
+ coeff -4.94409 of var (x19,x26) (idx 19) in constr e240 (idx 216) is deemed risky
+ coeff -2.47217 of var (x3,x5) (idx 0) in constr e241 (idx 217) is deemed risky
+ coeff 1.98708 of var (x3,x6) (idx 1) in constr e241 (idx 217) is deemed risky
+ coeff -12.5789 of var (x3,x7) (idx 2) in constr e241 (idx 217) is deemed risky
+ coeff 2.47217 of var (x3,x8) (idx 3) in constr e241 (idx 217) is deemed risky
+ coeff 4.94409 of var (x3,x21) (idx 4) in constr e241 (idx 217) is deemed risky
+ coeff -4.94409 of var (x3,x22) (idx 5) in constr e241 (idx 217) is deemed risky
+ coeff -4.94409 of var (x4,x5) (idx 6) in constr e241 (idx 217) is deemed risky
+ coeff 12.5789 of var (x4,x6) (idx 7) in constr e241 (idx 217) is deemed risky
+ coeff 1.98708 of var (x4,x7) (idx 8) in constr e241 (idx 217) is deemed risky
+ coeff 4.94409 of var (x4,x8) (idx 9) in constr e241 (idx 217) is deemed risky
+ coeff -2.47217 of var (x4,x21) (idx 10) in constr e241 (idx 217) is deemed risky
+ coeff 2.47217 of var (x4,x22) (idx 11) in constr e241 (idx 217) is deemed risky
+ coeff -4.39221 of var (x5,x6) (idx 13) in constr e241 (idx 217) is deemed risky
+ coeff 1.3924 of var (x5,x7) (idx 14) in constr e241 (idx 217) is deemed risky
+ coeff 4.39221 of var (x6,x8) (idx 16) in constr e241 (idx 217) is deemed risky
+ coeff -1.3924 of var (x6,x21) (idx 17) in constr e241 (idx 217) is deemed risky
+ coeff 1.3924 of var (x6,x22) (idx 18) in constr e241 (idx 217) is deemed risky
+ coeff -1.3924 of var (x7,x8) (idx 19) in constr e241 (idx 217) is deemed risky
+ coeff -4.39221 of var (x7,x21) (idx 20) in constr e241 (idx 217) is deemed risky
+ coeff 4.39221 of var (x7,x22) (idx 21) in constr e241 (idx 217) is deemed risky
+ coeff -2.47217 of var (x3,x5) (idx 0) in constr e242 (idx 218) is deemed risky
+ coeff -0.000251492 of var (x3,x9) (idx 1) in constr e242 (idx 218) is deemed risky
+ coeff -7.63847 of var (x3,x10) (idx 2) in constr e242 (idx 218) is deemed risky
+ coeff 2.47217 of var (x3,x11) (idx 3) in constr e242 (idx 218) is deemed risky
+ coeff 4.94409 of var (x3,x21) (idx 4) in constr e242 (idx 218) is deemed risky
+ coeff -4.94409 of var (x3,x23) (idx 5) in constr e242 (idx 218) is deemed risky
+ coeff -4.94409 of var (x4,x5) (idx 6) in constr e242 (idx 218) is deemed risky
+ coeff 7.63847 of var (x4,x9) (idx 7) in constr e242 (idx 218) is deemed risky
+ coeff -0.000251492 of var (x4,x10) (idx 8) in constr e242 (idx 218) is deemed risky
+ coeff 4.94409 of var (x4,x11) (idx 9) in constr e242 (idx 218) is deemed risky
+ coeff -2.47217 of var (x4,x21) (idx 10) in constr e242 (idx 218) is deemed risky
+ coeff 2.47217 of var (x4,x23) (idx 11) in constr e242 (idx 218) is deemed risky
+ coeff -2.47186 of var (x5,x9) (idx 13) in constr e242 (idx 218) is deemed risky
+ coeff 1.23609 of var (x5,x10) (idx 14) in constr e242 (idx 218) is deemed risky
+ coeff 2.47186 of var (x9,x11) (idx 16) in constr e242 (idx 218) is deemed risky
+ coeff -1.23609 of var (x9,x21) (idx 17) in constr e242 (idx 218) is deemed risky
+ coeff 1.23609 of var (x9,x23) (idx 18) in constr e242 (idx 218) is deemed risky
+ coeff -1.23609 of var (x10,x11) (idx 19) in constr e242 (idx 218) is deemed risky
+ coeff -2.47186 of var (x10,x21) (idx 20) in constr e242 (idx 218) is deemed risky
+ coeff 2.47186 of var (x10,x23) (idx 21) in constr e242 (idx 218) is deemed risky
+ coeff -2.47217 of var (x3,x5) (idx 0) in constr e243 (idx 219) is deemed risky
+ coeff 15.3593 of var (x3,x12) (idx 1) in constr e243 (idx 219) is deemed risky
+ coeff -5.11942 of var (x3,x13) (idx 2) in constr e243 (idx 219) is deemed risky
+ coeff 2.47217 of var (x3,x14) (idx 3) in constr e243 (idx 219) is deemed risky
+ coeff 4.94409 of var (x3,x21) (idx 4) in constr e243 (idx 219) is deemed risky
+ coeff -4.94409 of var (x3,x24) (idx 5) in constr e243 (idx 219) is deemed risky
+ coeff -4.94409 of var (x4,x5) (idx 6) in constr e243 (idx 219) is deemed risky
+ coeff 5.11942 of var (x4,x12) (idx 7) in constr e243 (idx 219) is deemed risky
+ coeff 15.3593 of var (x4,x13) (idx 8) in constr e243 (idx 219) is deemed risky
+ coeff 4.94409 of var (x4,x14) (idx 9) in constr e243 (idx 219) is deemed risky
+ coeff -2.47217 of var (x4,x21) (idx 10) in constr e243 (idx 219) is deemed risky
+ coeff 2.47217 of var (x4,x24) (idx 11) in constr e243 (idx 219) is deemed risky
+ coeff -4.14205 of var (x5,x12) (idx 13) in constr e243 (idx 219) is deemed risky
+ coeff -4.14205 of var (x5,x13) (idx 14) in constr e243 (idx 219) is deemed risky
+ coeff 4.14205 of var (x12,x14) (idx 16) in constr e243 (idx 219) is deemed risky
+ coeff 4.14205 of var (x12,x21) (idx 17) in constr e243 (idx 219) is deemed risky
+ coeff -4.14205 of var (x12,x24) (idx 18) in constr e243 (idx 219) is deemed risky
+ coeff 4.14205 of var (x13,x14) (idx 19) in constr e243 (idx 219) is deemed risky
+ coeff -4.14205 of var (x13,x21) (idx 20) in constr e243 (idx 219) is deemed risky
+ coeff 4.14205 of var (x13,x24) (idx 21) in constr e243 (idx 219) is deemed risky
+ coeff -2.47217 of var (x3,x5) (idx 0) in constr e244 (idx 220) is deemed risky
+ coeff -0.31916 of var (x3,x15) (idx 1) in constr e244 (idx 220) is deemed risky
+ coeff -11.2582 of var (x3,x16) (idx 2) in constr e244 (idx 220) is deemed risky
+ coeff 2.47217 of var (x3,x17) (idx 3) in constr e244 (idx 220) is deemed risky
+ coeff 4.94409 of var (x3,x21) (idx 4) in constr e244 (idx 220) is deemed risky
+ coeff -4.94409 of var (x3,x25) (idx 5) in constr e244 (idx 220) is deemed risky
+ coeff -4.94409 of var (x4,x5) (idx 6) in constr e244 (idx 220) is deemed risky
+ coeff 11.2582 of var (x4,x15) (idx 7) in constr e244 (idx 220) is deemed risky
+ coeff -0.31916 of var (x4,x16) (idx 8) in constr e244 (idx 220) is deemed risky
+ coeff 4.94409 of var (x4,x17) (idx 9) in constr e244 (idx 220) is deemed risky
+ coeff -2.47217 of var (x4,x21) (idx 10) in constr e244 (idx 220) is deemed risky
+ coeff 2.47217 of var (x4,x25) (idx 11) in constr e244 (idx 220) is deemed risky
+ coeff -3.59164 of var (x5,x15) (idx 13) in constr e244 (idx 220) is deemed risky
+ coeff 1.92502 of var (x5,x16) (idx 14) in constr e244 (idx 220) is deemed risky
+ coeff 3.59164 of var (x15,x17) (idx 16) in constr e244 (idx 220) is deemed risky
+ coeff -1.92502 of var (x15,x21) (idx 17) in constr e244 (idx 220) is deemed risky
+ coeff 1.92502 of var (x15,x25) (idx 18) in constr e244 (idx 220) is deemed risky
+ coeff -1.92502 of var (x16,x17) (idx 19) in constr e244 (idx 220) is deemed risky
+ coeff -3.59164 of var (x16,x21) (idx 20) in constr e244 (idx 220) is deemed risky
+ coeff 3.59164 of var (x16,x25) (idx 21) in constr e244 (idx 220) is deemed risky
+ coeff -2.47217 of var (x3,x5) (idx 0) in constr e245 (idx 221) is deemed risky
+ coeff 12.2876 of var (x3,x18) (idx 1) in constr e245 (idx 221) is deemed risky
+ coeff -4.09493 of var (x3,x19) (idx 2) in constr e245 (idx 221) is deemed risky
+ coeff 2.47217 of var (x3,x20) (idx 3) in constr e245 (idx 221) is deemed risky
+ coeff 4.94409 of var (x3,x21) (idx 4) in constr e245 (idx 221) is deemed risky
+ coeff -4.94409 of var (x3,x26) (idx 5) in constr e245 (idx 221) is deemed risky
+ coeff -4.94409 of var (x4,x5) (idx 6) in constr e245 (idx 221) is deemed risky
+ coeff 4.09493 of var (x4,x18) (idx 7) in constr e245 (idx 221) is deemed risky
+ coeff 12.2876 of var (x4,x19) (idx 8) in constr e245 (idx 221) is deemed risky
+ coeff 4.94409 of var (x4,x20) (idx 9) in constr e245 (idx 221) is deemed risky
+ coeff -2.47217 of var (x4,x21) (idx 10) in constr e245 (idx 221) is deemed risky
+ coeff 2.47217 of var (x4,x26) (idx 11) in constr e245 (idx 221) is deemed risky
+ coeff -3.31348 of var (x5,x18) (idx 13) in constr e245 (idx 221) is deemed risky
+ coeff -3.3138 of var (x5,x19) (idx 14) in constr e245 (idx 221) is deemed risky
+ coeff 3.31348 of var (x18,x20) (idx 16) in constr e245 (idx 221) is deemed risky
+ coeff 3.3138 of var (x18,x21) (idx 17) in constr e245 (idx 221) is deemed risky
+ coeff -3.3138 of var (x18,x26) (idx 18) in constr e245 (idx 221) is deemed risky
+ coeff 3.3138 of var (x19,x20) (idx 19) in constr e245 (idx 221) is deemed risky
+ coeff -3.31348 of var (x19,x21) (idx 20) in constr e245 (idx 221) is deemed risky
+ coeff 3.31348 of var (x19,x26) (idx 21) in constr e245 (idx 221) is deemed risky
+ coeff -2.47217 of var (x3,x5) (idx 0) in constr e246 (idx 222) is deemed risky
+ coeff 7.78303 of var (x3,x6) (idx 1) in constr e246 (idx 222) is deemed risky
+ coeff -8.77431 of var (x3,x7) (idx 2) in constr e246 (idx 222) is deemed risky
+ coeff 2.47217 of var (x3,x8) (idx 3) in constr e246 (idx 222) is deemed risky
+ coeff 4.94409 of var (x3,x21) (idx 4) in constr e246 (idx 222) is deemed risky
+ coeff -4.94409 of var (x3,x22) (idx 5) in constr e246 (idx 222) is deemed risky
+ coeff -4.94409 of var (x4,x5) (idx 6) in constr e246 (idx 222) is deemed risky
+ coeff 8.77431 of var (x4,x6) (idx 7) in constr e246 (idx 222) is deemed risky
+ coeff 7.78303 of var (x4,x7) (idx 8) in constr e246 (idx 222) is deemed risky
+ coeff 4.94409 of var (x4,x8) (idx 9) in constr e246 (idx 222) is deemed risky
+ coeff -2.47217 of var (x4,x21) (idx 10) in constr e246 (idx 222) is deemed risky
+ coeff 2.47217 of var (x4,x22) (idx 11) in constr e246 (idx 222) is deemed risky
+ coeff -4.09888 of var (x5,x6) (idx 13) in constr e246 (idx 222) is deemed risky
+ coeff -1.09888 of var (x5,x7) (idx 14) in constr e246 (idx 222) is deemed risky
+ coeff 4.09888 of var (x6,x8) (idx 16) in constr e246 (idx 222) is deemed risky
+ coeff 1.09888 of var (x6,x21) (idx 17) in constr e246 (idx 222) is deemed risky
+ coeff -1.09888 of var (x6,x22) (idx 18) in constr e246 (idx 222) is deemed risky
+ coeff 1.09888 of var (x7,x8) (idx 19) in constr e246 (idx 222) is deemed risky
+ coeff -4.09888 of var (x7,x21) (idx 20) in constr e246 (idx 222) is deemed risky
+ coeff 4.09888 of var (x7,x22) (idx 21) in constr e246 (idx 222) is deemed risky
+ coeff -2.47217 of var (x3,x5) (idx 0) in constr e247 (idx 223) is deemed risky
+ coeff 9.02402 of var (x3,x9) (idx 1) in constr e247 (idx 223) is deemed risky
+ coeff 9.02425 of var (x3,x10) (idx 2) in constr e247 (idx 223) is deemed risky
+ coeff 2.47217 of var (x3,x11) (idx 3) in constr e247 (idx 223) is deemed risky
+ coeff 4.94409 of var (x3,x21) (idx 4) in constr e247 (idx 223) is deemed risky
+ coeff -4.94409 of var (x3,x23) (idx 5) in constr e247 (idx 223) is deemed risky
+ coeff -4.94409 of var (x4,x5) (idx 6) in constr e247 (idx 223) is deemed risky
+ coeff -9.02425 of var (x4,x9) (idx 7) in constr e247 (idx 223) is deemed risky
+ coeff 9.02402 of var (x4,x10) (idx 8) in constr e247 (idx 223) is deemed risky
+ coeff 4.94409 of var (x4,x11) (idx 9) in constr e247 (idx 223) is deemed risky
+ coeff -2.47217 of var (x4,x21) (idx 10) in constr e247 (idx 223) is deemed risky
+ coeff 2.47217 of var (x4,x23) (idx 11) in constr e247 (idx 223) is deemed risky
+ coeff 1.46014 of var (x5,x9) (idx 13) in constr e247 (idx 223) is deemed risky
+ coeff -4.38053 of var (x5,x10) (idx 14) in constr e247 (idx 223) is deemed risky
+ coeff -1.46014 of var (x9,x11) (idx 16) in constr e247 (idx 223) is deemed risky
+ coeff 4.38053 of var (x9,x21) (idx 17) in constr e247 (idx 223) is deemed risky
+ coeff -4.38053 of var (x9,x23) (idx 18) in constr e247 (idx 223) is deemed risky
+ coeff 4.38053 of var (x10,x11) (idx 19) in constr e247 (idx 223) is deemed risky
+ coeff 1.46014 of var (x10,x21) (idx 20) in constr e247 (idx 223) is deemed risky
+ coeff -1.46014 of var (x10,x23) (idx 21) in constr e247 (idx 223) is deemed risky
+ coeff -2.47217 of var (x3,x5) (idx 0) in constr e248 (idx 224) is deemed risky
+ coeff -5.11942 of var (x3,x12) (idx 1) in constr e248 (idx 224) is deemed risky
+ coeff -15.3593 of var (x3,x13) (idx 2) in constr e248 (idx 224) is deemed risky
+ coeff 2.47217 of var (x3,x14) (idx 3) in constr e248 (idx 224) is deemed risky
+ coeff 4.94409 of var (x3,x21) (idx 4) in constr e248 (idx 224) is deemed risky
+ coeff -4.94409 of var (x3,x24) (idx 5) in constr e248 (idx 224) is deemed risky
+ coeff -4.94409 of var (x4,x5) (idx 6) in constr e248 (idx 224) is deemed risky
+ coeff 15.3593 of var (x4,x12) (idx 7) in constr e248 (idx 224) is deemed risky
+ coeff -5.11942 of var (x4,x13) (idx 8) in constr e248 (idx 224) is deemed risky
+ coeff 4.94409 of var (x4,x14) (idx 9) in constr e248 (idx 224) is deemed risky
+ coeff -2.47217 of var (x4,x21) (idx 10) in constr e248 (idx 224) is deemed risky
+ coeff 2.47217 of var (x4,x24) (idx 11) in constr e248 (idx 224) is deemed risky
+ coeff -4.14205 of var (x5,x12) (idx 13) in constr e248 (idx 224) is deemed risky
+ coeff 4.14205 of var (x5,x13) (idx 14) in constr e248 (idx 224) is deemed risky
+ coeff 4.14205 of var (x12,x14) (idx 16) in constr e248 (idx 224) is deemed risky
+ coeff -4.14205 of var (x12,x21) (idx 17) in constr e248 (idx 224) is deemed risky
+ coeff 4.14205 of var (x12,x24) (idx 18) in constr e248 (idx 224) is deemed risky
+ coeff -4.14205 of var (x13,x14) (idx 19) in constr e248 (idx 224) is deemed risky
+ coeff -4.14205 of var (x13,x21) (idx 20) in constr e248 (idx 224) is deemed risky
+ coeff 4.14205 of var (x13,x24) (idx 21) in constr e248 (idx 224) is deemed risky
+ coeff -2.47217 of var (x3,x5) (idx 0) in constr e249 (idx 225) is deemed risky
+ coeff 9.19816 of var (x3,x15) (idx 1) in constr e249 (idx 225) is deemed risky
+ coeff -6.4993 of var (x3,x16) (idx 2) in constr e249 (idx 225) is deemed risky
+ coeff 2.47217 of var (x3,x17) (idx 3) in constr e249 (idx 225) is deemed risky
+ coeff 4.94409 of var (x3,x21) (idx 4) in constr e249 (idx 225) is deemed risky
+ coeff -4.94409 of var (x3,x25) (idx 5) in constr e249 (idx 225) is deemed risky
+ coeff -4.94409 of var (x4,x5) (idx 6) in constr e249 (idx 225) is deemed risky
+ coeff 6.4993 of var (x4,x15) (idx 7) in constr e249 (idx 225) is deemed risky
+ coeff 9.19816 of var (x4,x16) (idx 8) in constr e249 (idx 225) is deemed risky
+ coeff 4.94409 of var (x4,x17) (idx 9) in constr e249 (idx 225) is deemed risky
+ coeff -2.47217 of var (x4,x21) (idx 10) in constr e249 (idx 225) is deemed risky
+ coeff 2.47217 of var (x4,x25) (idx 11) in constr e249 (idx 225) is deemed risky
+ coeff -3.59164 of var (x5,x15) (idx 13) in constr e249 (idx 225) is deemed risky
+ coeff -1.92496 of var (x5,x16) (idx 14) in constr e249 (idx 225) is deemed risky
+ coeff 3.59164 of var (x15,x17) (idx 16) in constr e249 (idx 225) is deemed risky
+ coeff 1.92496 of var (x15,x21) (idx 17) in constr e249 (idx 225) is deemed risky
+ coeff -1.92496 of var (x15,x25) (idx 18) in constr e249 (idx 225) is deemed risky
+ coeff 1.92496 of var (x16,x17) (idx 19) in constr e249 (idx 225) is deemed risky
+ coeff -3.59164 of var (x16,x21) (idx 20) in constr e249 (idx 225) is deemed risky
+ coeff 3.59164 of var (x16,x25) (idx 21) in constr e249 (idx 225) is deemed risky
+ coeff -2.47217 of var (x3,x5) (idx 0) in constr e250 (idx 226) is deemed risky
+ coeff -4.09503 of var (x3,x18) (idx 1) in constr e250 (idx 226) is deemed risky
+ coeff -12.2874 of var (x3,x19) (idx 2) in constr e250 (idx 226) is deemed risky
+ coeff 2.47217 of var (x3,x20) (idx 3) in constr e250 (idx 226) is deemed risky
+ coeff 4.94409 of var (x3,x21) (idx 4) in constr e250 (idx 226) is deemed risky
+ coeff -4.94409 of var (x3,x26) (idx 5) in constr e250 (idx 226) is deemed risky
+ coeff -4.94409 of var (x4,x5) (idx 6) in constr e250 (idx 226) is deemed risky
+ coeff 12.2874 of var (x4,x18) (idx 7) in constr e250 (idx 226) is deemed risky
+ coeff -4.09503 of var (x4,x19) (idx 8) in constr e250 (idx 226) is deemed risky
+ coeff 4.94409 of var (x4,x20) (idx 9) in constr e250 (idx 226) is deemed risky
+ coeff -2.47217 of var (x4,x21) (idx 10) in constr e250 (idx 226) is deemed risky
+ coeff 2.47217 of var (x4,x26) (idx 11) in constr e250 (idx 226) is deemed risky
+ coeff -3.31372 of var (x5,x18) (idx 13) in constr e250 (idx 226) is deemed risky
+ coeff 3.31348 of var (x5,x19) (idx 14) in constr e250 (idx 226) is deemed risky
+ coeff 3.31372 of var (x18,x20) (idx 16) in constr e250 (idx 226) is deemed risky
+ coeff -3.31348 of var (x18,x21) (idx 17) in constr e250 (idx 226) is deemed risky
+ coeff 3.31348 of var (x18,x26) (idx 18) in constr e250 (idx 226) is deemed risky
+ coeff -3.31348 of var (x19,x20) (idx 19) in constr e250 (idx 226) is deemed risky
+ coeff -3.31372 of var (x19,x21) (idx 20) in constr e250 (idx 226) is deemed risky
+ coeff 3.31372 of var (x19,x26) (idx 21) in constr e250 (idx 226) is deemed risky
+ coeff -2.47217 of var (x3,x5) (idx 0) in constr e251 (idx 227) is deemed risky
+ coeff -2.35114 of var (x3,x6) (idx 1) in constr e251 (idx 227) is deemed risky
+ coeff 11.4877 of var (x3,x7) (idx 2) in constr e251 (idx 227) is deemed risky
+ coeff 2.47217 of var (x3,x8) (idx 3) in constr e251 (idx 227) is deemed risky
+ coeff 4.94409 of var (x3,x21) (idx 4) in constr e251 (idx 227) is deemed risky
+ coeff -4.94409 of var (x3,x22) (idx 5) in constr e251 (idx 227) is deemed risky
+ coeff -4.94409 of var (x4,x5) (idx 6) in constr e251 (idx 227) is deemed risky
+ coeff -11.4877 of var (x4,x6) (idx 7) in constr e251 (idx 227) is deemed risky
+ coeff -2.35114 of var (x4,x7) (idx 8) in constr e251 (idx 227) is deemed risky
+ coeff 4.94409 of var (x4,x8) (idx 9) in constr e251 (idx 227) is deemed risky
+ coeff -2.47217 of var (x4,x21) (idx 10) in constr e251 (idx 227) is deemed risky
+ coeff 2.47217 of var (x4,x22) (idx 11) in constr e251 (idx 227) is deemed risky
+ coeff 4.09802 of var (x5,x6) (idx 13) in constr e251 (idx 227) is deemed risky
+ coeff -1.09802 of var (x5,x7) (idx 14) in constr e251 (idx 227) is deemed risky
+ coeff -4.09802 of var (x6,x8) (idx 16) in constr e251 (idx 227) is deemed risky
+ coeff 1.09802 of var (x6,x21) (idx 17) in constr e251 (idx 227) is deemed risky
+ coeff -1.09802 of var (x6,x22) (idx 18) in constr e251 (idx 227) is deemed risky
+ coeff 1.09802 of var (x7,x8) (idx 19) in constr e251 (idx 227) is deemed risky
+ coeff 4.09802 of var (x7,x21) (idx 20) in constr e251 (idx 227) is deemed risky
+ coeff -4.09802 of var (x7,x22) (idx 21) in constr e251 (idx 227) is deemed risky
+ coeff -2.47217 of var (x3,x5) (idx 0) in constr e252 (idx 228) is deemed risky
+ coeff 3.45123 of var (x3,x9) (idx 1) in constr e252 (idx 228) is deemed risky
+ coeff 3.45157 of var (x3,x10) (idx 2) in constr e252 (idx 228) is deemed risky
+ coeff 2.47217 of var (x3,x11) (idx 3) in constr e252 (idx 228) is deemed risky
+ coeff 4.94409 of var (x3,x21) (idx 4) in constr e252 (idx 228) is deemed risky
+ coeff -4.94409 of var (x3,x23) (idx 5) in constr e252 (idx 228) is deemed risky
+ coeff -4.94409 of var (x4,x5) (idx 6) in constr e252 (idx 228) is deemed risky
+ coeff -3.45157 of var (x4,x9) (idx 7) in constr e252 (idx 228) is deemed risky
+ coeff 3.45123 of var (x4,x10) (idx 8) in constr e252 (idx 228) is deemed risky
+ coeff 4.94409 of var (x4,x11) (idx 9) in constr e252 (idx 228) is deemed risky
+ coeff -2.47217 of var (x4,x21) (idx 10) in constr e252 (idx 228) is deemed risky
+ coeff 2.47217 of var (x4,x23) (idx 11) in constr e252 (idx 228) is deemed risky
+ coeff 0.558512 of var (x5,x9) (idx 13) in constr e252 (idx 228) is deemed risky
+ coeff -1.67537 of var (x5,x10) (idx 14) in constr e252 (idx 228) is deemed risky
+ coeff -0.558512 of var (x9,x11) (idx 16) in constr e252 (idx 228) is deemed risky
+ coeff 1.67537 of var (x9,x21) (idx 17) in constr e252 (idx 228) is deemed risky
+ coeff -1.67537 of var (x9,x23) (idx 18) in constr e252 (idx 228) is deemed risky
+ coeff 1.67537 of var (x10,x11) (idx 19) in constr e252 (idx 228) is deemed risky
+ coeff 0.558512 of var (x10,x21) (idx 20) in constr e252 (idx 228) is deemed risky
+ coeff -0.558512 of var (x10,x23) (idx 21) in constr e252 (idx 228) is deemed risky
+ coeff -2.47217 of var (x3,x5) (idx 0) in constr e253 (idx 229) is deemed risky
+ coeff 5.11942 of var (x3,x12) (idx 1) in constr e253 (idx 229) is deemed risky
+ coeff 15.3593 of var (x3,x13) (idx 2) in constr e253 (idx 229) is deemed risky
+ coeff 2.47217 of var (x3,x14) (idx 3) in constr e253 (idx 229) is deemed risky
+ coeff 4.94409 of var (x3,x21) (idx 4) in constr e253 (idx 229) is deemed risky
+ coeff -4.94409 of var (x3,x24) (idx 5) in constr e253 (idx 229) is deemed risky
+ coeff -4.94409 of var (x4,x5) (idx 6) in constr e253 (idx 229) is deemed risky
+ coeff -15.3593 of var (x4,x12) (idx 7) in constr e253 (idx 229) is deemed risky
+ coeff 5.11942 of var (x4,x13) (idx 8) in constr e253 (idx 229) is deemed risky
+ coeff 4.94409 of var (x4,x14) (idx 9) in constr e253 (idx 229) is deemed risky
+ coeff -2.47217 of var (x4,x21) (idx 10) in constr e253 (idx 229) is deemed risky
+ coeff 2.47217 of var (x4,x24) (idx 11) in constr e253 (idx 229) is deemed risky
+ coeff 4.14205 of var (x5,x12) (idx 13) in constr e253 (idx 229) is deemed risky
+ coeff -4.14205 of var (x5,x13) (idx 14) in constr e253 (idx 229) is deemed risky
+ coeff -4.14205 of var (x12,x14) (idx 16) in constr e253 (idx 229) is deemed risky
+ coeff 4.14205 of var (x12,x21) (idx 17) in constr e253 (idx 229) is deemed risky
+ coeff -4.14205 of var (x12,x24) (idx 18) in constr e253 (idx 229) is deemed risky
+ coeff 4.14205 of var (x13,x14) (idx 19) in constr e253 (idx 229) is deemed risky
+ coeff 4.14205 of var (x13,x21) (idx 20) in constr e253 (idx 229) is deemed risky
+ coeff -4.14205 of var (x13,x24) (idx 21) in constr e253 (idx 229) is deemed risky
+ coeff -2.47217 of var (x3,x5) (idx 0) in constr e254 (idx 230) is deemed risky
+ coeff -13.7046 of var (x3,x15) (idx 1) in constr e254 (idx 230) is deemed risky
+ coeff 14.1159 of var (x3,x16) (idx 2) in constr e254 (idx 230) is deemed risky
+ coeff 2.47217 of var (x3,x17) (idx 3) in constr e254 (idx 230) is deemed risky
+ coeff 4.94409 of var (x3,x21) (idx 4) in constr e254 (idx 230) is deemed risky
+ coeff -4.94409 of var (x3,x25) (idx 5) in constr e254 (idx 230) is deemed risky
+ coeff -4.94409 of var (x4,x5) (idx 6) in constr e254 (idx 230) is deemed risky
+ coeff -14.1159 of var (x4,x15) (idx 7) in constr e254 (idx 230) is deemed risky
+ coeff -13.7046 of var (x4,x16) (idx 8) in constr e254 (idx 230) is deemed risky
+ coeff 4.94409 of var (x4,x17) (idx 9) in constr e254 (idx 230) is deemed risky
+ coeff -2.47217 of var (x4,x21) (idx 10) in constr e254 (idx 230) is deemed risky
+ coeff 2.47217 of var (x4,x25) (idx 11) in constr e254 (idx 230) is deemed risky
+ coeff 6.78566 of var (x5,x15) (idx 13) in constr e254 (idx 230) is deemed risky
+ coeff 2.15082 of var (x5,x16) (idx 14) in constr e254 (idx 230) is deemed risky
+ coeff -6.78566 of var (x15,x17) (idx 16) in constr e254 (idx 230) is deemed risky
+ coeff -2.15082 of var (x15,x21) (idx 17) in constr e254 (idx 230) is deemed risky
+ coeff 2.15082 of var (x15,x25) (idx 18) in constr e254 (idx 230) is deemed risky
+ coeff -2.15082 of var (x16,x17) (idx 19) in constr e254 (idx 230) is deemed risky
+ coeff 6.78566 of var (x16,x21) (idx 20) in constr e254 (idx 230) is deemed risky
+ coeff -6.78566 of var (x16,x25) (idx 21) in constr e254 (idx 230) is deemed risky
+ coeff -2.47217 of var (x3,x5) (idx 0) in constr e255 (idx 231) is deemed risky
+ coeff -0.000115266 of var (x3,x18) (idx 1) in constr e255 (idx 231) is deemed risky
+ coeff 21.114 of var (x3,x19) (idx 2) in constr e255 (idx 231) is deemed risky
+ coeff 2.47217 of var (x3,x20) (idx 3) in constr e255 (idx 231) is deemed risky
+ coeff 4.94409 of var (x3,x21) (idx 4) in constr e255 (idx 231) is deemed risky
+ coeff -4.94409 of var (x3,x26) (idx 5) in constr e255 (idx 231) is deemed risky
+ coeff -4.94409 of var (x4,x5) (idx 6) in constr e255 (idx 231) is deemed risky
+ coeff -21.114 of var (x4,x18) (idx 7) in constr e255 (idx 231) is deemed risky
+ coeff -0.000115266 of var (x4,x19) (idx 8) in constr e255 (idx 231) is deemed risky
+ coeff 4.94409 of var (x4,x20) (idx 9) in constr e255 (idx 231) is deemed risky
+ coeff -2.47217 of var (x4,x21) (idx 10) in constr e255 (idx 231) is deemed risky
+ coeff 2.47217 of var (x4,x26) (idx 11) in constr e255 (idx 231) is deemed risky
+ coeff 6.83276 of var (x5,x18) (idx 13) in constr e255 (idx 231) is deemed risky
+ coeff -3.4165 of var (x5,x19) (idx 14) in constr e255 (idx 231) is deemed risky
+ coeff -6.83276 of var (x18,x20) (idx 16) in constr e255 (idx 231) is deemed risky
+ coeff 3.4165 of var (x18,x21) (idx 17) in constr e255 (idx 231) is deemed risky
+ coeff -3.4165 of var (x18,x26) (idx 18) in constr e255 (idx 231) is deemed risky
+ coeff 3.4165 of var (x19,x20) (idx 19) in constr e255 (idx 231) is deemed risky
+ coeff 6.83276 of var (x19,x21) (idx 20) in constr e255 (idx 231) is deemed risky
+ coeff -6.83276 of var (x19,x26) (idx 21) in constr e255 (idx 231) is deemed risky
+ coeff -4.39233 of var (x6,x8) (idx 0) in constr e256 (idx 232) is deemed risky
+ coeff -0.103714 of var (x6,x9) (idx 1) in constr e256 (idx 232) is deemed risky
+ coeff 7.00027 of var (x6,x10) (idx 2) in constr e256 (idx 232) is deemed risky
+ coeff 4.39233 of var (x6,x11) (idx 3) in constr e256 (idx 232) is deemed risky
+ coeff 1.39221 of var (x6,x22) (idx 4) in constr e256 (idx 232) is deemed risky
+ coeff -1.39221 of var (x6,x23) (idx 5) in constr e256 (idx 232) is deemed risky
+ coeff -1.39221 of var (x7,x8) (idx 6) in constr e256 (idx 232) is deemed risky
+ coeff -7.00027 of var (x7,x9) (idx 7) in constr e256 (idx 232) is deemed risky
+ coeff -0.103714 of var (x7,x10) (idx 8) in constr e256 (idx 232) is deemed risky
+ coeff 1.39221 of var (x7,x11) (idx 9) in constr e256 (idx 232) is deemed risky
+ coeff -4.39233 of var (x7,x22) (idx 10) in constr e256 (idx 232) is deemed risky
+ coeff 4.39233 of var (x7,x23) (idx 11) in constr e256 (idx 232) is deemed risky
+ coeff 0.960999 of var (x8,x9) (idx 13) in constr e256 (idx 232) is deemed risky
+ coeff -2.88289 of var (x8,x10) (idx 14) in constr e256 (idx 232) is deemed risky
+ coeff -0.960999 of var (x9,x11) (idx 16) in constr e256 (idx 232) is deemed risky
+ coeff 2.88289 of var (x9,x22) (idx 17) in constr e256 (idx 232) is deemed risky
+ coeff -2.88289 of var (x9,x23) (idx 18) in constr e256 (idx 232) is deemed risky
+ coeff 2.88289 of var (x10,x11) (idx 19) in constr e256 (idx 232) is deemed risky
+ coeff 0.960999 of var (x10,x22) (idx 20) in constr e256 (idx 232) is deemed risky
+ coeff -0.960999 of var (x10,x23) (idx 21) in constr e256 (idx 232) is deemed risky
+ coeff -4.39233 of var (x6,x8) (idx 0) in constr e257 (idx 233) is deemed risky
+ coeff -11.9799 of var (x6,x12) (idx 1) in constr e257 (idx 233) is deemed risky
+ coeff -6.21333 of var (x6,x13) (idx 2) in constr e257 (idx 233) is deemed risky
+ coeff 4.39233 of var (x6,x14) (idx 3) in constr e257 (idx 233) is deemed risky
+ coeff 1.39221 of var (x6,x22) (idx 4) in constr e257 (idx 233) is deemed risky
+ coeff -1.39221 of var (x6,x24) (idx 5) in constr e257 (idx 233) is deemed risky
+ coeff -1.39221 of var (x7,x8) (idx 6) in constr e257 (idx 233) is deemed risky
+ coeff 6.21333 of var (x7,x12) (idx 7) in constr e257 (idx 233) is deemed risky
+ coeff -11.9799 of var (x7,x13) (idx 8) in constr e257 (idx 233) is deemed risky
+ coeff 1.39221 of var (x7,x14) (idx 9) in constr e257 (idx 233) is deemed risky
+ coeff -4.39233 of var (x7,x22) (idx 10) in constr e257 (idx 233) is deemed risky
+ coeff 4.39233 of var (x7,x24) (idx 11) in constr e257 (idx 233) is deemed risky
+ coeff 4.14205 of var (x8,x12) (idx 13) in constr e257 (idx 233) is deemed risky
+ coeff 4.14205 of var (x8,x13) (idx 14) in constr e257 (idx 233) is deemed risky
+ coeff -4.14205 of var (x12,x14) (idx 16) in constr e257 (idx 233) is deemed risky
+ coeff -4.14205 of var (x12,x22) (idx 17) in constr e257 (idx 233) is deemed risky
+ coeff 4.14205 of var (x12,x24) (idx 18) in constr e257 (idx 233) is deemed risky
+ coeff -4.14205 of var (x13,x14) (idx 19) in constr e257 (idx 233) is deemed risky
+ coeff 4.14205 of var (x13,x22) (idx 20) in constr e257 (idx 233) is deemed risky
+ coeff -4.14205 of var (x13,x24) (idx 21) in constr e257 (idx 233) is deemed risky
+ coeff -4.39233 of var (x6,x8) (idx 0) in constr e258 (idx 234) is deemed risky
+ coeff -10.6774 of var (x6,x15) (idx 1) in constr e258 (idx 234) is deemed risky
+ coeff 0.0848526 of var (x6,x16) (idx 2) in constr e258 (idx 234) is deemed risky
+ coeff 4.39233 of var (x6,x17) (idx 3) in constr e258 (idx 234) is deemed risky
+ coeff 1.39221 of var (x6,x22) (idx 4) in constr e258 (idx 234) is deemed risky
+ coeff -1.39221 of var (x6,x25) (idx 5) in constr e258 (idx 234) is deemed risky
+ coeff -1.39221 of var (x7,x8) (idx 6) in constr e258 (idx 234) is deemed risky
+ coeff -0.0848526 of var (x7,x15) (idx 7) in constr e258 (idx 234) is deemed risky
+ coeff -10.6774 of var (x7,x16) (idx 8) in constr e258 (idx 234) is deemed risky
+ coeff 1.39221 of var (x7,x17) (idx 9) in constr e258 (idx 234) is deemed risky
+ coeff -4.39233 of var (x7,x22) (idx 10) in constr e258 (idx 234) is deemed risky
+ coeff 4.39233 of var (x7,x25) (idx 11) in constr e258 (idx 234) is deemed risky
+ coeff 4.42912 of var (x8,x15) (idx 13) in constr e258 (idx 234) is deemed risky
+ coeff 1.36523 of var (x8,x16) (idx 14) in constr e258 (idx 234) is deemed risky
+ coeff -4.42912 of var (x15,x17) (idx 16) in constr e258 (idx 234) is deemed risky
+ coeff -1.36523 of var (x15,x22) (idx 17) in constr e258 (idx 234) is deemed risky
+ coeff 1.36523 of var (x15,x25) (idx 18) in constr e258 (idx 234) is deemed risky
+ coeff -1.36523 of var (x16,x17) (idx 19) in constr e258 (idx 234) is deemed risky
+ coeff 4.42912 of var (x16,x22) (idx 20) in constr e258 (idx 234) is deemed risky
+ coeff -4.42912 of var (x16,x25) (idx 21) in constr e258 (idx 234) is deemed risky
+ coeff -4.39233 of var (x6,x8) (idx 0) in constr e259 (idx 235) is deemed risky
+ coeff -9.13716 of var (x6,x18) (idx 1) in constr e259 (idx 235) is deemed risky
+ coeff 8.87091 of var (x6,x19) (idx 2) in constr e259 (idx 235) is deemed risky
+ coeff 4.39233 of var (x6,x20) (idx 3) in constr e259 (idx 235) is deemed risky
+ coeff 1.39221 of var (x6,x22) (idx 4) in constr e259 (idx 235) is deemed risky
+ coeff -1.39221 of var (x6,x26) (idx 5) in constr e259 (idx 235) is deemed risky
+ coeff -1.39221 of var (x7,x8) (idx 6) in constr e259 (idx 235) is deemed risky
+ coeff -8.87091 of var (x7,x18) (idx 7) in constr e259 (idx 235) is deemed risky
+ coeff -9.13716 of var (x7,x19) (idx 8) in constr e259 (idx 235) is deemed risky
+ coeff 1.39221 of var (x7,x20) (idx 9) in constr e259 (idx 235) is deemed risky
+ coeff -4.39233 of var (x7,x22) (idx 10) in constr e259 (idx 235) is deemed risky
+ coeff 4.39233 of var (x7,x26) (idx 11) in constr e259 (idx 235) is deemed risky
+ coeff 4.94409 of var (x8,x18) (idx 13) in constr e259 (idx 235) is deemed risky
+ coeff -2.47217 of var (x8,x19) (idx 14) in constr e259 (idx 235) is deemed risky
+ coeff -4.94409 of var (x18,x20) (idx 16) in constr e259 (idx 235) is deemed risky
+ coeff 2.47217 of var (x18,x22) (idx 17) in constr e259 (idx 235) is deemed risky
+ coeff -2.47217 of var (x18,x26) (idx 18) in constr e259 (idx 235) is deemed risky
+ coeff 2.47217 of var (x19,x20) (idx 19) in constr e259 (idx 235) is deemed risky
+ coeff 4.94409 of var (x19,x22) (idx 20) in constr e259 (idx 235) is deemed risky
+ coeff -4.94409 of var (x19,x26) (idx 21) in constr e259 (idx 235) is deemed risky
+ coeff -4.39233 of var (x6,x8) (idx 0) in constr e260 (idx 236) is deemed risky
+ coeff 4.56817 of var (x6,x9) (idx 1) in constr e260 (idx 236) is deemed risky
+ coeff -4.43535 of var (x6,x10) (idx 2) in constr e260 (idx 236) is deemed risky
+ coeff 4.39233 of var (x6,x11) (idx 3) in constr e260 (idx 236) is deemed risky
+ coeff 1.39221 of var (x6,x22) (idx 4) in constr e260 (idx 236) is deemed risky
+ coeff -1.39221 of var (x6,x23) (idx 5) in constr e260 (idx 236) is deemed risky
+ coeff -1.39221 of var (x7,x8) (idx 6) in constr e260 (idx 236) is deemed risky
+ coeff 4.43535 of var (x7,x9) (idx 7) in constr e260 (idx 236) is deemed risky
+ coeff 4.56817 of var (x7,x10) (idx 8) in constr e260 (idx 236) is deemed risky
+ coeff 1.39221 of var (x7,x11) (idx 9) in constr e260 (idx 236) is deemed risky
+ coeff -4.39233 of var (x7,x22) (idx 10) in constr e260 (idx 236) is deemed risky
+ coeff 4.39233 of var (x7,x23) (idx 11) in constr e260 (idx 236) is deemed risky
+ coeff -2.47186 of var (x8,x9) (idx 13) in constr e260 (idx 236) is deemed risky
+ coeff 1.23609 of var (x8,x10) (idx 14) in constr e260 (idx 236) is deemed risky
+ coeff 2.47186 of var (x9,x11) (idx 16) in constr e260 (idx 236) is deemed risky
+ coeff -1.23609 of var (x9,x22) (idx 17) in constr e260 (idx 236) is deemed risky
+ coeff 1.23609 of var (x9,x23) (idx 18) in constr e260 (idx 236) is deemed risky
+ coeff -1.23609 of var (x10,x11) (idx 19) in constr e260 (idx 236) is deemed risky
+ coeff -2.47186 of var (x10,x22) (idx 20) in constr e260 (idx 236) is deemed risky
+ coeff 2.47186 of var (x10,x23) (idx 21) in constr e260 (idx 236) is deemed risky
+ coeff -4.39233 of var (x6,x8) (idx 0) in constr e261 (idx 237) is deemed risky
+ coeff 11.9799 of var (x6,x12) (idx 1) in constr e261 (idx 237) is deemed risky
+ coeff 6.21333 of var (x6,x13) (idx 2) in constr e261 (idx 237) is deemed risky
+ coeff 4.39233 of var (x6,x14) (idx 3) in constr e261 (idx 237) is deemed risky
+ coeff 1.39221 of var (x6,x22) (idx 4) in constr e261 (idx 237) is deemed risky
+ coeff -1.39221 of var (x6,x24) (idx 5) in constr e261 (idx 237) is deemed risky
+ coeff -1.39221 of var (x7,x8) (idx 6) in constr e261 (idx 237) is deemed risky
+ coeff -6.21333 of var (x7,x12) (idx 7) in constr e261 (idx 237) is deemed risky
+ coeff 11.9799 of var (x7,x13) (idx 8) in constr e261 (idx 237) is deemed risky
+ coeff 1.39221 of var (x7,x14) (idx 9) in constr e261 (idx 237) is deemed risky
+ coeff -4.39233 of var (x7,x22) (idx 10) in constr e261 (idx 237) is deemed risky
+ coeff 4.39233 of var (x7,x24) (idx 11) in constr e261 (idx 237) is deemed risky
+ coeff -4.14205 of var (x8,x12) (idx 13) in constr e261 (idx 237) is deemed risky
+ coeff -4.14205 of var (x8,x13) (idx 14) in constr e261 (idx 237) is deemed risky
+ coeff 4.14205 of var (x12,x14) (idx 16) in constr e261 (idx 237) is deemed risky
+ coeff 4.14205 of var (x12,x22) (idx 17) in constr e261 (idx 237) is deemed risky
+ coeff -4.14205 of var (x12,x24) (idx 18) in constr e261 (idx 237) is deemed risky
+ coeff 4.14205 of var (x13,x14) (idx 19) in constr e261 (idx 237) is deemed risky
+ coeff -4.14205 of var (x13,x22) (idx 20) in constr e261 (idx 237) is deemed risky
+ coeff 4.14205 of var (x13,x24) (idx 21) in constr e261 (idx 237) is deemed risky
+ coeff -4.39233 of var (x6,x8) (idx 0) in constr e262 (idx 238) is deemed risky
+ coeff 6.54783 of var (x6,x15) (idx 1) in constr e262 (idx 238) is deemed risky
+ coeff -6.72783 of var (x6,x16) (idx 2) in constr e262 (idx 238) is deemed risky
+ coeff 4.39233 of var (x6,x17) (idx 3) in constr e262 (idx 238) is deemed risky
+ coeff 1.39221 of var (x6,x22) (idx 4) in constr e262 (idx 238) is deemed risky
+ coeff -1.39221 of var (x6,x25) (idx 5) in constr e262 (idx 238) is deemed risky
+ coeff -1.39221 of var (x7,x8) (idx 6) in constr e262 (idx 238) is deemed risky
+ coeff 6.72783 of var (x7,x15) (idx 7) in constr e262 (idx 238) is deemed risky
+ coeff 6.54783 of var (x7,x16) (idx 8) in constr e262 (idx 238) is deemed risky
+ coeff 1.39221 of var (x7,x17) (idx 9) in constr e262 (idx 238) is deemed risky
+ coeff -4.39233 of var (x7,x22) (idx 10) in constr e262 (idx 238) is deemed risky
+ coeff 4.39233 of var (x7,x25) (idx 11) in constr e262 (idx 238) is deemed risky
+ coeff -3.59164 of var (x8,x15) (idx 13) in constr e262 (idx 238) is deemed risky
+ coeff 1.92502 of var (x8,x16) (idx 14) in constr e262 (idx 238) is deemed risky
+ coeff 3.59164 of var (x15,x17) (idx 16) in constr e262 (idx 238) is deemed risky
+ coeff -1.92502 of var (x15,x22) (idx 17) in constr e262 (idx 238) is deemed risky
+ coeff 1.92502 of var (x15,x25) (idx 18) in constr e262 (idx 238) is deemed risky
+ coeff -1.92502 of var (x16,x17) (idx 19) in constr e262 (idx 238) is deemed risky
+ coeff -3.59164 of var (x16,x22) (idx 20) in constr e262 (idx 238) is deemed risky
+ coeff 3.59164 of var (x16,x25) (idx 21) in constr e262 (idx 238) is deemed risky
+ coeff -4.39233 of var (x6,x8) (idx 0) in constr e263 (idx 239) is deemed risky
+ coeff 9.58371 of var (x6,x18) (idx 1) in constr e263 (idx 239) is deemed risky
+ coeff 4.97113 of var (x6,x19) (idx 2) in constr e263 (idx 239) is deemed risky
+ coeff 4.39233 of var (x6,x20) (idx 3) in constr e263 (idx 239) is deemed risky
+ coeff 1.39221 of var (x6,x22) (idx 4) in constr e263 (idx 239) is deemed risky
+ coeff -1.39221 of var (x6,x26) (idx 5) in constr e263 (idx 239) is deemed risky
+ coeff -1.39221 of var (x7,x8) (idx 6) in constr e263 (idx 239) is deemed risky
+ coeff -4.97113 of var (x7,x18) (idx 7) in constr e263 (idx 239) is deemed risky
+ coeff 9.58371 of var (x7,x19) (idx 8) in constr e263 (idx 239) is deemed risky
+ coeff 1.39221 of var (x7,x20) (idx 9) in constr e263 (idx 239) is deemed risky
+ coeff -4.39233 of var (x7,x22) (idx 10) in constr e263 (idx 239) is deemed risky
+ coeff 4.39233 of var (x7,x26) (idx 11) in constr e263 (idx 239) is deemed risky
+ coeff -3.31348 of var (x8,x18) (idx 13) in constr e263 (idx 239) is deemed risky
+ coeff -3.3138 of var (x8,x19) (idx 14) in constr e263 (idx 239) is deemed risky
+ coeff 3.31348 of var (x18,x20) (idx 16) in constr e263 (idx 239) is deemed risky
+ coeff 3.3138 of var (x18,x22) (idx 17) in constr e263 (idx 239) is deemed risky
+ coeff -3.3138 of var (x18,x26) (idx 18) in constr e263 (idx 239) is deemed risky
+ coeff 3.3138 of var (x19,x20) (idx 19) in constr e263 (idx 239) is deemed risky
+ coeff -3.31348 of var (x19,x22) (idx 20) in constr e263 (idx 239) is deemed risky
+ coeff 3.31348 of var (x19,x26) (idx 21) in constr e263 (idx 239) is deemed risky
+ coeff -4.39233 of var (x6,x8) (idx 0) in constr e264 (idx 240) is deemed risky
+ coeff -0.157404 of var (x6,x9) (idx 1) in constr e264 (idx 240) is deemed risky
+ coeff 10.6368 of var (x6,x10) (idx 2) in constr e264 (idx 240) is deemed risky
+ coeff 4.39233 of var (x6,x11) (idx 3) in constr e264 (idx 240) is deemed risky
+ coeff 1.39221 of var (x6,x22) (idx 4) in constr e264 (idx 240) is deemed risky
+ coeff -1.39221 of var (x6,x23) (idx 5) in constr e264 (idx 240) is deemed risky
+ coeff -1.39221 of var (x7,x8) (idx 6) in constr e264 (idx 240) is deemed risky
+ coeff -10.6368 of var (x7,x9) (idx 7) in constr e264 (idx 240) is deemed risky
+ coeff -0.157404 of var (x7,x10) (idx 8) in constr e264 (idx 240) is deemed risky
+ coeff 1.39221 of var (x7,x11) (idx 9) in constr e264 (idx 240) is deemed risky
+ coeff -4.39233 of var (x7,x22) (idx 10) in constr e264 (idx 240) is deemed risky
+ coeff 4.39233 of var (x7,x23) (idx 11) in constr e264 (idx 240) is deemed risky
+ coeff 1.46014 of var (x8,x9) (idx 13) in constr e264 (idx 240) is deemed risky
+ coeff -4.38053 of var (x8,x10) (idx 14) in constr e264 (idx 240) is deemed risky
+ coeff -1.46014 of var (x9,x11) (idx 16) in constr e264 (idx 240) is deemed risky
+ coeff 4.38053 of var (x9,x22) (idx 17) in constr e264 (idx 240) is deemed risky
+ coeff -4.38053 of var (x9,x23) (idx 18) in constr e264 (idx 240) is deemed risky
+ coeff 4.38053 of var (x10,x11) (idx 19) in constr e264 (idx 240) is deemed risky
+ coeff 1.46014 of var (x10,x22) (idx 20) in constr e264 (idx 240) is deemed risky
+ coeff -1.46014 of var (x10,x23) (idx 21) in constr e264 (idx 240) is deemed risky
+ coeff -4.39233 of var (x6,x8) (idx 0) in constr e265 (idx 241) is deemed risky
+ coeff 6.21333 of var (x6,x12) (idx 1) in constr e265 (idx 241) is deemed risky
+ coeff -11.9799 of var (x6,x13) (idx 2) in constr e265 (idx 241) is deemed risky
+ coeff 4.39233 of var (x6,x14) (idx 3) in constr e265 (idx 241) is deemed risky
+ coeff 1.39221 of var (x6,x22) (idx 4) in constr e265 (idx 241) is deemed risky
+ coeff -1.39221 of var (x6,x24) (idx 5) in constr e265 (idx 241) is deemed risky
+ coeff -1.39221 of var (x7,x8) (idx 6) in constr e265 (idx 241) is deemed risky
+ coeff 11.9799 of var (x7,x12) (idx 7) in constr e265 (idx 241) is deemed risky
+ coeff 6.21333 of var (x7,x13) (idx 8) in constr e265 (idx 241) is deemed risky
+ coeff 1.39221 of var (x7,x14) (idx 9) in constr e265 (idx 241) is deemed risky
+ coeff -4.39233 of var (x7,x22) (idx 10) in constr e265 (idx 241) is deemed risky
+ coeff 4.39233 of var (x7,x24) (idx 11) in constr e265 (idx 241) is deemed risky
+ coeff -4.14205 of var (x8,x12) (idx 13) in constr e265 (idx 241) is deemed risky
+ coeff 4.14205 of var (x8,x13) (idx 14) in constr e265 (idx 241) is deemed risky
+ coeff 4.14205 of var (x12,x14) (idx 16) in constr e265 (idx 241) is deemed risky
+ coeff -4.14205 of var (x12,x22) (idx 17) in constr e265 (idx 241) is deemed risky
+ coeff 4.14205 of var (x12,x24) (idx 18) in constr e265 (idx 241) is deemed risky
+ coeff -4.14205 of var (x13,x14) (idx 19) in constr e265 (idx 241) is deemed risky
+ coeff -4.14205 of var (x13,x22) (idx 20) in constr e265 (idx 241) is deemed risky
+ coeff 4.14205 of var (x13,x24) (idx 21) in constr e265 (idx 241) is deemed risky
+ coeff -4.39233 of var (x6,x8) (idx 0) in constr e266 (idx 242) is deemed risky
+ coeff 9.22782 of var (x6,x15) (idx 1) in constr e266 (idx 242) is deemed risky
+ coeff 1.72736 of var (x6,x16) (idx 2) in constr e266 (idx 242) is deemed risky
+ coeff 4.39233 of var (x6,x17) (idx 3) in constr e266 (idx 242) is deemed risky
+ coeff 1.39221 of var (x6,x22) (idx 4) in constr e266 (idx 242) is deemed risky
+ coeff -1.39221 of var (x6,x25) (idx 5) in constr e266 (idx 242) is deemed risky
+ coeff -1.39221 of var (x7,x8) (idx 6) in constr e266 (idx 242) is deemed risky
+ coeff -1.72736 of var (x7,x15) (idx 7) in constr e266 (idx 242) is deemed risky
+ coeff 9.22782 of var (x7,x16) (idx 8) in constr e266 (idx 242) is deemed risky
+ coeff 1.39221 of var (x7,x17) (idx 9) in constr e266 (idx 242) is deemed risky
+ coeff -4.39233 of var (x7,x22) (idx 10) in constr e266 (idx 242) is deemed risky
+ coeff 4.39233 of var (x7,x25) (idx 11) in constr e266 (idx 242) is deemed risky
+ coeff -3.59164 of var (x8,x15) (idx 13) in constr e266 (idx 242) is deemed risky
+ coeff -1.92496 of var (x8,x16) (idx 14) in constr e266 (idx 242) is deemed risky
+ coeff 3.59164 of var (x15,x17) (idx 16) in constr e266 (idx 242) is deemed risky
+ coeff 1.92496 of var (x15,x22) (idx 17) in constr e266 (idx 242) is deemed risky
+ coeff -1.92496 of var (x15,x25) (idx 18) in constr e266 (idx 242) is deemed risky
+ coeff 1.92496 of var (x16,x17) (idx 19) in constr e266 (idx 242) is deemed risky
+ coeff -3.59164 of var (x16,x22) (idx 20) in constr e266 (idx 242) is deemed risky
+ coeff 3.59164 of var (x16,x25) (idx 21) in constr e266 (idx 242) is deemed risky
+ coeff -4.39233 of var (x6,x8) (idx 0) in constr e267 (idx 243) is deemed risky
+ coeff 4.97095 of var (x6,x18) (idx 1) in constr e267 (idx 243) is deemed risky
+ coeff -9.58365 of var (x6,x19) (idx 2) in constr e267 (idx 243) is deemed risky
+ coeff 4.39233 of var (x6,x20) (idx 3) in constr e267 (idx 243) is deemed risky
+ coeff 1.39221 of var (x6,x22) (idx 4) in constr e267 (idx 243) is deemed risky
+ coeff -1.39221 of var (x6,x26) (idx 5) in constr e267 (idx 243) is deemed risky
+ coeff -1.39221 of var (x7,x8) (idx 6) in constr e267 (idx 243) is deemed risky
+ coeff 9.58365 of var (x7,x18) (idx 7) in constr e267 (idx 243) is deemed risky
+ coeff 4.97095 of var (x7,x19) (idx 8) in constr e267 (idx 243) is deemed risky
+ coeff 1.39221 of var (x7,x20) (idx 9) in constr e267 (idx 243) is deemed risky
+ coeff -4.39233 of var (x7,x22) (idx 10) in constr e267 (idx 243) is deemed risky
+ coeff 4.39233 of var (x7,x26) (idx 11) in constr e267 (idx 243) is deemed risky
+ coeff -3.31372 of var (x8,x18) (idx 13) in constr e267 (idx 243) is deemed risky
+ coeff 3.31348 of var (x8,x19) (idx 14) in constr e267 (idx 243) is deemed risky
+ coeff 3.31372 of var (x18,x20) (idx 16) in constr e267 (idx 243) is deemed risky
+ coeff -3.31348 of var (x18,x22) (idx 17) in constr e267 (idx 243) is deemed risky
+ coeff 3.31348 of var (x18,x26) (idx 18) in constr e267 (idx 243) is deemed risky
+ coeff -3.31348 of var (x19,x20) (idx 19) in constr e267 (idx 243) is deemed risky
+ coeff -3.31372 of var (x19,x22) (idx 20) in constr e267 (idx 243) is deemed risky
+ coeff 3.31372 of var (x19,x26) (idx 21) in constr e267 (idx 243) is deemed risky
+ coeff -4.39233 of var (x6,x8) (idx 0) in constr e268 (idx 244) is deemed risky
+ coeff -0.0603483 of var (x6,x9) (idx 1) in constr e268 (idx 244) is deemed risky
+ coeff 4.06819 of var (x6,x10) (idx 2) in constr e268 (idx 244) is deemed risky
+ coeff 4.39233 of var (x6,x11) (idx 3) in constr e268 (idx 244) is deemed risky
+ coeff 1.39221 of var (x6,x22) (idx 4) in constr e268 (idx 244) is deemed risky
+ coeff -1.39221 of var (x6,x23) (idx 5) in constr e268 (idx 244) is deemed risky
+ coeff -1.39221 of var (x7,x8) (idx 6) in constr e268 (idx 244) is deemed risky
+ coeff -4.06819 of var (x7,x9) (idx 7) in constr e268 (idx 244) is deemed risky
+ coeff -0.0603483 of var (x7,x10) (idx 8) in constr e268 (idx 244) is deemed risky
+ coeff 1.39221 of var (x7,x11) (idx 9) in constr e268 (idx 244) is deemed risky
+ coeff -4.39233 of var (x7,x22) (idx 10) in constr e268 (idx 244) is deemed risky
+ coeff 4.39233 of var (x7,x23) (idx 11) in constr e268 (idx 244) is deemed risky
+ coeff 0.558512 of var (x8,x9) (idx 13) in constr e268 (idx 244) is deemed risky
+ coeff -1.67537 of var (x8,x10) (idx 14) in constr e268 (idx 244) is deemed risky
+ coeff -0.558512 of var (x9,x11) (idx 16) in constr e268 (idx 244) is deemed risky
+ coeff 1.67537 of var (x9,x22) (idx 17) in constr e268 (idx 244) is deemed risky
+ coeff -1.67537 of var (x9,x23) (idx 18) in constr e268 (idx 244) is deemed risky
+ coeff 1.67537 of var (x10,x11) (idx 19) in constr e268 (idx 244) is deemed risky
+ coeff 0.558512 of var (x10,x22) (idx 20) in constr e268 (idx 244) is deemed risky
+ coeff -0.558512 of var (x10,x23) (idx 21) in constr e268 (idx 244) is deemed risky
+ coeff -4.39233 of var (x6,x8) (idx 0) in constr e269 (idx 245) is deemed risky
+ coeff -6.21333 of var (x6,x12) (idx 1) in constr e269 (idx 245) is deemed risky
+ coeff 11.9799 of var (x6,x13) (idx 2) in constr e269 (idx 245) is deemed risky
+ coeff 4.39233 of var (x6,x14) (idx 3) in constr e269 (idx 245) is deemed risky
+ coeff 1.39221 of var (x6,x22) (idx 4) in constr e269 (idx 245) is deemed risky
+ coeff -1.39221 of var (x6,x24) (idx 5) in constr e269 (idx 245) is deemed risky
+ coeff -1.39221 of var (x7,x8) (idx 6) in constr e269 (idx 245) is deemed risky
+ coeff -11.9799 of var (x7,x12) (idx 7) in constr e269 (idx 245) is deemed risky
+ coeff -6.21333 of var (x7,x13) (idx 8) in constr e269 (idx 245) is deemed risky
+ coeff 1.39221 of var (x7,x14) (idx 9) in constr e269 (idx 245) is deemed risky
+ coeff -4.39233 of var (x7,x22) (idx 10) in constr e269 (idx 245) is deemed risky
+ coeff 4.39233 of var (x7,x24) (idx 11) in constr e269 (idx 245) is deemed risky
+ coeff 4.14205 of var (x8,x12) (idx 13) in constr e269 (idx 245) is deemed risky
+ coeff -4.14205 of var (x8,x13) (idx 14) in constr e269 (idx 245) is deemed risky
+ coeff -4.14205 of var (x12,x14) (idx 16) in constr e269 (idx 245) is deemed risky
+ coeff 4.14205 of var (x12,x22) (idx 17) in constr e269 (idx 245) is deemed risky
+ coeff -4.14205 of var (x12,x24) (idx 18) in constr e269 (idx 245) is deemed risky
+ coeff 4.14205 of var (x13,x14) (idx 19) in constr e269 (idx 245) is deemed risky
+ coeff 4.14205 of var (x13,x22) (idx 20) in constr e269 (idx 245) is deemed risky
+ coeff -4.14205 of var (x13,x24) (idx 21) in constr e269 (idx 245) is deemed risky
+ coeff -4.39233 of var (x6,x8) (idx 0) in constr e270 (idx 246) is deemed risky
+ coeff -16.3997 of var (x6,x15) (idx 1) in constr e270 (idx 246) is deemed risky
+ coeff -1.3464e-05 of var (x6,x16) (idx 2) in constr e270 (idx 246) is deemed risky
+ coeff 4.39233 of var (x6,x17) (idx 3) in constr e270 (idx 246) is deemed risky
+ coeff 1.39221 of var (x6,x22) (idx 4) in constr e270 (idx 246) is deemed risky
+ coeff -1.39221 of var (x6,x25) (idx 5) in constr e270 (idx 246) is deemed risky
+ coeff -1.39221 of var (x7,x8) (idx 6) in constr e270 (idx 246) is deemed risky
+ coeff 1.3464e-05 of var (x7,x15) (idx 7) in constr e270 (idx 246) is deemed risky
+ coeff -16.3997 of var (x7,x16) (idx 8) in constr e270 (idx 246) is deemed risky
+ coeff 1.39221 of var (x7,x17) (idx 9) in constr e270 (idx 246) is deemed risky
+ coeff -4.39233 of var (x7,x22) (idx 10) in constr e270 (idx 246) is deemed risky
+ coeff 4.39233 of var (x7,x25) (idx 11) in constr e270 (idx 246) is deemed risky
+ coeff 6.78566 of var (x8,x15) (idx 13) in constr e270 (idx 246) is deemed risky
+ coeff 2.15082 of var (x8,x16) (idx 14) in constr e270 (idx 246) is deemed risky
+ coeff -6.78566 of var (x15,x17) (idx 16) in constr e270 (idx 246) is deemed risky
+ coeff -2.15082 of var (x15,x22) (idx 17) in constr e270 (idx 246) is deemed risky
+ coeff 2.15082 of var (x15,x25) (idx 18) in constr e270 (idx 246) is deemed risky
+ coeff -2.15082 of var (x16,x17) (idx 19) in constr e270 (idx 246) is deemed risky
+ coeff 6.78566 of var (x16,x22) (idx 20) in constr e270 (idx 246) is deemed risky
+ coeff -6.78566 of var (x16,x25) (idx 21) in constr e270 (idx 246) is deemed risky
+ coeff -4.39233 of var (x6,x8) (idx 0) in constr e271 (idx 247) is deemed risky
+ coeff -12.6276 of var (x6,x18) (idx 1) in constr e271 (idx 247) is deemed risky
+ coeff 12.2595 of var (x6,x19) (idx 2) in constr e271 (idx 247) is deemed risky
+ coeff 4.39233 of var (x6,x20) (idx 3) in constr e271 (idx 247) is deemed risky
+ coeff 1.39221 of var (x6,x22) (idx 4) in constr e271 (idx 247) is deemed risky
+ coeff -1.39221 of var (x6,x26) (idx 5) in constr e271 (idx 247) is deemed risky
+ coeff -1.39221 of var (x7,x8) (idx 6) in constr e271 (idx 247) is deemed risky
+ coeff -12.2595 of var (x7,x18) (idx 7) in constr e271 (idx 247) is deemed risky
+ coeff -12.6276 of var (x7,x19) (idx 8) in constr e271 (idx 247) is deemed risky
+ coeff 1.39221 of var (x7,x20) (idx 9) in constr e271 (idx 247) is deemed risky
+ coeff -4.39233 of var (x7,x22) (idx 10) in constr e271 (idx 247) is deemed risky
+ coeff 4.39233 of var (x7,x26) (idx 11) in constr e271 (idx 247) is deemed risky
+ coeff 6.83276 of var (x8,x18) (idx 13) in constr e271 (idx 247) is deemed risky
+ coeff -3.4165 of var (x8,x19) (idx 14) in constr e271 (idx 247) is deemed risky
+ coeff -6.83276 of var (x18,x20) (idx 16) in constr e271 (idx 247) is deemed risky
+ coeff 3.4165 of var (x18,x22) (idx 17) in constr e271 (idx 247) is deemed risky
+ coeff -3.4165 of var (x18,x26) (idx 18) in constr e271 (idx 247) is deemed risky
+ coeff 3.4165 of var (x19,x20) (idx 19) in constr e271 (idx 247) is deemed risky
+ coeff 6.83276 of var (x19,x22) (idx 20) in constr e271 (idx 247) is deemed risky
+ coeff -6.83276 of var (x19,x26) (idx 21) in constr e271 (idx 247) is deemed risky
+ coeff -0.960999 of var (x9,x11) (idx 0) in constr e272 (idx 248) is deemed risky
+ coeff 3.98029 of var (x9,x12) (idx 1) in constr e272 (idx 248) is deemed risky
+ coeff -7.9608 of var (x9,x13) (idx 2) in constr e272 (idx 248) is deemed risky
+ coeff 0.960999 of var (x9,x14) (idx 3) in constr e272 (idx 248) is deemed risky
+ coeff -2.88289 of var (x9,x23) (idx 4) in constr e272 (idx 248) is deemed risky
+ coeff 2.88289 of var (x9,x24) (idx 5) in constr e272 (idx 248) is deemed risky
+ coeff 2.88289 of var (x10,x11) (idx 6) in constr e272 (idx 248) is deemed risky
+ coeff 7.9608 of var (x10,x12) (idx 7) in constr e272 (idx 248) is deemed risky
+ coeff 3.98029 of var (x10,x13) (idx 8) in constr e272 (idx 248) is deemed risky
+ coeff -2.88289 of var (x10,x14) (idx 9) in constr e272 (idx 248) is deemed risky
+ coeff -0.960999 of var (x10,x23) (idx 10) in constr e272 (idx 248) is deemed risky
+ coeff 0.960999 of var (x10,x24) (idx 11) in constr e272 (idx 248) is deemed risky
+ coeff 4.14205 of var (x11,x12) (idx 13) in constr e272 (idx 248) is deemed risky
+ coeff 4.14205 of var (x11,x13) (idx 14) in constr e272 (idx 248) is deemed risky
+ coeff -4.14205 of var (x12,x14) (idx 16) in constr e272 (idx 248) is deemed risky
+ coeff -4.14205 of var (x12,x23) (idx 17) in constr e272 (idx 248) is deemed risky
+ coeff 4.14205 of var (x12,x24) (idx 18) in constr e272 (idx 248) is deemed risky
+ coeff -4.14205 of var (x13,x14) (idx 19) in constr e272 (idx 248) is deemed risky
+ coeff 4.14205 of var (x13,x23) (idx 20) in constr e272 (idx 248) is deemed risky
+ coeff -4.14205 of var (x13,x24) (idx 21) in constr e272 (idx 248) is deemed risky
+ coeff -0.960999 of var (x9,x11) (idx 0) in constr e273 (idx 249) is deemed risky
+ coeff -0.160275 of var (x9,x15) (idx 1) in constr e273 (idx 249) is deemed risky
+ coeff -7.04033 of var (x9,x16) (idx 2) in constr e273 (idx 249) is deemed risky
+ coeff 0.960999 of var (x9,x17) (idx 3) in constr e273 (idx 249) is deemed risky
+ coeff -2.88289 of var (x9,x23) (idx 4) in constr e273 (idx 249) is deemed risky
+ coeff 2.88289 of var (x9,x25) (idx 5) in constr e273 (idx 249) is deemed risky
+ coeff 2.88289 of var (x10,x11) (idx 6) in constr e273 (idx 249) is deemed risky
+ coeff 7.04033 of var (x10,x15) (idx 7) in constr e273 (idx 249) is deemed risky
+ coeff -0.160275 of var (x10,x16) (idx 8) in constr e273 (idx 249) is deemed risky
+ coeff -2.88289 of var (x10,x17) (idx 9) in constr e273 (idx 249) is deemed risky
+ coeff -0.960999 of var (x10,x23) (idx 10) in constr e273 (idx 249) is deemed risky
+ coeff 0.960999 of var (x10,x25) (idx 11) in constr e273 (idx 249) is deemed risky
+ coeff 4.42912 of var (x11,x15) (idx 13) in constr e273 (idx 249) is deemed risky
+ coeff 1.36523 of var (x11,x16) (idx 14) in constr e273 (idx 249) is deemed risky
+ coeff -4.42912 of var (x15,x17) (idx 16) in constr e273 (idx 249) is deemed risky
+ coeff -1.36523 of var (x15,x23) (idx 17) in constr e273 (idx 249) is deemed risky
+ coeff 1.36523 of var (x15,x25) (idx 18) in constr e273 (idx 249) is deemed risky
+ coeff -1.36523 of var (x16,x17) (idx 19) in constr e273 (idx 249) is deemed risky
+ coeff 4.42912 of var (x16,x23) (idx 20) in constr e273 (idx 249) is deemed risky
+ coeff -4.42912 of var (x16,x25) (idx 21) in constr e273 (idx 249) is deemed risky
+ coeff -0.960999 of var (x9,x11) (idx 0) in constr e274 (idx 250) is deemed risky
+ coeff -5.93913 of var (x9,x18) (idx 1) in constr e274 (idx 250) is deemed risky
+ coeff -5.93877 of var (x9,x19) (idx 2) in constr e274 (idx 250) is deemed risky
+ coeff 0.960999 of var (x9,x20) (idx 3) in constr e274 (idx 250) is deemed risky
+ coeff -2.88289 of var (x9,x23) (idx 4) in constr e274 (idx 250) is deemed risky
+ coeff 2.88289 of var (x9,x26) (idx 5) in constr e274 (idx 250) is deemed risky
+ coeff 2.88289 of var (x10,x11) (idx 6) in constr e274 (idx 250) is deemed risky
+ coeff 5.93877 of var (x10,x18) (idx 7) in constr e274 (idx 250) is deemed risky
+ coeff -5.93913 of var (x10,x19) (idx 8) in constr e274 (idx 250) is deemed risky
+ coeff -2.88289 of var (x10,x20) (idx 9) in constr e274 (idx 250) is deemed risky
+ coeff -0.960999 of var (x10,x23) (idx 10) in constr e274 (idx 250) is deemed risky
+ coeff 0.960999 of var (x10,x26) (idx 11) in constr e274 (idx 250) is deemed risky
+ coeff 4.94409 of var (x11,x18) (idx 13) in constr e274 (idx 250) is deemed risky
+ coeff -2.47217 of var (x11,x19) (idx 14) in constr e274 (idx 250) is deemed risky
+ coeff -4.94409 of var (x18,x20) (idx 16) in constr e274 (idx 250) is deemed risky
+ coeff 2.47217 of var (x18,x23) (idx 17) in constr e274 (idx 250) is deemed risky
+ coeff -2.47217 of var (x18,x26) (idx 18) in constr e274 (idx 250) is deemed risky
+ coeff 2.47217 of var (x19,x20) (idx 19) in constr e274 (idx 250) is deemed risky
+ coeff 4.94409 of var (x19,x23) (idx 20) in constr e274 (idx 250) is deemed risky
+ coeff -4.94409 of var (x19,x26) (idx 21) in constr e274 (idx 250) is deemed risky
+ coeff -0.960999 of var (x9,x11) (idx 0) in constr e275 (idx 251) is deemed risky
+ coeff -3.98029 of var (x9,x12) (idx 1) in constr e275 (idx 251) is deemed risky
+ coeff 7.9608 of var (x9,x13) (idx 2) in constr e275 (idx 251) is deemed risky
+ coeff 0.960999 of var (x9,x14) (idx 3) in constr e275 (idx 251) is deemed risky
+ coeff -2.88289 of var (x9,x23) (idx 4) in constr e275 (idx 251) is deemed risky
+ coeff 2.88289 of var (x9,x24) (idx 5) in constr e275 (idx 251) is deemed risky
+ coeff 2.88289 of var (x10,x11) (idx 6) in constr e275 (idx 251) is deemed risky
+ coeff -7.9608 of var (x10,x12) (idx 7) in constr e275 (idx 251) is deemed risky
+ coeff -3.98029 of var (x10,x13) (idx 8) in constr e275 (idx 251) is deemed risky
+ coeff -2.88289 of var (x10,x14) (idx 9) in constr e275 (idx 251) is deemed risky
+ coeff -0.960999 of var (x10,x23) (idx 10) in constr e275 (idx 251) is deemed risky
+ coeff 0.960999 of var (x10,x24) (idx 11) in constr e275 (idx 251) is deemed risky
+ coeff -4.14205 of var (x11,x12) (idx 13) in constr e275 (idx 251) is deemed risky
+ coeff -4.14205 of var (x11,x13) (idx 14) in constr e275 (idx 251) is deemed risky
+ coeff 4.14205 of var (x12,x14) (idx 16) in constr e275 (idx 251) is deemed risky
+ coeff 4.14205 of var (x12,x23) (idx 17) in constr e275 (idx 251) is deemed risky
+ coeff -4.14205 of var (x12,x24) (idx 18) in constr e275 (idx 251) is deemed risky
+ coeff 4.14205 of var (x13,x14) (idx 19) in constr e275 (idx 251) is deemed risky
+ coeff -4.14205 of var (x13,x23) (idx 20) in constr e275 (idx 251) is deemed risky
+ coeff 4.14205 of var (x13,x24) (idx 21) in constr e275 (idx 251) is deemed risky
+ coeff -0.960999 of var (x9,x11) (idx 0) in constr e276 (idx 252) is deemed risky
+ coeff 4.50059 of var (x9,x15) (idx 1) in constr e276 (idx 252) is deemed risky
+ coeff 4.25219 of var (x9,x16) (idx 2) in constr e276 (idx 252) is deemed risky
+ coeff 0.960999 of var (x9,x17) (idx 3) in constr e276 (idx 252) is deemed risky
+ coeff -2.88289 of var (x9,x23) (idx 4) in constr e276 (idx 252) is deemed risky
+ coeff 2.88289 of var (x9,x25) (idx 5) in constr e276 (idx 252) is deemed risky
+ coeff 2.88289 of var (x10,x11) (idx 6) in constr e276 (idx 252) is deemed risky
+ coeff -4.25219 of var (x10,x15) (idx 7) in constr e276 (idx 252) is deemed risky
+ coeff 4.50059 of var (x10,x16) (idx 8) in constr e276 (idx 252) is deemed risky
+ coeff -2.88289 of var (x10,x17) (idx 9) in constr e276 (idx 252) is deemed risky
+ coeff -0.960999 of var (x10,x23) (idx 10) in constr e276 (idx 252) is deemed risky
+ coeff 0.960999 of var (x10,x25) (idx 11) in constr e276 (idx 252) is deemed risky
+ coeff -3.59164 of var (x11,x15) (idx 13) in constr e276 (idx 252) is deemed risky
+ coeff 1.92502 of var (x11,x16) (idx 14) in constr e276 (idx 252) is deemed risky
+ coeff 3.59164 of var (x15,x17) (idx 16) in constr e276 (idx 252) is deemed risky
+ coeff -1.92502 of var (x15,x23) (idx 17) in constr e276 (idx 252) is deemed risky
+ coeff 1.92502 of var (x15,x25) (idx 18) in constr e276 (idx 252) is deemed risky
+ coeff -1.92502 of var (x16,x17) (idx 19) in constr e276 (idx 252) is deemed risky
+ coeff -3.59164 of var (x16,x23) (idx 20) in constr e276 (idx 252) is deemed risky
+ coeff 3.59164 of var (x16,x25) (idx 21) in constr e276 (idx 252) is deemed risky
+ coeff -0.960999 of var (x9,x11) (idx 0) in constr e277 (idx 253) is deemed risky
+ coeff -3.18455 of var (x9,x18) (idx 1) in constr e277 (idx 253) is deemed risky
+ coeff 6.36848 of var (x9,x19) (idx 2) in constr e277 (idx 253) is deemed risky
+ coeff 0.960999 of var (x9,x20) (idx 3) in constr e277 (idx 253) is deemed risky
+ coeff -2.88289 of var (x9,x23) (idx 4) in constr e277 (idx 253) is deemed risky
+ coeff 2.88289 of var (x9,x26) (idx 5) in constr e277 (idx 253) is deemed risky
+ coeff 2.88289 of var (x10,x11) (idx 6) in constr e277 (idx 253) is deemed risky
+ coeff -6.36848 of var (x10,x18) (idx 7) in constr e277 (idx 253) is deemed risky
+ coeff -3.18455 of var (x10,x19) (idx 8) in constr e277 (idx 253) is deemed risky
+ coeff -2.88289 of var (x10,x20) (idx 9) in constr e277 (idx 253) is deemed risky
+ coeff -0.960999 of var (x10,x23) (idx 10) in constr e277 (idx 253) is deemed risky
+ coeff 0.960999 of var (x10,x26) (idx 11) in constr e277 (idx 253) is deemed risky
+ coeff -3.31348 of var (x11,x18) (idx 13) in constr e277 (idx 253) is deemed risky
+ coeff -3.3138 of var (x11,x19) (idx 14) in constr e277 (idx 253) is deemed risky
+ coeff 3.31348 of var (x18,x20) (idx 16) in constr e277 (idx 253) is deemed risky
+ coeff 3.3138 of var (x18,x23) (idx 17) in constr e277 (idx 253) is deemed risky
+ coeff -3.3138 of var (x18,x26) (idx 18) in constr e277 (idx 253) is deemed risky
+ coeff 3.3138 of var (x19,x20) (idx 19) in constr e277 (idx 253) is deemed risky
+ coeff -3.31348 of var (x19,x23) (idx 20) in constr e277 (idx 253) is deemed risky
+ coeff 3.31348 of var (x19,x26) (idx 21) in constr e277 (idx 253) is deemed risky
+ coeff -0.960999 of var (x9,x11) (idx 0) in constr e278 (idx 254) is deemed risky
+ coeff 7.9608 of var (x9,x12) (idx 1) in constr e278 (idx 254) is deemed risky
+ coeff 3.98029 of var (x9,x13) (idx 2) in constr e278 (idx 254) is deemed risky
+ coeff 0.960999 of var (x9,x14) (idx 3) in constr e278 (idx 254) is deemed risky
+ coeff -2.88289 of var (x9,x23) (idx 4) in constr e278 (idx 254) is deemed risky
+ coeff 2.88289 of var (x9,x24) (idx 5) in constr e278 (idx 254) is deemed risky
+ coeff 2.88289 of var (x10,x11) (idx 6) in constr e278 (idx 254) is deemed risky
+ coeff -3.98029 of var (x10,x12) (idx 7) in constr e278 (idx 254) is deemed risky
+ coeff 7.9608 of var (x10,x13) (idx 8) in constr e278 (idx 254) is deemed risky
+ coeff -2.88289 of var (x10,x14) (idx 9) in constr e278 (idx 254) is deemed risky
+ coeff -0.960999 of var (x10,x23) (idx 10) in constr e278 (idx 254) is deemed risky
+ coeff 0.960999 of var (x10,x24) (idx 11) in constr e278 (idx 254) is deemed risky
+ coeff -4.14205 of var (x11,x12) (idx 13) in constr e278 (idx 254) is deemed risky
+ coeff 4.14205 of var (x11,x13) (idx 14) in constr e278 (idx 254) is deemed risky
+ coeff 4.14205 of var (x12,x14) (idx 16) in constr e278 (idx 254) is deemed risky
+ coeff -4.14205 of var (x12,x23) (idx 17) in constr e278 (idx 254) is deemed risky
+ coeff 4.14205 of var (x12,x24) (idx 18) in constr e278 (idx 254) is deemed risky
+ coeff -4.14205 of var (x13,x14) (idx 19) in constr e278 (idx 254) is deemed risky
+ coeff -4.14205 of var (x13,x23) (idx 20) in constr e278 (idx 254) is deemed risky
+ coeff 4.14205 of var (x13,x24) (idx 21) in constr e278 (idx 254) is deemed risky
+ coeff -0.960999 of var (x9,x11) (idx 0) in constr e279 (idx 255) is deemed risky
+ coeff -1.04894 of var (x9,x15) (idx 1) in constr e279 (idx 255) is deemed risky
+ coeff 6.10211 of var (x9,x16) (idx 2) in constr e279 (idx 255) is deemed risky
+ coeff 0.960999 of var (x9,x17) (idx 3) in constr e279 (idx 255) is deemed risky
+ coeff -2.88289 of var (x9,x23) (idx 4) in constr e279 (idx 255) is deemed risky
+ coeff 2.88289 of var (x9,x25) (idx 5) in constr e279 (idx 255) is deemed risky
+ coeff 2.88289 of var (x10,x11) (idx 6) in constr e279 (idx 255) is deemed risky
+ coeff -6.10211 of var (x10,x15) (idx 7) in constr e279 (idx 255) is deemed risky
+ coeff -1.04894 of var (x10,x16) (idx 8) in constr e279 (idx 255) is deemed risky
+ coeff -2.88289 of var (x10,x17) (idx 9) in constr e279 (idx 255) is deemed risky
+ coeff -0.960999 of var (x10,x23) (idx 10) in constr e279 (idx 255) is deemed risky
+ coeff 0.960999 of var (x10,x25) (idx 11) in constr e279 (idx 255) is deemed risky
+ coeff -3.59164 of var (x11,x15) (idx 13) in constr e279 (idx 255) is deemed risky
+ coeff -1.92496 of var (x11,x16) (idx 14) in constr e279 (idx 255) is deemed risky
+ coeff 3.59164 of var (x15,x17) (idx 16) in constr e279 (idx 255) is deemed risky
+ coeff 1.92496 of var (x15,x23) (idx 17) in constr e279 (idx 255) is deemed risky
+ coeff -1.92496 of var (x15,x25) (idx 18) in constr e279 (idx 255) is deemed risky
+ coeff 1.92496 of var (x16,x17) (idx 19) in constr e279 (idx 255) is deemed risky
+ coeff -3.59164 of var (x16,x23) (idx 20) in constr e279 (idx 255) is deemed risky
+ coeff 3.59164 of var (x16,x25) (idx 21) in constr e279 (idx 255) is deemed risky
+ coeff -0.960999 of var (x9,x11) (idx 0) in constr e280 (idx 256) is deemed risky
+ coeff 6.36844 of var (x9,x18) (idx 1) in constr e280 (idx 256) is deemed risky
+ coeff 3.18443 of var (x9,x19) (idx 2) in constr e280 (idx 256) is deemed risky
+ coeff 0.960999 of var (x9,x20) (idx 3) in constr e280 (idx 256) is deemed risky
+ coeff -2.88289 of var (x9,x23) (idx 4) in constr e280 (idx 256) is deemed risky
+ coeff 2.88289 of var (x9,x26) (idx 5) in constr e280 (idx 256) is deemed risky
+ coeff 2.88289 of var (x10,x11) (idx 6) in constr e280 (idx 256) is deemed risky
+ coeff -3.18443 of var (x10,x18) (idx 7) in constr e280 (idx 256) is deemed risky
+ coeff 6.36844 of var (x10,x19) (idx 8) in constr e280 (idx 256) is deemed risky
+ coeff -2.88289 of var (x10,x20) (idx 9) in constr e280 (idx 256) is deemed risky
+ coeff -0.960999 of var (x10,x23) (idx 10) in constr e280 (idx 256) is deemed risky
+ coeff 0.960999 of var (x10,x26) (idx 11) in constr e280 (idx 256) is deemed risky
+ coeff -3.31372 of var (x11,x18) (idx 13) in constr e280 (idx 256) is deemed risky
+ coeff 3.31348 of var (x11,x19) (idx 14) in constr e280 (idx 256) is deemed risky
+ coeff 3.31372 of var (x18,x20) (idx 16) in constr e280 (idx 256) is deemed risky
+ coeff -3.31348 of var (x18,x23) (idx 17) in constr e280 (idx 256) is deemed risky
+ coeff 3.31348 of var (x18,x26) (idx 18) in constr e280 (idx 256) is deemed risky
+ coeff -3.31348 of var (x19,x20) (idx 19) in constr e280 (idx 256) is deemed risky
+ coeff -3.31372 of var (x19,x23) (idx 20) in constr e280 (idx 256) is deemed risky
+ coeff 3.31372 of var (x19,x26) (idx 21) in constr e280 (idx 256) is deemed risky
+ coeff -0.960999 of var (x9,x11) (idx 0) in constr e281 (idx 257) is deemed risky
+ coeff -7.9608 of var (x9,x12) (idx 1) in constr e281 (idx 257) is deemed risky
+ coeff -3.98029 of var (x9,x13) (idx 2) in constr e281 (idx 257) is deemed risky
+ coeff 0.960999 of var (x9,x14) (idx 3) in constr e281 (idx 257) is deemed risky
+ coeff -2.88289 of var (x9,x23) (idx 4) in constr e281 (idx 257) is deemed risky
+ coeff 2.88289 of var (x9,x24) (idx 5) in constr e281 (idx 257) is deemed risky
+ coeff 2.88289 of var (x10,x11) (idx 6) in constr e281 (idx 257) is deemed risky
+ coeff 3.98029 of var (x10,x12) (idx 7) in constr e281 (idx 257) is deemed risky
+ coeff -7.9608 of var (x10,x13) (idx 8) in constr e281 (idx 257) is deemed risky
+ coeff -2.88289 of var (x10,x14) (idx 9) in constr e281 (idx 257) is deemed risky
+ coeff -0.960999 of var (x10,x23) (idx 10) in constr e281 (idx 257) is deemed risky
+ coeff 0.960999 of var (x10,x24) (idx 11) in constr e281 (idx 257) is deemed risky
+ coeff 4.14205 of var (x11,x12) (idx 13) in constr e281 (idx 257) is deemed risky
+ coeff -4.14205 of var (x11,x13) (idx 14) in constr e281 (idx 257) is deemed risky
+ coeff -4.14205 of var (x12,x14) (idx 16) in constr e281 (idx 257) is deemed risky
+ coeff 4.14205 of var (x12,x23) (idx 17) in constr e281 (idx 257) is deemed risky
+ coeff -4.14205 of var (x12,x24) (idx 18) in constr e281 (idx 257) is deemed risky
+ coeff 4.14205 of var (x13,x14) (idx 19) in constr e281 (idx 257) is deemed risky
+ coeff 4.14205 of var (x13,x23) (idx 20) in constr e281 (idx 257) is deemed risky
+ coeff -4.14205 of var (x13,x24) (idx 21) in constr e281 (idx 257) is deemed risky
+ coeff -0.960999 of var (x9,x11) (idx 0) in constr e282 (idx 258) is deemed risky
+ coeff -0.160217 of var (x9,x15) (idx 1) in constr e282 (idx 258) is deemed risky
+ coeff -10.8146 of var (x9,x16) (idx 2) in constr e282 (idx 258) is deemed risky
+ coeff 0.960999 of var (x9,x17) (idx 3) in constr e282 (idx 258) is deemed risky
+ coeff -2.88289 of var (x9,x23) (idx 4) in constr e282 (idx 258) is deemed risky
+ coeff 2.88289 of var (x9,x25) (idx 5) in constr e282 (idx 258) is deemed risky
+ coeff 2.88289 of var (x10,x11) (idx 6) in constr e282 (idx 258) is deemed risky
+ coeff 10.8146 of var (x10,x15) (idx 7) in constr e282 (idx 258) is deemed risky
+ coeff -0.160217 of var (x10,x16) (idx 8) in constr e282 (idx 258) is deemed risky
+ coeff -2.88289 of var (x10,x17) (idx 9) in constr e282 (idx 258) is deemed risky
+ coeff -0.960999 of var (x10,x23) (idx 10) in constr e282 (idx 258) is deemed risky
+ coeff 0.960999 of var (x10,x25) (idx 11) in constr e282 (idx 258) is deemed risky
+ coeff 6.78566 of var (x11,x15) (idx 13) in constr e282 (idx 258) is deemed risky
+ coeff 2.15082 of var (x11,x16) (idx 14) in constr e282 (idx 258) is deemed risky
+ coeff -6.78566 of var (x15,x17) (idx 16) in constr e282 (idx 258) is deemed risky
+ coeff -2.15082 of var (x15,x23) (idx 17) in constr e282 (idx 258) is deemed risky
+ coeff 2.15082 of var (x15,x25) (idx 18) in constr e282 (idx 258) is deemed risky
+ coeff -2.15082 of var (x16,x17) (idx 19) in constr e282 (idx 258) is deemed risky
+ coeff 6.78566 of var (x16,x23) (idx 20) in constr e282 (idx 258) is deemed risky
+ coeff -6.78566 of var (x16,x25) (idx 21) in constr e282 (idx 258) is deemed risky
+ coeff -0.960999 of var (x9,x11) (idx 0) in constr e283 (idx 259) is deemed risky
+ coeff -8.20785 of var (x9,x18) (idx 1) in constr e283 (idx 259) is deemed risky
+ coeff -8.20744 of var (x9,x19) (idx 2) in constr e283 (idx 259) is deemed risky
+ coeff 0.960999 of var (x9,x20) (idx 3) in constr e283 (idx 259) is deemed risky
+ coeff -2.88289 of var (x9,x23) (idx 4) in constr e283 (idx 259) is deemed risky
+ coeff 2.88289 of var (x9,x26) (idx 5) in constr e283 (idx 259) is deemed risky
+ coeff 2.88289 of var (x10,x11) (idx 6) in constr e283 (idx 259) is deemed risky
+ coeff 8.20744 of var (x10,x18) (idx 7) in constr e283 (idx 259) is deemed risky
+ coeff -8.20785 of var (x10,x19) (idx 8) in constr e283 (idx 259) is deemed risky
+ coeff -2.88289 of var (x10,x20) (idx 9) in constr e283 (idx 259) is deemed risky
+ coeff -0.960999 of var (x10,x23) (idx 10) in constr e283 (idx 259) is deemed risky
+ coeff 0.960999 of var (x10,x26) (idx 11) in constr e283 (idx 259) is deemed risky
+ coeff 6.83276 of var (x11,x18) (idx 13) in constr e283 (idx 259) is deemed risky
+ coeff -3.4165 of var (x11,x19) (idx 14) in constr e283 (idx 259) is deemed risky
+ coeff -6.83276 of var (x18,x20) (idx 16) in constr e283 (idx 259) is deemed risky
+ coeff 3.4165 of var (x18,x23) (idx 17) in constr e283 (idx 259) is deemed risky
+ coeff -3.4165 of var (x18,x26) (idx 18) in constr e283 (idx 259) is deemed risky
+ coeff 3.4165 of var (x19,x20) (idx 19) in constr e283 (idx 259) is deemed risky
+ coeff 6.83276 of var (x19,x23) (idx 20) in constr e283 (idx 259) is deemed risky
+ coeff -6.83276 of var (x19,x26) (idx 21) in constr e283 (idx 259) is deemed risky
+ coeff -4.14205 of var (x12,x14) (idx 0) in constr e284 (idx 260) is deemed risky
+ coeff -12.0002 of var (x12,x15) (idx 1) in constr e284 (idx 260) is deemed risky
+ coeff 6.34538 of var (x12,x16) (idx 2) in constr e284 (idx 260) is deemed risky
+ coeff 4.14205 of var (x12,x17) (idx 3) in constr e284 (idx 260) is deemed risky
+ coeff 4.14205 of var (x12,x24) (idx 4) in constr e284 (idx 260) is deemed risky
+ coeff -4.14205 of var (x12,x25) (idx 5) in constr e284 (idx 260) is deemed risky
+ coeff -4.14205 of var (x13,x14) (idx 6) in constr e284 (idx 260) is deemed risky
+ coeff -6.34538 of var (x13,x15) (idx 7) in constr e284 (idx 260) is deemed risky
+ coeff -12.0002 of var (x13,x16) (idx 8) in constr e284 (idx 260) is deemed risky
+ coeff 4.14205 of var (x13,x17) (idx 9) in constr e284 (idx 260) is deemed risky
+ coeff -4.14205 of var (x13,x24) (idx 10) in constr e284 (idx 260) is deemed risky
+ coeff 4.14205 of var (x13,x25) (idx 11) in constr e284 (idx 260) is deemed risky
+ coeff 4.42912 of var (x14,x15) (idx 13) in constr e284 (idx 260) is deemed risky
+ coeff 1.36523 of var (x14,x16) (idx 14) in constr e284 (idx 260) is deemed risky
+ coeff -4.42912 of var (x15,x17) (idx 16) in constr e284 (idx 260) is deemed risky
+ coeff -1.36523 of var (x15,x24) (idx 17) in constr e284 (idx 260) is deemed risky
+ coeff 1.36523 of var (x15,x25) (idx 18) in constr e284 (idx 260) is deemed risky
+ coeff -1.36523 of var (x16,x17) (idx 19) in constr e284 (idx 260) is deemed risky
+ coeff 4.42912 of var (x16,x24) (idx 20) in constr e284 (idx 260) is deemed risky
+ coeff -4.42912 of var (x16,x25) (idx 21) in constr e284 (idx 260) is deemed risky
+ coeff -4.14205 of var (x12,x14) (idx 0) in constr e285 (idx 261) is deemed risky
+ coeff -5.11942 of var (x12,x18) (idx 1) in constr e285 (idx 261) is deemed risky
+ coeff 15.3593 of var (x12,x19) (idx 2) in constr e285 (idx 261) is deemed risky
+ coeff 4.14205 of var (x12,x20) (idx 3) in constr e285 (idx 261) is deemed risky
+ coeff 4.14205 of var (x12,x24) (idx 4) in constr e285 (idx 261) is deemed risky
+ coeff -4.14205 of var (x12,x26) (idx 5) in constr e285 (idx 261) is deemed risky
+ coeff -4.14205 of var (x13,x14) (idx 6) in constr e285 (idx 261) is deemed risky
+ coeff -15.3593 of var (x13,x18) (idx 7) in constr e285 (idx 261) is deemed risky
+ coeff -5.11942 of var (x13,x19) (idx 8) in constr e285 (idx 261) is deemed risky
+ coeff 4.14205 of var (x13,x20) (idx 9) in constr e285 (idx 261) is deemed risky
+ coeff -4.14205 of var (x13,x24) (idx 10) in constr e285 (idx 261) is deemed risky
+ coeff 4.14205 of var (x13,x26) (idx 11) in constr e285 (idx 261) is deemed risky
+ coeff 4.94409 of var (x14,x18) (idx 13) in constr e285 (idx 261) is deemed risky
+ coeff -2.47217 of var (x14,x19) (idx 14) in constr e285 (idx 261) is deemed risky
+ coeff -4.94409 of var (x18,x20) (idx 16) in constr e285 (idx 261) is deemed risky
+ coeff 2.47217 of var (x18,x24) (idx 17) in constr e285 (idx 261) is deemed risky
+ coeff -2.47217 of var (x18,x26) (idx 18) in constr e285 (idx 261) is deemed risky
+ coeff 2.47217 of var (x19,x20) (idx 19) in constr e285 (idx 261) is deemed risky
+ coeff 4.94409 of var (x19,x24) (idx 20) in constr e285 (idx 261) is deemed risky
+ coeff -4.94409 of var (x19,x26) (idx 21) in constr e285 (idx 261) is deemed risky
+ coeff -4.14205 of var (x12,x14) (idx 0) in constr e286 (idx 262) is deemed risky
+ coeff 3.45162 of var (x12,x15) (idx 1) in constr e286 (idx 262) is deemed risky
+ coeff -11.4251 of var (x12,x16) (idx 2) in constr e286 (idx 262) is deemed risky
+ coeff 4.14205 of var (x12,x17) (idx 3) in constr e286 (idx 262) is deemed risky
+ coeff 4.14205 of var (x12,x24) (idx 4) in constr e286 (idx 262) is deemed risky
+ coeff -4.14205 of var (x12,x25) (idx 5) in constr e286 (idx 262) is deemed risky
+ coeff -4.14205 of var (x13,x14) (idx 6) in constr e286 (idx 262) is deemed risky
+ coeff 11.4251 of var (x13,x15) (idx 7) in constr e286 (idx 262) is deemed risky
+ coeff 3.45162 of var (x13,x16) (idx 8) in constr e286 (idx 262) is deemed risky
+ coeff 4.14205 of var (x13,x17) (idx 9) in constr e286 (idx 262) is deemed risky
+ coeff -4.14205 of var (x13,x24) (idx 10) in constr e286 (idx 262) is deemed risky
+ coeff 4.14205 of var (x13,x25) (idx 11) in constr e286 (idx 262) is deemed risky
+ coeff -3.59164 of var (x14,x15) (idx 13) in constr e286 (idx 262) is deemed risky
+ coeff 1.92502 of var (x14,x16) (idx 14) in constr e286 (idx 262) is deemed risky
+ coeff 3.59164 of var (x15,x17) (idx 16) in constr e286 (idx 262) is deemed risky
+ coeff -1.92502 of var (x15,x24) (idx 17) in constr e286 (idx 262) is deemed risky
+ coeff 1.92502 of var (x15,x25) (idx 18) in constr e286 (idx 262) is deemed risky
+ coeff -1.92502 of var (x16,x17) (idx 19) in constr e286 (idx 262) is deemed risky
+ coeff -3.59164 of var (x16,x24) (idx 20) in constr e286 (idx 262) is deemed risky
+ coeff 3.59164 of var (x16,x25) (idx 21) in constr e286 (idx 262) is deemed risky
+ coeff -4.14205 of var (x12,x14) (idx 0) in constr e287 (idx 263) is deemed risky
+ coeff 13.7253 of var (x12,x18) (idx 1) in constr e287 (idx 263) is deemed risky
+ coeff 0.00067416 of var (x12,x19) (idx 2) in constr e287 (idx 263) is deemed risky
+ coeff 4.14205 of var (x12,x20) (idx 3) in constr e287 (idx 263) is deemed risky
+ coeff 4.14205 of var (x12,x24) (idx 4) in constr e287 (idx 263) is deemed risky
+ coeff -4.14205 of var (x12,x26) (idx 5) in constr e287 (idx 263) is deemed risky
+ coeff -4.14205 of var (x13,x14) (idx 6) in constr e287 (idx 263) is deemed risky
+ coeff -0.00067416 of var (x13,x18) (idx 7) in constr e287 (idx 263) is deemed risky
+ coeff 13.7253 of var (x13,x19) (idx 8) in constr e287 (idx 263) is deemed risky
+ coeff 4.14205 of var (x13,x20) (idx 9) in constr e287 (idx 263) is deemed risky
+ coeff -4.14205 of var (x13,x24) (idx 10) in constr e287 (idx 263) is deemed risky
+ coeff 4.14205 of var (x13,x26) (idx 11) in constr e287 (idx 263) is deemed risky
+ coeff -3.31348 of var (x14,x18) (idx 13) in constr e287 (idx 263) is deemed risky
+ coeff -3.3138 of var (x14,x19) (idx 14) in constr e287 (idx 263) is deemed risky
+ coeff 3.31348 of var (x18,x20) (idx 16) in constr e287 (idx 263) is deemed risky
+ coeff 3.3138 of var (x18,x24) (idx 17) in constr e287 (idx 263) is deemed risky
+ coeff -3.3138 of var (x18,x26) (idx 18) in constr e287 (idx 263) is deemed risky
+ coeff 3.3138 of var (x19,x20) (idx 19) in constr e287 (idx 263) is deemed risky
+ coeff -3.31348 of var (x19,x24) (idx 20) in constr e287 (idx 263) is deemed risky
+ coeff 3.31348 of var (x19,x26) (idx 21) in constr e287 (idx 263) is deemed risky
+ coeff -4.14205 of var (x12,x14) (idx 0) in constr e288 (idx 264) is deemed risky
+ coeff 11.425 of var (x12,x15) (idx 1) in constr e288 (idx 264) is deemed risky
+ coeff -3.45175 of var (x12,x16) (idx 2) in constr e288 (idx 264) is deemed risky
+ coeff 4.14205 of var (x12,x17) (idx 3) in constr e288 (idx 264) is deemed risky
+ coeff 4.14205 of var (x12,x24) (idx 4) in constr e288 (idx 264) is deemed risky
+ coeff -4.14205 of var (x12,x25) (idx 5) in constr e288 (idx 264) is deemed risky
+ coeff -4.14205 of var (x13,x14) (idx 6) in constr e288 (idx 264) is deemed risky
+ coeff 3.45175 of var (x13,x15) (idx 7) in constr e288 (idx 264) is deemed risky
+ coeff 11.425 of var (x13,x16) (idx 8) in constr e288 (idx 264) is deemed risky
+ coeff 4.14205 of var (x13,x17) (idx 9) in constr e288 (idx 264) is deemed risky
+ coeff -4.14205 of var (x13,x24) (idx 10) in constr e288 (idx 264) is deemed risky
+ coeff 4.14205 of var (x13,x25) (idx 11) in constr e288 (idx 264) is deemed risky
+ coeff -3.59164 of var (x14,x15) (idx 13) in constr e288 (idx 264) is deemed risky
+ coeff -1.92496 of var (x14,x16) (idx 14) in constr e288 (idx 264) is deemed risky
+ coeff 3.59164 of var (x15,x17) (idx 16) in constr e288 (idx 264) is deemed risky
+ coeff 1.92496 of var (x15,x24) (idx 17) in constr e288 (idx 264) is deemed risky
+ coeff -1.92496 of var (x15,x25) (idx 18) in constr e288 (idx 264) is deemed risky
+ coeff 1.92496 of var (x16,x17) (idx 19) in constr e288 (idx 264) is deemed risky
+ coeff -3.59164 of var (x16,x24) (idx 20) in constr e288 (idx 264) is deemed risky
+ coeff 3.59164 of var (x16,x25) (idx 21) in constr e288 (idx 264) is deemed risky
+ coeff -4.14205 of var (x12,x14) (idx 0) in constr e289 (idx 265) is deemed risky
+ coeff 0.00050562 of var (x12,x18) (idx 1) in constr e289 (idx 265) is deemed risky
+ coeff -13.7251 of var (x12,x19) (idx 2) in constr e289 (idx 265) is deemed risky
+ coeff 4.14205 of var (x12,x20) (idx 3) in constr e289 (idx 265) is deemed risky
+ coeff 4.14205 of var (x12,x24) (idx 4) in constr e289 (idx 265) is deemed risky
+ coeff -4.14205 of var (x12,x26) (idx 5) in constr e289 (idx 265) is deemed risky
+ coeff -4.14205 of var (x13,x14) (idx 6) in constr e289 (idx 265) is deemed risky
+ coeff 13.7251 of var (x13,x18) (idx 7) in constr e289 (idx 265) is deemed risky
+ coeff 0.00050562 of var (x13,x19) (idx 8) in constr e289 (idx 265) is deemed risky
+ coeff 4.14205 of var (x13,x20) (idx 9) in constr e289 (idx 265) is deemed risky
+ coeff -4.14205 of var (x13,x24) (idx 10) in constr e289 (idx 265) is deemed risky
+ coeff 4.14205 of var (x13,x26) (idx 11) in constr e289 (idx 265) is deemed risky
+ coeff -3.31372 of var (x14,x18) (idx 13) in constr e289 (idx 265) is deemed risky
+ coeff 3.31348 of var (x14,x19) (idx 14) in constr e289 (idx 265) is deemed risky
+ coeff 3.31372 of var (x18,x20) (idx 16) in constr e289 (idx 265) is deemed risky
+ coeff -3.31348 of var (x18,x24) (idx 17) in constr e289 (idx 265) is deemed risky
+ coeff 3.31348 of var (x18,x26) (idx 18) in constr e289 (idx 265) is deemed risky
+ coeff -3.31348 of var (x19,x20) (idx 19) in constr e289 (idx 265) is deemed risky
+ coeff -3.31372 of var (x19,x24) (idx 20) in constr e289 (idx 265) is deemed risky
+ coeff 3.31372 of var (x19,x26) (idx 21) in constr e289 (idx 265) is deemed risky
+ coeff -4.14205 of var (x12,x14) (idx 0) in constr e290 (idx 266) is deemed risky
+ coeff -18.5077 of var (x12,x15) (idx 1) in constr e290 (idx 266) is deemed risky
+ coeff 9.59888 of var (x12,x16) (idx 2) in constr e290 (idx 266) is deemed risky
+ coeff 4.14205 of var (x12,x17) (idx 3) in constr e290 (idx 266) is deemed risky
+ coeff 4.14205 of var (x12,x24) (idx 4) in constr e290 (idx 266) is deemed risky
+ coeff -4.14205 of var (x12,x25) (idx 5) in constr e290 (idx 266) is deemed risky
+ coeff -4.14205 of var (x13,x14) (idx 6) in constr e290 (idx 266) is deemed risky
+ coeff -9.59888 of var (x13,x15) (idx 7) in constr e290 (idx 266) is deemed risky
+ coeff -18.5077 of var (x13,x16) (idx 8) in constr e290 (idx 266) is deemed risky
+ coeff 4.14205 of var (x13,x17) (idx 9) in constr e290 (idx 266) is deemed risky
+ coeff -4.14205 of var (x13,x24) (idx 10) in constr e290 (idx 266) is deemed risky
+ coeff 4.14205 of var (x13,x25) (idx 11) in constr e290 (idx 266) is deemed risky
+ coeff 6.78566 of var (x14,x15) (idx 13) in constr e290 (idx 266) is deemed risky
+ coeff 2.15082 of var (x14,x16) (idx 14) in constr e290 (idx 266) is deemed risky
+ coeff -6.78566 of var (x15,x17) (idx 16) in constr e290 (idx 266) is deemed risky
+ coeff -2.15082 of var (x15,x24) (idx 17) in constr e290 (idx 266) is deemed risky
+ coeff 2.15082 of var (x15,x25) (idx 18) in constr e290 (idx 266) is deemed risky
+ coeff -2.15082 of var (x16,x17) (idx 19) in constr e290 (idx 266) is deemed risky
+ coeff 6.78566 of var (x16,x24) (idx 20) in constr e290 (idx 266) is deemed risky
+ coeff -6.78566 of var (x16,x25) (idx 21) in constr e290 (idx 266) is deemed risky
+ coeff -4.14205 of var (x12,x14) (idx 0) in constr e291 (idx 267) is deemed risky
+ coeff -7.07516 of var (x12,x18) (idx 1) in constr e291 (idx 267) is deemed risky
+ coeff 21.2265 of var (x12,x19) (idx 2) in constr e291 (idx 267) is deemed risky
+ coeff 4.14205 of var (x12,x20) (idx 3) in constr e291 (idx 267) is deemed risky
+ coeff 4.14205 of var (x12,x24) (idx 4) in constr e291 (idx 267) is deemed risky
+ coeff -4.14205 of var (x12,x26) (idx 5) in constr e291 (idx 267) is deemed risky
+ coeff -4.14205 of var (x13,x14) (idx 6) in constr e291 (idx 267) is deemed risky
+ coeff -21.2265 of var (x13,x18) (idx 7) in constr e291 (idx 267) is deemed risky
+ coeff -7.07516 of var (x13,x19) (idx 8) in constr e291 (idx 267) is deemed risky
+ coeff 4.14205 of var (x13,x20) (idx 9) in constr e291 (idx 267) is deemed risky
+ coeff -4.14205 of var (x13,x24) (idx 10) in constr e291 (idx 267) is deemed risky
+ coeff 4.14205 of var (x13,x26) (idx 11) in constr e291 (idx 267) is deemed risky
+ coeff 6.83276 of var (x14,x18) (idx 13) in constr e291 (idx 267) is deemed risky
+ coeff -3.4165 of var (x14,x19) (idx 14) in constr e291 (idx 267) is deemed risky
+ coeff -6.83276 of var (x18,x20) (idx 16) in constr e291 (idx 267) is deemed risky
+ coeff 3.4165 of var (x18,x24) (idx 17) in constr e291 (idx 267) is deemed risky
+ coeff -3.4165 of var (x18,x26) (idx 18) in constr e291 (idx 267) is deemed risky
+ coeff 3.4165 of var (x19,x20) (idx 19) in constr e291 (idx 267) is deemed risky
+ coeff 6.83276 of var (x19,x24) (idx 20) in constr e291 (idx 267) is deemed risky
+ coeff -6.83276 of var (x19,x26) (idx 21) in constr e291 (idx 267) is deemed risky
+ coeff -4.42912 of var (x15,x17) (idx 0) in constr e292 (idx 268) is deemed risky
+ coeff -9.26144 of var (x15,x18) (idx 1) in constr e292 (idx 268) is deemed risky
+ coeff 8.84968 of var (x15,x19) (idx 2) in constr e292 (idx 268) is deemed risky
+ coeff 4.42912 of var (x15,x20) (idx 3) in constr e292 (idx 268) is deemed risky
+ coeff 1.36523 of var (x15,x25) (idx 4) in constr e292 (idx 268) is deemed risky
+ coeff -1.36523 of var (x15,x26) (idx 5) in constr e292 (idx 268) is deemed risky
+ coeff -1.36523 of var (x16,x17) (idx 6) in constr e292 (idx 268) is deemed risky
+ coeff -8.84968 of var (x16,x18) (idx 7) in constr e292 (idx 268) is deemed risky
+ coeff -9.26144 of var (x16,x19) (idx 8) in constr e292 (idx 268) is deemed risky
+ coeff 1.36523 of var (x16,x20) (idx 9) in constr e292 (idx 268) is deemed risky
+ coeff -4.42912 of var (x16,x25) (idx 10) in constr e292 (idx 268) is deemed risky
+ coeff 4.42912 of var (x16,x26) (idx 11) in constr e292 (idx 268) is deemed risky
+ coeff 4.94409 of var (x17,x18) (idx 13) in constr e292 (idx 268) is deemed risky
+ coeff -2.47217 of var (x17,x19) (idx 14) in constr e292 (idx 268) is deemed risky
+ coeff -4.94409 of var (x18,x20) (idx 16) in constr e292 (idx 268) is deemed risky
+ coeff 2.47217 of var (x18,x25) (idx 17) in constr e292 (idx 268) is deemed risky
+ coeff -2.47217 of var (x18,x26) (idx 18) in constr e292 (idx 268) is deemed risky
+ coeff 2.47217 of var (x19,x20) (idx 19) in constr e292 (idx 268) is deemed risky
+ coeff 4.94409 of var (x19,x25) (idx 20) in constr e292 (idx 268) is deemed risky
+ coeff -4.94409 of var (x19,x26) (idx 21) in constr e292 (idx 268) is deemed risky
+ coeff -4.42912 of var (x15,x17) (idx 0) in constr e293 (idx 269) is deemed risky
+ coeff 9.59995 of var (x15,x18) (idx 1) in constr e293 (idx 269) is deemed risky
+ coeff 5.07677 of var (x15,x19) (idx 2) in constr e293 (idx 269) is deemed risky
+ coeff 4.42912 of var (x15,x20) (idx 3) in constr e293 (idx 269) is deemed risky
+ coeff 1.36523 of var (x15,x25) (idx 4) in constr e293 (idx 269) is deemed risky
+ coeff -1.36523 of var (x15,x26) (idx 5) in constr e293 (idx 269) is deemed risky
+ coeff -1.36523 of var (x16,x17) (idx 6) in constr e293 (idx 269) is deemed risky
+ coeff -5.07677 of var (x16,x18) (idx 7) in constr e293 (idx 269) is deemed risky
+ coeff 9.59995 of var (x16,x19) (idx 8) in constr e293 (idx 269) is deemed risky
+ coeff 1.36523 of var (x16,x20) (idx 9) in constr e293 (idx 269) is deemed risky
+ coeff -4.42912 of var (x16,x25) (idx 10) in constr e293 (idx 269) is deemed risky
+ coeff 4.42912 of var (x16,x26) (idx 11) in constr e293 (idx 269) is deemed risky
+ coeff -3.31348 of var (x17,x18) (idx 13) in constr e293 (idx 269) is deemed risky
+ coeff -3.3138 of var (x17,x19) (idx 14) in constr e293 (idx 269) is deemed risky
+ coeff 3.31348 of var (x18,x20) (idx 16) in constr e293 (idx 269) is deemed risky
+ coeff 3.3138 of var (x18,x25) (idx 17) in constr e293 (idx 269) is deemed risky
+ coeff -3.3138 of var (x18,x26) (idx 18) in constr e293 (idx 269) is deemed risky
+ coeff 3.3138 of var (x19,x20) (idx 19) in constr e293 (idx 269) is deemed risky
+ coeff -3.31348 of var (x19,x25) (idx 20) in constr e293 (idx 269) is deemed risky
+ coeff 3.31348 of var (x19,x26) (idx 21) in constr e293 (idx 269) is deemed risky
+ coeff -4.42912 of var (x15,x17) (idx 0) in constr e294 (idx 270) is deemed risky
+ coeff 5.07659 of var (x15,x18) (idx 1) in constr e294 (idx 270) is deemed risky
+ coeff -9.59989 of var (x15,x19) (idx 2) in constr e294 (idx 270) is deemed risky
+ coeff 4.42912 of var (x15,x20) (idx 3) in constr e294 (idx 270) is deemed risky
+ coeff 1.36523 of var (x15,x25) (idx 4) in constr e294 (idx 270) is deemed risky
+ coeff -1.36523 of var (x15,x26) (idx 5) in constr e294 (idx 270) is deemed risky
+ coeff -1.36523 of var (x16,x17) (idx 6) in constr e294 (idx 270) is deemed risky
+ coeff 9.59989 of var (x16,x18) (idx 7) in constr e294 (idx 270) is deemed risky
+ coeff 5.07659 of var (x16,x19) (idx 8) in constr e294 (idx 270) is deemed risky
+ coeff 1.36523 of var (x16,x20) (idx 9) in constr e294 (idx 270) is deemed risky
+ coeff -4.42912 of var (x16,x25) (idx 10) in constr e294 (idx 270) is deemed risky
+ coeff 4.42912 of var (x16,x26) (idx 11) in constr e294 (idx 270) is deemed risky
+ coeff -3.31372 of var (x17,x18) (idx 13) in constr e294 (idx 270) is deemed risky
+ coeff 3.31348 of var (x17,x19) (idx 14) in constr e294 (idx 270) is deemed risky
+ coeff 3.31372 of var (x18,x20) (idx 16) in constr e294 (idx 270) is deemed risky
+ coeff -3.31348 of var (x18,x25) (idx 17) in constr e294 (idx 270) is deemed risky
+ coeff 3.31348 of var (x18,x26) (idx 18) in constr e294 (idx 270) is deemed risky
+ coeff -3.31348 of var (x19,x20) (idx 19) in constr e294 (idx 270) is deemed risky
+ coeff -3.31372 of var (x19,x25) (idx 20) in constr e294 (idx 270) is deemed risky
+ coeff 3.31372 of var (x19,x26) (idx 21) in constr e294 (idx 270) is deemed risky
+ coeff -4.42912 of var (x15,x17) (idx 0) in constr e295 (idx 271) is deemed risky
+ coeff -12.7994 of var (x15,x18) (idx 1) in constr e295 (idx 271) is deemed risky
+ coeff 12.2302 of var (x15,x19) (idx 2) in constr e295 (idx 271) is deemed risky
+ coeff 4.42912 of var (x15,x20) (idx 3) in constr e295 (idx 271) is deemed risky
+ coeff 1.36523 of var (x15,x25) (idx 4) in constr e295 (idx 271) is deemed risky
+ coeff -1.36523 of var (x15,x26) (idx 5) in constr e295 (idx 271) is deemed risky
+ coeff -1.36523 of var (x16,x17) (idx 6) in constr e295 (idx 271) is deemed risky
+ coeff -12.2302 of var (x16,x18) (idx 7) in constr e295 (idx 271) is deemed risky
+ coeff -12.7994 of var (x16,x19) (idx 8) in constr e295 (idx 271) is deemed risky
+ coeff 1.36523 of var (x16,x20) (idx 9) in constr e295 (idx 271) is deemed risky
+ coeff -4.42912 of var (x16,x25) (idx 10) in constr e295 (idx 271) is deemed risky
+ coeff 4.42912 of var (x16,x26) (idx 11) in constr e295 (idx 271) is deemed risky
+ coeff 6.83276 of var (x17,x18) (idx 13) in constr e295 (idx 271) is deemed risky
+ coeff -3.4165 of var (x17,x19) (idx 14) in constr e295 (idx 271) is deemed risky
+ coeff -6.83276 of var (x18,x20) (idx 16) in constr e295 (idx 271) is deemed risky
+ coeff 3.4165 of var (x18,x25) (idx 17) in constr e295 (idx 271) is deemed risky
+ coeff -3.4165 of var (x18,x26) (idx 18) in constr e295 (idx 271) is deemed risky
+ coeff 3.4165 of var (x19,x20) (idx 19) in constr e295 (idx 271) is deemed risky
+ coeff 6.83276 of var (x19,x25) (idx 20) in constr e295 (idx 271) is deemed risky
+ coeff -6.83276 of var (x19,x26) (idx 21) in constr e295 (idx 271) is deemed risky
+ coeff -3.3138 of var (x3,x5) (idx 0) in constr e296 (idx 272) is deemed risky
+ coeff -4.97113 of var (x3,x6) (idx 1) in constr e296 (idx 272) is deemed risky
+ coeff -9.58371 of var (x3,x7) (idx 2) in constr e296 (idx 272) is deemed risky
+ coeff 3.3138 of var (x3,x8) (idx 3) in constr e296 (idx 272) is deemed risky
+ coeff -3.31348 of var (x3,x21) (idx 4) in constr e296 (idx 272) is deemed risky
+ coeff 3.31348 of var (x3,x22) (idx 5) in constr e296 (idx 272) is deemed risky
+ coeff 3.31348 of var (x4,x5) (idx 6) in constr e296 (idx 272) is deemed risky
+ coeff 9.58371 of var (x4,x6) (idx 7) in constr e296 (idx 272) is deemed risky
+ coeff -4.97113 of var (x4,x7) (idx 8) in constr e296 (idx 272) is deemed risky
+ coeff -3.31348 of var (x4,x8) (idx 9) in constr e296 (idx 272) is deemed risky
+ coeff -3.3138 of var (x4,x21) (idx 10) in constr e296 (idx 272) is deemed risky
+ coeff 3.3138 of var (x4,x22) (idx 11) in constr e296 (idx 272) is deemed risky
+ coeff 4.39233 of var (x5,x6) (idx 13) in constr e296 (idx 272) is deemed risky
+ coeff 1.39221 of var (x5,x7) (idx 14) in constr e296 (idx 272) is deemed risky
+ coeff -4.39233 of var (x6,x8) (idx 16) in constr e296 (idx 272) is deemed risky
+ coeff -1.39221 of var (x6,x21) (idx 17) in constr e296 (idx 272) is deemed risky
+ coeff 1.39221 of var (x6,x22) (idx 18) in constr e296 (idx 272) is deemed risky
+ coeff -1.39221 of var (x7,x8) (idx 19) in constr e296 (idx 272) is deemed risky
+ coeff 4.39233 of var (x7,x21) (idx 20) in constr e296 (idx 272) is deemed risky
+ coeff -4.39233 of var (x7,x22) (idx 21) in constr e296 (idx 272) is deemed risky
+ coeff -3.3138 of var (x3,x5) (idx 0) in constr e297 (idx 273) is deemed risky
+ coeff -6.36848 of var (x3,x9) (idx 1) in constr e297 (idx 273) is deemed risky
+ coeff 3.18455 of var (x3,x10) (idx 2) in constr e297 (idx 273) is deemed risky
+ coeff 3.3138 of var (x3,x11) (idx 3) in constr e297 (idx 273) is deemed risky
+ coeff -3.31348 of var (x3,x21) (idx 4) in constr e297 (idx 273) is deemed risky
+ coeff 3.31348 of var (x3,x23) (idx 5) in constr e297 (idx 273) is deemed risky
+ coeff 3.31348 of var (x4,x5) (idx 6) in constr e297 (idx 273) is deemed risky
+ coeff -3.18455 of var (x4,x9) (idx 7) in constr e297 (idx 273) is deemed risky
+ coeff -6.36848 of var (x4,x10) (idx 8) in constr e297 (idx 273) is deemed risky
+ coeff -3.31348 of var (x4,x11) (idx 9) in constr e297 (idx 273) is deemed risky
+ coeff -3.3138 of var (x4,x21) (idx 10) in constr e297 (idx 273) is deemed risky
+ coeff 3.3138 of var (x4,x23) (idx 11) in constr e297 (idx 273) is deemed risky
+ coeff 0.960999 of var (x5,x9) (idx 13) in constr e297 (idx 273) is deemed risky
+ coeff -2.88289 of var (x5,x10) (idx 14) in constr e297 (idx 273) is deemed risky
+ coeff -0.960999 of var (x9,x11) (idx 16) in constr e297 (idx 273) is deemed risky
+ coeff 2.88289 of var (x9,x21) (idx 17) in constr e297 (idx 273) is deemed risky
+ coeff -2.88289 of var (x9,x23) (idx 18) in constr e297 (idx 273) is deemed risky
+ coeff 2.88289 of var (x10,x11) (idx 19) in constr e297 (idx 273) is deemed risky
+ coeff 0.960999 of var (x10,x21) (idx 20) in constr e297 (idx 273) is deemed risky
+ coeff -0.960999 of var (x10,x23) (idx 21) in constr e297 (idx 273) is deemed risky
+ coeff -3.3138 of var (x3,x5) (idx 0) in constr e298 (idx 274) is deemed risky
+ coeff -0.00067416 of var (x3,x12) (idx 1) in constr e298 (idx 274) is deemed risky
+ coeff -13.7253 of var (x3,x13) (idx 2) in constr e298 (idx 274) is deemed risky
+ coeff 3.3138 of var (x3,x14) (idx 3) in constr e298 (idx 274) is deemed risky
+ coeff -3.31348 of var (x3,x21) (idx 4) in constr e298 (idx 274) is deemed risky
+ coeff 3.31348 of var (x3,x24) (idx 5) in constr e298 (idx 274) is deemed risky
+ coeff 3.31348 of var (x4,x5) (idx 6) in constr e298 (idx 274) is deemed risky
+ coeff 13.7253 of var (x4,x12) (idx 7) in constr e298 (idx 274) is deemed risky
+ coeff -0.00067416 of var (x4,x13) (idx 8) in constr e298 (idx 274) is deemed risky
+ coeff -3.31348 of var (x4,x14) (idx 9) in constr e298 (idx 274) is deemed risky
+ coeff -3.3138 of var (x4,x21) (idx 10) in constr e298 (idx 274) is deemed risky
+ coeff 3.3138 of var (x4,x24) (idx 11) in constr e298 (idx 274) is deemed risky
+ coeff 4.14205 of var (x5,x12) (idx 13) in constr e298 (idx 274) is deemed risky
+ coeff 4.14205 of var (x5,x13) (idx 14) in constr e298 (idx 274) is deemed risky
+ coeff -4.14205 of var (x12,x14) (idx 16) in constr e298 (idx 274) is deemed risky
+ coeff -4.14205 of var (x12,x21) (idx 17) in constr e298 (idx 274) is deemed risky
+ coeff 4.14205 of var (x12,x24) (idx 18) in constr e298 (idx 274) is deemed risky
+ coeff -4.14205 of var (x13,x14) (idx 19) in constr e298 (idx 274) is deemed risky
+ coeff 4.14205 of var (x13,x21) (idx 20) in constr e298 (idx 274) is deemed risky
+ coeff -4.14205 of var (x13,x24) (idx 21) in constr e298 (idx 274) is deemed risky
+ coeff -3.3138 of var (x3,x5) (idx 0) in constr e299 (idx 275) is deemed risky
+ coeff -5.07677 of var (x3,x15) (idx 1) in constr e299 (idx 275) is deemed risky
+ coeff -9.59995 of var (x3,x16) (idx 2) in constr e299 (idx 275) is deemed risky
+ coeff 3.3138 of var (x3,x17) (idx 3) in constr e299 (idx 275) is deemed risky
+ coeff -3.31348 of var (x3,x21) (idx 4) in constr e299 (idx 275) is deemed risky
+ coeff 3.31348 of var (x3,x25) (idx 5) in constr e299 (idx 275) is deemed risky
+ coeff 3.31348 of var (x4,x5) (idx 6) in constr e299 (idx 275) is deemed risky
+ coeff 9.59995 of var (x4,x15) (idx 7) in constr e299 (idx 275) is deemed risky
+ coeff -5.07677 of var (x4,x16) (idx 8) in constr e299 (idx 275) is deemed risky
+ coeff -3.31348 of var (x4,x17) (idx 9) in constr e299 (idx 275) is deemed risky
+ coeff -3.3138 of var (x4,x21) (idx 10) in constr e299 (idx 275) is deemed risky
+ coeff 3.3138 of var (x4,x25) (idx 11) in constr e299 (idx 275) is deemed risky
+ coeff 4.42912 of var (x5,x15) (idx 13) in constr e299 (idx 275) is deemed risky
+ coeff 1.36523 of var (x5,x16) (idx 14) in constr e299 (idx 275) is deemed risky
+ coeff -4.42912 of var (x15,x17) (idx 16) in constr e299 (idx 275) is deemed risky
+ coeff -1.36523 of var (x15,x21) (idx 17) in constr e299 (idx 275) is deemed risky
+ coeff 1.36523 of var (x15,x25) (idx 18) in constr e299 (idx 275) is deemed risky
+ coeff -1.36523 of var (x16,x17) (idx 19) in constr e299 (idx 275) is deemed risky
+ coeff 4.42912 of var (x16,x21) (idx 20) in constr e299 (idx 275) is deemed risky
+ coeff -4.42912 of var (x16,x25) (idx 21) in constr e299 (idx 275) is deemed risky
+ coeff -3.3138 of var (x3,x5) (idx 0) in constr e300 (idx 276) is deemed risky
+ coeff -12.2876 of var (x3,x18) (idx 1) in constr e300 (idx 276) is deemed risky
+ coeff -4.09493 of var (x3,x19) (idx 2) in constr e300 (idx 276) is deemed risky
+ coeff 3.3138 of var (x3,x20) (idx 3) in constr e300 (idx 276) is deemed risky
+ coeff -3.31348 of var (x3,x21) (idx 4) in constr e300 (idx 276) is deemed risky
+ coeff 3.31348 of var (x3,x26) (idx 5) in constr e300 (idx 276) is deemed risky
+ coeff 3.31348 of var (x4,x5) (idx 6) in constr e300 (idx 276) is deemed risky
+ coeff 4.09493 of var (x4,x18) (idx 7) in constr e300 (idx 276) is deemed risky
+ coeff -12.2876 of var (x4,x19) (idx 8) in constr e300 (idx 276) is deemed risky
+ coeff -3.31348 of var (x4,x20) (idx 9) in constr e300 (idx 276) is deemed risky
+ coeff -3.3138 of var (x4,x21) (idx 10) in constr e300 (idx 276) is deemed risky
+ coeff 3.3138 of var (x4,x26) (idx 11) in constr e300 (idx 276) is deemed risky
+ coeff 4.94409 of var (x5,x18) (idx 13) in constr e300 (idx 276) is deemed risky
+ coeff -2.47217 of var (x5,x19) (idx 14) in constr e300 (idx 276) is deemed risky
+ coeff -4.94409 of var (x18,x20) (idx 16) in constr e300 (idx 276) is deemed risky
+ coeff 2.47217 of var (x18,x21) (idx 17) in constr e300 (idx 276) is deemed risky
+ coeff -2.47217 of var (x18,x26) (idx 18) in constr e300 (idx 276) is deemed risky
+ coeff 2.47217 of var (x19,x20) (idx 19) in constr e300 (idx 276) is deemed risky
+ coeff 4.94409 of var (x19,x21) (idx 20) in constr e300 (idx 276) is deemed risky
+ coeff -4.94409 of var (x19,x26) (idx 21) in constr e300 (idx 276) is deemed risky
+ coeff -3.3138 of var (x3,x5) (idx 0) in constr e301 (idx 277) is deemed risky
+ coeff 9.58429 of var (x3,x6) (idx 1) in constr e301 (idx 277) is deemed risky
+ coeff 4.96968 of var (x3,x7) (idx 2) in constr e301 (idx 277) is deemed risky
+ coeff 3.3138 of var (x3,x8) (idx 3) in constr e301 (idx 277) is deemed risky
+ coeff -3.31348 of var (x3,x21) (idx 4) in constr e301 (idx 277) is deemed risky
+ coeff 3.31348 of var (x3,x22) (idx 5) in constr e301 (idx 277) is deemed risky
+ coeff 3.31348 of var (x4,x5) (idx 6) in constr e301 (idx 277) is deemed risky
+ coeff -4.96968 of var (x4,x6) (idx 7) in constr e301 (idx 277) is deemed risky
+ coeff 9.58429 of var (x4,x7) (idx 8) in constr e301 (idx 277) is deemed risky
+ coeff -3.31348 of var (x4,x8) (idx 9) in constr e301 (idx 277) is deemed risky
+ coeff -3.3138 of var (x4,x21) (idx 10) in constr e301 (idx 277) is deemed risky
+ coeff 3.3138 of var (x4,x22) (idx 11) in constr e301 (idx 277) is deemed risky
+ coeff -4.39221 of var (x5,x6) (idx 13) in constr e301 (idx 277) is deemed risky
+ coeff 1.3924 of var (x5,x7) (idx 14) in constr e301 (idx 277) is deemed risky
+ coeff 4.39221 of var (x6,x8) (idx 16) in constr e301 (idx 277) is deemed risky
+ coeff -1.3924 of var (x6,x21) (idx 17) in constr e301 (idx 277) is deemed risky
+ coeff 1.3924 of var (x6,x22) (idx 18) in constr e301 (idx 277) is deemed risky
+ coeff -1.3924 of var (x7,x8) (idx 19) in constr e301 (idx 277) is deemed risky
+ coeff -4.39221 of var (x7,x21) (idx 20) in constr e301 (idx 277) is deemed risky
+ coeff 4.39221 of var (x7,x22) (idx 21) in constr e301 (idx 277) is deemed risky
+ coeff -3.3138 of var (x3,x5) (idx 0) in constr e302 (idx 278) is deemed risky
+ coeff 6.14352 of var (x3,x9) (idx 1) in constr e302 (idx 278) is deemed risky
+ coeff 2.04714 of var (x3,x10) (idx 2) in constr e302 (idx 278) is deemed risky
+ coeff 3.3138 of var (x3,x11) (idx 3) in constr e302 (idx 278) is deemed risky
+ coeff -3.31348 of var (x3,x21) (idx 4) in constr e302 (idx 278) is deemed risky
+ coeff 3.31348 of var (x3,x23) (idx 5) in constr e302 (idx 278) is deemed risky
+ coeff 3.31348 of var (x4,x5) (idx 6) in constr e302 (idx 278) is deemed risky
+ coeff -2.04714 of var (x4,x9) (idx 7) in constr e302 (idx 278) is deemed risky
+ coeff 6.14352 of var (x4,x10) (idx 8) in constr e302 (idx 278) is deemed risky
+ coeff -3.31348 of var (x4,x11) (idx 9) in constr e302 (idx 278) is deemed risky
+ coeff -3.3138 of var (x4,x21) (idx 10) in constr e302 (idx 278) is deemed risky
+ coeff 3.3138 of var (x4,x23) (idx 11) in constr e302 (idx 278) is deemed risky
+ coeff -2.47186 of var (x5,x9) (idx 13) in constr e302 (idx 278) is deemed risky
+ coeff 1.23609 of var (x5,x10) (idx 14) in constr e302 (idx 278) is deemed risky
+ coeff 2.47186 of var (x9,x11) (idx 16) in constr e302 (idx 278) is deemed risky
+ coeff -1.23609 of var (x9,x21) (idx 17) in constr e302 (idx 278) is deemed risky
+ coeff 1.23609 of var (x9,x23) (idx 18) in constr e302 (idx 278) is deemed risky
+ coeff -1.23609 of var (x10,x11) (idx 19) in constr e302 (idx 278) is deemed risky
+ coeff -2.47186 of var (x10,x21) (idx 20) in constr e302 (idx 278) is deemed risky
+ coeff 2.47186 of var (x10,x23) (idx 21) in constr e302 (idx 278) is deemed risky
+ coeff -3.3138 of var (x3,x5) (idx 0) in constr e303 (idx 279) is deemed risky
+ coeff 0.00067416 of var (x3,x12) (idx 1) in constr e303 (idx 279) is deemed risky
+ coeff 13.7253 of var (x3,x13) (idx 2) in constr e303 (idx 279) is deemed risky
+ coeff 3.3138 of var (x3,x14) (idx 3) in constr e303 (idx 279) is deemed risky
+ coeff -3.31348 of var (x3,x21) (idx 4) in constr e303 (idx 279) is deemed risky
+ coeff 3.31348 of var (x3,x24) (idx 5) in constr e303 (idx 279) is deemed risky
+ coeff 3.31348 of var (x4,x5) (idx 6) in constr e303 (idx 279) is deemed risky
+ coeff -13.7253 of var (x4,x12) (idx 7) in constr e303 (idx 279) is deemed risky
+ coeff 0.00067416 of var (x4,x13) (idx 8) in constr e303 (idx 279) is deemed risky
+ coeff -3.31348 of var (x4,x14) (idx 9) in constr e303 (idx 279) is deemed risky
+ coeff -3.3138 of var (x4,x21) (idx 10) in constr e303 (idx 279) is deemed risky
+ coeff 3.3138 of var (x4,x24) (idx 11) in constr e303 (idx 279) is deemed risky
+ coeff -4.14205 of var (x5,x12) (idx 13) in constr e303 (idx 279) is deemed risky
+ coeff -4.14205 of var (x5,x13) (idx 14) in constr e303 (idx 279) is deemed risky
+ coeff 4.14205 of var (x12,x14) (idx 16) in constr e303 (idx 279) is deemed risky
+ coeff 4.14205 of var (x12,x21) (idx 17) in constr e303 (idx 279) is deemed risky
+ coeff -4.14205 of var (x12,x24) (idx 18) in constr e303 (idx 279) is deemed risky
+ coeff 4.14205 of var (x13,x14) (idx 19) in constr e303 (idx 279) is deemed risky
+ coeff -4.14205 of var (x13,x21) (idx 20) in constr e303 (idx 279) is deemed risky
+ coeff 4.14205 of var (x13,x24) (idx 21) in constr e303 (idx 279) is deemed risky
+ coeff -3.3138 of var (x3,x5) (idx 0) in constr e304 (idx 280) is deemed risky
+ coeff 9.14025 of var (x3,x15) (idx 1) in constr e304 (idx 280) is deemed risky
+ coeff 2.76085 of var (x3,x16) (idx 2) in constr e304 (idx 280) is deemed risky
+ coeff 3.3138 of var (x3,x17) (idx 3) in constr e304 (idx 280) is deemed risky
+ coeff -3.31348 of var (x3,x21) (idx 4) in constr e304 (idx 280) is deemed risky
+ coeff 3.31348 of var (x3,x25) (idx 5) in constr e304 (idx 280) is deemed risky
+ coeff 3.31348 of var (x4,x5) (idx 6) in constr e304 (idx 280) is deemed risky
+ coeff -2.76085 of var (x4,x15) (idx 7) in constr e304 (idx 280) is deemed risky
+ coeff 9.14025 of var (x4,x16) (idx 8) in constr e304 (idx 280) is deemed risky
+ coeff -3.31348 of var (x4,x17) (idx 9) in constr e304 (idx 280) is deemed risky
+ coeff -3.3138 of var (x4,x21) (idx 10) in constr e304 (idx 280) is deemed risky
+ coeff 3.3138 of var (x4,x25) (idx 11) in constr e304 (idx 280) is deemed risky
+ coeff -3.59164 of var (x5,x15) (idx 13) in constr e304 (idx 280) is deemed risky
+ coeff 1.92502 of var (x5,x16) (idx 14) in constr e304 (idx 280) is deemed risky
+ coeff 3.59164 of var (x15,x17) (idx 16) in constr e304 (idx 280) is deemed risky
+ coeff -1.92502 of var (x15,x21) (idx 17) in constr e304 (idx 280) is deemed risky
+ coeff 1.92502 of var (x15,x25) (idx 18) in constr e304 (idx 280) is deemed risky
+ coeff -1.92502 of var (x16,x17) (idx 19) in constr e304 (idx 280) is deemed risky
+ coeff -3.59164 of var (x16,x21) (idx 20) in constr e304 (idx 280) is deemed risky
+ coeff 3.59164 of var (x16,x25) (idx 21) in constr e304 (idx 280) is deemed risky
+ coeff -3.3138 of var (x3,x5) (idx 0) in constr e305 (idx 281) is deemed risky
+ coeff 10.9802 of var (x3,x19) (idx 1) in constr e305 (idx 281) is deemed risky
+ coeff 3.3138 of var (x3,x20) (idx 2) in constr e305 (idx 281) is deemed risky
+ coeff -3.31348 of var (x3,x21) (idx 3) in constr e305 (idx 281) is deemed risky
+ coeff 3.31348 of var (x3,x26) (idx 4) in constr e305 (idx 281) is deemed risky
+ coeff 3.31348 of var (x4,x5) (idx 5) in constr e305 (idx 281) is deemed risky
+ coeff -10.9802 of var (x4,x18) (idx 6) in constr e305 (idx 281) is deemed risky
+ coeff -3.31348 of var (x4,x20) (idx 7) in constr e305 (idx 281) is deemed risky
+ coeff -3.3138 of var (x4,x21) (idx 8) in constr e305 (idx 281) is deemed risky
+ coeff 3.3138 of var (x4,x26) (idx 9) in constr e305 (idx 281) is deemed risky
+ coeff -3.31348 of var (x5,x18) (idx 11) in constr e305 (idx 281) is deemed risky
+ coeff -3.3138 of var (x5,x19) (idx 12) in constr e305 (idx 281) is deemed risky
+ coeff 3.31348 of var (x18,x20) (idx 14) in constr e305 (idx 281) is deemed risky
+ coeff 3.3138 of var (x18,x21) (idx 15) in constr e305 (idx 281) is deemed risky
+ coeff -3.3138 of var (x18,x26) (idx 16) in constr e305 (idx 281) is deemed risky
+ coeff 3.3138 of var (x19,x20) (idx 17) in constr e305 (idx 281) is deemed risky
+ coeff -3.31348 of var (x19,x21) (idx 18) in constr e305 (idx 281) is deemed risky
+ coeff 3.31348 of var (x19,x26) (idx 19) in constr e305 (idx 281) is deemed risky
+ coeff -3.3138 of var (x3,x5) (idx 0) in constr e306 (idx 282) is deemed risky
+ coeff 4.97088 of var (x3,x6) (idx 1) in constr e306 (idx 282) is deemed risky
+ coeff 8.6115 of var (x3,x7) (idx 2) in constr e306 (idx 282) is deemed risky
+ coeff 3.3138 of var (x3,x8) (idx 3) in constr e306 (idx 282) is deemed risky
+ coeff -3.31348 of var (x3,x21) (idx 4) in constr e306 (idx 282) is deemed risky
+ coeff 3.31348 of var (x3,x22) (idx 5) in constr e306 (idx 282) is deemed risky
+ coeff 3.31348 of var (x4,x5) (idx 6) in constr e306 (idx 282) is deemed risky
+ coeff -8.6115 of var (x4,x6) (idx 7) in constr e306 (idx 282) is deemed risky
+ coeff 4.97088 of var (x4,x7) (idx 8) in constr e306 (idx 282) is deemed risky
+ coeff -3.31348 of var (x4,x8) (idx 9) in constr e306 (idx 282) is deemed risky
+ coeff -3.3138 of var (x4,x21) (idx 10) in constr e306 (idx 282) is deemed risky
+ coeff 3.3138 of var (x4,x22) (idx 11) in constr e306 (idx 282) is deemed risky
+ coeff -4.09888 of var (x5,x6) (idx 13) in constr e306 (idx 282) is deemed risky
+ coeff -1.09888 of var (x5,x7) (idx 14) in constr e306 (idx 282) is deemed risky
+ coeff 4.09888 of var (x6,x8) (idx 16) in constr e306 (idx 282) is deemed risky
+ coeff 1.09888 of var (x6,x21) (idx 17) in constr e306 (idx 282) is deemed risky
+ coeff -1.09888 of var (x6,x22) (idx 18) in constr e306 (idx 282) is deemed risky
+ coeff 1.09888 of var (x7,x8) (idx 19) in constr e306 (idx 282) is deemed risky
+ coeff -4.09888 of var (x7,x21) (idx 20) in constr e306 (idx 282) is deemed risky
+ coeff 4.09888 of var (x7,x22) (idx 21) in constr e306 (idx 282) is deemed risky
+ coeff -3.3138 of var (x3,x5) (idx 0) in constr e307 (idx 283) is deemed risky
+ coeff -9.67671 of var (x3,x9) (idx 1) in constr e307 (idx 283) is deemed risky
+ coeff 4.83903 of var (x3,x10) (idx 2) in constr e307 (idx 283) is deemed risky
+ coeff 3.3138 of var (x3,x11) (idx 3) in constr e307 (idx 283) is deemed risky
+ coeff -3.31348 of var (x3,x21) (idx 4) in constr e307 (idx 283) is deemed risky
+ coeff 3.31348 of var (x3,x23) (idx 5) in constr e307 (idx 283) is deemed risky
+ coeff 3.31348 of var (x4,x5) (idx 6) in constr e307 (idx 283) is deemed risky
+ coeff -4.83903 of var (x4,x9) (idx 7) in constr e307 (idx 283) is deemed risky
+ coeff -9.67671 of var (x4,x10) (idx 8) in constr e307 (idx 283) is deemed risky
+ coeff -3.31348 of var (x4,x11) (idx 9) in constr e307 (idx 283) is deemed risky
+ coeff -3.3138 of var (x4,x21) (idx 10) in constr e307 (idx 283) is deemed risky
+ coeff 3.3138 of var (x4,x23) (idx 11) in constr e307 (idx 283) is deemed risky
+ coeff 1.46014 of var (x5,x9) (idx 13) in constr e307 (idx 283) is deemed risky
+ coeff -4.38053 of var (x5,x10) (idx 14) in constr e307 (idx 283) is deemed risky
+ coeff -1.46014 of var (x9,x11) (idx 16) in constr e307 (idx 283) is deemed risky
+ coeff 4.38053 of var (x9,x21) (idx 17) in constr e307 (idx 283) is deemed risky
+ coeff -4.38053 of var (x9,x23) (idx 18) in constr e307 (idx 283) is deemed risky
+ coeff 4.38053 of var (x10,x11) (idx 19) in constr e307 (idx 283) is deemed risky
+ coeff 1.46014 of var (x10,x21) (idx 20) in constr e307 (idx 283) is deemed risky
+ coeff -1.46014 of var (x10,x23) (idx 21) in constr e307 (idx 283) is deemed risky
+ coeff -3.3138 of var (x3,x5) (idx 0) in constr e308 (idx 284) is deemed risky
+ coeff 13.7253 of var (x3,x12) (idx 1) in constr e308 (idx 284) is deemed risky
+ coeff -0.00067416 of var (x3,x13) (idx 2) in constr e308 (idx 284) is deemed risky
+ coeff 3.3138 of var (x3,x14) (idx 3) in constr e308 (idx 284) is deemed risky
+ coeff -3.31348 of var (x3,x21) (idx 4) in constr e308 (idx 284) is deemed risky
+ coeff 3.31348 of var (x3,x24) (idx 5) in constr e308 (idx 284) is deemed risky
+ coeff 3.31348 of var (x4,x5) (idx 6) in constr e308 (idx 284) is deemed risky
+ coeff 0.00067416 of var (x4,x12) (idx 7) in constr e308 (idx 284) is deemed risky
+ coeff 13.7253 of var (x4,x13) (idx 8) in constr e308 (idx 284) is deemed risky
+ coeff -3.31348 of var (x4,x14) (idx 9) in constr e308 (idx 284) is deemed risky
+ coeff -3.3138 of var (x4,x21) (idx 10) in constr e308 (idx 284) is deemed risky
+ coeff 3.3138 of var (x4,x24) (idx 11) in constr e308 (idx 284) is deemed risky
+ coeff -4.14205 of var (x5,x12) (idx 13) in constr e308 (idx 284) is deemed risky
+ coeff 4.14205 of var (x5,x13) (idx 14) in constr e308 (idx 284) is deemed risky
+ coeff 4.14205 of var (x12,x14) (idx 16) in constr e308 (idx 284) is deemed risky
+ coeff -4.14205 of var (x12,x21) (idx 17) in constr e308 (idx 284) is deemed risky
+ coeff 4.14205 of var (x12,x24) (idx 18) in constr e308 (idx 284) is deemed risky
+ coeff -4.14205 of var (x13,x14) (idx 19) in constr e308 (idx 284) is deemed risky
+ coeff -4.14205 of var (x13,x21) (idx 20) in constr e308 (idx 284) is deemed risky
+ coeff 4.14205 of var (x13,x24) (idx 21) in constr e308 (idx 284) is deemed risky
+ coeff -3.3138 of var (x3,x5) (idx 0) in constr e309 (idx 285) is deemed risky
+ coeff 2.76185 of var (x3,x15) (idx 1) in constr e309 (idx 285) is deemed risky
+ coeff 9.13988 of var (x3,x16) (idx 2) in constr e309 (idx 285) is deemed risky
+ coeff 3.3138 of var (x3,x17) (idx 3) in constr e309 (idx 285) is deemed risky
+ coeff -3.31348 of var (x3,x21) (idx 4) in constr e309 (idx 285) is deemed risky
+ coeff 3.31348 of var (x3,x25) (idx 5) in constr e309 (idx 285) is deemed risky
+ coeff 3.31348 of var (x4,x5) (idx 6) in constr e309 (idx 285) is deemed risky
+ coeff -9.13988 of var (x4,x15) (idx 7) in constr e309 (idx 285) is deemed risky
+ coeff 2.76185 of var (x4,x16) (idx 8) in constr e309 (idx 285) is deemed risky
+ coeff -3.31348 of var (x4,x17) (idx 9) in constr e309 (idx 285) is deemed risky
+ coeff -3.3138 of var (x4,x21) (idx 10) in constr e309 (idx 285) is deemed risky
+ coeff 3.3138 of var (x4,x25) (idx 11) in constr e309 (idx 285) is deemed risky
+ coeff -3.59164 of var (x5,x15) (idx 13) in constr e309 (idx 285) is deemed risky
+ coeff -1.92496 of var (x5,x16) (idx 14) in constr e309 (idx 285) is deemed risky
+ coeff 3.59164 of var (x15,x17) (idx 16) in constr e309 (idx 285) is deemed risky
+ coeff 1.92496 of var (x15,x21) (idx 17) in constr e309 (idx 285) is deemed risky
+ coeff -1.92496 of var (x15,x25) (idx 18) in constr e309 (idx 285) is deemed risky
+ coeff 1.92496 of var (x16,x17) (idx 19) in constr e309 (idx 285) is deemed risky
+ coeff -3.59164 of var (x16,x21) (idx 20) in constr e309 (idx 285) is deemed risky
+ coeff 3.59164 of var (x16,x25) (idx 21) in constr e309 (idx 285) is deemed risky
+ coeff -3.3138 of var (x3,x5) (idx 0) in constr e310 (idx 286) is deemed risky
+ coeff 10.9801 of var (x3,x18) (idx 1) in constr e310 (idx 286) is deemed risky
+ coeff -0.000134825 of var (x3,x19) (idx 2) in constr e310 (idx 286) is deemed risky
+ coeff 3.3138 of var (x3,x20) (idx 3) in constr e310 (idx 286) is deemed risky
+ coeff -3.31348 of var (x3,x21) (idx 4) in constr e310 (idx 286) is deemed risky
+ coeff 3.31348 of var (x3,x26) (idx 5) in constr e310 (idx 286) is deemed risky
+ coeff 3.31348 of var (x4,x5) (idx 6) in constr e310 (idx 286) is deemed risky
+ coeff 0.000134825 of var (x4,x18) (idx 7) in constr e310 (idx 286) is deemed risky
+ coeff 10.9801 of var (x4,x19) (idx 8) in constr e310 (idx 286) is deemed risky
+ coeff -3.31348 of var (x4,x20) (idx 9) in constr e310 (idx 286) is deemed risky
+ coeff -3.3138 of var (x4,x21) (idx 10) in constr e310 (idx 286) is deemed risky
+ coeff 3.3138 of var (x4,x26) (idx 11) in constr e310 (idx 286) is deemed risky
+ coeff -3.31372 of var (x5,x18) (idx 13) in constr e310 (idx 286) is deemed risky
+ coeff 3.31348 of var (x5,x19) (idx 14) in constr e310 (idx 286) is deemed risky
+ coeff 3.31372 of var (x18,x20) (idx 16) in constr e310 (idx 286) is deemed risky
+ coeff -3.31348 of var (x18,x21) (idx 17) in constr e310 (idx 286) is deemed risky
+ coeff 3.31348 of var (x18,x26) (idx 18) in constr e310 (idx 286) is deemed risky
+ coeff -3.31348 of var (x19,x20) (idx 19) in constr e310 (idx 286) is deemed risky
+ coeff -3.31372 of var (x19,x21) (idx 20) in constr e310 (idx 286) is deemed risky
+ coeff 3.31372 of var (x19,x26) (idx 21) in constr e310 (idx 286) is deemed risky
+ coeff -3.3138 of var (x3,x5) (idx 0) in constr e311 (idx 287) is deemed risky
+ coeff -8.60915 of var (x3,x6) (idx 1) in constr e311 (idx 287) is deemed risky
+ coeff -4.97004 of var (x3,x7) (idx 2) in constr e311 (idx 287) is deemed risky
+ coeff 3.3138 of var (x3,x8) (idx 3) in constr e311 (idx 287) is deemed risky
+ coeff -3.31348 of var (x3,x21) (idx 4) in constr e311 (idx 287) is deemed risky
+ coeff 3.31348 of var (x3,x22) (idx 5) in constr e311 (idx 287) is deemed risky
+ coeff 3.31348 of var (x4,x5) (idx 6) in constr e311 (idx 287) is deemed risky
+ coeff 4.97004 of var (x4,x6) (idx 7) in constr e311 (idx 287) is deemed risky
+ coeff -8.60915 of var (x4,x7) (idx 8) in constr e311 (idx 287) is deemed risky
+ coeff -3.31348 of var (x4,x8) (idx 9) in constr e311 (idx 287) is deemed risky
+ coeff -3.3138 of var (x4,x21) (idx 10) in constr e311 (idx 287) is deemed risky
+ coeff 3.3138 of var (x4,x22) (idx 11) in constr e311 (idx 287) is deemed risky
+ coeff 4.09802 of var (x5,x6) (idx 13) in constr e311 (idx 287) is deemed risky
+ coeff -1.09802 of var (x5,x7) (idx 14) in constr e311 (idx 287) is deemed risky
+ coeff -4.09802 of var (x6,x8) (idx 16) in constr e311 (idx 287) is deemed risky
+ coeff 1.09802 of var (x6,x21) (idx 17) in constr e311 (idx 287) is deemed risky
+ coeff -1.09802 of var (x6,x22) (idx 18) in constr e311 (idx 287) is deemed risky
+ coeff 1.09802 of var (x7,x8) (idx 19) in constr e311 (idx 287) is deemed risky
+ coeff 4.09802 of var (x7,x21) (idx 20) in constr e311 (idx 287) is deemed risky
+ coeff -4.09802 of var (x7,x22) (idx 21) in constr e311 (idx 287) is deemed risky
+ coeff -3.3138 of var (x3,x5) (idx 0) in constr e312 (idx 288) is deemed risky
+ coeff -3.70106 of var (x3,x9) (idx 1) in constr e312 (idx 288) is deemed risky
+ coeff 1.85062 of var (x3,x10) (idx 2) in constr e312 (idx 288) is deemed risky
+ coeff 3.3138 of var (x3,x11) (idx 3) in constr e312 (idx 288) is deemed risky
+ coeff -3.31348 of var (x3,x21) (idx 4) in constr e312 (idx 288) is deemed risky
+ coeff 3.31348 of var (x3,x23) (idx 5) in constr e312 (idx 288) is deemed risky
+ coeff 3.31348 of var (x4,x5) (idx 6) in constr e312 (idx 288) is deemed risky
+ coeff -1.85062 of var (x4,x9) (idx 7) in constr e312 (idx 288) is deemed risky
+ coeff -3.70106 of var (x4,x10) (idx 8) in constr e312 (idx 288) is deemed risky
+ coeff -3.31348 of var (x4,x11) (idx 9) in constr e312 (idx 288) is deemed risky
+ coeff -3.3138 of var (x4,x21) (idx 10) in constr e312 (idx 288) is deemed risky
+ coeff 3.3138 of var (x4,x23) (idx 11) in constr e312 (idx 288) is deemed risky
+ coeff 0.558512 of var (x5,x9) (idx 13) in constr e312 (idx 288) is deemed risky
+ coeff -1.67537 of var (x5,x10) (idx 14) in constr e312 (idx 288) is deemed risky
+ coeff -0.558512 of var (x9,x11) (idx 16) in constr e312 (idx 288) is deemed risky
+ coeff 1.67537 of var (x9,x21) (idx 17) in constr e312 (idx 288) is deemed risky
+ coeff -1.67537 of var (x9,x23) (idx 18) in constr e312 (idx 288) is deemed risky
+ coeff 1.67537 of var (x10,x11) (idx 19) in constr e312 (idx 288) is deemed risky
+ coeff 0.558512 of var (x10,x21) (idx 20) in constr e312 (idx 288) is deemed risky
+ coeff -0.558512 of var (x10,x23) (idx 21) in constr e312 (idx 288) is deemed risky
+ coeff -3.3138 of var (x3,x5) (idx 0) in constr e313 (idx 289) is deemed risky
+ coeff -13.7253 of var (x3,x12) (idx 1) in constr e313 (idx 289) is deemed risky
+ coeff 0.00067416 of var (x3,x13) (idx 2) in constr e313 (idx 289) is deemed risky
+ coeff 3.3138 of var (x3,x14) (idx 3) in constr e313 (idx 289) is deemed risky
+ coeff -3.31348 of var (x3,x21) (idx 4) in constr e313 (idx 289) is deemed risky
+ coeff 3.31348 of var (x3,x24) (idx 5) in constr e313 (idx 289) is deemed risky
+ coeff 3.31348 of var (x4,x5) (idx 6) in constr e313 (idx 289) is deemed risky
+ coeff -0.00067416 of var (x4,x12) (idx 7) in constr e313 (idx 289) is deemed risky
+ coeff -13.7253 of var (x4,x13) (idx 8) in constr e313 (idx 289) is deemed risky
+ coeff -3.31348 of var (x4,x14) (idx 9) in constr e313 (idx 289) is deemed risky
+ coeff -3.3138 of var (x4,x21) (idx 10) in constr e313 (idx 289) is deemed risky
+ coeff 3.3138 of var (x4,x24) (idx 11) in constr e313 (idx 289) is deemed risky
+ coeff 4.14205 of var (x5,x12) (idx 13) in constr e313 (idx 289) is deemed risky
+ coeff -4.14205 of var (x5,x13) (idx 14) in constr e313 (idx 289) is deemed risky
+ coeff -4.14205 of var (x12,x14) (idx 16) in constr e313 (idx 289) is deemed risky
+ coeff 4.14205 of var (x12,x21) (idx 17) in constr e313 (idx 289) is deemed risky
+ coeff -4.14205 of var (x12,x24) (idx 18) in constr e313 (idx 289) is deemed risky
+ coeff 4.14205 of var (x13,x14) (idx 19) in constr e313 (idx 289) is deemed risky
+ coeff 4.14205 of var (x13,x21) (idx 20) in constr e313 (idx 289) is deemed risky
+ coeff -4.14205 of var (x13,x24) (idx 21) in constr e313 (idx 289) is deemed risky
+ coeff -3.3138 of var (x3,x5) (idx 0) in constr e314 (idx 290) is deemed risky
+ coeff -7.67983 of var (x3,x15) (idx 1) in constr e314 (idx 290) is deemed risky
+ coeff -14.8058 of var (x3,x16) (idx 2) in constr e314 (idx 290) is deemed risky
+ coeff 3.3138 of var (x3,x17) (idx 3) in constr e314 (idx 290) is deemed risky
+ coeff -3.31348 of var (x3,x21) (idx 4) in constr e314 (idx 290) is deemed risky
+ coeff 3.31348 of var (x3,x25) (idx 5) in constr e314 (idx 290) is deemed risky
+ coeff 3.31348 of var (x4,x5) (idx 6) in constr e314 (idx 290) is deemed risky
+ coeff 14.8058 of var (x4,x15) (idx 7) in constr e314 (idx 290) is deemed risky
+ coeff -7.67983 of var (x4,x16) (idx 8) in constr e314 (idx 290) is deemed risky
+ coeff -3.31348 of var (x4,x17) (idx 9) in constr e314 (idx 290) is deemed risky
+ coeff -3.3138 of var (x4,x21) (idx 10) in constr e314 (idx 290) is deemed risky
+ coeff 3.3138 of var (x4,x25) (idx 11) in constr e314 (idx 290) is deemed risky
+ coeff 6.78566 of var (x5,x15) (idx 13) in constr e314 (idx 290) is deemed risky
+ coeff 2.15082 of var (x5,x16) (idx 14) in constr e314 (idx 290) is deemed risky
+ coeff -6.78566 of var (x15,x17) (idx 16) in constr e314 (idx 290) is deemed risky
+ coeff -2.15082 of var (x15,x21) (idx 17) in constr e314 (idx 290) is deemed risky
+ coeff 2.15082 of var (x15,x25) (idx 18) in constr e314 (idx 290) is deemed risky
+ coeff -2.15082 of var (x16,x17) (idx 19) in constr e314 (idx 290) is deemed risky
+ coeff 6.78566 of var (x16,x21) (idx 20) in constr e314 (idx 290) is deemed risky
+ coeff -6.78566 of var (x16,x25) (idx 21) in constr e314 (idx 290) is deemed risky
+ coeff -3.3138 of var (x3,x5) (idx 0) in constr e315 (idx 291) is deemed risky
+ coeff -16.9815 of var (x3,x18) (idx 1) in constr e315 (idx 291) is deemed risky
+ coeff -5.65929 of var (x3,x19) (idx 2) in constr e315 (idx 291) is deemed risky
+ coeff 3.3138 of var (x3,x20) (idx 3) in constr e315 (idx 291) is deemed risky
+ coeff -3.31348 of var (x3,x21) (idx 4) in constr e315 (idx 291) is deemed risky
+ coeff 3.31348 of var (x3,x26) (idx 5) in constr e315 (idx 291) is deemed risky
+ coeff 3.31348 of var (x4,x5) (idx 6) in constr e315 (idx 291) is deemed risky
+ coeff 5.65929 of var (x4,x18) (idx 7) in constr e315 (idx 291) is deemed risky
+ coeff -16.9815 of var (x4,x19) (idx 8) in constr e315 (idx 291) is deemed risky
+ coeff -3.31348 of var (x4,x20) (idx 9) in constr e315 (idx 291) is deemed risky
+ coeff -3.3138 of var (x4,x21) (idx 10) in constr e315 (idx 291) is deemed risky
+ coeff 3.3138 of var (x4,x26) (idx 11) in constr e315 (idx 291) is deemed risky
+ coeff 6.83276 of var (x5,x18) (idx 13) in constr e315 (idx 291) is deemed risky
+ coeff -3.4165 of var (x5,x19) (idx 14) in constr e315 (idx 291) is deemed risky
+ coeff -6.83276 of var (x18,x20) (idx 16) in constr e315 (idx 291) is deemed risky
+ coeff 3.4165 of var (x18,x21) (idx 17) in constr e315 (idx 291) is deemed risky
+ coeff -3.4165 of var (x18,x26) (idx 18) in constr e315 (idx 291) is deemed risky
+ coeff 3.4165 of var (x19,x20) (idx 19) in constr e315 (idx 291) is deemed risky
+ coeff 6.83276 of var (x19,x21) (idx 20) in constr e315 (idx 291) is deemed risky
+ coeff -6.83276 of var (x19,x26) (idx 21) in constr e315 (idx 291) is deemed risky
+ coeff 4.39221 of var (x6,x8) (idx 0) in constr e316 (idx 292) is deemed risky
+ coeff 4.11752 of var (x6,x9) (idx 1) in constr e316 (idx 292) is deemed risky
+ coeff -5.6621 of var (x6,x10) (idx 2) in constr e316 (idx 292) is deemed risky
+ coeff -4.39221 of var (x6,x11) (idx 3) in constr e316 (idx 292) is deemed risky
+ coeff 1.3924 of var (x6,x22) (idx 4) in constr e316 (idx 292) is deemed risky
+ coeff -1.3924 of var (x6,x23) (idx 5) in constr e316 (idx 292) is deemed risky
+ coeff -1.3924 of var (x7,x8) (idx 6) in constr e316 (idx 292) is deemed risky
+ coeff 5.6621 of var (x7,x9) (idx 7) in constr e316 (idx 292) is deemed risky
+ coeff 4.11752 of var (x7,x10) (idx 8) in constr e316 (idx 292) is deemed risky
+ coeff 1.3924 of var (x7,x11) (idx 9) in constr e316 (idx 292) is deemed risky
+ coeff 4.39221 of var (x7,x22) (idx 10) in constr e316 (idx 292) is deemed risky
+ coeff -4.39221 of var (x7,x23) (idx 11) in constr e316 (idx 292) is deemed risky
+ coeff 0.960999 of var (x8,x9) (idx 13) in constr e316 (idx 292) is deemed risky
+ coeff -2.88289 of var (x8,x10) (idx 14) in constr e316 (idx 292) is deemed risky
+ coeff -0.960999 of var (x9,x11) (idx 16) in constr e316 (idx 292) is deemed risky
+ coeff 2.88289 of var (x9,x22) (idx 17) in constr e316 (idx 292) is deemed risky
+ coeff -2.88289 of var (x9,x23) (idx 18) in constr e316 (idx 292) is deemed risky
+ coeff 2.88289 of var (x10,x11) (idx 19) in constr e316 (idx 292) is deemed risky
+ coeff 0.960999 of var (x10,x22) (idx 20) in constr e316 (idx 292) is deemed risky
+ coeff -0.960999 of var (x10,x23) (idx 21) in constr e316 (idx 292) is deemed risky
+ coeff 4.39221 of var (x6,x8) (idx 0) in constr e317 (idx 293) is deemed risky
+ coeff 6.21269 of var (x6,x12) (idx 1) in constr e317 (idx 293) is deemed risky
+ coeff 11.9801 of var (x6,x13) (idx 2) in constr e317 (idx 293) is deemed risky
+ coeff -4.39221 of var (x6,x14) (idx 3) in constr e317 (idx 293) is deemed risky
+ coeff 1.3924 of var (x6,x22) (idx 4) in constr e317 (idx 293) is deemed risky
+ coeff -1.3924 of var (x6,x24) (idx 5) in constr e317 (idx 293) is deemed risky
+ coeff -1.3924 of var (x7,x8) (idx 6) in constr e317 (idx 293) is deemed risky
+ coeff -11.9801 of var (x7,x12) (idx 7) in constr e317 (idx 293) is deemed risky
+ coeff 6.21269 of var (x7,x13) (idx 8) in constr e317 (idx 293) is deemed risky
+ coeff 1.3924 of var (x7,x14) (idx 9) in constr e317 (idx 293) is deemed risky
+ coeff 4.39221 of var (x7,x22) (idx 10) in constr e317 (idx 293) is deemed risky
+ coeff -4.39221 of var (x7,x24) (idx 11) in constr e317 (idx 293) is deemed risky
+ coeff 4.14205 of var (x8,x12) (idx 13) in constr e317 (idx 293) is deemed risky
+ coeff 4.14205 of var (x8,x13) (idx 14) in constr e317 (idx 293) is deemed risky
+ coeff -4.14205 of var (x12,x14) (idx 16) in constr e317 (idx 293) is deemed risky
+ coeff -4.14205 of var (x12,x22) (idx 17) in constr e317 (idx 293) is deemed risky
+ coeff 4.14205 of var (x12,x24) (idx 18) in constr e317 (idx 293) is deemed risky
+ coeff -4.14205 of var (x13,x14) (idx 19) in constr e317 (idx 293) is deemed risky
+ coeff 4.14205 of var (x13,x22) (idx 20) in constr e317 (idx 293) is deemed risky
+ coeff -4.14205 of var (x13,x24) (idx 21) in constr e317 (idx 293) is deemed risky
+ coeff 4.39221 of var (x6,x8) (idx 0) in constr e318 (idx 294) is deemed risky
+ coeff 8.77634 of var (x6,x15) (idx 1) in constr e318 (idx 294) is deemed risky
+ coeff 6.08174 of var (x6,x16) (idx 2) in constr e318 (idx 294) is deemed risky
+ coeff -4.39221 of var (x6,x17) (idx 3) in constr e318 (idx 294) is deemed risky
+ coeff 1.3924 of var (x6,x22) (idx 4) in constr e318 (idx 294) is deemed risky
+ coeff -1.3924 of var (x6,x25) (idx 5) in constr e318 (idx 294) is deemed risky
+ coeff -1.3924 of var (x7,x8) (idx 6) in constr e318 (idx 294) is deemed risky
+ coeff -6.08174 of var (x7,x15) (idx 7) in constr e318 (idx 294) is deemed risky
+ coeff 8.77634 of var (x7,x16) (idx 8) in constr e318 (idx 294) is deemed risky
+ coeff 1.3924 of var (x7,x17) (idx 9) in constr e318 (idx 294) is deemed risky
+ coeff 4.39221 of var (x7,x22) (idx 10) in constr e318 (idx 294) is deemed risky
+ coeff -4.39221 of var (x7,x25) (idx 11) in constr e318 (idx 294) is deemed risky
+ coeff 4.42912 of var (x8,x15) (idx 13) in constr e318 (idx 294) is deemed risky
+ coeff 1.36523 of var (x8,x16) (idx 14) in constr e318 (idx 294) is deemed risky
+ coeff -4.42912 of var (x15,x17) (idx 16) in constr e318 (idx 294) is deemed risky
+ coeff -1.36523 of var (x15,x22) (idx 17) in constr e318 (idx 294) is deemed risky
+ coeff 1.36523 of var (x15,x25) (idx 18) in constr e318 (idx 294) is deemed risky
+ coeff -1.36523 of var (x16,x17) (idx 19) in constr e318 (idx 294) is deemed risky
+ coeff 4.42912 of var (x16,x22) (idx 20) in constr e318 (idx 294) is deemed risky
+ coeff -4.42912 of var (x16,x25) (idx 21) in constr e318 (idx 294) is deemed risky
+ coeff 4.39221 of var (x6,x8) (idx 0) in constr e319 (idx 295) is deemed risky
+ coeff 12.5789 of var (x6,x18) (idx 1) in constr e319 (idx 295) is deemed risky
+ coeff -1.98708 of var (x6,x19) (idx 2) in constr e319 (idx 295) is deemed risky
+ coeff -4.39221 of var (x6,x20) (idx 3) in constr e319 (idx 295) is deemed risky
+ coeff 1.3924 of var (x6,x22) (idx 4) in constr e319 (idx 295) is deemed risky
+ coeff -1.3924 of var (x6,x26) (idx 5) in constr e319 (idx 295) is deemed risky
+ coeff -1.3924 of var (x7,x8) (idx 6) in constr e319 (idx 295) is deemed risky
+ coeff 1.98708 of var (x7,x18) (idx 7) in constr e319 (idx 295) is deemed risky
+ coeff 12.5789 of var (x7,x19) (idx 8) in constr e319 (idx 295) is deemed risky
+ coeff 1.3924 of var (x7,x20) (idx 9) in constr e319 (idx 295) is deemed risky
+ coeff 4.39221 of var (x7,x22) (idx 10) in constr e319 (idx 295) is deemed risky
+ coeff -4.39221 of var (x7,x26) (idx 11) in constr e319 (idx 295) is deemed risky
+ coeff 4.94409 of var (x8,x18) (idx 13) in constr e319 (idx 295) is deemed risky
+ coeff -2.47217 of var (x8,x19) (idx 14) in constr e319 (idx 295) is deemed risky
+ coeff -4.94409 of var (x18,x20) (idx 16) in constr e319 (idx 295) is deemed risky
+ coeff 2.47217 of var (x18,x22) (idx 17) in constr e319 (idx 295) is deemed risky
+ coeff -2.47217 of var (x18,x26) (idx 18) in constr e319 (idx 295) is deemed risky
+ coeff 2.47217 of var (x19,x20) (idx 19) in constr e319 (idx 295) is deemed risky
+ coeff 4.94409 of var (x19,x22) (idx 20) in constr e319 (idx 295) is deemed risky
+ coeff -4.94409 of var (x19,x26) (idx 21) in constr e319 (idx 295) is deemed risky
+ coeff 4.39221 of var (x6,x8) (idx 0) in constr e320 (idx 296) is deemed risky
+ coeff -6.28904 of var (x6,x9) (idx 1) in constr e320 (idx 296) is deemed risky
+ coeff 0.993689 of var (x6,x10) (idx 2) in constr e320 (idx 296) is deemed risky
+ coeff -4.39221 of var (x6,x11) (idx 3) in constr e320 (idx 296) is deemed risky
+ coeff 1.3924 of var (x6,x22) (idx 4) in constr e320 (idx 296) is deemed risky
+ coeff -1.3924 of var (x6,x23) (idx 5) in constr e320 (idx 296) is deemed risky
+ coeff -1.3924 of var (x7,x8) (idx 6) in constr e320 (idx 296) is deemed risky
+ coeff -0.993689 of var (x7,x9) (idx 7) in constr e320 (idx 296) is deemed risky
+ coeff -6.28904 of var (x7,x10) (idx 8) in constr e320 (idx 296) is deemed risky
+ coeff 1.3924 of var (x7,x11) (idx 9) in constr e320 (idx 296) is deemed risky
+ coeff 4.39221 of var (x7,x22) (idx 10) in constr e320 (idx 296) is deemed risky
+ coeff -4.39221 of var (x7,x23) (idx 11) in constr e320 (idx 296) is deemed risky
+ coeff -2.47186 of var (x8,x9) (idx 13) in constr e320 (idx 296) is deemed risky
+ coeff 1.23609 of var (x8,x10) (idx 14) in constr e320 (idx 296) is deemed risky
+ coeff 2.47186 of var (x9,x11) (idx 16) in constr e320 (idx 296) is deemed risky
+ coeff -1.23609 of var (x9,x22) (idx 17) in constr e320 (idx 296) is deemed risky
+ coeff 1.23609 of var (x9,x23) (idx 18) in constr e320 (idx 296) is deemed risky
+ coeff -1.23609 of var (x10,x11) (idx 19) in constr e320 (idx 296) is deemed risky
+ coeff -2.47186 of var (x10,x22) (idx 20) in constr e320 (idx 296) is deemed risky
+ coeff 2.47186 of var (x10,x23) (idx 21) in constr e320 (idx 296) is deemed risky
+ coeff 4.39221 of var (x6,x8) (idx 0) in constr e321 (idx 297) is deemed risky
+ coeff -6.21269 of var (x6,x12) (idx 1) in constr e321 (idx 297) is deemed risky
+ coeff -11.9801 of var (x6,x13) (idx 2) in constr e321 (idx 297) is deemed risky
+ coeff -4.39221 of var (x6,x14) (idx 3) in constr e321 (idx 297) is deemed risky
+ coeff 1.3924 of var (x6,x22) (idx 4) in constr e321 (idx 297) is deemed risky
+ coeff -1.3924 of var (x6,x24) (idx 5) in constr e321 (idx 297) is deemed risky
+ coeff -1.3924 of var (x7,x8) (idx 6) in constr e321 (idx 297) is deemed risky
+ coeff 11.9801 of var (x7,x12) (idx 7) in constr e321 (idx 297) is deemed risky
+ coeff -6.21269 of var (x7,x13) (idx 8) in constr e321 (idx 297) is deemed risky
+ coeff 1.3924 of var (x7,x14) (idx 9) in constr e321 (idx 297) is deemed risky
+ coeff 4.39221 of var (x7,x22) (idx 10) in constr e321 (idx 297) is deemed risky
+ coeff -4.39221 of var (x7,x24) (idx 11) in constr e321 (idx 297) is deemed risky
+ coeff -4.14205 of var (x8,x12) (idx 13) in constr e321 (idx 297) is deemed risky
+ coeff -4.14205 of var (x8,x13) (idx 14) in constr e321 (idx 297) is deemed risky
+ coeff 4.14205 of var (x12,x14) (idx 16) in constr e321 (idx 297) is deemed risky
+ coeff 4.14205 of var (x12,x22) (idx 17) in constr e321 (idx 297) is deemed risky
+ coeff -4.14205 of var (x12,x24) (idx 18) in constr e321 (idx 297) is deemed risky
+ coeff 4.14205 of var (x13,x14) (idx 19) in constr e321 (idx 297) is deemed risky
+ coeff -4.14205 of var (x13,x22) (idx 20) in constr e321 (idx 297) is deemed risky
+ coeff 4.14205 of var (x13,x24) (idx 21) in constr e321 (idx 297) is deemed risky
+ coeff 4.39221 of var (x6,x8) (idx 0) in constr e322 (idx 298) is deemed risky
+ coeff -9.22782 of var (x6,x15) (idx 1) in constr e322 (idx 298) is deemed risky
+ coeff 1.72705 of var (x6,x16) (idx 2) in constr e322 (idx 298) is deemed risky
+ coeff -4.39221 of var (x6,x17) (idx 3) in constr e322 (idx 298) is deemed risky
+ coeff 1.3924 of var (x6,x22) (idx 4) in constr e322 (idx 298) is deemed risky
+ coeff -1.3924 of var (x6,x25) (idx 5) in constr e322 (idx 298) is deemed risky
+ coeff -1.3924 of var (x7,x8) (idx 6) in constr e322 (idx 298) is deemed risky
+ coeff -1.72705 of var (x7,x15) (idx 7) in constr e322 (idx 298) is deemed risky
+ coeff -9.22782 of var (x7,x16) (idx 8) in constr e322 (idx 298) is deemed risky
+ coeff 1.3924 of var (x7,x17) (idx 9) in constr e322 (idx 298) is deemed risky
+ coeff 4.39221 of var (x7,x22) (idx 10) in constr e322 (idx 298) is deemed risky
+ coeff -4.39221 of var (x7,x25) (idx 11) in constr e322 (idx 298) is deemed risky
+ coeff -3.59164 of var (x8,x15) (idx 13) in constr e322 (idx 298) is deemed risky
+ coeff 1.92502 of var (x8,x16) (idx 14) in constr e322 (idx 298) is deemed risky
+ coeff 3.59164 of var (x15,x17) (idx 16) in constr e322 (idx 298) is deemed risky
+ coeff -1.92502 of var (x15,x22) (idx 17) in constr e322 (idx 298) is deemed risky
+ coeff 1.92502 of var (x15,x25) (idx 18) in constr e322 (idx 298) is deemed risky
+ coeff -1.92502 of var (x16,x17) (idx 19) in constr e322 (idx 298) is deemed risky
+ coeff -3.59164 of var (x16,x22) (idx 20) in constr e322 (idx 298) is deemed risky
+ coeff 3.59164 of var (x16,x25) (idx 21) in constr e322 (idx 298) is deemed risky
+ coeff 4.39221 of var (x6,x8) (idx 0) in constr e323 (idx 299) is deemed risky
+ coeff -4.96968 of var (x6,x18) (idx 1) in constr e323 (idx 299) is deemed risky
+ coeff -9.58429 of var (x6,x19) (idx 2) in constr e323 (idx 299) is deemed risky
+ coeff -4.39221 of var (x6,x20) (idx 3) in constr e323 (idx 299) is deemed risky
+ coeff 1.3924 of var (x6,x22) (idx 4) in constr e323 (idx 299) is deemed risky
+ coeff -1.3924 of var (x6,x26) (idx 5) in constr e323 (idx 299) is deemed risky
+ coeff -1.3924 of var (x7,x8) (idx 6) in constr e323 (idx 299) is deemed risky
+ coeff 9.58429 of var (x7,x18) (idx 7) in constr e323 (idx 299) is deemed risky
+ coeff -4.96968 of var (x7,x19) (idx 8) in constr e323 (idx 299) is deemed risky
+ coeff 1.3924 of var (x7,x20) (idx 9) in constr e323 (idx 299) is deemed risky
+ coeff 4.39221 of var (x7,x22) (idx 10) in constr e323 (idx 299) is deemed risky
+ coeff -4.39221 of var (x7,x26) (idx 11) in constr e323 (idx 299) is deemed risky
+ coeff -3.31348 of var (x8,x18) (idx 13) in constr e323 (idx 299) is deemed risky
+ coeff -3.3138 of var (x8,x19) (idx 14) in constr e323 (idx 299) is deemed risky
+ coeff 3.31348 of var (x18,x20) (idx 16) in constr e323 (idx 299) is deemed risky
+ coeff 3.3138 of var (x18,x22) (idx 17) in constr e323 (idx 299) is deemed risky
+ coeff -3.3138 of var (x18,x26) (idx 18) in constr e323 (idx 299) is deemed risky
+ coeff 3.3138 of var (x19,x20) (idx 19) in constr e323 (idx 299) is deemed risky
+ coeff -3.31348 of var (x19,x22) (idx 20) in constr e323 (idx 299) is deemed risky
+ coeff 3.31348 of var (x19,x26) (idx 21) in constr e323 (idx 299) is deemed risky
+ coeff 4.39221 of var (x6,x8) (idx 0) in constr e324 (idx 300) is deemed risky
+ coeff 6.25635 of var (x6,x9) (idx 1) in constr e324 (idx 300) is deemed risky
+ coeff -8.60357 of var (x6,x10) (idx 2) in constr e324 (idx 300) is deemed risky
+ coeff -4.39221 of var (x6,x11) (idx 3) in constr e324 (idx 300) is deemed risky
+ coeff 1.3924 of var (x6,x22) (idx 4) in constr e324 (idx 300) is deemed risky
+ coeff -1.3924 of var (x6,x23) (idx 5) in constr e324 (idx 300) is deemed risky
+ coeff -1.3924 of var (x7,x8) (idx 6) in constr e324 (idx 300) is deemed risky
+ coeff 8.60357 of var (x7,x9) (idx 7) in constr e324 (idx 300) is deemed risky
+ coeff 6.25635 of var (x7,x10) (idx 8) in constr e324 (idx 300) is deemed risky
+ coeff 1.3924 of var (x7,x11) (idx 9) in constr e324 (idx 300) is deemed risky
+ coeff 4.39221 of var (x7,x22) (idx 10) in constr e324 (idx 300) is deemed risky
+ coeff -4.39221 of var (x7,x23) (idx 11) in constr e324 (idx 300) is deemed risky
+ coeff 1.46014 of var (x8,x9) (idx 13) in constr e324 (idx 300) is deemed risky
+ coeff -4.38053 of var (x8,x10) (idx 14) in constr e324 (idx 300) is deemed risky
+ coeff -1.46014 of var (x9,x11) (idx 16) in constr e324 (idx 300) is deemed risky
+ coeff 4.38053 of var (x9,x22) (idx 17) in constr e324 (idx 300) is deemed risky
+ coeff -4.38053 of var (x9,x23) (idx 18) in constr e324 (idx 300) is deemed risky
+ coeff 4.38053 of var (x10,x11) (idx 19) in constr e324 (idx 300) is deemed risky
+ coeff 1.46014 of var (x10,x22) (idx 20) in constr e324 (idx 300) is deemed risky
+ coeff -1.46014 of var (x10,x23) (idx 21) in constr e324 (idx 300) is deemed risky
+ coeff 4.39221 of var (x6,x8) (idx 0) in constr e325 (idx 301) is deemed risky
+ coeff -11.9801 of var (x6,x12) (idx 1) in constr e325 (idx 301) is deemed risky
+ coeff 6.21269 of var (x6,x13) (idx 2) in constr e325 (idx 301) is deemed risky
+ coeff -4.39221 of var (x6,x14) (idx 3) in constr e325 (idx 301) is deemed risky
+ coeff 1.3924 of var (x6,x22) (idx 4) in constr e325 (idx 301) is deemed risky
+ coeff -1.3924 of var (x6,x24) (idx 5) in constr e325 (idx 301) is deemed risky
+ coeff -1.3924 of var (x7,x8) (idx 6) in constr e325 (idx 301) is deemed risky
+ coeff -6.21269 of var (x7,x12) (idx 7) in constr e325 (idx 301) is deemed risky
+ coeff -11.9801 of var (x7,x13) (idx 8) in constr e325 (idx 301) is deemed risky
+ coeff 1.3924 of var (x7,x14) (idx 9) in constr e325 (idx 301) is deemed risky
+ coeff 4.39221 of var (x7,x22) (idx 10) in constr e325 (idx 301) is deemed risky
+ coeff -4.39221 of var (x7,x24) (idx 11) in constr e325 (idx 301) is deemed risky
+ coeff -4.14205 of var (x8,x12) (idx 13) in constr e325 (idx 301) is deemed risky
+ coeff 4.14205 of var (x8,x13) (idx 14) in constr e325 (idx 301) is deemed risky
+ coeff 4.14205 of var (x12,x14) (idx 16) in constr e325 (idx 301) is deemed risky
+ coeff -4.14205 of var (x12,x22) (idx 17) in constr e325 (idx 301) is deemed risky
+ coeff 4.14205 of var (x12,x24) (idx 18) in constr e325 (idx 301) is deemed risky
+ coeff -4.14205 of var (x13,x14) (idx 19) in constr e325 (idx 301) is deemed risky
+ coeff -4.14205 of var (x13,x22) (idx 20) in constr e325 (idx 301) is deemed risky
+ coeff 4.14205 of var (x13,x24) (idx 21) in constr e325 (idx 301) is deemed risky
+ coeff 4.39221 of var (x6,x8) (idx 0) in constr e326 (idx 302) is deemed risky
+ coeff -6.54748 of var (x6,x15) (idx 1) in constr e326 (idx 302) is deemed risky
+ coeff -6.7279 of var (x6,x16) (idx 2) in constr e326 (idx 302) is deemed risky
+ coeff -4.39221 of var (x6,x17) (idx 3) in constr e326 (idx 302) is deemed risky
+ coeff 1.3924 of var (x6,x22) (idx 4) in constr e326 (idx 302) is deemed risky
+ coeff -1.3924 of var (x6,x25) (idx 5) in constr e326 (idx 302) is deemed risky
+ coeff -1.3924 of var (x7,x8) (idx 6) in constr e326 (idx 302) is deemed risky
+ coeff 6.7279 of var (x7,x15) (idx 7) in constr e326 (idx 302) is deemed risky
+ coeff -6.54748 of var (x7,x16) (idx 8) in constr e326 (idx 302) is deemed risky
+ coeff 1.3924 of var (x7,x17) (idx 9) in constr e326 (idx 302) is deemed risky
+ coeff 4.39221 of var (x7,x22) (idx 10) in constr e326 (idx 302) is deemed risky
+ coeff -4.39221 of var (x7,x25) (idx 11) in constr e326 (idx 302) is deemed risky
+ coeff -3.59164 of var (x8,x15) (idx 13) in constr e326 (idx 302) is deemed risky
+ coeff -1.92496 of var (x8,x16) (idx 14) in constr e326 (idx 302) is deemed risky
+ coeff 3.59164 of var (x15,x17) (idx 16) in constr e326 (idx 302) is deemed risky
+ coeff 1.92496 of var (x15,x22) (idx 17) in constr e326 (idx 302) is deemed risky
+ coeff -1.92496 of var (x15,x25) (idx 18) in constr e326 (idx 302) is deemed risky
+ coeff 1.92496 of var (x16,x17) (idx 19) in constr e326 (idx 302) is deemed risky
+ coeff -3.59164 of var (x16,x22) (idx 20) in constr e326 (idx 302) is deemed risky
+ coeff 3.59164 of var (x16,x25) (idx 21) in constr e326 (idx 302) is deemed risky
+ coeff 4.39221 of var (x6,x8) (idx 0) in constr e327 (idx 303) is deemed risky
+ coeff -9.58412 of var (x6,x18) (idx 1) in constr e327 (idx 303) is deemed risky
+ coeff 4.96974 of var (x6,x19) (idx 2) in constr e327 (idx 303) is deemed risky
+ coeff -4.39221 of var (x6,x20) (idx 3) in constr e327 (idx 303) is deemed risky
+ coeff 1.3924 of var (x6,x22) (idx 4) in constr e327 (idx 303) is deemed risky
+ coeff -1.3924 of var (x6,x26) (idx 5) in constr e327 (idx 303) is deemed risky
+ coeff -1.3924 of var (x7,x8) (idx 6) in constr e327 (idx 303) is deemed risky
+ coeff -4.96974 of var (x7,x18) (idx 7) in constr e327 (idx 303) is deemed risky
+ coeff -9.58412 of var (x7,x19) (idx 8) in constr e327 (idx 303) is deemed risky
+ coeff 1.3924 of var (x7,x20) (idx 9) in constr e327 (idx 303) is deemed risky
+ coeff 4.39221 of var (x7,x22) (idx 10) in constr e327 (idx 303) is deemed risky
+ coeff -4.39221 of var (x7,x26) (idx 11) in constr e327 (idx 303) is deemed risky
+ coeff -3.31372 of var (x8,x18) (idx 13) in constr e327 (idx 303) is deemed risky
+ coeff 3.31348 of var (x8,x19) (idx 14) in constr e327 (idx 303) is deemed risky
+ coeff 3.31372 of var (x18,x20) (idx 16) in constr e327 (idx 303) is deemed risky
+ coeff -3.31348 of var (x18,x22) (idx 17) in constr e327 (idx 303) is deemed risky
+ coeff 3.31348 of var (x18,x26) (idx 18) in constr e327 (idx 303) is deemed risky
+ coeff -3.31348 of var (x19,x20) (idx 19) in constr e327 (idx 303) is deemed risky
+ coeff -3.31372 of var (x19,x22) (idx 20) in constr e327 (idx 303) is deemed risky
+ coeff 3.31372 of var (x19,x26) (idx 21) in constr e327 (idx 303) is deemed risky
+ coeff 4.39221 of var (x6,x8) (idx 0) in constr e328 (idx 304) is deemed risky
+ coeff 2.39294 of var (x6,x9) (idx 1) in constr e328 (idx 304) is deemed risky
+ coeff -3.29046 of var (x6,x10) (idx 2) in constr e328 (idx 304) is deemed risky
+ coeff -4.39221 of var (x6,x11) (idx 3) in constr e328 (idx 304) is deemed risky
+ coeff 1.3924 of var (x6,x22) (idx 4) in constr e328 (idx 304) is deemed risky
+ coeff -1.3924 of var (x6,x23) (idx 5) in constr e328 (idx 304) is deemed risky
+ coeff -1.3924 of var (x7,x8) (idx 6) in constr e328 (idx 304) is deemed risky
+ coeff 3.29046 of var (x7,x9) (idx 7) in constr e328 (idx 304) is deemed risky
+ coeff 2.39294 of var (x7,x10) (idx 8) in constr e328 (idx 304) is deemed risky
+ coeff 1.3924 of var (x7,x11) (idx 9) in constr e328 (idx 304) is deemed risky
+ coeff 4.39221 of var (x7,x22) (idx 10) in constr e328 (idx 304) is deemed risky
+ coeff -4.39221 of var (x7,x23) (idx 11) in constr e328 (idx 304) is deemed risky
+ coeff 0.558512 of var (x8,x9) (idx 13) in constr e328 (idx 304) is deemed risky
+ coeff -1.67537 of var (x8,x10) (idx 14) in constr e328 (idx 304) is deemed risky
+ coeff -0.558512 of var (x9,x11) (idx 16) in constr e328 (idx 304) is deemed risky
+ coeff 1.67537 of var (x9,x22) (idx 17) in constr e328 (idx 304) is deemed risky
+ coeff -1.67537 of var (x9,x23) (idx 18) in constr e328 (idx 304) is deemed risky
+ coeff 1.67537 of var (x10,x11) (idx 19) in constr e328 (idx 304) is deemed risky
+ coeff 0.558512 of var (x10,x22) (idx 20) in constr e328 (idx 304) is deemed risky
+ coeff -0.558512 of var (x10,x23) (idx 21) in constr e328 (idx 304) is deemed risky
+ coeff 4.39221 of var (x6,x8) (idx 0) in constr e329 (idx 305) is deemed risky
+ coeff 11.9801 of var (x6,x12) (idx 1) in constr e329 (idx 305) is deemed risky
+ coeff -6.21269 of var (x6,x13) (idx 2) in constr e329 (idx 305) is deemed risky
+ coeff -4.39221 of var (x6,x14) (idx 3) in constr e329 (idx 305) is deemed risky
+ coeff 1.3924 of var (x6,x22) (idx 4) in constr e329 (idx 305) is deemed risky
+ coeff -1.3924 of var (x6,x24) (idx 5) in constr e329 (idx 305) is deemed risky
+ coeff -1.3924 of var (x7,x8) (idx 6) in constr e329 (idx 305) is deemed risky
+ coeff 6.21269 of var (x7,x12) (idx 7) in constr e329 (idx 305) is deemed risky
+ coeff 11.9801 of var (x7,x13) (idx 8) in constr e329 (idx 305) is deemed risky
+ coeff 1.3924 of var (x7,x14) (idx 9) in constr e329 (idx 305) is deemed risky
+ coeff 4.39221 of var (x7,x22) (idx 10) in constr e329 (idx 305) is deemed risky
+ coeff -4.39221 of var (x7,x24) (idx 11) in constr e329 (idx 305) is deemed risky
+ coeff 4.14205 of var (x8,x12) (idx 13) in constr e329 (idx 305) is deemed risky
+ coeff -4.14205 of var (x8,x13) (idx 14) in constr e329 (idx 305) is deemed risky
+ coeff -4.14205 of var (x12,x14) (idx 16) in constr e329 (idx 305) is deemed risky
+ coeff 4.14205 of var (x12,x22) (idx 17) in constr e329 (idx 305) is deemed risky
+ coeff -4.14205 of var (x12,x24) (idx 18) in constr e329 (idx 305) is deemed risky
+ coeff 4.14205 of var (x13,x14) (idx 19) in constr e329 (idx 305) is deemed risky
+ coeff 4.14205 of var (x13,x22) (idx 20) in constr e329 (idx 305) is deemed risky
+ coeff -4.14205 of var (x13,x24) (idx 21) in constr e329 (idx 305) is deemed risky
+ coeff 4.39221 of var (x6,x8) (idx 0) in constr e330 (idx 306) is deemed risky
+ coeff 13.4046 of var (x6,x15) (idx 1) in constr e330 (idx 306) is deemed risky
+ coeff 9.44759 of var (x6,x16) (idx 2) in constr e330 (idx 306) is deemed risky
+ coeff -4.39221 of var (x6,x17) (idx 3) in constr e330 (idx 306) is deemed risky
+ coeff 1.3924 of var (x6,x22) (idx 4) in constr e330 (idx 306) is deemed risky
+ coeff -1.3924 of var (x6,x25) (idx 5) in constr e330 (idx 306) is deemed risky
+ coeff -1.3924 of var (x7,x8) (idx 6) in constr e330 (idx 306) is deemed risky
+ coeff -9.44759 of var (x7,x15) (idx 7) in constr e330 (idx 306) is deemed risky
+ coeff 13.4046 of var (x7,x16) (idx 8) in constr e330 (idx 306) is deemed risky
+ coeff 1.3924 of var (x7,x17) (idx 9) in constr e330 (idx 306) is deemed risky
+ coeff 4.39221 of var (x7,x22) (idx 10) in constr e330 (idx 306) is deemed risky
+ coeff -4.39221 of var (x7,x25) (idx 11) in constr e330 (idx 306) is deemed risky
+ coeff 6.78566 of var (x8,x15) (idx 13) in constr e330 (idx 306) is deemed risky
+ coeff 2.15082 of var (x8,x16) (idx 14) in constr e330 (idx 306) is deemed risky
+ coeff -6.78566 of var (x15,x17) (idx 16) in constr e330 (idx 306) is deemed risky
+ coeff -2.15082 of var (x15,x22) (idx 17) in constr e330 (idx 306) is deemed risky
+ coeff 2.15082 of var (x15,x25) (idx 18) in constr e330 (idx 306) is deemed risky
+ coeff -2.15082 of var (x16,x17) (idx 19) in constr e330 (idx 306) is deemed risky
+ coeff 6.78566 of var (x16,x22) (idx 20) in constr e330 (idx 306) is deemed risky
+ coeff -6.78566 of var (x16,x25) (idx 21) in constr e330 (idx 306) is deemed risky
+ coeff 4.39221 of var (x6,x8) (idx 0) in constr e331 (idx 307) is deemed risky
+ coeff 17.384 of var (x6,x18) (idx 1) in constr e331 (idx 307) is deemed risky
+ coeff -2.74605 of var (x6,x19) (idx 2) in constr e331 (idx 307) is deemed risky
+ coeff -4.39221 of var (x6,x20) (idx 3) in constr e331 (idx 307) is deemed risky
+ coeff 1.3924 of var (x6,x22) (idx 4) in constr e331 (idx 307) is deemed risky
+ coeff -1.3924 of var (x6,x26) (idx 5) in constr e331 (idx 307) is deemed risky
+ coeff -1.3924 of var (x7,x8) (idx 6) in constr e331 (idx 307) is deemed risky
+ coeff 2.74605 of var (x7,x18) (idx 7) in constr e331 (idx 307) is deemed risky
+ coeff 17.384 of var (x7,x19) (idx 8) in constr e331 (idx 307) is deemed risky
+ coeff 1.3924 of var (x7,x20) (idx 9) in constr e331 (idx 307) is deemed risky
+ coeff 4.39221 of var (x7,x22) (idx 10) in constr e331 (idx 307) is deemed risky
+ coeff -4.39221 of var (x7,x26) (idx 11) in constr e331 (idx 307) is deemed risky
+ coeff 6.83276 of var (x8,x18) (idx 13) in constr e331 (idx 307) is deemed risky
+ coeff -3.4165 of var (x8,x19) (idx 14) in constr e331 (idx 307) is deemed risky
+ coeff -6.83276 of var (x18,x20) (idx 16) in constr e331 (idx 307) is deemed risky
+ coeff 3.4165 of var (x18,x22) (idx 17) in constr e331 (idx 307) is deemed risky
+ coeff -3.4165 of var (x18,x26) (idx 18) in constr e331 (idx 307) is deemed risky
+ coeff 3.4165 of var (x19,x20) (idx 19) in constr e331 (idx 307) is deemed risky
+ coeff 6.83276 of var (x19,x22) (idx 20) in constr e331 (idx 307) is deemed risky
+ coeff -6.83276 of var (x19,x26) (idx 21) in constr e331 (idx 307) is deemed risky
+ coeff 2.47186 of var (x9,x11) (idx 0) in constr e332 (idx 308) is deemed risky
+ coeff 2.55931 of var (x9,x12) (idx 1) in constr e332 (idx 308) is deemed risky
+ coeff 7.67927 of var (x9,x13) (idx 2) in constr e332 (idx 308) is deemed risky
+ coeff -2.47186 of var (x9,x14) (idx 3) in constr e332 (idx 308) is deemed risky
+ coeff 1.23609 of var (x9,x23) (idx 4) in constr e332 (idx 308) is deemed risky
+ coeff -1.23609 of var (x9,x24) (idx 5) in constr e332 (idx 308) is deemed risky
+ coeff -1.23609 of var (x10,x11) (idx 6) in constr e332 (idx 308) is deemed risky
+ coeff -7.67927 of var (x10,x12) (idx 7) in constr e332 (idx 308) is deemed risky
+ coeff 2.55931 of var (x10,x13) (idx 8) in constr e332 (idx 308) is deemed risky
+ coeff 1.23609 of var (x10,x14) (idx 9) in constr e332 (idx 308) is deemed risky
+ coeff 2.47186 of var (x10,x23) (idx 10) in constr e332 (idx 308) is deemed risky
+ coeff -2.47186 of var (x10,x24) (idx 11) in constr e332 (idx 308) is deemed risky
+ coeff 4.14205 of var (x11,x12) (idx 13) in constr e332 (idx 308) is deemed risky
+ coeff 4.14205 of var (x11,x13) (idx 14) in constr e332 (idx 308) is deemed risky
+ coeff -4.14205 of var (x12,x14) (idx 16) in constr e332 (idx 308) is deemed risky
+ coeff -4.14205 of var (x12,x23) (idx 17) in constr e332 (idx 308) is deemed risky
+ coeff 4.14205 of var (x12,x24) (idx 18) in constr e332 (idx 308) is deemed risky
+ coeff -4.14205 of var (x13,x14) (idx 19) in constr e332 (idx 308) is deemed risky
+ coeff 4.14205 of var (x13,x23) (idx 20) in constr e332 (idx 308) is deemed risky
+ coeff -4.14205 of var (x13,x24) (idx 21) in constr e332 (idx 308) is deemed risky
+ coeff 2.47186 of var (x9,x11) (idx 0) in constr e333 (idx 309) is deemed risky
+ coeff 4.63031 of var (x9,x15) (idx 1) in constr e333 (idx 309) is deemed risky
+ coeff 4.42474 of var (x9,x16) (idx 2) in constr e333 (idx 309) is deemed risky
+ coeff -2.47186 of var (x9,x17) (idx 3) in constr e333 (idx 309) is deemed risky
+ coeff 1.23609 of var (x9,x23) (idx 4) in constr e333 (idx 309) is deemed risky
+ coeff -1.23609 of var (x9,x25) (idx 5) in constr e333 (idx 309) is deemed risky
+ coeff -1.23609 of var (x10,x11) (idx 6) in constr e333 (idx 309) is deemed risky
+ coeff -4.42474 of var (x10,x15) (idx 7) in constr e333 (idx 309) is deemed risky
+ coeff 4.63031 of var (x10,x16) (idx 8) in constr e333 (idx 309) is deemed risky
+ coeff 1.23609 of var (x10,x17) (idx 9) in constr e333 (idx 309) is deemed risky
+ coeff 2.47186 of var (x10,x23) (idx 10) in constr e333 (idx 309) is deemed risky
+ coeff -2.47186 of var (x10,x25) (idx 11) in constr e333 (idx 309) is deemed risky
+ coeff 4.42912 of var (x11,x15) (idx 13) in constr e333 (idx 309) is deemed risky
+ coeff 1.36523 of var (x11,x16) (idx 14) in constr e333 (idx 309) is deemed risky
+ coeff -4.42912 of var (x15,x17) (idx 16) in constr e333 (idx 309) is deemed risky
+ coeff -1.36523 of var (x15,x23) (idx 17) in constr e333 (idx 309) is deemed risky
+ coeff 1.36523 of var (x15,x25) (idx 18) in constr e333 (idx 309) is deemed risky
+ coeff -1.36523 of var (x16,x17) (idx 19) in constr e333 (idx 309) is deemed risky
+ coeff 4.42912 of var (x16,x23) (idx 20) in constr e333 (idx 309) is deemed risky
+ coeff -4.42912 of var (x16,x25) (idx 21) in constr e333 (idx 309) is deemed risky
+ coeff 2.47186 of var (x9,x11) (idx 0) in constr e334 (idx 310) is deemed risky
+ coeff 7.63847 of var (x9,x18) (idx 1) in constr e334 (idx 310) is deemed risky
+ coeff 0.000251492 of var (x9,x19) (idx 2) in constr e334 (idx 310) is deemed risky
+ coeff -2.47186 of var (x9,x20) (idx 3) in constr e334 (idx 310) is deemed risky
+ coeff 1.23609 of var (x9,x23) (idx 4) in constr e334 (idx 310) is deemed risky
+ coeff -1.23609 of var (x9,x26) (idx 5) in constr e334 (idx 310) is deemed risky
+ coeff -1.23609 of var (x10,x11) (idx 6) in constr e334 (idx 310) is deemed risky
+ coeff -0.000251492 of var (x10,x18) (idx 7) in constr e334 (idx 310) is deemed risky
+ coeff 7.63847 of var (x10,x19) (idx 8) in constr e334 (idx 310) is deemed risky
+ coeff 1.23609 of var (x10,x20) (idx 9) in constr e334 (idx 310) is deemed risky
+ coeff 2.47186 of var (x10,x23) (idx 10) in constr e334 (idx 310) is deemed risky
+ coeff -2.47186 of var (x10,x26) (idx 11) in constr e334 (idx 310) is deemed risky
+ coeff 4.94409 of var (x11,x18) (idx 13) in constr e334 (idx 310) is deemed risky
+ coeff -2.47217 of var (x11,x19) (idx 14) in constr e334 (idx 310) is deemed risky
+ coeff -4.94409 of var (x18,x20) (idx 16) in constr e334 (idx 310) is deemed risky
+ coeff 2.47217 of var (x18,x23) (idx 17) in constr e334 (idx 310) is deemed risky
+ coeff -2.47217 of var (x18,x26) (idx 18) in constr e334 (idx 310) is deemed risky
+ coeff 2.47217 of var (x19,x20) (idx 19) in constr e334 (idx 310) is deemed risky
+ coeff 4.94409 of var (x19,x23) (idx 20) in constr e334 (idx 310) is deemed risky
+ coeff -4.94409 of var (x19,x26) (idx 21) in constr e334 (idx 310) is deemed risky
+ coeff 2.47186 of var (x9,x11) (idx 0) in constr e335 (idx 311) is deemed risky
+ coeff -2.55931 of var (x9,x12) (idx 1) in constr e335 (idx 311) is deemed risky
+ coeff -7.67927 of var (x9,x13) (idx 2) in constr e335 (idx 311) is deemed risky
+ coeff -2.47186 of var (x9,x14) (idx 3) in constr e335 (idx 311) is deemed risky
+ coeff 1.23609 of var (x9,x23) (idx 4) in constr e335 (idx 311) is deemed risky
+ coeff -1.23609 of var (x9,x24) (idx 5) in constr e335 (idx 311) is deemed risky
+ coeff -1.23609 of var (x10,x11) (idx 6) in constr e335 (idx 311) is deemed risky
+ coeff 7.67927 of var (x10,x12) (idx 7) in constr e335 (idx 311) is deemed risky
+ coeff -2.55931 of var (x10,x13) (idx 8) in constr e335 (idx 311) is deemed risky
+ coeff 1.23609 of var (x10,x14) (idx 9) in constr e335 (idx 311) is deemed risky
+ coeff 2.47186 of var (x10,x23) (idx 10) in constr e335 (idx 311) is deemed risky
+ coeff -2.47186 of var (x10,x24) (idx 11) in constr e335 (idx 311) is deemed risky
+ coeff -4.14205 of var (x11,x12) (idx 13) in constr e335 (idx 311) is deemed risky
+ coeff -4.14205 of var (x11,x13) (idx 14) in constr e335 (idx 311) is deemed risky
+ coeff 4.14205 of var (x12,x14) (idx 16) in constr e335 (idx 311) is deemed risky
+ coeff 4.14205 of var (x12,x23) (idx 17) in constr e335 (idx 311) is deemed risky
+ coeff -4.14205 of var (x12,x24) (idx 18) in constr e335 (idx 311) is deemed risky
+ coeff 4.14205 of var (x13,x14) (idx 19) in constr e335 (idx 311) is deemed risky
+ coeff -4.14205 of var (x13,x23) (idx 20) in constr e335 (idx 311) is deemed risky
+ coeff 4.14205 of var (x13,x24) (idx 21) in constr e335 (idx 311) is deemed risky
+ coeff 2.47186 of var (x9,x11) (idx 0) in constr e336 (idx 312) is deemed risky
+ coeff -5.62878 of var (x9,x15) (idx 1) in constr e336 (idx 312) is deemed risky
+ coeff 0.159385 of var (x9,x16) (idx 2) in constr e336 (idx 312) is deemed risky
+ coeff -2.47186 of var (x9,x17) (idx 3) in constr e336 (idx 312) is deemed risky
+ coeff 1.23609 of var (x9,x23) (idx 4) in constr e336 (idx 312) is deemed risky
+ coeff -1.23609 of var (x9,x25) (idx 5) in constr e336 (idx 312) is deemed risky
+ coeff -1.23609 of var (x10,x11) (idx 6) in constr e336 (idx 312) is deemed risky
+ coeff -0.159385 of var (x10,x15) (idx 7) in constr e336 (idx 312) is deemed risky
+ coeff -5.62878 of var (x10,x16) (idx 8) in constr e336 (idx 312) is deemed risky
+ coeff 1.23609 of var (x10,x17) (idx 9) in constr e336 (idx 312) is deemed risky
+ coeff 2.47186 of var (x10,x23) (idx 10) in constr e336 (idx 312) is deemed risky
+ coeff -2.47186 of var (x10,x25) (idx 11) in constr e336 (idx 312) is deemed risky
+ coeff -3.59164 of var (x11,x15) (idx 13) in constr e336 (idx 312) is deemed risky
+ coeff 1.92502 of var (x11,x16) (idx 14) in constr e336 (idx 312) is deemed risky
+ coeff 3.59164 of var (x15,x17) (idx 16) in constr e336 (idx 312) is deemed risky
+ coeff -1.92502 of var (x15,x23) (idx 17) in constr e336 (idx 312) is deemed risky
+ coeff 1.92502 of var (x15,x25) (idx 18) in constr e336 (idx 312) is deemed risky
+ coeff -1.92502 of var (x16,x17) (idx 19) in constr e336 (idx 312) is deemed risky
+ coeff -3.59164 of var (x16,x23) (idx 20) in constr e336 (idx 312) is deemed risky
+ coeff 3.59164 of var (x16,x25) (idx 21) in constr e336 (idx 312) is deemed risky
+ coeff 2.47186 of var (x9,x11) (idx 0) in constr e337 (idx 313) is deemed risky
+ coeff -2.04714 of var (x9,x18) (idx 1) in constr e337 (idx 313) is deemed risky
+ coeff -6.14352 of var (x9,x19) (idx 2) in constr e337 (idx 313) is deemed risky
+ coeff -2.47186 of var (x9,x20) (idx 3) in constr e337 (idx 313) is deemed risky
+ coeff 1.23609 of var (x9,x23) (idx 4) in constr e337 (idx 313) is deemed risky
+ coeff -1.23609 of var (x9,x26) (idx 5) in constr e337 (idx 313) is deemed risky
+ coeff -1.23609 of var (x10,x11) (idx 6) in constr e337 (idx 313) is deemed risky
+ coeff 6.14352 of var (x10,x18) (idx 7) in constr e337 (idx 313) is deemed risky
+ coeff -2.04714 of var (x10,x19) (idx 8) in constr e337 (idx 313) is deemed risky
+ coeff 1.23609 of var (x10,x20) (idx 9) in constr e337 (idx 313) is deemed risky
+ coeff 2.47186 of var (x10,x23) (idx 10) in constr e337 (idx 313) is deemed risky
+ coeff -2.47186 of var (x10,x26) (idx 11) in constr e337 (idx 313) is deemed risky
+ coeff -3.31348 of var (x11,x18) (idx 13) in constr e337 (idx 313) is deemed risky
+ coeff -3.3138 of var (x11,x19) (idx 14) in constr e337 (idx 313) is deemed risky
+ coeff 3.31348 of var (x18,x20) (idx 16) in constr e337 (idx 313) is deemed risky
+ coeff 3.3138 of var (x18,x23) (idx 17) in constr e337 (idx 313) is deemed risky
+ coeff -3.3138 of var (x18,x26) (idx 18) in constr e337 (idx 313) is deemed risky
+ coeff 3.3138 of var (x19,x20) (idx 19) in constr e337 (idx 313) is deemed risky
+ coeff -3.31348 of var (x19,x23) (idx 20) in constr e337 (idx 313) is deemed risky
+ coeff 3.31348 of var (x19,x26) (idx 21) in constr e337 (idx 313) is deemed risky
+ coeff 2.47186 of var (x9,x11) (idx 0) in constr e338 (idx 314) is deemed risky
+ coeff -7.67927 of var (x9,x12) (idx 1) in constr e338 (idx 314) is deemed risky
+ coeff 2.55931 of var (x9,x13) (idx 2) in constr e338 (idx 314) is deemed risky
+ coeff -2.47186 of var (x9,x14) (idx 3) in constr e338 (idx 314) is deemed risky
+ coeff 1.23609 of var (x9,x23) (idx 4) in constr e338 (idx 314) is deemed risky
+ coeff -1.23609 of var (x9,x24) (idx 5) in constr e338 (idx 314) is deemed risky
+ coeff -1.23609 of var (x10,x11) (idx 6) in constr e338 (idx 314) is deemed risky
+ coeff -2.55931 of var (x10,x12) (idx 7) in constr e338 (idx 314) is deemed risky
+ coeff -7.67927 of var (x10,x13) (idx 8) in constr e338 (idx 314) is deemed risky
+ coeff 1.23609 of var (x10,x14) (idx 9) in constr e338 (idx 314) is deemed risky
+ coeff 2.47186 of var (x10,x23) (idx 10) in constr e338 (idx 314) is deemed risky
+ coeff -2.47186 of var (x10,x24) (idx 11) in constr e338 (idx 314) is deemed risky
+ coeff -4.14205 of var (x11,x12) (idx 13) in constr e338 (idx 314) is deemed risky
+ coeff 4.14205 of var (x11,x13) (idx 14) in constr e338 (idx 314) is deemed risky
+ coeff 4.14205 of var (x12,x14) (idx 16) in constr e338 (idx 314) is deemed risky
+ coeff -4.14205 of var (x12,x23) (idx 17) in constr e338 (idx 314) is deemed risky
+ coeff 4.14205 of var (x12,x24) (idx 18) in constr e338 (idx 314) is deemed risky
+ coeff -4.14205 of var (x13,x14) (idx 19) in constr e338 (idx 314) is deemed risky
+ coeff -4.14205 of var (x13,x23) (idx 20) in constr e338 (idx 314) is deemed risky
+ coeff 4.14205 of var (x13,x24) (idx 21) in constr e338 (idx 314) is deemed risky
+ coeff 2.47186 of var (x9,x11) (idx 0) in constr e339 (idx 315) is deemed risky
+ coeff -3.24931 of var (x9,x15) (idx 1) in constr e339 (idx 315) is deemed risky
+ coeff -4.59892 of var (x9,x16) (idx 2) in constr e339 (idx 315) is deemed risky
+ coeff -2.47186 of var (x9,x17) (idx 3) in constr e339 (idx 315) is deemed risky
+ coeff 1.23609 of var (x9,x23) (idx 4) in constr e339 (idx 315) is deemed risky
+ coeff -1.23609 of var (x9,x25) (idx 5) in constr e339 (idx 315) is deemed risky
+ coeff -1.23609 of var (x10,x11) (idx 6) in constr e339 (idx 315) is deemed risky
+ coeff 4.59892 of var (x10,x15) (idx 7) in constr e339 (idx 315) is deemed risky
+ coeff -3.24931 of var (x10,x16) (idx 8) in constr e339 (idx 315) is deemed risky
+ coeff 1.23609 of var (x10,x17) (idx 9) in constr e339 (idx 315) is deemed risky
+ coeff 2.47186 of var (x10,x23) (idx 10) in constr e339 (idx 315) is deemed risky
+ coeff -2.47186 of var (x10,x25) (idx 11) in constr e339 (idx 315) is deemed risky
+ coeff -3.59164 of var (x11,x15) (idx 13) in constr e339 (idx 315) is deemed risky
+ coeff -1.92496 of var (x11,x16) (idx 14) in constr e339 (idx 315) is deemed risky
+ coeff 3.59164 of var (x15,x17) (idx 16) in constr e339 (idx 315) is deemed risky
+ coeff 1.92496 of var (x15,x23) (idx 17) in constr e339 (idx 315) is deemed risky
+ coeff -1.92496 of var (x15,x25) (idx 18) in constr e339 (idx 315) is deemed risky
+ coeff 1.92496 of var (x16,x17) (idx 19) in constr e339 (idx 315) is deemed risky
+ coeff -3.59164 of var (x16,x23) (idx 20) in constr e339 (idx 315) is deemed risky
+ coeff 3.59164 of var (x16,x25) (idx 21) in constr e339 (idx 315) is deemed risky
+ coeff 2.47186 of var (x9,x11) (idx 0) in constr e340 (idx 316) is deemed risky
+ coeff -6.14342 of var (x9,x18) (idx 1) in constr e340 (idx 316) is deemed risky
+ coeff 2.04719 of var (x9,x19) (idx 2) in constr e340 (idx 316) is deemed risky
+ coeff -2.47186 of var (x9,x20) (idx 3) in constr e340 (idx 316) is deemed risky
+ coeff 1.23609 of var (x9,x23) (idx 4) in constr e340 (idx 316) is deemed risky
+ coeff -1.23609 of var (x9,x26) (idx 5) in constr e340 (idx 316) is deemed risky
+ coeff -1.23609 of var (x10,x11) (idx 6) in constr e340 (idx 316) is deemed risky
+ coeff -2.04719 of var (x10,x18) (idx 7) in constr e340 (idx 316) is deemed risky
+ coeff -6.14342 of var (x10,x19) (idx 8) in constr e340 (idx 316) is deemed risky
+ coeff 1.23609 of var (x10,x20) (idx 9) in constr e340 (idx 316) is deemed risky
+ coeff 2.47186 of var (x10,x23) (idx 10) in constr e340 (idx 316) is deemed risky
+ coeff -2.47186 of var (x10,x26) (idx 11) in constr e340 (idx 316) is deemed risky
+ coeff -3.31372 of var (x11,x18) (idx 13) in constr e340 (idx 316) is deemed risky
+ coeff 3.31348 of var (x11,x19) (idx 14) in constr e340 (idx 316) is deemed risky
+ coeff 3.31372 of var (x18,x20) (idx 16) in constr e340 (idx 316) is deemed risky
+ coeff -3.31348 of var (x18,x23) (idx 17) in constr e340 (idx 316) is deemed risky
+ coeff 3.31348 of var (x18,x26) (idx 18) in constr e340 (idx 316) is deemed risky
+ coeff -3.31348 of var (x19,x20) (idx 19) in constr e340 (idx 316) is deemed risky
+ coeff -3.31372 of var (x19,x23) (idx 20) in constr e340 (idx 316) is deemed risky
+ coeff 3.31372 of var (x19,x26) (idx 21) in constr e340 (idx 316) is deemed risky
+ coeff 2.47186 of var (x9,x11) (idx 0) in constr e341 (idx 317) is deemed risky
+ coeff 7.67927 of var (x9,x12) (idx 1) in constr e341 (idx 317) is deemed risky
+ coeff -2.55931 of var (x9,x13) (idx 2) in constr e341 (idx 317) is deemed risky
+ coeff -2.47186 of var (x9,x14) (idx 3) in constr e341 (idx 317) is deemed risky
+ coeff 1.23609 of var (x9,x23) (idx 4) in constr e341 (idx 317) is deemed risky
+ coeff -1.23609 of var (x9,x24) (idx 5) in constr e341 (idx 317) is deemed risky
+ coeff -1.23609 of var (x10,x11) (idx 6) in constr e341 (idx 317) is deemed risky
+ coeff 2.55931 of var (x10,x12) (idx 7) in constr e341 (idx 317) is deemed risky
+ coeff 7.67927 of var (x10,x13) (idx 8) in constr e341 (idx 317) is deemed risky
+ coeff 1.23609 of var (x10,x14) (idx 9) in constr e341 (idx 317) is deemed risky
+ coeff 2.47186 of var (x10,x23) (idx 10) in constr e341 (idx 317) is deemed risky
+ coeff -2.47186 of var (x10,x24) (idx 11) in constr e341 (idx 317) is deemed risky
+ coeff 4.14205 of var (x11,x12) (idx 13) in constr e341 (idx 317) is deemed risky
+ coeff -4.14205 of var (x11,x13) (idx 14) in constr e341 (idx 317) is deemed risky
+ coeff -4.14205 of var (x12,x14) (idx 16) in constr e341 (idx 317) is deemed risky
+ coeff 4.14205 of var (x12,x23) (idx 17) in constr e341 (idx 317) is deemed risky
+ coeff -4.14205 of var (x12,x24) (idx 18) in constr e341 (idx 317) is deemed risky
+ coeff 4.14205 of var (x13,x14) (idx 19) in constr e341 (idx 317) is deemed risky
+ coeff 4.14205 of var (x13,x23) (idx 20) in constr e341 (idx 317) is deemed risky
+ coeff -4.14205 of var (x13,x24) (idx 21) in constr e341 (idx 317) is deemed risky
+ coeff 2.47186 of var (x9,x11) (idx 0) in constr e342 (idx 318) is deemed risky
+ coeff 7.05731 of var (x9,x15) (idx 1) in constr e342 (idx 318) is deemed risky
+ coeff 6.85212 of var (x9,x16) (idx 2) in constr e342 (idx 318) is deemed risky
+ coeff -2.47186 of var (x9,x17) (idx 3) in constr e342 (idx 318) is deemed risky
+ coeff 1.23609 of var (x9,x23) (idx 4) in constr e342 (idx 318) is deemed risky
+ coeff -1.23609 of var (x9,x25) (idx 5) in constr e342 (idx 318) is deemed risky
+ coeff -1.23609 of var (x10,x11) (idx 6) in constr e342 (idx 318) is deemed risky
+ coeff -6.85212 of var (x10,x15) (idx 7) in constr e342 (idx 318) is deemed risky
+ coeff 7.05731 of var (x10,x16) (idx 8) in constr e342 (idx 318) is deemed risky
+ coeff 1.23609 of var (x10,x17) (idx 9) in constr e342 (idx 318) is deemed risky
+ coeff 2.47186 of var (x10,x23) (idx 10) in constr e342 (idx 318) is deemed risky
+ coeff -2.47186 of var (x10,x25) (idx 11) in constr e342 (idx 318) is deemed risky
+ coeff 6.78566 of var (x11,x15) (idx 13) in constr e342 (idx 318) is deemed risky
+ coeff 2.15082 of var (x11,x16) (idx 14) in constr e342 (idx 318) is deemed risky
+ coeff -6.78566 of var (x15,x17) (idx 16) in constr e342 (idx 318) is deemed risky
+ coeff -2.15082 of var (x15,x23) (idx 17) in constr e342 (idx 318) is deemed risky
+ coeff 2.15082 of var (x15,x25) (idx 18) in constr e342 (idx 318) is deemed risky
+ coeff -2.15082 of var (x16,x17) (idx 19) in constr e342 (idx 318) is deemed risky
+ coeff 6.78566 of var (x16,x23) (idx 20) in constr e342 (idx 318) is deemed risky
+ coeff -6.78566 of var (x16,x25) (idx 21) in constr e342 (idx 318) is deemed risky
+ coeff 2.47186 of var (x9,x11) (idx 0) in constr e343 (idx 319) is deemed risky
+ coeff 10.5564 of var (x9,x18) (idx 1) in constr e343 (idx 319) is deemed risky
+ coeff 0.000405193 of var (x9,x19) (idx 2) in constr e343 (idx 319) is deemed risky
+ coeff -2.47186 of var (x9,x20) (idx 3) in constr e343 (idx 319) is deemed risky
+ coeff 1.23609 of var (x9,x23) (idx 4) in constr e343 (idx 319) is deemed risky
+ coeff -1.23609 of var (x9,x26) (idx 5) in constr e343 (idx 319) is deemed risky
+ coeff -1.23609 of var (x10,x11) (idx 6) in constr e343 (idx 319) is deemed risky
+ coeff -0.000405193 of var (x10,x18) (idx 7) in constr e343 (idx 319) is deemed risky
+ coeff 10.5564 of var (x10,x19) (idx 8) in constr e343 (idx 319) is deemed risky
+ coeff 1.23609 of var (x10,x20) (idx 9) in constr e343 (idx 319) is deemed risky
+ coeff 2.47186 of var (x10,x23) (idx 10) in constr e343 (idx 319) is deemed risky
+ coeff -2.47186 of var (x10,x26) (idx 11) in constr e343 (idx 319) is deemed risky
+ coeff 6.83276 of var (x11,x18) (idx 13) in constr e343 (idx 319) is deemed risky
+ coeff -3.4165 of var (x11,x19) (idx 14) in constr e343 (idx 319) is deemed risky
+ coeff -6.83276 of var (x18,x20) (idx 16) in constr e343 (idx 319) is deemed risky
+ coeff 3.4165 of var (x18,x23) (idx 17) in constr e343 (idx 319) is deemed risky
+ coeff -3.4165 of var (x18,x26) (idx 18) in constr e343 (idx 319) is deemed risky
+ coeff 3.4165 of var (x19,x20) (idx 19) in constr e343 (idx 319) is deemed risky
+ coeff 6.83276 of var (x19,x23) (idx 20) in constr e343 (idx 319) is deemed risky
+ coeff -6.83276 of var (x19,x26) (idx 21) in constr e343 (idx 319) is deemed risky
+ coeff 4.14205 of var (x12,x14) (idx 0) in constr e344 (idx 320) is deemed risky
+ coeff 12.0002 of var (x12,x15) (idx 1) in constr e344 (idx 320) is deemed risky
+ coeff -6.34538 of var (x12,x16) (idx 2) in constr e344 (idx 320) is deemed risky
+ coeff -4.14205 of var (x12,x17) (idx 3) in constr e344 (idx 320) is deemed risky
+ coeff -4.14205 of var (x12,x24) (idx 4) in constr e344 (idx 320) is deemed risky
+ coeff 4.14205 of var (x12,x25) (idx 5) in constr e344 (idx 320) is deemed risky
+ coeff 4.14205 of var (x13,x14) (idx 6) in constr e344 (idx 320) is deemed risky
+ coeff 6.34538 of var (x13,x15) (idx 7) in constr e344 (idx 320) is deemed risky
+ coeff 12.0002 of var (x13,x16) (idx 8) in constr e344 (idx 320) is deemed risky
+ coeff -4.14205 of var (x13,x17) (idx 9) in constr e344 (idx 320) is deemed risky
+ coeff 4.14205 of var (x13,x24) (idx 10) in constr e344 (idx 320) is deemed risky
+ coeff -4.14205 of var (x13,x25) (idx 11) in constr e344 (idx 320) is deemed risky
+ coeff 4.42912 of var (x14,x15) (idx 13) in constr e344 (idx 320) is deemed risky
+ coeff 1.36523 of var (x14,x16) (idx 14) in constr e344 (idx 320) is deemed risky
+ coeff -4.42912 of var (x15,x17) (idx 16) in constr e344 (idx 320) is deemed risky
+ coeff -1.36523 of var (x15,x24) (idx 17) in constr e344 (idx 320) is deemed risky
+ coeff 1.36523 of var (x15,x25) (idx 18) in constr e344 (idx 320) is deemed risky
+ coeff -1.36523 of var (x16,x17) (idx 19) in constr e344 (idx 320) is deemed risky
+ coeff 4.42912 of var (x16,x24) (idx 20) in constr e344 (idx 320) is deemed risky
+ coeff -4.42912 of var (x16,x25) (idx 21) in constr e344 (idx 320) is deemed risky
+ coeff 4.14205 of var (x12,x14) (idx 0) in constr e345 (idx 321) is deemed risky
+ coeff 5.11942 of var (x12,x18) (idx 1) in constr e345 (idx 321) is deemed risky
+ coeff -15.3593 of var (x12,x19) (idx 2) in constr e345 (idx 321) is deemed risky
+ coeff -4.14205 of var (x12,x20) (idx 3) in constr e345 (idx 321) is deemed risky
+ coeff -4.14205 of var (x12,x24) (idx 4) in constr e345 (idx 321) is deemed risky
+ coeff 4.14205 of var (x12,x26) (idx 5) in constr e345 (idx 321) is deemed risky
+ coeff 4.14205 of var (x13,x14) (idx 6) in constr e345 (idx 321) is deemed risky
+ coeff 15.3593 of var (x13,x18) (idx 7) in constr e345 (idx 321) is deemed risky
+ coeff 5.11942 of var (x13,x19) (idx 8) in constr e345 (idx 321) is deemed risky
+ coeff -4.14205 of var (x13,x20) (idx 9) in constr e345 (idx 321) is deemed risky
+ coeff 4.14205 of var (x13,x24) (idx 10) in constr e345 (idx 321) is deemed risky
+ coeff -4.14205 of var (x13,x26) (idx 11) in constr e345 (idx 321) is deemed risky
+ coeff 4.94409 of var (x14,x18) (idx 13) in constr e345 (idx 321) is deemed risky
+ coeff -2.47217 of var (x14,x19) (idx 14) in constr e345 (idx 321) is deemed risky
+ coeff -4.94409 of var (x18,x20) (idx 16) in constr e345 (idx 321) is deemed risky
+ coeff 2.47217 of var (x18,x24) (idx 17) in constr e345 (idx 321) is deemed risky
+ coeff -2.47217 of var (x18,x26) (idx 18) in constr e345 (idx 321) is deemed risky
+ coeff 2.47217 of var (x19,x20) (idx 19) in constr e345 (idx 321) is deemed risky
+ coeff 4.94409 of var (x19,x24) (idx 20) in constr e345 (idx 321) is deemed risky
+ coeff -4.94409 of var (x19,x26) (idx 21) in constr e345 (idx 321) is deemed risky
+ coeff 4.14205 of var (x12,x14) (idx 0) in constr e346 (idx 322) is deemed risky
+ coeff -3.45162 of var (x12,x15) (idx 1) in constr e346 (idx 322) is deemed risky
+ coeff 11.4251 of var (x12,x16) (idx 2) in constr e346 (idx 322) is deemed risky
+ coeff -4.14205 of var (x12,x17) (idx 3) in constr e346 (idx 322) is deemed risky
+ coeff -4.14205 of var (x12,x24) (idx 4) in constr e346 (idx 322) is deemed risky
+ coeff 4.14205 of var (x12,x25) (idx 5) in constr e346 (idx 322) is deemed risky
+ coeff 4.14205 of var (x13,x14) (idx 6) in constr e346 (idx 322) is deemed risky
+ coeff -11.4251 of var (x13,x15) (idx 7) in constr e346 (idx 322) is deemed risky
+ coeff -3.45162 of var (x13,x16) (idx 8) in constr e346 (idx 322) is deemed risky
+ coeff -4.14205 of var (x13,x17) (idx 9) in constr e346 (idx 322) is deemed risky
+ coeff 4.14205 of var (x13,x24) (idx 10) in constr e346 (idx 322) is deemed risky
+ coeff -4.14205 of var (x13,x25) (idx 11) in constr e346 (idx 322) is deemed risky
+ coeff -3.59164 of var (x14,x15) (idx 13) in constr e346 (idx 322) is deemed risky
+ coeff 1.92502 of var (x14,x16) (idx 14) in constr e346 (idx 322) is deemed risky
+ coeff 3.59164 of var (x15,x17) (idx 16) in constr e346 (idx 322) is deemed risky
+ coeff -1.92502 of var (x15,x24) (idx 17) in constr e346 (idx 322) is deemed risky
+ coeff 1.92502 of var (x15,x25) (idx 18) in constr e346 (idx 322) is deemed risky
+ coeff -1.92502 of var (x16,x17) (idx 19) in constr e346 (idx 322) is deemed risky
+ coeff -3.59164 of var (x16,x24) (idx 20) in constr e346 (idx 322) is deemed risky
+ coeff 3.59164 of var (x16,x25) (idx 21) in constr e346 (idx 322) is deemed risky
+ coeff 4.14205 of var (x12,x14) (idx 0) in constr e347 (idx 323) is deemed risky
+ coeff -13.7253 of var (x12,x18) (idx 1) in constr e347 (idx 323) is deemed risky
+ coeff -0.00067416 of var (x12,x19) (idx 2) in constr e347 (idx 323) is deemed risky
+ coeff -4.14205 of var (x12,x20) (idx 3) in constr e347 (idx 323) is deemed risky
+ coeff -4.14205 of var (x12,x24) (idx 4) in constr e347 (idx 323) is deemed risky
+ coeff 4.14205 of var (x12,x26) (idx 5) in constr e347 (idx 323) is deemed risky
+ coeff 4.14205 of var (x13,x14) (idx 6) in constr e347 (idx 323) is deemed risky
+ coeff 0.00067416 of var (x13,x18) (idx 7) in constr e347 (idx 323) is deemed risky
+ coeff -13.7253 of var (x13,x19) (idx 8) in constr e347 (idx 323) is deemed risky
+ coeff -4.14205 of var (x13,x20) (idx 9) in constr e347 (idx 323) is deemed risky
+ coeff 4.14205 of var (x13,x24) (idx 10) in constr e347 (idx 323) is deemed risky
+ coeff -4.14205 of var (x13,x26) (idx 11) in constr e347 (idx 323) is deemed risky
+ coeff -3.31348 of var (x14,x18) (idx 13) in constr e347 (idx 323) is deemed risky
+ coeff -3.3138 of var (x14,x19) (idx 14) in constr e347 (idx 323) is deemed risky
+ coeff 3.31348 of var (x18,x20) (idx 16) in constr e347 (idx 323) is deemed risky
+ coeff 3.3138 of var (x18,x24) (idx 17) in constr e347 (idx 323) is deemed risky
+ coeff -3.3138 of var (x18,x26) (idx 18) in constr e347 (idx 323) is deemed risky
+ coeff 3.3138 of var (x19,x20) (idx 19) in constr e347 (idx 323) is deemed risky
+ coeff -3.31348 of var (x19,x24) (idx 20) in constr e347 (idx 323) is deemed risky
+ coeff 3.31348 of var (x19,x26) (idx 21) in constr e347 (idx 323) is deemed risky
+ coeff 4.14205 of var (x12,x14) (idx 0) in constr e348 (idx 324) is deemed risky
+ coeff -11.425 of var (x12,x15) (idx 1) in constr e348 (idx 324) is deemed risky
+ coeff 3.45175 of var (x12,x16) (idx 2) in constr e348 (idx 324) is deemed risky
+ coeff -4.14205 of var (x12,x17) (idx 3) in constr e348 (idx 324) is deemed risky
+ coeff -4.14205 of var (x12,x24) (idx 4) in constr e348 (idx 324) is deemed risky
+ coeff 4.14205 of var (x12,x25) (idx 5) in constr e348 (idx 324) is deemed risky
+ coeff 4.14205 of var (x13,x14) (idx 6) in constr e348 (idx 324) is deemed risky
+ coeff -3.45175 of var (x13,x15) (idx 7) in constr e348 (idx 324) is deemed risky
+ coeff -11.425 of var (x13,x16) (idx 8) in constr e348 (idx 324) is deemed risky
+ coeff -4.14205 of var (x13,x17) (idx 9) in constr e348 (idx 324) is deemed risky
+ coeff 4.14205 of var (x13,x24) (idx 10) in constr e348 (idx 324) is deemed risky
+ coeff -4.14205 of var (x13,x25) (idx 11) in constr e348 (idx 324) is deemed risky
+ coeff -3.59164 of var (x14,x15) (idx 13) in constr e348 (idx 324) is deemed risky
+ coeff -1.92496 of var (x14,x16) (idx 14) in constr e348 (idx 324) is deemed risky
+ coeff 3.59164 of var (x15,x17) (idx 16) in constr e348 (idx 324) is deemed risky
+ coeff 1.92496 of var (x15,x24) (idx 17) in constr e348 (idx 324) is deemed risky
+ coeff -1.92496 of var (x15,x25) (idx 18) in constr e348 (idx 324) is deemed risky
+ coeff 1.92496 of var (x16,x17) (idx 19) in constr e348 (idx 324) is deemed risky
+ coeff -3.59164 of var (x16,x24) (idx 20) in constr e348 (idx 324) is deemed risky
+ coeff 3.59164 of var (x16,x25) (idx 21) in constr e348 (idx 324) is deemed risky
+ coeff 4.14205 of var (x12,x14) (idx 0) in constr e349 (idx 325) is deemed risky
+ coeff -0.00050562 of var (x12,x18) (idx 1) in constr e349 (idx 325) is deemed risky
+ coeff 13.7251 of var (x12,x19) (idx 2) in constr e349 (idx 325) is deemed risky
+ coeff -4.14205 of var (x12,x20) (idx 3) in constr e349 (idx 325) is deemed risky
+ coeff -4.14205 of var (x12,x24) (idx 4) in constr e349 (idx 325) is deemed risky
+ coeff 4.14205 of var (x12,x26) (idx 5) in constr e349 (idx 325) is deemed risky
+ coeff 4.14205 of var (x13,x14) (idx 6) in constr e349 (idx 325) is deemed risky
+ coeff -13.7251 of var (x13,x18) (idx 7) in constr e349 (idx 325) is deemed risky
+ coeff -0.00050562 of var (x13,x19) (idx 8) in constr e349 (idx 325) is deemed risky
+ coeff -4.14205 of var (x13,x20) (idx 9) in constr e349 (idx 325) is deemed risky
+ coeff 4.14205 of var (x13,x24) (idx 10) in constr e349 (idx 325) is deemed risky
+ coeff -4.14205 of var (x13,x26) (idx 11) in constr e349 (idx 325) is deemed risky
+ coeff -3.31372 of var (x14,x18) (idx 13) in constr e349 (idx 325) is deemed risky
+ coeff 3.31348 of var (x14,x19) (idx 14) in constr e349 (idx 325) is deemed risky
+ coeff 3.31372 of var (x18,x20) (idx 16) in constr e349 (idx 325) is deemed risky
+ coeff -3.31348 of var (x18,x24) (idx 17) in constr e349 (idx 325) is deemed risky
+ coeff 3.31348 of var (x18,x26) (idx 18) in constr e349 (idx 325) is deemed risky
+ coeff -3.31348 of var (x19,x20) (idx 19) in constr e349 (idx 325) is deemed risky
+ coeff -3.31372 of var (x19,x24) (idx 20) in constr e349 (idx 325) is deemed risky
+ coeff 3.31372 of var (x19,x26) (idx 21) in constr e349 (idx 325) is deemed risky
+ coeff 4.14205 of var (x12,x14) (idx 0) in constr e350 (idx 326) is deemed risky
+ coeff 18.5077 of var (x12,x15) (idx 1) in constr e350 (idx 326) is deemed risky
+ coeff -9.59888 of var (x12,x16) (idx 2) in constr e350 (idx 326) is deemed risky
+ coeff -4.14205 of var (x12,x17) (idx 3) in constr e350 (idx 326) is deemed risky
+ coeff -4.14205 of var (x12,x24) (idx 4) in constr e350 (idx 326) is deemed risky
+ coeff 4.14205 of var (x12,x25) (idx 5) in constr e350 (idx 326) is deemed risky
+ coeff 4.14205 of var (x13,x14) (idx 6) in constr e350 (idx 326) is deemed risky
+ coeff 9.59888 of var (x13,x15) (idx 7) in constr e350 (idx 326) is deemed risky
+ coeff 18.5077 of var (x13,x16) (idx 8) in constr e350 (idx 326) is deemed risky
+ coeff -4.14205 of var (x13,x17) (idx 9) in constr e350 (idx 326) is deemed risky
+ coeff 4.14205 of var (x13,x24) (idx 10) in constr e350 (idx 326) is deemed risky
+ coeff -4.14205 of var (x13,x25) (idx 11) in constr e350 (idx 326) is deemed risky
+ coeff 6.78566 of var (x14,x15) (idx 13) in constr e350 (idx 326) is deemed risky
+ coeff 2.15082 of var (x14,x16) (idx 14) in constr e350 (idx 326) is deemed risky
+ coeff -6.78566 of var (x15,x17) (idx 16) in constr e350 (idx 326) is deemed risky
+ coeff -2.15082 of var (x15,x24) (idx 17) in constr e350 (idx 326) is deemed risky
+ coeff 2.15082 of var (x15,x25) (idx 18) in constr e350 (idx 326) is deemed risky
+ coeff -2.15082 of var (x16,x17) (idx 19) in constr e350 (idx 326) is deemed risky
+ coeff 6.78566 of var (x16,x24) (idx 20) in constr e350 (idx 326) is deemed risky
+ coeff -6.78566 of var (x16,x25) (idx 21) in constr e350 (idx 326) is deemed risky
+ coeff 4.14205 of var (x12,x14) (idx 0) in constr e351 (idx 327) is deemed risky
+ coeff 7.07516 of var (x12,x18) (idx 1) in constr e351 (idx 327) is deemed risky
+ coeff -21.2265 of var (x12,x19) (idx 2) in constr e351 (idx 327) is deemed risky
+ coeff -4.14205 of var (x12,x20) (idx 3) in constr e351 (idx 327) is deemed risky
+ coeff -4.14205 of var (x12,x24) (idx 4) in constr e351 (idx 327) is deemed risky
+ coeff 4.14205 of var (x12,x26) (idx 5) in constr e351 (idx 327) is deemed risky
+ coeff 4.14205 of var (x13,x14) (idx 6) in constr e351 (idx 327) is deemed risky
+ coeff 21.2265 of var (x13,x18) (idx 7) in constr e351 (idx 327) is deemed risky
+ coeff 7.07516 of var (x13,x19) (idx 8) in constr e351 (idx 327) is deemed risky
+ coeff -4.14205 of var (x13,x20) (idx 9) in constr e351 (idx 327) is deemed risky
+ coeff 4.14205 of var (x13,x24) (idx 10) in constr e351 (idx 327) is deemed risky
+ coeff -4.14205 of var (x13,x26) (idx 11) in constr e351 (idx 327) is deemed risky
+ coeff 6.83276 of var (x14,x18) (idx 13) in constr e351 (idx 327) is deemed risky
+ coeff -3.4165 of var (x14,x19) (idx 14) in constr e351 (idx 327) is deemed risky
+ coeff -6.83276 of var (x18,x20) (idx 16) in constr e351 (idx 327) is deemed risky
+ coeff 3.4165 of var (x18,x24) (idx 17) in constr e351 (idx 327) is deemed risky
+ coeff -3.4165 of var (x18,x26) (idx 18) in constr e351 (idx 327) is deemed risky
+ coeff 3.4165 of var (x19,x20) (idx 19) in constr e351 (idx 327) is deemed risky
+ coeff 6.83276 of var (x19,x24) (idx 20) in constr e351 (idx 327) is deemed risky
+ coeff -6.83276 of var (x19,x26) (idx 21) in constr e351 (idx 327) is deemed risky
+ coeff 3.59164 of var (x15,x17) (idx 0) in constr e352 (idx 328) is deemed risky
+ coeff 11.2582 of var (x15,x18) (idx 1) in constr e352 (idx 328) is deemed risky
+ coeff 0.31916 of var (x15,x19) (idx 2) in constr e352 (idx 328) is deemed risky
+ coeff -3.59164 of var (x15,x20) (idx 3) in constr e352 (idx 328) is deemed risky
+ coeff 1.92502 of var (x15,x25) (idx 4) in constr e352 (idx 328) is deemed risky
+ coeff -1.92502 of var (x15,x26) (idx 5) in constr e352 (idx 328) is deemed risky
+ coeff -1.92502 of var (x16,x17) (idx 6) in constr e352 (idx 328) is deemed risky
+ coeff -0.31916 of var (x16,x18) (idx 7) in constr e352 (idx 328) is deemed risky
+ coeff 11.2582 of var (x16,x19) (idx 8) in constr e352 (idx 328) is deemed risky
+ coeff 1.92502 of var (x16,x20) (idx 9) in constr e352 (idx 328) is deemed risky
+ coeff 3.59164 of var (x16,x25) (idx 10) in constr e352 (idx 328) is deemed risky
+ coeff -3.59164 of var (x16,x26) (idx 11) in constr e352 (idx 328) is deemed risky
+ coeff 4.94409 of var (x17,x18) (idx 13) in constr e352 (idx 328) is deemed risky
+ coeff -2.47217 of var (x17,x19) (idx 14) in constr e352 (idx 328) is deemed risky
+ coeff -4.94409 of var (x18,x20) (idx 16) in constr e352 (idx 328) is deemed risky
+ coeff 2.47217 of var (x18,x25) (idx 17) in constr e352 (idx 328) is deemed risky
+ coeff -2.47217 of var (x18,x26) (idx 18) in constr e352 (idx 328) is deemed risky
+ coeff 2.47217 of var (x19,x20) (idx 19) in constr e352 (idx 328) is deemed risky
+ coeff 4.94409 of var (x19,x25) (idx 20) in constr e352 (idx 328) is deemed risky
+ coeff -4.94409 of var (x19,x26) (idx 21) in constr e352 (idx 328) is deemed risky
+ coeff 3.59164 of var (x15,x17) (idx 0) in constr e353 (idx 329) is deemed risky
+ coeff -2.76085 of var (x15,x18) (idx 1) in constr e353 (idx 329) is deemed risky
+ coeff -9.14025 of var (x15,x19) (idx 2) in constr e353 (idx 329) is deemed risky
+ coeff -3.59164 of var (x15,x20) (idx 3) in constr e353 (idx 329) is deemed risky
+ coeff 1.92502 of var (x15,x25) (idx 4) in constr e353 (idx 329) is deemed risky
+ coeff -1.92502 of var (x15,x26) (idx 5) in constr e353 (idx 329) is deemed risky
+ coeff -1.92502 of var (x16,x17) (idx 6) in constr e353 (idx 329) is deemed risky
+ coeff 9.14025 of var (x16,x18) (idx 7) in constr e353 (idx 329) is deemed risky
+ coeff -2.76085 of var (x16,x19) (idx 8) in constr e353 (idx 329) is deemed risky
+ coeff 1.92502 of var (x16,x20) (idx 9) in constr e353 (idx 329) is deemed risky
+ coeff 3.59164 of var (x16,x25) (idx 10) in constr e353 (idx 329) is deemed risky
+ coeff -3.59164 of var (x16,x26) (idx 11) in constr e353 (idx 329) is deemed risky
+ coeff -3.31348 of var (x17,x18) (idx 13) in constr e353 (idx 329) is deemed risky
+ coeff -3.3138 of var (x17,x19) (idx 14) in constr e353 (idx 329) is deemed risky
+ coeff 3.31348 of var (x18,x20) (idx 16) in constr e353 (idx 329) is deemed risky
+ coeff 3.3138 of var (x18,x25) (idx 17) in constr e353 (idx 329) is deemed risky
+ coeff -3.3138 of var (x18,x26) (idx 18) in constr e353 (idx 329) is deemed risky
+ coeff 3.3138 of var (x19,x20) (idx 19) in constr e353 (idx 329) is deemed risky
+ coeff -3.31348 of var (x19,x25) (idx 20) in constr e353 (idx 329) is deemed risky
+ coeff 3.31348 of var (x19,x26) (idx 21) in constr e353 (idx 329) is deemed risky
+ coeff 3.59164 of var (x15,x17) (idx 0) in constr e354 (idx 330) is deemed risky
+ coeff -9.1401 of var (x15,x18) (idx 1) in constr e354 (idx 330) is deemed risky
+ coeff 2.76093 of var (x15,x19) (idx 2) in constr e354 (idx 330) is deemed risky
+ coeff -3.59164 of var (x15,x20) (idx 3) in constr e354 (idx 330) is deemed risky
+ coeff 1.92502 of var (x15,x25) (idx 4) in constr e354 (idx 330) is deemed risky
+ coeff -1.92502 of var (x15,x26) (idx 5) in constr e354 (idx 330) is deemed risky
+ coeff -1.92502 of var (x16,x17) (idx 6) in constr e354 (idx 330) is deemed risky
+ coeff -2.76093 of var (x16,x18) (idx 7) in constr e354 (idx 330) is deemed risky
+ coeff -9.1401 of var (x16,x19) (idx 8) in constr e354 (idx 330) is deemed risky
+ coeff 1.92502 of var (x16,x20) (idx 9) in constr e354 (idx 330) is deemed risky
+ coeff 3.59164 of var (x16,x25) (idx 10) in constr e354 (idx 330) is deemed risky
+ coeff -3.59164 of var (x16,x26) (idx 11) in constr e354 (idx 330) is deemed risky
+ coeff -3.31372 of var (x17,x18) (idx 13) in constr e354 (idx 330) is deemed risky
+ coeff 3.31348 of var (x17,x19) (idx 14) in constr e354 (idx 330) is deemed risky
+ coeff 3.31372 of var (x18,x20) (idx 16) in constr e354 (idx 330) is deemed risky
+ coeff -3.31348 of var (x18,x25) (idx 17) in constr e354 (idx 330) is deemed risky
+ coeff 3.31348 of var (x18,x26) (idx 18) in constr e354 (idx 330) is deemed risky
+ coeff -3.31348 of var (x19,x20) (idx 19) in constr e354 (idx 330) is deemed risky
+ coeff -3.31372 of var (x19,x25) (idx 20) in constr e354 (idx 330) is deemed risky
+ coeff 3.31372 of var (x19,x26) (idx 21) in constr e354 (idx 330) is deemed risky
+ coeff 3.59164 of var (x15,x17) (idx 0) in constr e355 (idx 331) is deemed risky
+ coeff 15.5588 of var (x15,x18) (idx 1) in constr e355 (idx 331) is deemed risky
+ coeff 0.441164 of var (x15,x19) (idx 2) in constr e355 (idx 331) is deemed risky
+ coeff -3.59164 of var (x15,x20) (idx 3) in constr e355 (idx 331) is deemed risky
+ coeff 1.92502 of var (x15,x25) (idx 4) in constr e355 (idx 331) is deemed risky
+ coeff -1.92502 of var (x15,x26) (idx 5) in constr e355 (idx 331) is deemed risky
+ coeff -1.92502 of var (x16,x17) (idx 6) in constr e355 (idx 331) is deemed risky
+ coeff -0.441164 of var (x16,x18) (idx 7) in constr e355 (idx 331) is deemed risky
+ coeff 15.5588 of var (x16,x19) (idx 8) in constr e355 (idx 331) is deemed risky
+ coeff 1.92502 of var (x16,x20) (idx 9) in constr e355 (idx 331) is deemed risky
+ coeff 3.59164 of var (x16,x25) (idx 10) in constr e355 (idx 331) is deemed risky
+ coeff -3.59164 of var (x16,x26) (idx 11) in constr e355 (idx 331) is deemed risky
+ coeff 6.83276 of var (x17,x18) (idx 13) in constr e355 (idx 331) is deemed risky
+ coeff -3.4165 of var (x17,x19) (idx 14) in constr e355 (idx 331) is deemed risky
+ coeff -6.83276 of var (x18,x20) (idx 16) in constr e355 (idx 331) is deemed risky
+ coeff 3.4165 of var (x18,x25) (idx 17) in constr e355 (idx 331) is deemed risky
+ coeff -3.4165 of var (x18,x26) (idx 18) in constr e355 (idx 331) is deemed risky
+ coeff 3.4165 of var (x19,x20) (idx 19) in constr e355 (idx 331) is deemed risky
+ coeff 6.83276 of var (x19,x25) (idx 20) in constr e355 (idx 331) is deemed risky
+ coeff -6.83276 of var (x19,x26) (idx 21) in constr e355 (idx 331) is deemed risky
+ coeff 3.31348 of var (x3,x5) (idx 0) in constr e356 (idx 332) is deemed risky
+ coeff 9.58365 of var (x3,x6) (idx 1) in constr e356 (idx 332) is deemed risky
+ coeff -4.97095 of var (x3,x7) (idx 2) in constr e356 (idx 332) is deemed risky
+ coeff -3.31348 of var (x3,x8) (idx 3) in constr e356 (idx 332) is deemed risky
+ coeff -3.31372 of var (x3,x21) (idx 4) in constr e356 (idx 332) is deemed risky
+ coeff 3.31372 of var (x3,x22) (idx 5) in constr e356 (idx 332) is deemed risky
+ coeff 3.31372 of var (x4,x5) (idx 6) in constr e356 (idx 332) is deemed risky
+ coeff 4.97095 of var (x4,x6) (idx 7) in constr e356 (idx 332) is deemed risky
+ coeff 9.58365 of var (x4,x7) (idx 8) in constr e356 (idx 332) is deemed risky
+ coeff -3.31372 of var (x4,x8) (idx 9) in constr e356 (idx 332) is deemed risky
+ coeff 3.31348 of var (x4,x21) (idx 10) in constr e356 (idx 332) is deemed risky
+ coeff -3.31348 of var (x4,x22) (idx 11) in constr e356 (idx 332) is deemed risky
+ coeff 4.39233 of var (x5,x6) (idx 13) in constr e356 (idx 332) is deemed risky
+ coeff 1.39221 of var (x5,x7) (idx 14) in constr e356 (idx 332) is deemed risky
+ coeff -4.39233 of var (x6,x8) (idx 16) in constr e356 (idx 332) is deemed risky
+ coeff -1.39221 of var (x6,x21) (idx 17) in constr e356 (idx 332) is deemed risky
+ coeff 1.39221 of var (x6,x22) (idx 18) in constr e356 (idx 332) is deemed risky
+ coeff -1.39221 of var (x7,x8) (idx 19) in constr e356 (idx 332) is deemed risky
+ coeff 4.39233 of var (x7,x21) (idx 20) in constr e356 (idx 332) is deemed risky
+ coeff -4.39233 of var (x7,x22) (idx 21) in constr e356 (idx 332) is deemed risky
+ coeff 3.31348 of var (x3,x5) (idx 0) in constr e357 (idx 333) is deemed risky
+ coeff -3.18443 of var (x3,x9) (idx 1) in constr e357 (idx 333) is deemed risky
+ coeff -6.36844 of var (x3,x10) (idx 2) in constr e357 (idx 333) is deemed risky
+ coeff -3.31348 of var (x3,x11) (idx 3) in constr e357 (idx 333) is deemed risky
+ coeff -3.31372 of var (x3,x21) (idx 4) in constr e357 (idx 333) is deemed risky
+ coeff 3.31372 of var (x3,x23) (idx 5) in constr e357 (idx 333) is deemed risky
+ coeff 3.31372 of var (x4,x5) (idx 6) in constr e357 (idx 333) is deemed risky
+ coeff 6.36844 of var (x4,x9) (idx 7) in constr e357 (idx 333) is deemed risky
+ coeff -3.18443 of var (x4,x10) (idx 8) in constr e357 (idx 333) is deemed risky
+ coeff -3.31372 of var (x4,x11) (idx 9) in constr e357 (idx 333) is deemed risky
+ coeff 3.31348 of var (x4,x21) (idx 10) in constr e357 (idx 333) is deemed risky
+ coeff -3.31348 of var (x4,x23) (idx 11) in constr e357 (idx 333) is deemed risky
+ coeff 0.960999 of var (x5,x9) (idx 13) in constr e357 (idx 333) is deemed risky
+ coeff -2.88289 of var (x5,x10) (idx 14) in constr e357 (idx 333) is deemed risky
+ coeff -0.960999 of var (x9,x11) (idx 16) in constr e357 (idx 333) is deemed risky
+ coeff 2.88289 of var (x9,x21) (idx 17) in constr e357 (idx 333) is deemed risky
+ coeff -2.88289 of var (x9,x23) (idx 18) in constr e357 (idx 333) is deemed risky
+ coeff 2.88289 of var (x10,x11) (idx 19) in constr e357 (idx 333) is deemed risky
+ coeff 0.960999 of var (x10,x21) (idx 20) in constr e357 (idx 333) is deemed risky
+ coeff -0.960999 of var (x10,x23) (idx 21) in constr e357 (idx 333) is deemed risky
+ coeff 3.31348 of var (x3,x5) (idx 0) in constr e358 (idx 334) is deemed risky
+ coeff 13.7251 of var (x3,x12) (idx 1) in constr e358 (idx 334) is deemed risky
+ coeff -0.00050562 of var (x3,x13) (idx 2) in constr e358 (idx 334) is deemed risky
+ coeff -3.31348 of var (x3,x14) (idx 3) in constr e358 (idx 334) is deemed risky
+ coeff -3.31372 of var (x3,x21) (idx 4) in constr e358 (idx 334) is deemed risky
+ coeff 3.31372 of var (x3,x24) (idx 5) in constr e358 (idx 334) is deemed risky
+ coeff 3.31372 of var (x4,x5) (idx 6) in constr e358 (idx 334) is deemed risky
+ coeff 0.00050562 of var (x4,x12) (idx 7) in constr e358 (idx 334) is deemed risky
+ coeff 13.7251 of var (x4,x13) (idx 8) in constr e358 (idx 334) is deemed risky
+ coeff -3.31372 of var (x4,x14) (idx 9) in constr e358 (idx 334) is deemed risky
+ coeff 3.31348 of var (x4,x21) (idx 10) in constr e358 (idx 334) is deemed risky
+ coeff -3.31348 of var (x4,x24) (idx 11) in constr e358 (idx 334) is deemed risky
+ coeff 4.14205 of var (x5,x12) (idx 13) in constr e358 (idx 334) is deemed risky
+ coeff 4.14205 of var (x5,x13) (idx 14) in constr e358 (idx 334) is deemed risky
+ coeff -4.14205 of var (x12,x14) (idx 16) in constr e358 (idx 334) is deemed risky
+ coeff -4.14205 of var (x12,x21) (idx 17) in constr e358 (idx 334) is deemed risky
+ coeff 4.14205 of var (x12,x24) (idx 18) in constr e358 (idx 334) is deemed risky
+ coeff -4.14205 of var (x13,x14) (idx 19) in constr e358 (idx 334) is deemed risky
+ coeff 4.14205 of var (x13,x21) (idx 20) in constr e358 (idx 334) is deemed risky
+ coeff -4.14205 of var (x13,x24) (idx 21) in constr e358 (idx 334) is deemed risky
+ coeff 3.31348 of var (x3,x5) (idx 0) in constr e359 (idx 335) is deemed risky
+ coeff 9.59989 of var (x3,x15) (idx 1) in constr e359 (idx 335) is deemed risky
+ coeff -5.07659 of var (x3,x16) (idx 2) in constr e359 (idx 335) is deemed risky
+ coeff -3.31348 of var (x3,x17) (idx 3) in constr e359 (idx 335) is deemed risky
+ coeff -3.31372 of var (x3,x21) (idx 4) in constr e359 (idx 335) is deemed risky
+ coeff 3.31372 of var (x3,x25) (idx 5) in constr e359 (idx 335) is deemed risky
+ coeff 3.31372 of var (x4,x5) (idx 6) in constr e359 (idx 335) is deemed risky
+ coeff 5.07659 of var (x4,x15) (idx 7) in constr e359 (idx 335) is deemed risky
+ coeff 9.59989 of var (x4,x16) (idx 8) in constr e359 (idx 335) is deemed risky
+ coeff -3.31372 of var (x4,x17) (idx 9) in constr e359 (idx 335) is deemed risky
+ coeff 3.31348 of var (x4,x21) (idx 10) in constr e359 (idx 335) is deemed risky
+ coeff -3.31348 of var (x4,x25) (idx 11) in constr e359 (idx 335) is deemed risky
+ coeff 4.42912 of var (x5,x15) (idx 13) in constr e359 (idx 335) is deemed risky
+ coeff 1.36523 of var (x5,x16) (idx 14) in constr e359 (idx 335) is deemed risky
+ coeff -4.42912 of var (x15,x17) (idx 16) in constr e359 (idx 335) is deemed risky
+ coeff -1.36523 of var (x15,x21) (idx 17) in constr e359 (idx 335) is deemed risky
+ coeff 1.36523 of var (x15,x25) (idx 18) in constr e359 (idx 335) is deemed risky
+ coeff -1.36523 of var (x16,x17) (idx 19) in constr e359 (idx 335) is deemed risky
+ coeff 4.42912 of var (x16,x21) (idx 20) in constr e359 (idx 335) is deemed risky
+ coeff -4.42912 of var (x16,x25) (idx 21) in constr e359 (idx 335) is deemed risky
+ coeff 3.31348 of var (x3,x5) (idx 0) in constr e360 (idx 336) is deemed risky
+ coeff 4.09503 of var (x3,x18) (idx 1) in constr e360 (idx 336) is deemed risky
+ coeff -12.2874 of var (x3,x19) (idx 2) in constr e360 (idx 336) is deemed risky
+ coeff -3.31348 of var (x3,x20) (idx 3) in constr e360 (idx 336) is deemed risky
+ coeff -3.31372 of var (x3,x21) (idx 4) in constr e360 (idx 336) is deemed risky
+ coeff 3.31372 of var (x3,x26) (idx 5) in constr e360 (idx 336) is deemed risky
+ coeff 3.31372 of var (x4,x5) (idx 6) in constr e360 (idx 336) is deemed risky
+ coeff 12.2874 of var (x4,x18) (idx 7) in constr e360 (idx 336) is deemed risky
+ coeff 4.09503 of var (x4,x19) (idx 8) in constr e360 (idx 336) is deemed risky
+ coeff -3.31372 of var (x4,x20) (idx 9) in constr e360 (idx 336) is deemed risky
+ coeff 3.31348 of var (x4,x21) (idx 10) in constr e360 (idx 336) is deemed risky
+ coeff -3.31348 of var (x4,x26) (idx 11) in constr e360 (idx 336) is deemed risky
+ coeff 4.94409 of var (x5,x18) (idx 13) in constr e360 (idx 336) is deemed risky
+ coeff -2.47217 of var (x5,x19) (idx 14) in constr e360 (idx 336) is deemed risky
+ coeff -4.94409 of var (x18,x20) (idx 16) in constr e360 (idx 336) is deemed risky
+ coeff 2.47217 of var (x18,x21) (idx 17) in constr e360 (idx 336) is deemed risky
+ coeff -2.47217 of var (x18,x26) (idx 18) in constr e360 (idx 336) is deemed risky
+ coeff 2.47217 of var (x19,x20) (idx 19) in constr e360 (idx 336) is deemed risky
+ coeff 4.94409 of var (x19,x21) (idx 20) in constr e360 (idx 336) is deemed risky
+ coeff -4.94409 of var (x19,x26) (idx 21) in constr e360 (idx 336) is deemed risky
+ coeff 3.31348 of var (x3,x5) (idx 0) in constr e361 (idx 337) is deemed risky
+ coeff -4.96974 of var (x3,x6) (idx 1) in constr e361 (idx 337) is deemed risky
+ coeff 9.58412 of var (x3,x7) (idx 2) in constr e361 (idx 337) is deemed risky
+ coeff -3.31348 of var (x3,x8) (idx 3) in constr e361 (idx 337) is deemed risky
+ coeff -3.31372 of var (x3,x21) (idx 4) in constr e361 (idx 337) is deemed risky
+ coeff 3.31372 of var (x3,x22) (idx 5) in constr e361 (idx 337) is deemed risky
+ coeff 3.31372 of var (x4,x5) (idx 6) in constr e361 (idx 337) is deemed risky
+ coeff -9.58412 of var (x4,x6) (idx 7) in constr e361 (idx 337) is deemed risky
+ coeff -4.96974 of var (x4,x7) (idx 8) in constr e361 (idx 337) is deemed risky
+ coeff -3.31372 of var (x4,x8) (idx 9) in constr e361 (idx 337) is deemed risky
+ coeff 3.31348 of var (x4,x21) (idx 10) in constr e361 (idx 337) is deemed risky
+ coeff -3.31348 of var (x4,x22) (idx 11) in constr e361 (idx 337) is deemed risky
+ coeff -4.39221 of var (x5,x6) (idx 13) in constr e361 (idx 337) is deemed risky
+ coeff 1.3924 of var (x5,x7) (idx 14) in constr e361 (idx 337) is deemed risky
+ coeff 4.39221 of var (x6,x8) (idx 16) in constr e361 (idx 337) is deemed risky
+ coeff -1.3924 of var (x6,x21) (idx 17) in constr e361 (idx 337) is deemed risky
+ coeff 1.3924 of var (x6,x22) (idx 18) in constr e361 (idx 337) is deemed risky
+ coeff -1.3924 of var (x7,x8) (idx 19) in constr e361 (idx 337) is deemed risky
+ coeff -4.39221 of var (x7,x21) (idx 20) in constr e361 (idx 337) is deemed risky
+ coeff 4.39221 of var (x7,x22) (idx 21) in constr e361 (idx 337) is deemed risky
+ coeff 3.31348 of var (x3,x5) (idx 0) in constr e362 (idx 338) is deemed risky
+ coeff -2.04719 of var (x3,x9) (idx 1) in constr e362 (idx 338) is deemed risky
+ coeff 6.14342 of var (x3,x10) (idx 2) in constr e362 (idx 338) is deemed risky
+ coeff -3.31348 of var (x3,x11) (idx 3) in constr e362 (idx 338) is deemed risky
+ coeff -3.31372 of var (x3,x21) (idx 4) in constr e362 (idx 338) is deemed risky
+ coeff 3.31372 of var (x3,x23) (idx 5) in constr e362 (idx 338) is deemed risky
+ coeff 3.31372 of var (x4,x5) (idx 6) in constr e362 (idx 338) is deemed risky
+ coeff -6.14342 of var (x4,x9) (idx 7) in constr e362 (idx 338) is deemed risky
+ coeff -2.04719 of var (x4,x10) (idx 8) in constr e362 (idx 338) is deemed risky
+ coeff -3.31372 of var (x4,x11) (idx 9) in constr e362 (idx 338) is deemed risky
+ coeff 3.31348 of var (x4,x21) (idx 10) in constr e362 (idx 338) is deemed risky
+ coeff -3.31348 of var (x4,x23) (idx 11) in constr e362 (idx 338) is deemed risky
+ coeff -2.47186 of var (x5,x9) (idx 13) in constr e362 (idx 338) is deemed risky
+ coeff 1.23609 of var (x5,x10) (idx 14) in constr e362 (idx 338) is deemed risky
+ coeff 2.47186 of var (x9,x11) (idx 16) in constr e362 (idx 338) is deemed risky
+ coeff -1.23609 of var (x9,x21) (idx 17) in constr e362 (idx 338) is deemed risky
+ coeff 1.23609 of var (x9,x23) (idx 18) in constr e362 (idx 338) is deemed risky
+ coeff -1.23609 of var (x10,x11) (idx 19) in constr e362 (idx 338) is deemed risky
+ coeff -2.47186 of var (x10,x21) (idx 20) in constr e362 (idx 338) is deemed risky
+ coeff 2.47186 of var (x10,x23) (idx 21) in constr e362 (idx 338) is deemed risky
+ coeff 3.31348 of var (x3,x5) (idx 0) in constr e363 (idx 339) is deemed risky
+ coeff -13.7251 of var (x3,x12) (idx 1) in constr e363 (idx 339) is deemed risky
+ coeff 0.00050562 of var (x3,x13) (idx 2) in constr e363 (idx 339) is deemed risky
+ coeff -3.31348 of var (x3,x14) (idx 3) in constr e363 (idx 339) is deemed risky
+ coeff -3.31372 of var (x3,x21) (idx 4) in constr e363 (idx 339) is deemed risky
+ coeff 3.31372 of var (x3,x24) (idx 5) in constr e363 (idx 339) is deemed risky
+ coeff 3.31372 of var (x4,x5) (idx 6) in constr e363 (idx 339) is deemed risky
+ coeff -0.00050562 of var (x4,x12) (idx 7) in constr e363 (idx 339) is deemed risky
+ coeff -13.7251 of var (x4,x13) (idx 8) in constr e363 (idx 339) is deemed risky
+ coeff -3.31372 of var (x4,x14) (idx 9) in constr e363 (idx 339) is deemed risky
+ coeff 3.31348 of var (x4,x21) (idx 10) in constr e363 (idx 339) is deemed risky
+ coeff -3.31348 of var (x4,x24) (idx 11) in constr e363 (idx 339) is deemed risky
+ coeff -4.14205 of var (x5,x12) (idx 13) in constr e363 (idx 339) is deemed risky
+ coeff -4.14205 of var (x5,x13) (idx 14) in constr e363 (idx 339) is deemed risky
+ coeff 4.14205 of var (x12,x14) (idx 16) in constr e363 (idx 339) is deemed risky
+ coeff 4.14205 of var (x12,x21) (idx 17) in constr e363 (idx 339) is deemed risky
+ coeff -4.14205 of var (x12,x24) (idx 18) in constr e363 (idx 339) is deemed risky
+ coeff 4.14205 of var (x13,x14) (idx 19) in constr e363 (idx 339) is deemed risky
+ coeff -4.14205 of var (x13,x21) (idx 20) in constr e363 (idx 339) is deemed risky
+ coeff 4.14205 of var (x13,x24) (idx 21) in constr e363 (idx 339) is deemed risky
+ coeff 3.31348 of var (x3,x5) (idx 0) in constr e364 (idx 340) is deemed risky
+ coeff -2.76093 of var (x3,x15) (idx 1) in constr e364 (idx 340) is deemed risky
+ coeff 9.1401 of var (x3,x16) (idx 2) in constr e364 (idx 340) is deemed risky
+ coeff -3.31348 of var (x3,x17) (idx 3) in constr e364 (idx 340) is deemed risky
+ coeff -3.31372 of var (x3,x21) (idx 4) in constr e364 (idx 340) is deemed risky
+ coeff 3.31372 of var (x3,x25) (idx 5) in constr e364 (idx 340) is deemed risky
+ coeff 3.31372 of var (x4,x5) (idx 6) in constr e364 (idx 340) is deemed risky
+ coeff -9.1401 of var (x4,x15) (idx 7) in constr e364 (idx 340) is deemed risky
+ coeff -2.76093 of var (x4,x16) (idx 8) in constr e364 (idx 340) is deemed risky
+ coeff -3.31372 of var (x4,x17) (idx 9) in constr e364 (idx 340) is deemed risky
+ coeff 3.31348 of var (x4,x21) (idx 10) in constr e364 (idx 340) is deemed risky
+ coeff -3.31348 of var (x4,x25) (idx 11) in constr e364 (idx 340) is deemed risky
+ coeff -3.59164 of var (x5,x15) (idx 13) in constr e364 (idx 340) is deemed risky
+ coeff 1.92502 of var (x5,x16) (idx 14) in constr e364 (idx 340) is deemed risky
+ coeff 3.59164 of var (x15,x17) (idx 16) in constr e364 (idx 340) is deemed risky
+ coeff -1.92502 of var (x15,x21) (idx 17) in constr e364 (idx 340) is deemed risky
+ coeff 1.92502 of var (x15,x25) (idx 18) in constr e364 (idx 340) is deemed risky
+ coeff -1.92502 of var (x16,x17) (idx 19) in constr e364 (idx 340) is deemed risky
+ coeff -3.59164 of var (x16,x21) (idx 20) in constr e364 (idx 340) is deemed risky
+ coeff 3.59164 of var (x16,x25) (idx 21) in constr e364 (idx 340) is deemed risky
+ coeff 3.31348 of var (x3,x5) (idx 0) in constr e365 (idx 341) is deemed risky
+ coeff -10.9801 of var (x3,x18) (idx 1) in constr e365 (idx 341) is deemed risky
+ coeff -0.000134825 of var (x3,x19) (idx 2) in constr e365 (idx 341) is deemed risky
+ coeff -3.31348 of var (x3,x20) (idx 3) in constr e365 (idx 341) is deemed risky
+ coeff -3.31372 of var (x3,x21) (idx 4) in constr e365 (idx 341) is deemed risky
+ coeff 3.31372 of var (x3,x26) (idx 5) in constr e365 (idx 341) is deemed risky
+ coeff 3.31372 of var (x4,x5) (idx 6) in constr e365 (idx 341) is deemed risky
+ coeff 0.000134825 of var (x4,x18) (idx 7) in constr e365 (idx 341) is deemed risky
+ coeff -10.9801 of var (x4,x19) (idx 8) in constr e365 (idx 341) is deemed risky
+ coeff -3.31372 of var (x4,x20) (idx 9) in constr e365 (idx 341) is deemed risky
+ coeff 3.31348 of var (x4,x21) (idx 10) in constr e365 (idx 341) is deemed risky
+ coeff -3.31348 of var (x4,x26) (idx 11) in constr e365 (idx 341) is deemed risky
+ coeff -3.31348 of var (x5,x18) (idx 13) in constr e365 (idx 341) is deemed risky
+ coeff -3.3138 of var (x5,x19) (idx 14) in constr e365 (idx 341) is deemed risky
+ coeff 3.31348 of var (x18,x20) (idx 16) in constr e365 (idx 341) is deemed risky
+ coeff 3.3138 of var (x18,x21) (idx 17) in constr e365 (idx 341) is deemed risky
+ coeff -3.3138 of var (x18,x26) (idx 18) in constr e365 (idx 341) is deemed risky
+ coeff 3.3138 of var (x19,x20) (idx 19) in constr e365 (idx 341) is deemed risky
+ coeff -3.31348 of var (x19,x21) (idx 20) in constr e365 (idx 341) is deemed risky
+ coeff 3.31348 of var (x19,x26) (idx 21) in constr e365 (idx 341) is deemed risky
+ coeff 3.31348 of var (x3,x5) (idx 0) in constr e366 (idx 342) is deemed risky
+ coeff -8.61145 of var (x3,x6) (idx 1) in constr e366 (idx 342) is deemed risky
+ coeff 4.97072 of var (x3,x7) (idx 2) in constr e366 (idx 342) is deemed risky
+ coeff -3.31348 of var (x3,x8) (idx 3) in constr e366 (idx 342) is deemed risky
+ coeff -3.31372 of var (x3,x21) (idx 4) in constr e366 (idx 342) is deemed risky
+ coeff 3.31372 of var (x3,x22) (idx 5) in constr e366 (idx 342) is deemed risky
+ coeff 3.31372 of var (x4,x5) (idx 6) in constr e366 (idx 342) is deemed risky
+ coeff -4.97072 of var (x4,x6) (idx 7) in constr e366 (idx 342) is deemed risky
+ coeff -8.61145 of var (x4,x7) (idx 8) in constr e366 (idx 342) is deemed risky
+ coeff -3.31372 of var (x4,x8) (idx 9) in constr e366 (idx 342) is deemed risky
+ coeff 3.31348 of var (x4,x21) (idx 10) in constr e366 (idx 342) is deemed risky
+ coeff -3.31348 of var (x4,x22) (idx 11) in constr e366 (idx 342) is deemed risky
+ coeff -4.09888 of var (x5,x6) (idx 13) in constr e366 (idx 342) is deemed risky
+ coeff -1.09888 of var (x5,x7) (idx 14) in constr e366 (idx 342) is deemed risky
+ coeff 4.09888 of var (x6,x8) (idx 16) in constr e366 (idx 342) is deemed risky
+ coeff 1.09888 of var (x6,x21) (idx 17) in constr e366 (idx 342) is deemed risky
+ coeff -1.09888 of var (x6,x22) (idx 18) in constr e366 (idx 342) is deemed risky
+ coeff 1.09888 of var (x7,x8) (idx 19) in constr e366 (idx 342) is deemed risky
+ coeff -4.09888 of var (x7,x21) (idx 20) in constr e366 (idx 342) is deemed risky
+ coeff 4.09888 of var (x7,x22) (idx 21) in constr e366 (idx 342) is deemed risky
+ coeff 3.31348 of var (x3,x5) (idx 0) in constr e367 (idx 343) is deemed risky
+ coeff -4.83886 of var (x3,x9) (idx 1) in constr e367 (idx 343) is deemed risky
+ coeff -9.67665 of var (x3,x10) (idx 2) in constr e367 (idx 343) is deemed risky
+ coeff -3.31348 of var (x3,x11) (idx 3) in constr e367 (idx 343) is deemed risky
+ coeff -3.31372 of var (x3,x21) (idx 4) in constr e367 (idx 343) is deemed risky
+ coeff 3.31372 of var (x3,x23) (idx 5) in constr e367 (idx 343) is deemed risky
+ coeff 3.31372 of var (x4,x5) (idx 6) in constr e367 (idx 343) is deemed risky
+ coeff 9.67665 of var (x4,x9) (idx 7) in constr e367 (idx 343) is deemed risky
+ coeff -4.83886 of var (x4,x10) (idx 8) in constr e367 (idx 343) is deemed risky
+ coeff -3.31372 of var (x4,x11) (idx 9) in constr e367 (idx 343) is deemed risky
+ coeff 3.31348 of var (x4,x21) (idx 10) in constr e367 (idx 343) is deemed risky
+ coeff -3.31348 of var (x4,x23) (idx 11) in constr e367 (idx 343) is deemed risky
+ coeff 1.46014 of var (x5,x9) (idx 13) in constr e367 (idx 343) is deemed risky
+ coeff -4.38053 of var (x5,x10) (idx 14) in constr e367 (idx 343) is deemed risky
+ coeff -1.46014 of var (x9,x11) (idx 16) in constr e367 (idx 343) is deemed risky
+ coeff 4.38053 of var (x9,x21) (idx 17) in constr e367 (idx 343) is deemed risky
+ coeff -4.38053 of var (x9,x23) (idx 18) in constr e367 (idx 343) is deemed risky
+ coeff 4.38053 of var (x10,x11) (idx 19) in constr e367 (idx 343) is deemed risky
+ coeff 1.46014 of var (x10,x21) (idx 20) in constr e367 (idx 343) is deemed risky
+ coeff -1.46014 of var (x10,x23) (idx 21) in constr e367 (idx 343) is deemed risky
+ coeff 3.31348 of var (x3,x5) (idx 0) in constr e368 (idx 344) is deemed risky
+ coeff 0.00050562 of var (x3,x12) (idx 1) in constr e368 (idx 344) is deemed risky
+ coeff 13.7251 of var (x3,x13) (idx 2) in constr e368 (idx 344) is deemed risky
+ coeff -3.31348 of var (x3,x14) (idx 3) in constr e368 (idx 344) is deemed risky
+ coeff -3.31372 of var (x3,x21) (idx 4) in constr e368 (idx 344) is deemed risky
+ coeff 3.31372 of var (x3,x24) (idx 5) in constr e368 (idx 344) is deemed risky
+ coeff 3.31372 of var (x4,x5) (idx 6) in constr e368 (idx 344) is deemed risky
+ coeff -13.7251 of var (x4,x12) (idx 7) in constr e368 (idx 344) is deemed risky
+ coeff 0.00050562 of var (x4,x13) (idx 8) in constr e368 (idx 344) is deemed risky
+ coeff -3.31372 of var (x4,x14) (idx 9) in constr e368 (idx 344) is deemed risky
+ coeff 3.31348 of var (x4,x21) (idx 10) in constr e368 (idx 344) is deemed risky
+ coeff -3.31348 of var (x4,x24) (idx 11) in constr e368 (idx 344) is deemed risky
+ coeff -4.14205 of var (x5,x12) (idx 13) in constr e368 (idx 344) is deemed risky
+ coeff 4.14205 of var (x5,x13) (idx 14) in constr e368 (idx 344) is deemed risky
+ coeff 4.14205 of var (x12,x14) (idx 16) in constr e368 (idx 344) is deemed risky
+ coeff -4.14205 of var (x12,x21) (idx 17) in constr e368 (idx 344) is deemed risky
+ coeff 4.14205 of var (x12,x24) (idx 18) in constr e368 (idx 344) is deemed risky
+ coeff -4.14205 of var (x13,x14) (idx 19) in constr e368 (idx 344) is deemed risky
+ coeff -4.14205 of var (x13,x21) (idx 20) in constr e368 (idx 344) is deemed risky
+ coeff 4.14205 of var (x13,x24) (idx 21) in constr e368 (idx 344) is deemed risky
+ coeff 3.31348 of var (x3,x5) (idx 0) in constr e369 (idx 345) is deemed risky
+ coeff -9.1398 of var (x3,x15) (idx 1) in constr e369 (idx 345) is deemed risky
+ coeff 2.7617 of var (x3,x16) (idx 2) in constr e369 (idx 345) is deemed risky
+ coeff -3.31348 of var (x3,x17) (idx 3) in constr e369 (idx 345) is deemed risky
+ coeff -3.31372 of var (x3,x21) (idx 4) in constr e369 (idx 345) is deemed risky
+ coeff 3.31372 of var (x3,x25) (idx 5) in constr e369 (idx 345) is deemed risky
+ coeff 3.31372 of var (x4,x5) (idx 6) in constr e369 (idx 345) is deemed risky
+ coeff -2.7617 of var (x4,x15) (idx 7) in constr e369 (idx 345) is deemed risky
+ coeff -9.1398 of var (x4,x16) (idx 8) in constr e369 (idx 345) is deemed risky
+ coeff -3.31372 of var (x4,x17) (idx 9) in constr e369 (idx 345) is deemed risky
+ coeff 3.31348 of var (x4,x21) (idx 10) in constr e369 (idx 345) is deemed risky
+ coeff -3.31348 of var (x4,x25) (idx 11) in constr e369 (idx 345) is deemed risky
+ coeff -3.59164 of var (x5,x15) (idx 13) in constr e369 (idx 345) is deemed risky
+ coeff -1.92496 of var (x5,x16) (idx 14) in constr e369 (idx 345) is deemed risky
+ coeff 3.59164 of var (x15,x17) (idx 16) in constr e369 (idx 345) is deemed risky
+ coeff 1.92496 of var (x15,x21) (idx 17) in constr e369 (idx 345) is deemed risky
+ coeff -1.92496 of var (x15,x25) (idx 18) in constr e369 (idx 345) is deemed risky
+ coeff 1.92496 of var (x16,x17) (idx 19) in constr e369 (idx 345) is deemed risky
+ coeff -3.59164 of var (x16,x21) (idx 20) in constr e369 (idx 345) is deemed risky
+ coeff 3.59164 of var (x16,x25) (idx 21) in constr e369 (idx 345) is deemed risky
+ coeff 3.31348 of var (x3,x5) (idx 0) in constr e370 (idx 346) is deemed risky
+ coeff 10.9799 of var (x3,x19) (idx 1) in constr e370 (idx 346) is deemed risky
+ coeff -3.31348 of var (x3,x20) (idx 2) in constr e370 (idx 346) is deemed risky
+ coeff -3.31372 of var (x3,x21) (idx 3) in constr e370 (idx 346) is deemed risky
+ coeff 3.31372 of var (x3,x26) (idx 4) in constr e370 (idx 346) is deemed risky
+ coeff 3.31372 of var (x4,x5) (idx 5) in constr e370 (idx 346) is deemed risky
+ coeff -10.9799 of var (x4,x18) (idx 6) in constr e370 (idx 346) is deemed risky
+ coeff -3.31372 of var (x4,x20) (idx 7) in constr e370 (idx 346) is deemed risky
+ coeff 3.31348 of var (x4,x21) (idx 8) in constr e370 (idx 346) is deemed risky
+ coeff -3.31348 of var (x4,x26) (idx 9) in constr e370 (idx 346) is deemed risky
+ coeff -3.31372 of var (x5,x18) (idx 11) in constr e370 (idx 346) is deemed risky
+ coeff 3.31348 of var (x5,x19) (idx 12) in constr e370 (idx 346) is deemed risky
+ coeff 3.31372 of var (x18,x20) (idx 14) in constr e370 (idx 346) is deemed risky
+ coeff -3.31348 of var (x18,x21) (idx 15) in constr e370 (idx 346) is deemed risky
+ coeff 3.31348 of var (x18,x26) (idx 16) in constr e370 (idx 346) is deemed risky
+ coeff -3.31348 of var (x19,x20) (idx 17) in constr e370 (idx 346) is deemed risky
+ coeff -3.31372 of var (x19,x21) (idx 18) in constr e370 (idx 346) is deemed risky
+ coeff 3.31372 of var (x19,x26) (idx 19) in constr e370 (idx 346) is deemed risky
+ coeff 3.31348 of var (x3,x5) (idx 0) in constr e371 (idx 347) is deemed risky
+ coeff 4.97008 of var (x3,x6) (idx 1) in constr e371 (idx 347) is deemed risky
+ coeff -8.60899 of var (x3,x7) (idx 2) in constr e371 (idx 347) is deemed risky
+ coeff -3.31348 of var (x3,x8) (idx 3) in constr e371 (idx 347) is deemed risky
+ coeff -3.31372 of var (x3,x21) (idx 4) in constr e371 (idx 347) is deemed risky
+ coeff 3.31372 of var (x3,x22) (idx 5) in constr e371 (idx 347) is deemed risky
+ coeff 3.31372 of var (x4,x5) (idx 6) in constr e371 (idx 347) is deemed risky
+ coeff 8.60899 of var (x4,x6) (idx 7) in constr e371 (idx 347) is deemed risky
+ coeff 4.97008 of var (x4,x7) (idx 8) in constr e371 (idx 347) is deemed risky
+ coeff -3.31372 of var (x4,x8) (idx 9) in constr e371 (idx 347) is deemed risky
+ coeff 3.31348 of var (x4,x21) (idx 10) in constr e371 (idx 347) is deemed risky
+ coeff -3.31348 of var (x4,x22) (idx 11) in constr e371 (idx 347) is deemed risky
+ coeff 4.09802 of var (x5,x6) (idx 13) in constr e371 (idx 347) is deemed risky
+ coeff -1.09802 of var (x5,x7) (idx 14) in constr e371 (idx 347) is deemed risky
+ coeff -4.09802 of var (x6,x8) (idx 16) in constr e371 (idx 347) is deemed risky
+ coeff 1.09802 of var (x6,x21) (idx 17) in constr e371 (idx 347) is deemed risky
+ coeff -1.09802 of var (x6,x22) (idx 18) in constr e371 (idx 347) is deemed risky
+ coeff 1.09802 of var (x7,x8) (idx 19) in constr e371 (idx 347) is deemed risky
+ coeff 4.09802 of var (x7,x21) (idx 20) in constr e371 (idx 347) is deemed risky
+ coeff -4.09802 of var (x7,x22) (idx 21) in constr e371 (idx 347) is deemed risky
+ coeff 3.31348 of var (x3,x5) (idx 0) in constr e372 (idx 348) is deemed risky
+ coeff -1.85055 of var (x3,x9) (idx 1) in constr e372 (idx 348) is deemed risky
+ coeff -3.70103 of var (x3,x10) (idx 2) in constr e372 (idx 348) is deemed risky
+ coeff -3.31348 of var (x3,x11) (idx 3) in constr e372 (idx 348) is deemed risky
+ coeff -3.31372 of var (x3,x21) (idx 4) in constr e372 (idx 348) is deemed risky
+ coeff 3.31372 of var (x3,x23) (idx 5) in constr e372 (idx 348) is deemed risky
+ coeff 3.31372 of var (x4,x5) (idx 6) in constr e372 (idx 348) is deemed risky
+ coeff 3.70103 of var (x4,x9) (idx 7) in constr e372 (idx 348) is deemed risky
+ coeff -1.85055 of var (x4,x10) (idx 8) in constr e372 (idx 348) is deemed risky
+ coeff -3.31372 of var (x4,x11) (idx 9) in constr e372 (idx 348) is deemed risky
+ coeff 3.31348 of var (x4,x21) (idx 10) in constr e372 (idx 348) is deemed risky
+ coeff -3.31348 of var (x4,x23) (idx 11) in constr e372 (idx 348) is deemed risky
+ coeff 0.558512 of var (x5,x9) (idx 13) in constr e372 (idx 348) is deemed risky
+ coeff -1.67537 of var (x5,x10) (idx 14) in constr e372 (idx 348) is deemed risky
+ coeff -0.558512 of var (x9,x11) (idx 16) in constr e372 (idx 348) is deemed risky
+ coeff 1.67537 of var (x9,x21) (idx 17) in constr e372 (idx 348) is deemed risky
+ coeff -1.67537 of var (x9,x23) (idx 18) in constr e372 (idx 348) is deemed risky
+ coeff 1.67537 of var (x10,x11) (idx 19) in constr e372 (idx 348) is deemed risky
+ coeff 0.558512 of var (x10,x21) (idx 20) in constr e372 (idx 348) is deemed risky
+ coeff -0.558512 of var (x10,x23) (idx 21) in constr e372 (idx 348) is deemed risky
+ coeff 3.31348 of var (x3,x5) (idx 0) in constr e373 (idx 349) is deemed risky
+ coeff -0.00050562 of var (x3,x12) (idx 1) in constr e373 (idx 349) is deemed risky
+ coeff -13.7251 of var (x3,x13) (idx 2) in constr e373 (idx 349) is deemed risky
+ coeff -3.31348 of var (x3,x14) (idx 3) in constr e373 (idx 349) is deemed risky
+ coeff -3.31372 of var (x3,x21) (idx 4) in constr e373 (idx 349) is deemed risky
+ coeff 3.31372 of var (x3,x24) (idx 5) in constr e373 (idx 349) is deemed risky
+ coeff 3.31372 of var (x4,x5) (idx 6) in constr e373 (idx 349) is deemed risky
+ coeff 13.7251 of var (x4,x12) (idx 7) in constr e373 (idx 349) is deemed risky
+ coeff -0.00050562 of var (x4,x13) (idx 8) in constr e373 (idx 349) is deemed risky
+ coeff -3.31372 of var (x4,x14) (idx 9) in constr e373 (idx 349) is deemed risky
+ coeff 3.31348 of var (x4,x21) (idx 10) in constr e373 (idx 349) is deemed risky
+ coeff -3.31348 of var (x4,x24) (idx 11) in constr e373 (idx 349) is deemed risky
+ coeff 4.14205 of var (x5,x12) (idx 13) in constr e373 (idx 349) is deemed risky
+ coeff -4.14205 of var (x5,x13) (idx 14) in constr e373 (idx 349) is deemed risky
+ coeff -4.14205 of var (x12,x14) (idx 16) in constr e373 (idx 349) is deemed risky
+ coeff 4.14205 of var (x12,x21) (idx 17) in constr e373 (idx 349) is deemed risky
+ coeff -4.14205 of var (x12,x24) (idx 18) in constr e373 (idx 349) is deemed risky
+ coeff 4.14205 of var (x13,x14) (idx 19) in constr e373 (idx 349) is deemed risky
+ coeff 4.14205 of var (x13,x21) (idx 20) in constr e373 (idx 349) is deemed risky
+ coeff -4.14205 of var (x13,x24) (idx 21) in constr e373 (idx 349) is deemed risky
+ coeff 3.31348 of var (x3,x5) (idx 0) in constr e374 (idx 350) is deemed risky
+ coeff 14.8057 of var (x3,x15) (idx 1) in constr e374 (idx 350) is deemed risky
+ coeff -7.67956 of var (x3,x16) (idx 2) in constr e374 (idx 350) is deemed risky
+ coeff -3.31348 of var (x3,x17) (idx 3) in constr e374 (idx 350) is deemed risky
+ coeff -3.31372 of var (x3,x21) (idx 4) in constr e374 (idx 350) is deemed risky
+ coeff 3.31372 of var (x3,x25) (idx 5) in constr e374 (idx 350) is deemed risky
+ coeff 3.31372 of var (x4,x5) (idx 6) in constr e374 (idx 350) is deemed risky
+ coeff 7.67956 of var (x4,x15) (idx 7) in constr e374 (idx 350) is deemed risky
+ coeff 14.8057 of var (x4,x16) (idx 8) in constr e374 (idx 350) is deemed risky
+ coeff -3.31372 of var (x4,x17) (idx 9) in constr e374 (idx 350) is deemed risky
+ coeff 3.31348 of var (x4,x21) (idx 10) in constr e374 (idx 350) is deemed risky
+ coeff -3.31348 of var (x4,x25) (idx 11) in constr e374 (idx 350) is deemed risky
+ coeff 6.78566 of var (x5,x15) (idx 13) in constr e374 (idx 350) is deemed risky
+ coeff 2.15082 of var (x5,x16) (idx 14) in constr e374 (idx 350) is deemed risky
+ coeff -6.78566 of var (x15,x17) (idx 16) in constr e374 (idx 350) is deemed risky
+ coeff -2.15082 of var (x15,x21) (idx 17) in constr e374 (idx 350) is deemed risky
+ coeff 2.15082 of var (x15,x25) (idx 18) in constr e374 (idx 350) is deemed risky
+ coeff -2.15082 of var (x16,x17) (idx 19) in constr e374 (idx 350) is deemed risky
+ coeff 6.78566 of var (x16,x21) (idx 20) in constr e374 (idx 350) is deemed risky
+ coeff -6.78566 of var (x16,x25) (idx 21) in constr e374 (idx 350) is deemed risky
+ coeff 3.31348 of var (x3,x5) (idx 0) in constr e375 (idx 351) is deemed risky
+ coeff 5.65943 of var (x3,x18) (idx 1) in constr e375 (idx 351) is deemed risky
+ coeff -16.9812 of var (x3,x19) (idx 2) in constr e375 (idx 351) is deemed risky
+ coeff -3.31348 of var (x3,x20) (idx 3) in constr e375 (idx 351) is deemed risky
+ coeff -3.31372 of var (x3,x21) (idx 4) in constr e375 (idx 351) is deemed risky
+ coeff 3.31372 of var (x3,x26) (idx 5) in constr e375 (idx 351) is deemed risky
+ coeff 3.31372 of var (x4,x5) (idx 6) in constr e375 (idx 351) is deemed risky
+ coeff 16.9812 of var (x4,x18) (idx 7) in constr e375 (idx 351) is deemed risky
+ coeff 5.65943 of var (x4,x19) (idx 8) in constr e375 (idx 351) is deemed risky
+ coeff -3.31372 of var (x4,x20) (idx 9) in constr e375 (idx 351) is deemed risky
+ coeff 3.31348 of var (x4,x21) (idx 10) in constr e375 (idx 351) is deemed risky
+ coeff -3.31348 of var (x4,x26) (idx 11) in constr e375 (idx 351) is deemed risky
+ coeff 6.83276 of var (x5,x18) (idx 13) in constr e375 (idx 351) is deemed risky
+ coeff -3.4165 of var (x5,x19) (idx 14) in constr e375 (idx 351) is deemed risky
+ coeff -6.83276 of var (x18,x20) (idx 16) in constr e375 (idx 351) is deemed risky
+ coeff 3.4165 of var (x18,x21) (idx 17) in constr e375 (idx 351) is deemed risky
+ coeff -3.4165 of var (x18,x26) (idx 18) in constr e375 (idx 351) is deemed risky
+ coeff 3.4165 of var (x19,x20) (idx 19) in constr e375 (idx 351) is deemed risky
+ coeff 6.83276 of var (x19,x21) (idx 20) in constr e375 (idx 351) is deemed risky
+ coeff -6.83276 of var (x19,x26) (idx 21) in constr e375 (idx 351) is deemed risky
+ coeff 4.09888 of var (x6,x8) (idx 0) in constr e376 (idx 352) is deemed risky
+ coeff 0.385535 of var (x6,x9) (idx 1) in constr e376 (idx 352) is deemed risky
+ coeff -6.43632 of var (x6,x10) (idx 2) in constr e376 (idx 352) is deemed risky
+ coeff -4.09888 of var (x6,x11) (idx 3) in constr e376 (idx 352) is deemed risky
+ coeff -1.09888 of var (x6,x22) (idx 4) in constr e376 (idx 352) is deemed risky
+ coeff 1.09888 of var (x6,x23) (idx 5) in constr e376 (idx 352) is deemed risky
+ coeff 1.09888 of var (x7,x8) (idx 6) in constr e376 (idx 352) is deemed risky
+ coeff 6.43632 of var (x7,x9) (idx 7) in constr e376 (idx 352) is deemed risky
+ coeff 0.385535 of var (x7,x10) (idx 8) in constr e376 (idx 352) is deemed risky
+ coeff -1.09888 of var (x7,x11) (idx 9) in constr e376 (idx 352) is deemed risky
+ coeff 4.09888 of var (x7,x22) (idx 10) in constr e376 (idx 352) is deemed risky
+ coeff -4.09888 of var (x7,x23) (idx 11) in constr e376 (idx 352) is deemed risky
+ coeff 0.960999 of var (x8,x9) (idx 13) in constr e376 (idx 352) is deemed risky
+ coeff -2.88289 of var (x8,x10) (idx 14) in constr e376 (idx 352) is deemed risky
+ coeff -0.960999 of var (x9,x11) (idx 16) in constr e376 (idx 352) is deemed risky
+ coeff 2.88289 of var (x9,x22) (idx 17) in constr e376 (idx 352) is deemed risky
+ coeff -2.88289 of var (x9,x23) (idx 18) in constr e376 (idx 352) is deemed risky
+ coeff 2.88289 of var (x10,x11) (idx 19) in constr e376 (idx 352) is deemed risky
+ coeff 0.960999 of var (x10,x22) (idx 20) in constr e376 (idx 352) is deemed risky
+ coeff -0.960999 of var (x10,x23) (idx 21) in constr e376 (idx 352) is deemed risky
+ coeff 4.09888 of var (x6,x8) (idx 0) in constr e377 (idx 353) is deemed risky
+ coeff 10.7647 of var (x6,x12) (idx 1) in constr e377 (idx 353) is deemed risky
+ coeff 6.21307 of var (x6,x13) (idx 2) in constr e377 (idx 353) is deemed risky
+ coeff -4.09888 of var (x6,x14) (idx 3) in constr e377 (idx 353) is deemed risky
+ coeff -1.09888 of var (x6,x22) (idx 4) in constr e377 (idx 353) is deemed risky
+ coeff 1.09888 of var (x6,x24) (idx 5) in constr e377 (idx 353) is deemed risky
+ coeff 1.09888 of var (x7,x8) (idx 6) in constr e377 (idx 353) is deemed risky
+ coeff -6.21307 of var (x7,x12) (idx 7) in constr e377 (idx 353) is deemed risky
+ coeff 10.7647 of var (x7,x13) (idx 8) in constr e377 (idx 353) is deemed risky
+ coeff -1.09888 of var (x7,x14) (idx 9) in constr e377 (idx 353) is deemed risky
+ coeff 4.09888 of var (x7,x22) (idx 10) in constr e377 (idx 353) is deemed risky
+ coeff -4.09888 of var (x7,x24) (idx 11) in constr e377 (idx 353) is deemed risky
+ coeff 4.14205 of var (x8,x12) (idx 13) in constr e377 (idx 353) is deemed risky
+ coeff 4.14205 of var (x8,x13) (idx 14) in constr e377 (idx 353) is deemed risky
+ coeff -4.14205 of var (x12,x14) (idx 16) in constr e377 (idx 353) is deemed risky
+ coeff -4.14205 of var (x12,x22) (idx 17) in constr e377 (idx 353) is deemed risky
+ coeff 4.14205 of var (x12,x24) (idx 18) in constr e377 (idx 353) is deemed risky
+ coeff -4.14205 of var (x13,x14) (idx 19) in constr e377 (idx 353) is deemed risky
+ coeff 4.14205 of var (x13,x22) (idx 20) in constr e377 (idx 353) is deemed risky
+ coeff -4.14205 of var (x13,x24) (idx 21) in constr e377 (idx 353) is deemed risky
+ coeff 4.09888 of var (x6,x8) (idx 0) in constr e378 (idx 354) is deemed risky
+ coeff 9.82732 of var (x6,x15) (idx 1) in constr e378 (idx 354) is deemed risky
+ coeff 0.364436 of var (x6,x16) (idx 2) in constr e378 (idx 354) is deemed risky
+ coeff -4.09888 of var (x6,x17) (idx 3) in constr e378 (idx 354) is deemed risky
+ coeff -1.09888 of var (x6,x22) (idx 4) in constr e378 (idx 354) is deemed risky
+ coeff 1.09888 of var (x6,x25) (idx 5) in constr e378 (idx 354) is deemed risky
+ coeff 1.09888 of var (x7,x8) (idx 6) in constr e378 (idx 354) is deemed risky
+ coeff -0.364436 of var (x7,x15) (idx 7) in constr e378 (idx 354) is deemed risky
+ coeff 9.82732 of var (x7,x16) (idx 8) in constr e378 (idx 354) is deemed risky
+ coeff -1.09888 of var (x7,x17) (idx 9) in constr e378 (idx 354) is deemed risky
+ coeff 4.09888 of var (x7,x22) (idx 10) in constr e378 (idx 354) is deemed risky
+ coeff -4.09888 of var (x7,x25) (idx 11) in constr e378 (idx 354) is deemed risky
+ coeff 4.42912 of var (x8,x15) (idx 13) in constr e378 (idx 354) is deemed risky
+ coeff 1.36523 of var (x8,x16) (idx 14) in constr e378 (idx 354) is deemed risky
+ coeff -4.42912 of var (x15,x17) (idx 16) in constr e378 (idx 354) is deemed risky
+ coeff -1.36523 of var (x15,x22) (idx 17) in constr e378 (idx 354) is deemed risky
+ coeff 1.36523 of var (x15,x25) (idx 18) in constr e378 (idx 354) is deemed risky
+ coeff -1.36523 of var (x16,x17) (idx 19) in constr e378 (idx 354) is deemed risky
+ coeff 4.42912 of var (x16,x22) (idx 20) in constr e378 (idx 354) is deemed risky
+ coeff -4.42912 of var (x16,x25) (idx 21) in constr e378 (idx 354) is deemed risky
+ coeff 4.09888 of var (x6,x8) (idx 0) in constr e379 (idx 355) is deemed risky
+ coeff 8.77431 of var (x6,x18) (idx 1) in constr e379 (idx 355) is deemed risky
+ coeff -7.78303 of var (x6,x19) (idx 2) in constr e379 (idx 355) is deemed risky
+ coeff -4.09888 of var (x6,x20) (idx 3) in constr e379 (idx 355) is deemed risky
+ coeff -1.09888 of var (x6,x22) (idx 4) in constr e379 (idx 355) is deemed risky
+ coeff 1.09888 of var (x6,x26) (idx 5) in constr e379 (idx 355) is deemed risky
+ coeff 1.09888 of var (x7,x8) (idx 6) in constr e379 (idx 355) is deemed risky
+ coeff 7.78303 of var (x7,x18) (idx 7) in constr e379 (idx 355) is deemed risky
+ coeff 8.77431 of var (x7,x19) (idx 8) in constr e379 (idx 355) is deemed risky
+ coeff -1.09888 of var (x7,x20) (idx 9) in constr e379 (idx 355) is deemed risky
+ coeff 4.09888 of var (x7,x22) (idx 10) in constr e379 (idx 355) is deemed risky
+ coeff -4.09888 of var (x7,x26) (idx 11) in constr e379 (idx 355) is deemed risky
+ coeff 4.94409 of var (x8,x18) (idx 13) in constr e379 (idx 355) is deemed risky
+ coeff -2.47217 of var (x8,x19) (idx 14) in constr e379 (idx 355) is deemed risky
+ coeff -4.94409 of var (x18,x20) (idx 16) in constr e379 (idx 355) is deemed risky
+ coeff 2.47217 of var (x18,x22) (idx 17) in constr e379 (idx 355) is deemed risky
+ coeff -2.47217 of var (x18,x26) (idx 18) in constr e379 (idx 355) is deemed risky
+ coeff 2.47217 of var (x19,x20) (idx 19) in constr e379 (idx 355) is deemed risky
+ coeff 4.94409 of var (x19,x22) (idx 20) in constr e379 (idx 355) is deemed risky
+ coeff -4.94409 of var (x19,x26) (idx 21) in constr e379 (idx 355) is deemed risky
+ coeff 4.09888 of var (x6,x8) (idx 0) in constr e380 (idx 356) is deemed risky
+ coeff -4.38677 of var (x6,x9) (idx 1) in constr e380 (idx 356) is deemed risky
+ coeff 3.89144 of var (x6,x10) (idx 2) in constr e380 (idx 356) is deemed risky
+ coeff -4.09888 of var (x6,x11) (idx 3) in constr e380 (idx 356) is deemed risky
+ coeff -1.09888 of var (x6,x22) (idx 4) in constr e380 (idx 356) is deemed risky
+ coeff 1.09888 of var (x6,x23) (idx 5) in constr e380 (idx 356) is deemed risky
+ coeff 1.09888 of var (x7,x8) (idx 6) in constr e380 (idx 356) is deemed risky
+ coeff -3.89144 of var (x7,x9) (idx 7) in constr e380 (idx 356) is deemed risky
+ coeff -4.38677 of var (x7,x10) (idx 8) in constr e380 (idx 356) is deemed risky
+ coeff -1.09888 of var (x7,x11) (idx 9) in constr e380 (idx 356) is deemed risky
+ coeff 4.09888 of var (x7,x22) (idx 10) in constr e380 (idx 356) is deemed risky
+ coeff -4.09888 of var (x7,x23) (idx 11) in constr e380 (idx 356) is deemed risky
+ coeff -2.47186 of var (x8,x9) (idx 13) in constr e380 (idx 356) is deemed risky
+ coeff 1.23609 of var (x8,x10) (idx 14) in constr e380 (idx 356) is deemed risky
+ coeff 2.47186 of var (x9,x11) (idx 16) in constr e380 (idx 356) is deemed risky
+ coeff -1.23609 of var (x9,x22) (idx 17) in constr e380 (idx 356) is deemed risky
+ coeff 1.23609 of var (x9,x23) (idx 18) in constr e380 (idx 356) is deemed risky
+ coeff -1.23609 of var (x10,x11) (idx 19) in constr e380 (idx 356) is deemed risky
+ coeff -2.47186 of var (x10,x22) (idx 20) in constr e380 (idx 356) is deemed risky
+ coeff 2.47186 of var (x10,x23) (idx 21) in constr e380 (idx 356) is deemed risky
+ coeff 4.09888 of var (x6,x8) (idx 0) in constr e381 (idx 357) is deemed risky
+ coeff -10.7647 of var (x6,x12) (idx 1) in constr e381 (idx 357) is deemed risky
+ coeff -6.21307 of var (x6,x13) (idx 2) in constr e381 (idx 357) is deemed risky
+ coeff -4.09888 of var (x6,x14) (idx 3) in constr e381 (idx 357) is deemed risky
+ coeff -1.09888 of var (x6,x22) (idx 4) in constr e381 (idx 357) is deemed risky
+ coeff 1.09888 of var (x6,x24) (idx 5) in constr e381 (idx 357) is deemed risky
+ coeff 1.09888 of var (x7,x8) (idx 6) in constr e381 (idx 357) is deemed risky
+ coeff 6.21307 of var (x7,x12) (idx 7) in constr e381 (idx 357) is deemed risky
+ coeff -10.7647 of var (x7,x13) (idx 8) in constr e381 (idx 357) is deemed risky
+ coeff -1.09888 of var (x7,x14) (idx 9) in constr e381 (idx 357) is deemed risky
+ coeff 4.09888 of var (x7,x22) (idx 10) in constr e381 (idx 357) is deemed risky
+ coeff -4.09888 of var (x7,x24) (idx 11) in constr e381 (idx 357) is deemed risky
+ coeff -4.14205 of var (x8,x12) (idx 13) in constr e381 (idx 357) is deemed risky
+ coeff -4.14205 of var (x8,x13) (idx 14) in constr e381 (idx 357) is deemed risky
+ coeff 4.14205 of var (x12,x14) (idx 16) in constr e381 (idx 357) is deemed risky
+ coeff 4.14205 of var (x12,x22) (idx 17) in constr e381 (idx 357) is deemed risky
+ coeff -4.14205 of var (x12,x24) (idx 18) in constr e381 (idx 357) is deemed risky
+ coeff 4.14205 of var (x13,x14) (idx 19) in constr e381 (idx 357) is deemed risky
+ coeff -4.14205 of var (x13,x22) (idx 20) in constr e381 (idx 357) is deemed risky
+ coeff 4.14205 of var (x13,x24) (idx 21) in constr e381 (idx 357) is deemed risky
+ coeff 4.09888 of var (x6,x8) (idx 0) in constr e382 (idx 358) is deemed risky
+ coeff -6.30317 of var (x6,x15) (idx 1) in constr e382 (idx 358) is deemed risky
+ coeff 5.91859 of var (x6,x16) (idx 2) in constr e382 (idx 358) is deemed risky
+ coeff -4.09888 of var (x6,x17) (idx 3) in constr e382 (idx 358) is deemed risky
+ coeff -1.09888 of var (x6,x22) (idx 4) in constr e382 (idx 358) is deemed risky
+ coeff 1.09888 of var (x6,x25) (idx 5) in constr e382 (idx 358) is deemed risky
+ coeff 1.09888 of var (x7,x8) (idx 6) in constr e382 (idx 358) is deemed risky
+ coeff -5.91859 of var (x7,x15) (idx 7) in constr e382 (idx 358) is deemed risky
+ coeff -6.30317 of var (x7,x16) (idx 8) in constr e382 (idx 358) is deemed risky
+ coeff -1.09888 of var (x7,x17) (idx 9) in constr e382 (idx 358) is deemed risky
+ coeff 4.09888 of var (x7,x22) (idx 10) in constr e382 (idx 358) is deemed risky
+ coeff -4.09888 of var (x7,x25) (idx 11) in constr e382 (idx 358) is deemed risky
+ coeff -3.59164 of var (x8,x15) (idx 13) in constr e382 (idx 358) is deemed risky
+ coeff 1.92502 of var (x8,x16) (idx 14) in constr e382 (idx 358) is deemed risky
+ coeff 3.59164 of var (x15,x17) (idx 16) in constr e382 (idx 358) is deemed risky
+ coeff -1.92502 of var (x15,x22) (idx 17) in constr e382 (idx 358) is deemed risky
+ coeff 1.92502 of var (x15,x25) (idx 18) in constr e382 (idx 358) is deemed risky
+ coeff -1.92502 of var (x16,x17) (idx 19) in constr e382 (idx 358) is deemed risky
+ coeff -3.59164 of var (x16,x22) (idx 20) in constr e382 (idx 358) is deemed risky
+ coeff 3.59164 of var (x16,x25) (idx 21) in constr e382 (idx 358) is deemed risky
+ coeff 4.09888 of var (x6,x8) (idx 0) in constr e383 (idx 359) is deemed risky
+ coeff -8.6115 of var (x6,x18) (idx 1) in constr e383 (idx 359) is deemed risky
+ coeff -4.97088 of var (x6,x19) (idx 2) in constr e383 (idx 359) is deemed risky
+ coeff -4.09888 of var (x6,x20) (idx 3) in constr e383 (idx 359) is deemed risky
+ coeff -1.09888 of var (x6,x22) (idx 4) in constr e383 (idx 359) is deemed risky
+ coeff 1.09888 of var (x6,x26) (idx 5) in constr e383 (idx 359) is deemed risky
+ coeff 1.09888 of var (x7,x8) (idx 6) in constr e383 (idx 359) is deemed risky
+ coeff 4.97088 of var (x7,x18) (idx 7) in constr e383 (idx 359) is deemed risky
+ coeff -8.6115 of var (x7,x19) (idx 8) in constr e383 (idx 359) is deemed risky
+ coeff -1.09888 of var (x7,x20) (idx 9) in constr e383 (idx 359) is deemed risky
+ coeff 4.09888 of var (x7,x22) (idx 10) in constr e383 (idx 359) is deemed risky
+ coeff -4.09888 of var (x7,x26) (idx 11) in constr e383 (idx 359) is deemed risky
+ coeff -3.31348 of var (x8,x18) (idx 13) in constr e383 (idx 359) is deemed risky
+ coeff -3.3138 of var (x8,x19) (idx 14) in constr e383 (idx 359) is deemed risky
+ coeff 3.31348 of var (x18,x20) (idx 16) in constr e383 (idx 359) is deemed risky
+ coeff 3.3138 of var (x18,x22) (idx 17) in constr e383 (idx 359) is deemed risky
+ coeff -3.3138 of var (x18,x26) (idx 18) in constr e383 (idx 359) is deemed risky
+ coeff 3.3138 of var (x19,x20) (idx 19) in constr e383 (idx 359) is deemed risky
+ coeff -3.31348 of var (x19,x22) (idx 20) in constr e383 (idx 359) is deemed risky
+ coeff 3.31348 of var (x19,x26) (idx 21) in constr e383 (idx 359) is deemed risky
+ coeff 4.09888 of var (x6,x8) (idx 0) in constr e384 (idx 360) is deemed risky
+ coeff 0.585642 of var (x6,x9) (idx 1) in constr e384 (idx 360) is deemed risky
+ coeff -9.77989 of var (x6,x10) (idx 2) in constr e384 (idx 360) is deemed risky
+ coeff -4.09888 of var (x6,x11) (idx 3) in constr e384 (idx 360) is deemed risky
+ coeff -1.09888 of var (x6,x22) (idx 4) in constr e384 (idx 360) is deemed risky
+ coeff 1.09888 of var (x6,x23) (idx 5) in constr e384 (idx 360) is deemed risky
+ coeff 1.09888 of var (x7,x8) (idx 6) in constr e384 (idx 360) is deemed risky
+ coeff 9.77989 of var (x7,x9) (idx 7) in constr e384 (idx 360) is deemed risky
+ coeff 0.585642 of var (x7,x10) (idx 8) in constr e384 (idx 360) is deemed risky
+ coeff -1.09888 of var (x7,x11) (idx 9) in constr e384 (idx 360) is deemed risky
+ coeff 4.09888 of var (x7,x22) (idx 10) in constr e384 (idx 360) is deemed risky
+ coeff -4.09888 of var (x7,x23) (idx 11) in constr e384 (idx 360) is deemed risky
+ coeff 1.46014 of var (x8,x9) (idx 13) in constr e384 (idx 360) is deemed risky
+ coeff -4.38053 of var (x8,x10) (idx 14) in constr e384 (idx 360) is deemed risky
+ coeff -1.46014 of var (x9,x11) (idx 16) in constr e384 (idx 360) is deemed risky
+ coeff 4.38053 of var (x9,x22) (idx 17) in constr e384 (idx 360) is deemed risky
+ coeff -4.38053 of var (x9,x23) (idx 18) in constr e384 (idx 360) is deemed risky
+ coeff 4.38053 of var (x10,x11) (idx 19) in constr e384 (idx 360) is deemed risky
+ coeff 1.46014 of var (x10,x22) (idx 20) in constr e384 (idx 360) is deemed risky
+ coeff -1.46014 of var (x10,x23) (idx 21) in constr e384 (idx 360) is deemed risky
+ coeff 4.09888 of var (x6,x8) (idx 0) in constr e385 (idx 361) is deemed risky
+ coeff -6.21307 of var (x6,x12) (idx 1) in constr e385 (idx 361) is deemed risky
+ coeff 10.7647 of var (x6,x13) (idx 2) in constr e385 (idx 361) is deemed risky
+ coeff -4.09888 of var (x6,x14) (idx 3) in constr e385 (idx 361) is deemed risky
+ coeff -1.09888 of var (x6,x22) (idx 4) in constr e385 (idx 361) is deemed risky
+ coeff 1.09888 of var (x6,x24) (idx 5) in constr e385 (idx 361) is deemed risky
+ coeff 1.09888 of var (x7,x8) (idx 6) in constr e385 (idx 361) is deemed risky
+ coeff -10.7647 of var (x7,x12) (idx 7) in constr e385 (idx 361) is deemed risky
+ coeff -6.21307 of var (x7,x13) (idx 8) in constr e385 (idx 361) is deemed risky
+ coeff -1.09888 of var (x7,x14) (idx 9) in constr e385 (idx 361) is deemed risky
+ coeff 4.09888 of var (x7,x22) (idx 10) in constr e385 (idx 361) is deemed risky
+ coeff -4.09888 of var (x7,x24) (idx 11) in constr e385 (idx 361) is deemed risky
+ coeff -4.14205 of var (x8,x12) (idx 13) in constr e385 (idx 361) is deemed risky
+ coeff 4.14205 of var (x8,x13) (idx 14) in constr e385 (idx 361) is deemed risky
+ coeff 4.14205 of var (x12,x14) (idx 16) in constr e385 (idx 361) is deemed risky
+ coeff -4.14205 of var (x12,x22) (idx 17) in constr e385 (idx 361) is deemed risky
+ coeff 4.14205 of var (x12,x24) (idx 18) in constr e385 (idx 361) is deemed risky
+ coeff -4.14205 of var (x13,x14) (idx 19) in constr e385 (idx 361) is deemed risky
+ coeff -4.14205 of var (x13,x22) (idx 20) in constr e385 (idx 361) is deemed risky
+ coeff 4.14205 of var (x13,x24) (idx 21) in constr e385 (idx 361) is deemed risky
+ coeff 4.09888 of var (x6,x8) (idx 0) in constr e386 (idx 362) is deemed risky
+ coeff -8.4185 of var (x6,x15) (idx 1) in constr e386 (idx 362) is deemed risky
+ coeff -1.97169 of var (x6,x16) (idx 2) in constr e386 (idx 362) is deemed risky
+ coeff -4.09888 of var (x6,x17) (idx 3) in constr e386 (idx 362) is deemed risky
+ coeff -1.09888 of var (x6,x22) (idx 4) in constr e386 (idx 362) is deemed risky
+ coeff 1.09888 of var (x6,x25) (idx 5) in constr e386 (idx 362) is deemed risky
+ coeff 1.09888 of var (x7,x8) (idx 6) in constr e386 (idx 362) is deemed risky
+ coeff 1.97169 of var (x7,x15) (idx 7) in constr e386 (idx 362) is deemed risky
+ coeff -8.4185 of var (x7,x16) (idx 8) in constr e386 (idx 362) is deemed risky
+ coeff -1.09888 of var (x7,x17) (idx 9) in constr e386 (idx 362) is deemed risky
+ coeff 4.09888 of var (x7,x22) (idx 10) in constr e386 (idx 362) is deemed risky
+ coeff -4.09888 of var (x7,x25) (idx 11) in constr e386 (idx 362) is deemed risky
+ coeff -3.59164 of var (x8,x15) (idx 13) in constr e386 (idx 362) is deemed risky
+ coeff -1.92496 of var (x8,x16) (idx 14) in constr e386 (idx 362) is deemed risky
+ coeff 3.59164 of var (x15,x17) (idx 16) in constr e386 (idx 362) is deemed risky
+ coeff 1.92496 of var (x15,x22) (idx 17) in constr e386 (idx 362) is deemed risky
+ coeff -1.92496 of var (x15,x25) (idx 18) in constr e386 (idx 362) is deemed risky
+ coeff 1.92496 of var (x16,x17) (idx 19) in constr e386 (idx 362) is deemed risky
+ coeff -3.59164 of var (x16,x22) (idx 20) in constr e386 (idx 362) is deemed risky
+ coeff 3.59164 of var (x16,x25) (idx 21) in constr e386 (idx 362) is deemed risky
+ coeff 4.09888 of var (x6,x8) (idx 0) in constr e387 (idx 363) is deemed risky
+ coeff -4.97072 of var (x6,x18) (idx 1) in constr e387 (idx 363) is deemed risky
+ coeff 8.61145 of var (x6,x19) (idx 2) in constr e387 (idx 363) is deemed risky
+ coeff -4.09888 of var (x6,x20) (idx 3) in constr e387 (idx 363) is deemed risky
+ coeff -1.09888 of var (x6,x22) (idx 4) in constr e387 (idx 363) is deemed risky
+ coeff 1.09888 of var (x6,x26) (idx 5) in constr e387 (idx 363) is deemed risky
+ coeff 1.09888 of var (x7,x8) (idx 6) in constr e387 (idx 363) is deemed risky
+ coeff -8.61145 of var (x7,x18) (idx 7) in constr e387 (idx 363) is deemed risky
+ coeff -4.97072 of var (x7,x19) (idx 8) in constr e387 (idx 363) is deemed risky
+ coeff -1.09888 of var (x7,x20) (idx 9) in constr e387 (idx 363) is deemed risky
+ coeff 4.09888 of var (x7,x22) (idx 10) in constr e387 (idx 363) is deemed risky
+ coeff -4.09888 of var (x7,x26) (idx 11) in constr e387 (idx 363) is deemed risky
+ coeff -3.31372 of var (x8,x18) (idx 13) in constr e387 (idx 363) is deemed risky
+ coeff 3.31348 of var (x8,x19) (idx 14) in constr e387 (idx 363) is deemed risky
+ coeff 3.31372 of var (x18,x20) (idx 16) in constr e387 (idx 363) is deemed risky
+ coeff -3.31348 of var (x18,x22) (idx 17) in constr e387 (idx 363) is deemed risky
+ coeff 3.31348 of var (x18,x26) (idx 18) in constr e387 (idx 363) is deemed risky
+ coeff -3.31348 of var (x19,x20) (idx 19) in constr e387 (idx 363) is deemed risky
+ coeff -3.31372 of var (x19,x22) (idx 20) in constr e387 (idx 363) is deemed risky
+ coeff 3.31372 of var (x19,x26) (idx 21) in constr e387 (idx 363) is deemed risky
+ coeff 4.09888 of var (x6,x8) (idx 0) in constr e388 (idx 364) is deemed risky
+ coeff 0.224122 of var (x6,x9) (idx 1) in constr e388 (idx 364) is deemed risky
+ coeff -3.74044 of var (x6,x10) (idx 2) in constr e388 (idx 364) is deemed risky
+ coeff -4.09888 of var (x6,x11) (idx 3) in constr e388 (idx 364) is deemed risky
+ coeff -1.09888 of var (x6,x22) (idx 4) in constr e388 (idx 364) is deemed risky
+ coeff 1.09888 of var (x6,x23) (idx 5) in constr e388 (idx 364) is deemed risky
+ coeff 1.09888 of var (x7,x8) (idx 6) in constr e388 (idx 364) is deemed risky
+ coeff 3.74044 of var (x7,x9) (idx 7) in constr e388 (idx 364) is deemed risky
+ coeff 0.224122 of var (x7,x10) (idx 8) in constr e388 (idx 364) is deemed risky
+ coeff -1.09888 of var (x7,x11) (idx 9) in constr e388 (idx 364) is deemed risky
+ coeff 4.09888 of var (x7,x22) (idx 10) in constr e388 (idx 364) is deemed risky
+ coeff -4.09888 of var (x7,x23) (idx 11) in constr e388 (idx 364) is deemed risky
+ coeff 0.558512 of var (x8,x9) (idx 13) in constr e388 (idx 364) is deemed risky
+ coeff -1.67537 of var (x8,x10) (idx 14) in constr e388 (idx 364) is deemed risky
+ coeff -0.558512 of var (x9,x11) (idx 16) in constr e388 (idx 364) is deemed risky
+ coeff 1.67537 of var (x9,x22) (idx 17) in constr e388 (idx 364) is deemed risky
+ coeff -1.67537 of var (x9,x23) (idx 18) in constr e388 (idx 364) is deemed risky
+ coeff 1.67537 of var (x10,x11) (idx 19) in constr e388 (idx 364) is deemed risky
+ coeff 0.558512 of var (x10,x22) (idx 20) in constr e388 (idx 364) is deemed risky
+ coeff -0.558512 of var (x10,x23) (idx 21) in constr e388 (idx 364) is deemed risky
+ coeff 4.09888 of var (x6,x8) (idx 0) in constr e389 (idx 365) is deemed risky
+ coeff 6.21307 of var (x6,x12) (idx 1) in constr e389 (idx 365) is deemed risky
+ coeff -10.7647 of var (x6,x13) (idx 2) in constr e389 (idx 365) is deemed risky
+ coeff -4.09888 of var (x6,x14) (idx 3) in constr e389 (idx 365) is deemed risky
+ coeff -1.09888 of var (x6,x22) (idx 4) in constr e389 (idx 365) is deemed risky
+ coeff 1.09888 of var (x6,x24) (idx 5) in constr e389 (idx 365) is deemed risky
+ coeff 1.09888 of var (x7,x8) (idx 6) in constr e389 (idx 365) is deemed risky
+ coeff 10.7647 of var (x7,x12) (idx 7) in constr e389 (idx 365) is deemed risky
+ coeff 6.21307 of var (x7,x13) (idx 8) in constr e389 (idx 365) is deemed risky
+ coeff -1.09888 of var (x7,x14) (idx 9) in constr e389 (idx 365) is deemed risky
+ coeff 4.09888 of var (x7,x22) (idx 10) in constr e389 (idx 365) is deemed risky
+ coeff -4.09888 of var (x7,x24) (idx 11) in constr e389 (idx 365) is deemed risky
+ coeff 4.14205 of var (x8,x12) (idx 13) in constr e389 (idx 365) is deemed risky
+ coeff -4.14205 of var (x8,x13) (idx 14) in constr e389 (idx 365) is deemed risky
+ coeff -4.14205 of var (x12,x14) (idx 16) in constr e389 (idx 365) is deemed risky
+ coeff 4.14205 of var (x12,x22) (idx 17) in constr e389 (idx 365) is deemed risky
+ coeff -4.14205 of var (x12,x24) (idx 18) in constr e389 (idx 365) is deemed risky
+ coeff 4.14205 of var (x13,x14) (idx 19) in constr e389 (idx 365) is deemed risky
+ coeff 4.14205 of var (x13,x22) (idx 20) in constr e389 (idx 365) is deemed risky
+ coeff -4.14205 of var (x13,x24) (idx 21) in constr e389 (idx 365) is deemed risky
+ coeff 4.09888 of var (x6,x8) (idx 0) in constr e390 (idx 366) is deemed risky
+ coeff 15.0885 of var (x6,x15) (idx 1) in constr e390 (idx 366) is deemed risky
+ coeff 0.679664 of var (x6,x16) (idx 2) in constr e390 (idx 366) is deemed risky
+ coeff -4.09888 of var (x6,x17) (idx 3) in constr e390 (idx 366) is deemed risky
+ coeff -1.09888 of var (x6,x22) (idx 4) in constr e390 (idx 366) is deemed risky
+ coeff 1.09888 of var (x6,x25) (idx 5) in constr e390 (idx 366) is deemed risky
+ coeff 1.09888 of var (x7,x8) (idx 6) in constr e390 (idx 366) is deemed risky
+ coeff -0.679664 of var (x7,x15) (idx 7) in constr e390 (idx 366) is deemed risky
+ coeff 15.0885 of var (x7,x16) (idx 8) in constr e390 (idx 366) is deemed risky
+ coeff -1.09888 of var (x7,x17) (idx 9) in constr e390 (idx 366) is deemed risky
+ coeff 4.09888 of var (x7,x22) (idx 10) in constr e390 (idx 366) is deemed risky
+ coeff -4.09888 of var (x7,x25) (idx 11) in constr e390 (idx 366) is deemed risky
+ coeff 6.78566 of var (x8,x15) (idx 13) in constr e390 (idx 366) is deemed risky
+ coeff 2.15082 of var (x8,x16) (idx 14) in constr e390 (idx 366) is deemed risky
+ coeff -6.78566 of var (x15,x17) (idx 16) in constr e390 (idx 366) is deemed risky
+ coeff -2.15082 of var (x15,x22) (idx 17) in constr e390 (idx 366) is deemed risky
+ coeff 2.15082 of var (x15,x25) (idx 18) in constr e390 (idx 366) is deemed risky
+ coeff -2.15082 of var (x16,x17) (idx 19) in constr e390 (idx 366) is deemed risky
+ coeff 6.78566 of var (x16,x22) (idx 20) in constr e390 (idx 366) is deemed risky
+ coeff -6.78566 of var (x16,x25) (idx 21) in constr e390 (idx 366) is deemed risky
+ coeff 4.09888 of var (x6,x8) (idx 0) in constr e391 (idx 367) is deemed risky
+ coeff 12.1262 of var (x6,x18) (idx 1) in constr e391 (idx 367) is deemed risky
+ coeff -10.7561 of var (x6,x19) (idx 2) in constr e391 (idx 367) is deemed risky
+ coeff -4.09888 of var (x6,x20) (idx 3) in constr e391 (idx 367) is deemed risky
+ coeff -1.09888 of var (x6,x22) (idx 4) in constr e391 (idx 367) is deemed risky
+ coeff 1.09888 of var (x6,x26) (idx 5) in constr e391 (idx 367) is deemed risky
+ coeff 1.09888 of var (x7,x8) (idx 6) in constr e391 (idx 367) is deemed risky
+ coeff 10.7561 of var (x7,x18) (idx 7) in constr e391 (idx 367) is deemed risky
+ coeff 12.1262 of var (x7,x19) (idx 8) in constr e391 (idx 367) is deemed risky
+ coeff -1.09888 of var (x7,x20) (idx 9) in constr e391 (idx 367) is deemed risky
+ coeff 4.09888 of var (x7,x22) (idx 10) in constr e391 (idx 367) is deemed risky
+ coeff -4.09888 of var (x7,x26) (idx 11) in constr e391 (idx 367) is deemed risky
+ coeff 6.83276 of var (x8,x18) (idx 13) in constr e391 (idx 367) is deemed risky
+ coeff -3.4165 of var (x8,x19) (idx 14) in constr e391 (idx 367) is deemed risky
+ coeff -6.83276 of var (x18,x20) (idx 16) in constr e391 (idx 367) is deemed risky
+ coeff 3.4165 of var (x18,x22) (idx 17) in constr e391 (idx 367) is deemed risky
+ coeff -3.4165 of var (x18,x26) (idx 18) in constr e391 (idx 367) is deemed risky
+ coeff 3.4165 of var (x19,x20) (idx 19) in constr e391 (idx 367) is deemed risky
+ coeff 6.83276 of var (x19,x22) (idx 20) in constr e391 (idx 367) is deemed risky
+ coeff -6.83276 of var (x19,x26) (idx 21) in constr e391 (idx 367) is deemed risky
+ coeff -1.46014 of var (x9,x11) (idx 0) in constr e392 (idx 368) is deemed risky
+ coeff 6.0482 of var (x9,x12) (idx 1) in constr e392 (idx 368) is deemed risky
+ coeff -12.0962 of var (x9,x13) (idx 2) in constr e392 (idx 368) is deemed risky
+ coeff 1.46014 of var (x9,x14) (idx 3) in constr e392 (idx 368) is deemed risky
+ coeff -4.38053 of var (x9,x23) (idx 4) in constr e392 (idx 368) is deemed risky
+ coeff 4.38053 of var (x9,x24) (idx 5) in constr e392 (idx 368) is deemed risky
+ coeff 4.38053 of var (x10,x11) (idx 6) in constr e392 (idx 368) is deemed risky
+ coeff 12.0962 of var (x10,x12) (idx 7) in constr e392 (idx 368) is deemed risky
+ coeff 6.0482 of var (x10,x13) (idx 8) in constr e392 (idx 368) is deemed risky
+ coeff -4.38053 of var (x10,x14) (idx 9) in constr e392 (idx 368) is deemed risky
+ coeff -1.46014 of var (x10,x23) (idx 10) in constr e392 (idx 368) is deemed risky
+ coeff 1.46014 of var (x10,x24) (idx 11) in constr e392 (idx 368) is deemed risky
+ coeff 4.14205 of var (x11,x12) (idx 13) in constr e392 (idx 368) is deemed risky
+ coeff 4.14205 of var (x11,x13) (idx 14) in constr e392 (idx 368) is deemed risky
+ coeff -4.14205 of var (x12,x14) (idx 16) in constr e392 (idx 368) is deemed risky
+ coeff -4.14205 of var (x12,x23) (idx 17) in constr e392 (idx 368) is deemed risky
+ coeff 4.14205 of var (x12,x24) (idx 18) in constr e392 (idx 368) is deemed risky
+ coeff -4.14205 of var (x13,x14) (idx 19) in constr e392 (idx 368) is deemed risky
+ coeff 4.14205 of var (x13,x23) (idx 20) in constr e392 (idx 368) is deemed risky
+ coeff -4.14205 of var (x13,x24) (idx 21) in constr e392 (idx 368) is deemed risky
+ coeff -1.46014 of var (x9,x11) (idx 0) in constr e393 (idx 369) is deemed risky
+ coeff -0.243347 of var (x9,x15) (idx 1) in constr e393 (idx 369) is deemed risky
+ coeff -10.6977 of var (x9,x16) (idx 2) in constr e393 (idx 369) is deemed risky
+ coeff 1.46014 of var (x9,x17) (idx 3) in constr e393 (idx 369) is deemed risky
+ coeff -4.38053 of var (x9,x23) (idx 4) in constr e393 (idx 369) is deemed risky
+ coeff 4.38053 of var (x9,x25) (idx 5) in constr e393 (idx 369) is deemed risky
+ coeff 4.38053 of var (x10,x11) (idx 6) in constr e393 (idx 369) is deemed risky
+ coeff 10.6977 of var (x10,x15) (idx 7) in constr e393 (idx 369) is deemed risky
+ coeff -0.243347 of var (x10,x16) (idx 8) in constr e393 (idx 369) is deemed risky
+ coeff -4.38053 of var (x10,x17) (idx 9) in constr e393 (idx 369) is deemed risky
+ coeff -1.46014 of var (x10,x23) (idx 10) in constr e393 (idx 369) is deemed risky
+ coeff 1.46014 of var (x10,x25) (idx 11) in constr e393 (idx 369) is deemed risky
+ coeff 4.42912 of var (x11,x15) (idx 13) in constr e393 (idx 369) is deemed risky
+ coeff 1.36523 of var (x11,x16) (idx 14) in constr e393 (idx 369) is deemed risky
+ coeff -4.42912 of var (x15,x17) (idx 16) in constr e393 (idx 369) is deemed risky
+ coeff -1.36523 of var (x15,x23) (idx 17) in constr e393 (idx 369) is deemed risky
+ coeff 1.36523 of var (x15,x25) (idx 18) in constr e393 (idx 369) is deemed risky
+ coeff -1.36523 of var (x16,x17) (idx 19) in constr e393 (idx 369) is deemed risky
+ coeff 4.42912 of var (x16,x23) (idx 20) in constr e393 (idx 369) is deemed risky
+ coeff -4.42912 of var (x16,x25) (idx 21) in constr e393 (idx 369) is deemed risky
+ coeff -1.46014 of var (x9,x11) (idx 0) in constr e394 (idx 370) is deemed risky
+ coeff -9.02425 of var (x9,x18) (idx 1) in constr e394 (idx 370) is deemed risky
+ coeff -9.02402 of var (x9,x19) (idx 2) in constr e394 (idx 370) is deemed risky
+ coeff 1.46014 of var (x9,x20) (idx 3) in constr e394 (idx 370) is deemed risky
+ coeff -4.38053 of var (x9,x23) (idx 4) in constr e394 (idx 370) is deemed risky
+ coeff 4.38053 of var (x9,x26) (idx 5) in constr e394 (idx 370) is deemed risky
+ coeff 4.38053 of var (x10,x11) (idx 6) in constr e394 (idx 370) is deemed risky
+ coeff 9.02402 of var (x10,x18) (idx 7) in constr e394 (idx 370) is deemed risky
+ coeff -9.02425 of var (x10,x19) (idx 8) in constr e394 (idx 370) is deemed risky
+ coeff -4.38053 of var (x10,x20) (idx 9) in constr e394 (idx 370) is deemed risky
+ coeff -1.46014 of var (x10,x23) (idx 10) in constr e394 (idx 370) is deemed risky
+ coeff 1.46014 of var (x10,x26) (idx 11) in constr e394 (idx 370) is deemed risky
+ coeff 4.94409 of var (x11,x18) (idx 13) in constr e394 (idx 370) is deemed risky
+ coeff -2.47217 of var (x11,x19) (idx 14) in constr e394 (idx 370) is deemed risky
+ coeff -4.94409 of var (x18,x20) (idx 16) in constr e394 (idx 370) is deemed risky
+ coeff 2.47217 of var (x18,x23) (idx 17) in constr e394 (idx 370) is deemed risky
+ coeff -2.47217 of var (x18,x26) (idx 18) in constr e394 (idx 370) is deemed risky
+ coeff 2.47217 of var (x19,x20) (idx 19) in constr e394 (idx 370) is deemed risky
+ coeff 4.94409 of var (x19,x23) (idx 20) in constr e394 (idx 370) is deemed risky
+ coeff -4.94409 of var (x19,x26) (idx 21) in constr e394 (idx 370) is deemed risky
+ coeff -1.46014 of var (x9,x11) (idx 0) in constr e395 (idx 371) is deemed risky
+ coeff -6.0482 of var (x9,x12) (idx 1) in constr e395 (idx 371) is deemed risky
+ coeff 12.0962 of var (x9,x13) (idx 2) in constr e395 (idx 371) is deemed risky
+ coeff 1.46014 of var (x9,x14) (idx 3) in constr e395 (idx 371) is deemed risky
+ coeff -4.38053 of var (x9,x23) (idx 4) in constr e395 (idx 371) is deemed risky
+ coeff 4.38053 of var (x9,x24) (idx 5) in constr e395 (idx 371) is deemed risky
+ coeff 4.38053 of var (x10,x11) (idx 6) in constr e395 (idx 371) is deemed risky
+ coeff -12.0962 of var (x10,x12) (idx 7) in constr e395 (idx 371) is deemed risky
+ coeff -6.0482 of var (x10,x13) (idx 8) in constr e395 (idx 371) is deemed risky
+ coeff -4.38053 of var (x10,x14) (idx 9) in constr e395 (idx 371) is deemed risky
+ coeff -1.46014 of var (x10,x23) (idx 10) in constr e395 (idx 371) is deemed risky
+ coeff 1.46014 of var (x10,x24) (idx 11) in constr e395 (idx 371) is deemed risky
+ coeff -4.14205 of var (x11,x12) (idx 13) in constr e395 (idx 371) is deemed risky
+ coeff -4.14205 of var (x11,x13) (idx 14) in constr e395 (idx 371) is deemed risky
+ coeff 4.14205 of var (x12,x14) (idx 16) in constr e395 (idx 371) is deemed risky
+ coeff 4.14205 of var (x12,x23) (idx 17) in constr e395 (idx 371) is deemed risky
+ coeff -4.14205 of var (x12,x24) (idx 18) in constr e395 (idx 371) is deemed risky
+ coeff 4.14205 of var (x13,x14) (idx 19) in constr e395 (idx 371) is deemed risky
+ coeff -4.14205 of var (x13,x23) (idx 20) in constr e395 (idx 371) is deemed risky
+ coeff 4.14205 of var (x13,x24) (idx 21) in constr e395 (idx 371) is deemed risky
+ coeff -1.46014 of var (x9,x11) (idx 0) in constr e396 (idx 372) is deemed risky
+ coeff 6.83846 of var (x9,x15) (idx 1) in constr e396 (idx 372) is deemed risky
+ coeff 6.46126 of var (x9,x16) (idx 2) in constr e396 (idx 372) is deemed risky
+ coeff 1.46014 of var (x9,x17) (idx 3) in constr e396 (idx 372) is deemed risky
+ coeff -4.38053 of var (x9,x23) (idx 4) in constr e396 (idx 372) is deemed risky
+ coeff 4.38053 of var (x9,x25) (idx 5) in constr e396 (idx 372) is deemed risky
+ coeff 4.38053 of var (x10,x11) (idx 6) in constr e396 (idx 372) is deemed risky
+ coeff -6.46126 of var (x10,x15) (idx 7) in constr e396 (idx 372) is deemed risky
+ coeff 6.83846 of var (x10,x16) (idx 8) in constr e396 (idx 372) is deemed risky
+ coeff -4.38053 of var (x10,x17) (idx 9) in constr e396 (idx 372) is deemed risky
+ coeff -1.46014 of var (x10,x23) (idx 10) in constr e396 (idx 372) is deemed risky
+ coeff 1.46014 of var (x10,x25) (idx 11) in constr e396 (idx 372) is deemed risky
+ coeff -3.59164 of var (x11,x15) (idx 13) in constr e396 (idx 372) is deemed risky
+ coeff 1.92502 of var (x11,x16) (idx 14) in constr e396 (idx 372) is deemed risky
+ coeff 3.59164 of var (x15,x17) (idx 16) in constr e396 (idx 372) is deemed risky
+ coeff -1.92502 of var (x15,x23) (idx 17) in constr e396 (idx 372) is deemed risky
+ coeff 1.92502 of var (x15,x25) (idx 18) in constr e396 (idx 372) is deemed risky
+ coeff -1.92502 of var (x16,x17) (idx 19) in constr e396 (idx 372) is deemed risky
+ coeff -3.59164 of var (x16,x23) (idx 20) in constr e396 (idx 372) is deemed risky
+ coeff 3.59164 of var (x16,x25) (idx 21) in constr e396 (idx 372) is deemed risky
+ coeff -1.46014 of var (x9,x11) (idx 0) in constr e397 (idx 373) is deemed risky
+ coeff -4.83903 of var (x9,x18) (idx 1) in constr e397 (idx 373) is deemed risky
+ coeff 9.67671 of var (x9,x19) (idx 2) in constr e397 (idx 373) is deemed risky
+ coeff 1.46014 of var (x9,x20) (idx 3) in constr e397 (idx 373) is deemed risky
+ coeff -4.38053 of var (x9,x23) (idx 4) in constr e397 (idx 373) is deemed risky
+ coeff 4.38053 of var (x9,x26) (idx 5) in constr e397 (idx 373) is deemed risky
+ coeff 4.38053 of var (x10,x11) (idx 6) in constr e397 (idx 373) is deemed risky
+ coeff -9.67671 of var (x10,x18) (idx 7) in constr e397 (idx 373) is deemed risky
+ coeff -4.83903 of var (x10,x19) (idx 8) in constr e397 (idx 373) is deemed risky
+ coeff -4.38053 of var (x10,x20) (idx 9) in constr e397 (idx 373) is deemed risky
+ coeff -1.46014 of var (x10,x23) (idx 10) in constr e397 (idx 373) is deemed risky
+ coeff 1.46014 of var (x10,x26) (idx 11) in constr e397 (idx 373) is deemed risky
+ coeff -3.31348 of var (x11,x18) (idx 13) in constr e397 (idx 373) is deemed risky
+ coeff -3.3138 of var (x11,x19) (idx 14) in constr e397 (idx 373) is deemed risky
+ coeff 3.31348 of var (x18,x20) (idx 16) in constr e397 (idx 373) is deemed risky
+ coeff 3.3138 of var (x18,x23) (idx 17) in constr e397 (idx 373) is deemed risky
+ coeff -3.3138 of var (x18,x26) (idx 18) in constr e397 (idx 373) is deemed risky
+ coeff 3.3138 of var (x19,x20) (idx 19) in constr e397 (idx 373) is deemed risky
+ coeff -3.31348 of var (x19,x23) (idx 20) in constr e397 (idx 373) is deemed risky
+ coeff 3.31348 of var (x19,x26) (idx 21) in constr e397 (idx 373) is deemed risky
+ coeff -1.46014 of var (x9,x11) (idx 0) in constr e398 (idx 374) is deemed risky
+ coeff 12.0962 of var (x9,x12) (idx 1) in constr e398 (idx 374) is deemed risky
+ coeff 6.0482 of var (x9,x13) (idx 2) in constr e398 (idx 374) is deemed risky
+ coeff 1.46014 of var (x9,x14) (idx 3) in constr e398 (idx 374) is deemed risky
+ coeff -4.38053 of var (x9,x23) (idx 4) in constr e398 (idx 374) is deemed risky
+ coeff 4.38053 of var (x9,x24) (idx 5) in constr e398 (idx 374) is deemed risky
+ coeff 4.38053 of var (x10,x11) (idx 6) in constr e398 (idx 374) is deemed risky
+ coeff -6.0482 of var (x10,x12) (idx 7) in constr e398 (idx 374) is deemed risky
+ coeff 12.0962 of var (x10,x13) (idx 8) in constr e398 (idx 374) is deemed risky
+ coeff -4.38053 of var (x10,x14) (idx 9) in constr e398 (idx 374) is deemed risky
+ coeff -1.46014 of var (x10,x23) (idx 10) in constr e398 (idx 374) is deemed risky
+ coeff 1.46014 of var (x10,x24) (idx 11) in constr e398 (idx 374) is deemed risky
+ coeff -4.14205 of var (x11,x12) (idx 13) in constr e398 (idx 374) is deemed risky
+ coeff 4.14205 of var (x11,x13) (idx 14) in constr e398 (idx 374) is deemed risky
+ coeff 4.14205 of var (x12,x14) (idx 16) in constr e398 (idx 374) is deemed risky
+ coeff -4.14205 of var (x12,x23) (idx 17) in constr e398 (idx 374) is deemed risky
+ coeff 4.14205 of var (x12,x24) (idx 18) in constr e398 (idx 374) is deemed risky
+ coeff -4.14205 of var (x13,x14) (idx 19) in constr e398 (idx 374) is deemed risky
+ coeff -4.14205 of var (x13,x23) (idx 20) in constr e398 (idx 374) is deemed risky
+ coeff 4.14205 of var (x13,x24) (idx 21) in constr e398 (idx 374) is deemed risky
+ coeff -1.46014 of var (x9,x11) (idx 0) in constr e399 (idx 375) is deemed risky
+ coeff -1.59401 of var (x9,x15) (idx 1) in constr e399 (idx 375) is deemed risky
+ coeff 9.27202 of var (x9,x16) (idx 2) in constr e399 (idx 375) is deemed risky
+ coeff 1.46014 of var (x9,x17) (idx 3) in constr e399 (idx 375) is deemed risky
+ coeff -4.38053 of var (x9,x23) (idx 4) in constr e399 (idx 375) is deemed risky
+ coeff 4.38053 of var (x9,x25) (idx 5) in constr e399 (idx 375) is deemed risky
+ coeff 4.38053 of var (x10,x11) (idx 6) in constr e399 (idx 375) is deemed risky
+ coeff -9.27202 of var (x10,x15) (idx 7) in constr e399 (idx 375) is deemed risky
+ coeff -1.59401 of var (x10,x16) (idx 8) in constr e399 (idx 375) is deemed risky
+ coeff -4.38053 of var (x10,x17) (idx 9) in constr e399 (idx 375) is deemed risky
+ coeff -1.46014 of var (x10,x23) (idx 10) in constr e399 (idx 375) is deemed risky
+ coeff 1.46014 of var (x10,x25) (idx 11) in constr e399 (idx 375) is deemed risky
+ coeff -3.59164 of var (x11,x15) (idx 13) in constr e399 (idx 375) is deemed risky
+ coeff -1.92496 of var (x11,x16) (idx 14) in constr e399 (idx 375) is deemed risky
+ coeff 3.59164 of var (x15,x17) (idx 16) in constr e399 (idx 375) is deemed risky
+ coeff 1.92496 of var (x15,x23) (idx 17) in constr e399 (idx 375) is deemed risky
+ coeff -1.92496 of var (x15,x25) (idx 18) in constr e399 (idx 375) is deemed risky
+ coeff 1.92496 of var (x16,x17) (idx 19) in constr e399 (idx 375) is deemed risky
+ coeff -3.59164 of var (x16,x23) (idx 20) in constr e399 (idx 375) is deemed risky
+ coeff 3.59164 of var (x16,x25) (idx 21) in constr e399 (idx 375) is deemed risky
+ coeff -1.46014 of var (x9,x11) (idx 0) in constr e400 (idx 376) is deemed risky
+ coeff 9.67665 of var (x9,x18) (idx 1) in constr e400 (idx 376) is deemed risky
+ coeff 4.83886 of var (x9,x19) (idx 2) in constr e400 (idx 376) is deemed risky
+ coeff 1.46014 of var (x9,x20) (idx 3) in constr e400 (idx 376) is deemed risky
+ coeff -4.38053 of var (x9,x23) (idx 4) in constr e400 (idx 376) is deemed risky
+ coeff 4.38053 of var (x9,x26) (idx 5) in constr e400 (idx 376) is deemed risky
+ coeff 4.38053 of var (x10,x11) (idx 6) in constr e400 (idx 376) is deemed risky
+ coeff -4.83886 of var (x10,x18) (idx 7) in constr e400 (idx 376) is deemed risky
+ coeff 9.67665 of var (x10,x19) (idx 8) in constr e400 (idx 376) is deemed risky
+ coeff -4.38053 of var (x10,x20) (idx 9) in constr e400 (idx 376) is deemed risky
+ coeff -1.46014 of var (x10,x23) (idx 10) in constr e400 (idx 376) is deemed risky
+ coeff 1.46014 of var (x10,x26) (idx 11) in constr e400 (idx 376) is deemed risky
+ coeff -3.31372 of var (x11,x18) (idx 13) in constr e400 (idx 376) is deemed risky
+ coeff 3.31348 of var (x11,x19) (idx 14) in constr e400 (idx 376) is deemed risky
+ coeff 3.31372 of var (x18,x20) (idx 16) in constr e400 (idx 376) is deemed risky
+ coeff -3.31348 of var (x18,x23) (idx 17) in constr e400 (idx 376) is deemed risky
+ coeff 3.31348 of var (x18,x26) (idx 18) in constr e400 (idx 376) is deemed risky
+ coeff -3.31348 of var (x19,x20) (idx 19) in constr e400 (idx 376) is deemed risky
+ coeff -3.31372 of var (x19,x23) (idx 20) in constr e400 (idx 376) is deemed risky
+ coeff 3.31372 of var (x19,x26) (idx 21) in constr e400 (idx 376) is deemed risky
+ coeff -1.46014 of var (x9,x11) (idx 0) in constr e401 (idx 377) is deemed risky
+ coeff -12.0962 of var (x9,x12) (idx 1) in constr e401 (idx 377) is deemed risky
+ coeff -6.0482 of var (x9,x13) (idx 2) in constr e401 (idx 377) is deemed risky
+ coeff 1.46014 of var (x9,x14) (idx 3) in constr e401 (idx 377) is deemed risky
+ coeff -4.38053 of var (x9,x23) (idx 4) in constr e401 (idx 377) is deemed risky
+ coeff 4.38053 of var (x9,x24) (idx 5) in constr e401 (idx 377) is deemed risky
+ coeff 4.38053 of var (x10,x11) (idx 6) in constr e401 (idx 377) is deemed risky
+ coeff 6.0482 of var (x10,x12) (idx 7) in constr e401 (idx 377) is deemed risky
+ coeff -12.0962 of var (x10,x13) (idx 8) in constr e401 (idx 377) is deemed risky
+ coeff -4.38053 of var (x10,x14) (idx 9) in constr e401 (idx 377) is deemed risky
+ coeff -1.46014 of var (x10,x23) (idx 10) in constr e401 (idx 377) is deemed risky
+ coeff 1.46014 of var (x10,x24) (idx 11) in constr e401 (idx 377) is deemed risky
+ coeff 4.14205 of var (x11,x12) (idx 13) in constr e401 (idx 377) is deemed risky
+ coeff -4.14205 of var (x11,x13) (idx 14) in constr e401 (idx 377) is deemed risky
+ coeff -4.14205 of var (x12,x14) (idx 16) in constr e401 (idx 377) is deemed risky
+ coeff 4.14205 of var (x12,x23) (idx 17) in constr e401 (idx 377) is deemed risky
+ coeff -4.14205 of var (x12,x24) (idx 18) in constr e401 (idx 377) is deemed risky
+ coeff 4.14205 of var (x13,x14) (idx 19) in constr e401 (idx 377) is deemed risky
+ coeff 4.14205 of var (x13,x23) (idx 20) in constr e401 (idx 377) is deemed risky
+ coeff -4.14205 of var (x13,x24) (idx 21) in constr e401 (idx 377) is deemed risky
+ coeff -1.46014 of var (x9,x11) (idx 0) in constr e402 (idx 378) is deemed risky
+ coeff -0.243159 of var (x9,x15) (idx 1) in constr e402 (idx 378) is deemed risky
+ coeff -16.4327 of var (x9,x16) (idx 2) in constr e402 (idx 378) is deemed risky
+ coeff 1.46014 of var (x9,x17) (idx 3) in constr e402 (idx 378) is deemed risky
+ coeff -4.38053 of var (x9,x23) (idx 4) in constr e402 (idx 378) is deemed risky
+ coeff 4.38053 of var (x9,x25) (idx 5) in constr e402 (idx 378) is deemed risky
+ coeff 4.38053 of var (x10,x11) (idx 6) in constr e402 (idx 378) is deemed risky
+ coeff 16.4327 of var (x10,x15) (idx 7) in constr e402 (idx 378) is deemed risky
+ coeff -0.243159 of var (x10,x16) (idx 8) in constr e402 (idx 378) is deemed risky
+ coeff -4.38053 of var (x10,x17) (idx 9) in constr e402 (idx 378) is deemed risky
+ coeff -1.46014 of var (x10,x23) (idx 10) in constr e402 (idx 378) is deemed risky
+ coeff 1.46014 of var (x10,x25) (idx 11) in constr e402 (idx 378) is deemed risky
+ coeff 6.78566 of var (x11,x15) (idx 13) in constr e402 (idx 378) is deemed risky
+ coeff 2.15082 of var (x11,x16) (idx 14) in constr e402 (idx 378) is deemed risky
+ coeff -6.78566 of var (x15,x17) (idx 16) in constr e402 (idx 378) is deemed risky
+ coeff -2.15082 of var (x15,x23) (idx 17) in constr e402 (idx 378) is deemed risky
+ coeff 2.15082 of var (x15,x25) (idx 18) in constr e402 (idx 378) is deemed risky
+ coeff -2.15082 of var (x16,x17) (idx 19) in constr e402 (idx 378) is deemed risky
+ coeff 6.78566 of var (x16,x23) (idx 20) in constr e402 (idx 378) is deemed risky
+ coeff -6.78566 of var (x16,x25) (idx 21) in constr e402 (idx 378) is deemed risky
+ coeff -1.46014 of var (x9,x11) (idx 0) in constr e403 (idx 379) is deemed risky
+ coeff -12.4715 of var (x9,x18) (idx 1) in constr e403 (idx 379) is deemed risky
+ coeff -12.4713 of var (x9,x19) (idx 2) in constr e403 (idx 379) is deemed risky
+ coeff 1.46014 of var (x9,x20) (idx 3) in constr e403 (idx 379) is deemed risky
+ coeff -4.38053 of var (x9,x23) (idx 4) in constr e403 (idx 379) is deemed risky
+ coeff 4.38053 of var (x9,x26) (idx 5) in constr e403 (idx 379) is deemed risky
+ coeff 4.38053 of var (x10,x11) (idx 6) in constr e403 (idx 379) is deemed risky
+ coeff 12.4713 of var (x10,x18) (idx 7) in constr e403 (idx 379) is deemed risky
+ coeff -12.4715 of var (x10,x19) (idx 8) in constr e403 (idx 379) is deemed risky
+ coeff -4.38053 of var (x10,x20) (idx 9) in constr e403 (idx 379) is deemed risky
+ coeff -1.46014 of var (x10,x23) (idx 10) in constr e403 (idx 379) is deemed risky
+ coeff 1.46014 of var (x10,x26) (idx 11) in constr e403 (idx 379) is deemed risky
+ coeff 6.83276 of var (x11,x18) (idx 13) in constr e403 (idx 379) is deemed risky
+ coeff -3.4165 of var (x11,x19) (idx 14) in constr e403 (idx 379) is deemed risky
+ coeff -6.83276 of var (x18,x20) (idx 16) in constr e403 (idx 379) is deemed risky
+ coeff 3.4165 of var (x18,x23) (idx 17) in constr e403 (idx 379) is deemed risky
+ coeff -3.4165 of var (x18,x26) (idx 18) in constr e403 (idx 379) is deemed risky
+ coeff 3.4165 of var (x19,x20) (idx 19) in constr e403 (idx 379) is deemed risky
+ coeff 6.83276 of var (x19,x23) (idx 20) in constr e403 (idx 379) is deemed risky
+ coeff -6.83276 of var (x19,x26) (idx 21) in constr e403 (idx 379) is deemed risky
+ coeff 4.14205 of var (x12,x14) (idx 0) in constr e404 (idx 380) is deemed risky
+ coeff 6.34538 of var (x12,x15) (idx 1) in constr e404 (idx 380) is deemed risky
+ coeff 12.0002 of var (x12,x16) (idx 2) in constr e404 (idx 380) is deemed risky
+ coeff -4.14205 of var (x12,x17) (idx 3) in constr e404 (idx 380) is deemed risky
+ coeff 4.14205 of var (x12,x24) (idx 4) in constr e404 (idx 380) is deemed risky
+ coeff -4.14205 of var (x12,x25) (idx 5) in constr e404 (idx 380) is deemed risky
+ coeff -4.14205 of var (x13,x14) (idx 6) in constr e404 (idx 380) is deemed risky
+ coeff -12.0002 of var (x13,x15) (idx 7) in constr e404 (idx 380) is deemed risky
+ coeff 6.34538 of var (x13,x16) (idx 8) in constr e404 (idx 380) is deemed risky
+ coeff 4.14205 of var (x13,x17) (idx 9) in constr e404 (idx 380) is deemed risky
+ coeff 4.14205 of var (x13,x24) (idx 10) in constr e404 (idx 380) is deemed risky
+ coeff -4.14205 of var (x13,x25) (idx 11) in constr e404 (idx 380) is deemed risky
+ coeff 4.42912 of var (x14,x15) (idx 13) in constr e404 (idx 380) is deemed risky
+ coeff 1.36523 of var (x14,x16) (idx 14) in constr e404 (idx 380) is deemed risky
+ coeff -4.42912 of var (x15,x17) (idx 16) in constr e404 (idx 380) is deemed risky
+ coeff -1.36523 of var (x15,x24) (idx 17) in constr e404 (idx 380) is deemed risky
+ coeff 1.36523 of var (x15,x25) (idx 18) in constr e404 (idx 380) is deemed risky
+ coeff -1.36523 of var (x16,x17) (idx 19) in constr e404 (idx 380) is deemed risky
+ coeff 4.42912 of var (x16,x24) (idx 20) in constr e404 (idx 380) is deemed risky
+ coeff -4.42912 of var (x16,x25) (idx 21) in constr e404 (idx 380) is deemed risky
+ coeff 4.14205 of var (x12,x14) (idx 0) in constr e405 (idx 381) is deemed risky
+ coeff 15.3593 of var (x12,x18) (idx 1) in constr e405 (idx 381) is deemed risky
+ coeff 5.11942 of var (x12,x19) (idx 2) in constr e405 (idx 381) is deemed risky
+ coeff -4.14205 of var (x12,x20) (idx 3) in constr e405 (idx 381) is deemed risky
+ coeff 4.14205 of var (x12,x24) (idx 4) in constr e405 (idx 381) is deemed risky
+ coeff -4.14205 of var (x12,x26) (idx 5) in constr e405 (idx 381) is deemed risky
+ coeff -4.14205 of var (x13,x14) (idx 6) in constr e405 (idx 381) is deemed risky
+ coeff -5.11942 of var (x13,x18) (idx 7) in constr e405 (idx 381) is deemed risky
+ coeff 15.3593 of var (x13,x19) (idx 8) in constr e405 (idx 381) is deemed risky
+ coeff 4.14205 of var (x13,x20) (idx 9) in constr e405 (idx 381) is deemed risky
+ coeff 4.14205 of var (x13,x24) (idx 10) in constr e405 (idx 381) is deemed risky
+ coeff -4.14205 of var (x13,x26) (idx 11) in constr e405 (idx 381) is deemed risky
+ coeff 4.94409 of var (x14,x18) (idx 13) in constr e405 (idx 381) is deemed risky
+ coeff -2.47217 of var (x14,x19) (idx 14) in constr e405 (idx 381) is deemed risky
+ coeff -4.94409 of var (x18,x20) (idx 16) in constr e405 (idx 381) is deemed risky
+ coeff 2.47217 of var (x18,x24) (idx 17) in constr e405 (idx 381) is deemed risky
+ coeff -2.47217 of var (x18,x26) (idx 18) in constr e405 (idx 381) is deemed risky
+ coeff 2.47217 of var (x19,x20) (idx 19) in constr e405 (idx 381) is deemed risky
+ coeff 4.94409 of var (x19,x24) (idx 20) in constr e405 (idx 381) is deemed risky
+ coeff -4.94409 of var (x19,x26) (idx 21) in constr e405 (idx 381) is deemed risky
+ coeff 4.14205 of var (x12,x14) (idx 0) in constr e406 (idx 382) is deemed risky
+ coeff -11.4251 of var (x12,x15) (idx 1) in constr e406 (idx 382) is deemed risky
+ coeff -3.45162 of var (x12,x16) (idx 2) in constr e406 (idx 382) is deemed risky
+ coeff -4.14205 of var (x12,x17) (idx 3) in constr e406 (idx 382) is deemed risky
+ coeff 4.14205 of var (x12,x24) (idx 4) in constr e406 (idx 382) is deemed risky
+ coeff -4.14205 of var (x12,x25) (idx 5) in constr e406 (idx 382) is deemed risky
+ coeff -4.14205 of var (x13,x14) (idx 6) in constr e406 (idx 382) is deemed risky
+ coeff 3.45162 of var (x13,x15) (idx 7) in constr e406 (idx 382) is deemed risky
+ coeff -11.4251 of var (x13,x16) (idx 8) in constr e406 (idx 382) is deemed risky
+ coeff 4.14205 of var (x13,x17) (idx 9) in constr e406 (idx 382) is deemed risky
+ coeff 4.14205 of var (x13,x24) (idx 10) in constr e406 (idx 382) is deemed risky
+ coeff -4.14205 of var (x13,x25) (idx 11) in constr e406 (idx 382) is deemed risky
+ coeff -3.59164 of var (x14,x15) (idx 13) in constr e406 (idx 382) is deemed risky
+ coeff 1.92502 of var (x14,x16) (idx 14) in constr e406 (idx 382) is deemed risky
+ coeff 3.59164 of var (x15,x17) (idx 16) in constr e406 (idx 382) is deemed risky
+ coeff -1.92502 of var (x15,x24) (idx 17) in constr e406 (idx 382) is deemed risky
+ coeff 1.92502 of var (x15,x25) (idx 18) in constr e406 (idx 382) is deemed risky
+ coeff -1.92502 of var (x16,x17) (idx 19) in constr e406 (idx 382) is deemed risky
+ coeff -3.59164 of var (x16,x24) (idx 20) in constr e406 (idx 382) is deemed risky
+ coeff 3.59164 of var (x16,x25) (idx 21) in constr e406 (idx 382) is deemed risky
+ coeff 4.14205 of var (x12,x14) (idx 0) in constr e407 (idx 383) is deemed risky
+ coeff 0.00067416 of var (x12,x18) (idx 1) in constr e407 (idx 383) is deemed risky
+ coeff -13.7253 of var (x12,x19) (idx 2) in constr e407 (idx 383) is deemed risky
+ coeff -4.14205 of var (x12,x20) (idx 3) in constr e407 (idx 383) is deemed risky
+ coeff 4.14205 of var (x12,x24) (idx 4) in constr e407 (idx 383) is deemed risky
+ coeff -4.14205 of var (x12,x26) (idx 5) in constr e407 (idx 383) is deemed risky
+ coeff -4.14205 of var (x13,x14) (idx 6) in constr e407 (idx 383) is deemed risky
+ coeff 13.7253 of var (x13,x18) (idx 7) in constr e407 (idx 383) is deemed risky
+ coeff 0.00067416 of var (x13,x19) (idx 8) in constr e407 (idx 383) is deemed risky
+ coeff 4.14205 of var (x13,x20) (idx 9) in constr e407 (idx 383) is deemed risky
+ coeff 4.14205 of var (x13,x24) (idx 10) in constr e407 (idx 383) is deemed risky
+ coeff -4.14205 of var (x13,x26) (idx 11) in constr e407 (idx 383) is deemed risky
+ coeff -3.31348 of var (x14,x18) (idx 13) in constr e407 (idx 383) is deemed risky
+ coeff -3.3138 of var (x14,x19) (idx 14) in constr e407 (idx 383) is deemed risky
+ coeff 3.31348 of var (x18,x20) (idx 16) in constr e407 (idx 383) is deemed risky
+ coeff 3.3138 of var (x18,x24) (idx 17) in constr e407 (idx 383) is deemed risky
+ coeff -3.3138 of var (x18,x26) (idx 18) in constr e407 (idx 383) is deemed risky
+ coeff 3.3138 of var (x19,x20) (idx 19) in constr e407 (idx 383) is deemed risky
+ coeff -3.31348 of var (x19,x24) (idx 20) in constr e407 (idx 383) is deemed risky
+ coeff 3.31348 of var (x19,x26) (idx 21) in constr e407 (idx 383) is deemed risky
+ coeff 4.14205 of var (x12,x14) (idx 0) in constr e408 (idx 384) is deemed risky
+ coeff -3.45175 of var (x12,x15) (idx 1) in constr e408 (idx 384) is deemed risky
+ coeff -11.425 of var (x12,x16) (idx 2) in constr e408 (idx 384) is deemed risky
+ coeff -4.14205 of var (x12,x17) (idx 3) in constr e408 (idx 384) is deemed risky
+ coeff 4.14205 of var (x12,x24) (idx 4) in constr e408 (idx 384) is deemed risky
+ coeff -4.14205 of var (x12,x25) (idx 5) in constr e408 (idx 384) is deemed risky
+ coeff -4.14205 of var (x13,x14) (idx 6) in constr e408 (idx 384) is deemed risky
+ coeff 11.425 of var (x13,x15) (idx 7) in constr e408 (idx 384) is deemed risky
+ coeff -3.45175 of var (x13,x16) (idx 8) in constr e408 (idx 384) is deemed risky
+ coeff 4.14205 of var (x13,x17) (idx 9) in constr e408 (idx 384) is deemed risky
+ coeff 4.14205 of var (x13,x24) (idx 10) in constr e408 (idx 384) is deemed risky
+ coeff -4.14205 of var (x13,x25) (idx 11) in constr e408 (idx 384) is deemed risky
+ coeff -3.59164 of var (x14,x15) (idx 13) in constr e408 (idx 384) is deemed risky
+ coeff -1.92496 of var (x14,x16) (idx 14) in constr e408 (idx 384) is deemed risky
+ coeff 3.59164 of var (x15,x17) (idx 16) in constr e408 (idx 384) is deemed risky
+ coeff 1.92496 of var (x15,x24) (idx 17) in constr e408 (idx 384) is deemed risky
+ coeff -1.92496 of var (x15,x25) (idx 18) in constr e408 (idx 384) is deemed risky
+ coeff 1.92496 of var (x16,x17) (idx 19) in constr e408 (idx 384) is deemed risky
+ coeff -3.59164 of var (x16,x24) (idx 20) in constr e408 (idx 384) is deemed risky
+ coeff 3.59164 of var (x16,x25) (idx 21) in constr e408 (idx 384) is deemed risky
+ coeff 4.14205 of var (x12,x14) (idx 0) in constr e409 (idx 385) is deemed risky
+ coeff -13.7251 of var (x12,x18) (idx 1) in constr e409 (idx 385) is deemed risky
+ coeff -0.00050562 of var (x12,x19) (idx 2) in constr e409 (idx 385) is deemed risky
+ coeff -4.14205 of var (x12,x20) (idx 3) in constr e409 (idx 385) is deemed risky
+ coeff 4.14205 of var (x12,x24) (idx 4) in constr e409 (idx 385) is deemed risky
+ coeff -4.14205 of var (x12,x26) (idx 5) in constr e409 (idx 385) is deemed risky
+ coeff -4.14205 of var (x13,x14) (idx 6) in constr e409 (idx 385) is deemed risky
+ coeff 0.00050562 of var (x13,x18) (idx 7) in constr e409 (idx 385) is deemed risky
+ coeff -13.7251 of var (x13,x19) (idx 8) in constr e409 (idx 385) is deemed risky
+ coeff 4.14205 of var (x13,x20) (idx 9) in constr e409 (idx 385) is deemed risky
+ coeff 4.14205 of var (x13,x24) (idx 10) in constr e409 (idx 385) is deemed risky
+ coeff -4.14205 of var (x13,x26) (idx 11) in constr e409 (idx 385) is deemed risky
+ coeff -3.31372 of var (x14,x18) (idx 13) in constr e409 (idx 385) is deemed risky
+ coeff 3.31348 of var (x14,x19) (idx 14) in constr e409 (idx 385) is deemed risky
+ coeff 3.31372 of var (x18,x20) (idx 16) in constr e409 (idx 385) is deemed risky
+ coeff -3.31348 of var (x18,x24) (idx 17) in constr e409 (idx 385) is deemed risky
+ coeff 3.31348 of var (x18,x26) (idx 18) in constr e409 (idx 385) is deemed risky
+ coeff -3.31348 of var (x19,x20) (idx 19) in constr e409 (idx 385) is deemed risky
+ coeff -3.31372 of var (x19,x24) (idx 20) in constr e409 (idx 385) is deemed risky
+ coeff 3.31372 of var (x19,x26) (idx 21) in constr e409 (idx 385) is deemed risky
+ coeff 4.14205 of var (x12,x14) (idx 0) in constr e410 (idx 386) is deemed risky
+ coeff 9.59888 of var (x12,x15) (idx 1) in constr e410 (idx 386) is deemed risky
+ coeff 18.5077 of var (x12,x16) (idx 2) in constr e410 (idx 386) is deemed risky
+ coeff -4.14205 of var (x12,x17) (idx 3) in constr e410 (idx 386) is deemed risky
+ coeff 4.14205 of var (x12,x24) (idx 4) in constr e410 (idx 386) is deemed risky
+ coeff -4.14205 of var (x12,x25) (idx 5) in constr e410 (idx 386) is deemed risky
+ coeff -4.14205 of var (x13,x14) (idx 6) in constr e410 (idx 386) is deemed risky
+ coeff -18.5077 of var (x13,x15) (idx 7) in constr e410 (idx 386) is deemed risky
+ coeff 9.59888 of var (x13,x16) (idx 8) in constr e410 (idx 386) is deemed risky
+ coeff 4.14205 of var (x13,x17) (idx 9) in constr e410 (idx 386) is deemed risky
+ coeff 4.14205 of var (x13,x24) (idx 10) in constr e410 (idx 386) is deemed risky
+ coeff -4.14205 of var (x13,x25) (idx 11) in constr e410 (idx 386) is deemed risky
+ coeff 6.78566 of var (x14,x15) (idx 13) in constr e410 (idx 386) is deemed risky
+ coeff 2.15082 of var (x14,x16) (idx 14) in constr e410 (idx 386) is deemed risky
+ coeff -6.78566 of var (x15,x17) (idx 16) in constr e410 (idx 386) is deemed risky
+ coeff -2.15082 of var (x15,x24) (idx 17) in constr e410 (idx 386) is deemed risky
+ coeff 2.15082 of var (x15,x25) (idx 18) in constr e410 (idx 386) is deemed risky
+ coeff -2.15082 of var (x16,x17) (idx 19) in constr e410 (idx 386) is deemed risky
+ coeff 6.78566 of var (x16,x24) (idx 20) in constr e410 (idx 386) is deemed risky
+ coeff -6.78566 of var (x16,x25) (idx 21) in constr e410 (idx 386) is deemed risky
+ coeff 4.14205 of var (x12,x14) (idx 0) in constr e411 (idx 387) is deemed risky
+ coeff 21.2265 of var (x12,x18) (idx 1) in constr e411 (idx 387) is deemed risky
+ coeff 7.07516 of var (x12,x19) (idx 2) in constr e411 (idx 387) is deemed risky
+ coeff -4.14205 of var (x12,x20) (idx 3) in constr e411 (idx 387) is deemed risky
+ coeff 4.14205 of var (x12,x24) (idx 4) in constr e411 (idx 387) is deemed risky
+ coeff -4.14205 of var (x12,x26) (idx 5) in constr e411 (idx 387) is deemed risky
+ coeff -4.14205 of var (x13,x14) (idx 6) in constr e411 (idx 387) is deemed risky
+ coeff -7.07516 of var (x13,x18) (idx 7) in constr e411 (idx 387) is deemed risky
+ coeff 21.2265 of var (x13,x19) (idx 8) in constr e411 (idx 387) is deemed risky
+ coeff 4.14205 of var (x13,x20) (idx 9) in constr e411 (idx 387) is deemed risky
+ coeff 4.14205 of var (x13,x24) (idx 10) in constr e411 (idx 387) is deemed risky
+ coeff -4.14205 of var (x13,x26) (idx 11) in constr e411 (idx 387) is deemed risky
+ coeff 6.83276 of var (x14,x18) (idx 13) in constr e411 (idx 387) is deemed risky
+ coeff -3.4165 of var (x14,x19) (idx 14) in constr e411 (idx 387) is deemed risky
+ coeff -6.83276 of var (x18,x20) (idx 16) in constr e411 (idx 387) is deemed risky
+ coeff 3.4165 of var (x18,x24) (idx 17) in constr e411 (idx 387) is deemed risky
+ coeff -3.4165 of var (x18,x26) (idx 18) in constr e411 (idx 387) is deemed risky
+ coeff 3.4165 of var (x19,x20) (idx 19) in constr e411 (idx 387) is deemed risky
+ coeff 6.83276 of var (x19,x24) (idx 20) in constr e411 (idx 387) is deemed risky
+ coeff -6.83276 of var (x19,x26) (idx 21) in constr e411 (idx 387) is deemed risky
+ coeff 3.59164 of var (x15,x17) (idx 0) in constr e412 (idx 388) is deemed risky
+ coeff 6.4993 of var (x15,x18) (idx 1) in constr e412 (idx 388) is deemed risky
+ coeff -9.19816 of var (x15,x19) (idx 2) in constr e412 (idx 388) is deemed risky
+ coeff -3.59164 of var (x15,x20) (idx 3) in constr e412 (idx 388) is deemed risky
+ coeff -1.92496 of var (x15,x25) (idx 4) in constr e412 (idx 388) is deemed risky
+ coeff 1.92496 of var (x15,x26) (idx 5) in constr e412 (idx 388) is deemed risky
+ coeff 1.92496 of var (x16,x17) (idx 6) in constr e412 (idx 388) is deemed risky
+ coeff 9.19816 of var (x16,x18) (idx 7) in constr e412 (idx 388) is deemed risky
+ coeff 6.4993 of var (x16,x19) (idx 8) in constr e412 (idx 388) is deemed risky
+ coeff -1.92496 of var (x16,x20) (idx 9) in constr e412 (idx 388) is deemed risky
+ coeff 3.59164 of var (x16,x25) (idx 10) in constr e412 (idx 388) is deemed risky
+ coeff -3.59164 of var (x16,x26) (idx 11) in constr e412 (idx 388) is deemed risky
+ coeff 4.94409 of var (x17,x18) (idx 13) in constr e412 (idx 388) is deemed risky
+ coeff -2.47217 of var (x17,x19) (idx 14) in constr e412 (idx 388) is deemed risky
+ coeff -4.94409 of var (x18,x20) (idx 16) in constr e412 (idx 388) is deemed risky
+ coeff 2.47217 of var (x18,x25) (idx 17) in constr e412 (idx 388) is deemed risky
+ coeff -2.47217 of var (x18,x26) (idx 18) in constr e412 (idx 388) is deemed risky
+ coeff 2.47217 of var (x19,x20) (idx 19) in constr e412 (idx 388) is deemed risky
+ coeff 4.94409 of var (x19,x25) (idx 20) in constr e412 (idx 388) is deemed risky
+ coeff -4.94409 of var (x19,x26) (idx 21) in constr e412 (idx 388) is deemed risky
+ coeff 3.59164 of var (x15,x17) (idx 0) in constr e413 (idx 389) is deemed risky
+ coeff -9.13988 of var (x15,x18) (idx 1) in constr e413 (idx 389) is deemed risky
+ coeff -2.76185 of var (x15,x19) (idx 2) in constr e413 (idx 389) is deemed risky
+ coeff -3.59164 of var (x15,x20) (idx 3) in constr e413 (idx 389) is deemed risky
+ coeff -1.92496 of var (x15,x25) (idx 4) in constr e413 (idx 389) is deemed risky
+ coeff 1.92496 of var (x15,x26) (idx 5) in constr e413 (idx 389) is deemed risky
+ coeff 1.92496 of var (x16,x17) (idx 6) in constr e413 (idx 389) is deemed risky
+ coeff 2.76185 of var (x16,x18) (idx 7) in constr e413 (idx 389) is deemed risky
+ coeff -9.13988 of var (x16,x19) (idx 8) in constr e413 (idx 389) is deemed risky
+ coeff -1.92496 of var (x16,x20) (idx 9) in constr e413 (idx 389) is deemed risky
+ coeff 3.59164 of var (x16,x25) (idx 10) in constr e413 (idx 389) is deemed risky
+ coeff -3.59164 of var (x16,x26) (idx 11) in constr e413 (idx 389) is deemed risky
+ coeff -3.31348 of var (x17,x18) (idx 13) in constr e413 (idx 389) is deemed risky
+ coeff -3.3138 of var (x17,x19) (idx 14) in constr e413 (idx 389) is deemed risky
+ coeff 3.31348 of var (x18,x20) (idx 16) in constr e413 (idx 389) is deemed risky
+ coeff 3.3138 of var (x18,x25) (idx 17) in constr e413 (idx 389) is deemed risky
+ coeff -3.3138 of var (x18,x26) (idx 18) in constr e413 (idx 389) is deemed risky
+ coeff 3.3138 of var (x19,x20) (idx 19) in constr e413 (idx 389) is deemed risky
+ coeff -3.31348 of var (x19,x25) (idx 20) in constr e413 (idx 389) is deemed risky
+ coeff 3.31348 of var (x19,x26) (idx 21) in constr e413 (idx 389) is deemed risky
+ coeff 3.59164 of var (x15,x17) (idx 0) in constr e414 (idx 390) is deemed risky
+ coeff -2.7617 of var (x15,x18) (idx 1) in constr e414 (idx 390) is deemed risky
+ coeff 9.1398 of var (x15,x19) (idx 2) in constr e414 (idx 390) is deemed risky
+ coeff -3.59164 of var (x15,x20) (idx 3) in constr e414 (idx 390) is deemed risky
+ coeff -1.92496 of var (x15,x25) (idx 4) in constr e414 (idx 390) is deemed risky
+ coeff 1.92496 of var (x15,x26) (idx 5) in constr e414 (idx 390) is deemed risky
+ coeff 1.92496 of var (x16,x17) (idx 6) in constr e414 (idx 390) is deemed risky
+ coeff -9.1398 of var (x16,x18) (idx 7) in constr e414 (idx 390) is deemed risky
+ coeff -2.7617 of var (x16,x19) (idx 8) in constr e414 (idx 390) is deemed risky
+ coeff -1.92496 of var (x16,x20) (idx 9) in constr e414 (idx 390) is deemed risky
+ coeff 3.59164 of var (x16,x25) (idx 10) in constr e414 (idx 390) is deemed risky
+ coeff -3.59164 of var (x16,x26) (idx 11) in constr e414 (idx 390) is deemed risky
+ coeff -3.31372 of var (x17,x18) (idx 13) in constr e414 (idx 390) is deemed risky
+ coeff 3.31348 of var (x17,x19) (idx 14) in constr e414 (idx 390) is deemed risky
+ coeff 3.31372 of var (x18,x20) (idx 16) in constr e414 (idx 390) is deemed risky
+ coeff -3.31348 of var (x18,x25) (idx 17) in constr e414 (idx 390) is deemed risky
+ coeff 3.31348 of var (x18,x26) (idx 18) in constr e414 (idx 390) is deemed risky
+ coeff -3.31348 of var (x19,x20) (idx 19) in constr e414 (idx 390) is deemed risky
+ coeff -3.31372 of var (x19,x25) (idx 20) in constr e414 (idx 390) is deemed risky
+ coeff 3.31372 of var (x19,x26) (idx 21) in constr e414 (idx 390) is deemed risky
+ coeff 3.59164 of var (x15,x17) (idx 0) in constr e415 (idx 391) is deemed risky
+ coeff 8.98212 of var (x15,x18) (idx 1) in constr e415 (idx 391) is deemed risky
+ coeff -12.7118 of var (x15,x19) (idx 2) in constr e415 (idx 391) is deemed risky
+ coeff -3.59164 of var (x15,x20) (idx 3) in constr e415 (idx 391) is deemed risky
+ coeff -1.92496 of var (x15,x25) (idx 4) in constr e415 (idx 391) is deemed risky
+ coeff 1.92496 of var (x15,x26) (idx 5) in constr e415 (idx 391) is deemed risky
+ coeff 1.92496 of var (x16,x17) (idx 6) in constr e415 (idx 391) is deemed risky
+ coeff 12.7118 of var (x16,x18) (idx 7) in constr e415 (idx 391) is deemed risky
+ coeff 8.98212 of var (x16,x19) (idx 8) in constr e415 (idx 391) is deemed risky
+ coeff -1.92496 of var (x16,x20) (idx 9) in constr e415 (idx 391) is deemed risky
+ coeff 3.59164 of var (x16,x25) (idx 10) in constr e415 (idx 391) is deemed risky
+ coeff -3.59164 of var (x16,x26) (idx 11) in constr e415 (idx 391) is deemed risky
+ coeff 6.83276 of var (x17,x18) (idx 13) in constr e415 (idx 391) is deemed risky
+ coeff -3.4165 of var (x17,x19) (idx 14) in constr e415 (idx 391) is deemed risky
+ coeff -6.83276 of var (x18,x20) (idx 16) in constr e415 (idx 391) is deemed risky
+ coeff 3.4165 of var (x18,x25) (idx 17) in constr e415 (idx 391) is deemed risky
+ coeff -3.4165 of var (x18,x26) (idx 18) in constr e415 (idx 391) is deemed risky
+ coeff 3.4165 of var (x19,x20) (idx 19) in constr e415 (idx 391) is deemed risky
+ coeff 6.83276 of var (x19,x25) (idx 20) in constr e415 (idx 391) is deemed risky
+ coeff -6.83276 of var (x19,x26) (idx 21) in constr e415 (idx 391) is deemed risky
+ coeff -3.4165 of var (x3,x5) (idx 0) in constr e416 (idx 392) is deemed risky
+ coeff -12.2595 of var (x3,x6) (idx 1) in constr e416 (idx 392) is deemed risky
+ coeff 12.6276 of var (x3,x7) (idx 2) in constr e416 (idx 392) is deemed risky
+ coeff 3.4165 of var (x3,x8) (idx 3) in constr e416 (idx 392) is deemed risky
+ coeff 6.83276 of var (x3,x21) (idx 4) in constr e416 (idx 392) is deemed risky
+ coeff -6.83276 of var (x3,x22) (idx 5) in constr e416 (idx 392) is deemed risky
+ coeff -6.83276 of var (x4,x5) (idx 6) in constr e416 (idx 392) is deemed risky
+ coeff -12.6276 of var (x4,x6) (idx 7) in constr e416 (idx 392) is deemed risky
+ coeff -12.2595 of var (x4,x7) (idx 8) in constr e416 (idx 392) is deemed risky
+ coeff 6.83276 of var (x4,x8) (idx 9) in constr e416 (idx 392) is deemed risky
+ coeff -3.4165 of var (x4,x21) (idx 10) in constr e416 (idx 392) is deemed risky
+ coeff 3.4165 of var (x4,x22) (idx 11) in constr e416 (idx 392) is deemed risky
+ coeff 4.39233 of var (x5,x6) (idx 13) in constr e416 (idx 392) is deemed risky
+ coeff 1.39221 of var (x5,x7) (idx 14) in constr e416 (idx 392) is deemed risky
+ coeff -4.39233 of var (x6,x8) (idx 16) in constr e416 (idx 392) is deemed risky
+ coeff -1.39221 of var (x6,x21) (idx 17) in constr e416 (idx 392) is deemed risky
+ coeff 1.39221 of var (x6,x22) (idx 18) in constr e416 (idx 392) is deemed risky
+ coeff -1.39221 of var (x7,x8) (idx 19) in constr e416 (idx 392) is deemed risky
+ coeff 4.39233 of var (x7,x21) (idx 20) in constr e416 (idx 392) is deemed risky
+ coeff -4.39233 of var (x7,x22) (idx 21) in constr e416 (idx 392) is deemed risky
+ coeff -3.4165 of var (x3,x5) (idx 0) in constr e417 (idx 393) is deemed risky
+ coeff 8.20744 of var (x3,x9) (idx 1) in constr e417 (idx 393) is deemed risky
+ coeff 8.20785 of var (x3,x10) (idx 2) in constr e417 (idx 393) is deemed risky
+ coeff 3.4165 of var (x3,x11) (idx 3) in constr e417 (idx 393) is deemed risky
+ coeff 6.83276 of var (x3,x21) (idx 4) in constr e417 (idx 393) is deemed risky
+ coeff -6.83276 of var (x3,x23) (idx 5) in constr e417 (idx 393) is deemed risky
+ coeff -6.83276 of var (x4,x5) (idx 6) in constr e417 (idx 393) is deemed risky
+ coeff -8.20785 of var (x4,x9) (idx 7) in constr e417 (idx 393) is deemed risky
+ coeff 8.20744 of var (x4,x10) (idx 8) in constr e417 (idx 393) is deemed risky
+ coeff 6.83276 of var (x4,x11) (idx 9) in constr e417 (idx 393) is deemed risky
+ coeff -3.4165 of var (x4,x21) (idx 10) in constr e417 (idx 393) is deemed risky
+ coeff 3.4165 of var (x4,x23) (idx 11) in constr e417 (idx 393) is deemed risky
+ coeff 0.960999 of var (x5,x9) (idx 13) in constr e417 (idx 393) is deemed risky
+ coeff -2.88289 of var (x5,x10) (idx 14) in constr e417 (idx 393) is deemed risky
+ coeff -0.960999 of var (x9,x11) (idx 16) in constr e417 (idx 393) is deemed risky
+ coeff 2.88289 of var (x9,x21) (idx 17) in constr e417 (idx 393) is deemed risky
+ coeff -2.88289 of var (x9,x23) (idx 18) in constr e417 (idx 393) is deemed risky
+ coeff 2.88289 of var (x10,x11) (idx 19) in constr e417 (idx 393) is deemed risky
+ coeff 0.960999 of var (x10,x21) (idx 20) in constr e417 (idx 393) is deemed risky
+ coeff -0.960999 of var (x10,x23) (idx 21) in constr e417 (idx 393) is deemed risky
+ coeff -3.4165 of var (x3,x5) (idx 0) in constr e418 (idx 394) is deemed risky
+ coeff -21.2265 of var (x3,x12) (idx 1) in constr e418 (idx 394) is deemed risky
+ coeff 7.07516 of var (x3,x13) (idx 2) in constr e418 (idx 394) is deemed risky
+ coeff 3.4165 of var (x3,x14) (idx 3) in constr e418 (idx 394) is deemed risky
+ coeff 6.83276 of var (x3,x21) (idx 4) in constr e418 (idx 394) is deemed risky
+ coeff -6.83276 of var (x3,x24) (idx 5) in constr e418 (idx 394) is deemed risky
+ coeff -6.83276 of var (x4,x5) (idx 6) in constr e418 (idx 394) is deemed risky
+ coeff -7.07516 of var (x4,x12) (idx 7) in constr e418 (idx 394) is deemed risky
+ coeff -21.2265 of var (x4,x13) (idx 8) in constr e418 (idx 394) is deemed risky
+ coeff 6.83276 of var (x4,x14) (idx 9) in constr e418 (idx 394) is deemed risky
+ coeff -3.4165 of var (x4,x21) (idx 10) in constr e418 (idx 394) is deemed risky
+ coeff 3.4165 of var (x4,x24) (idx 11) in constr e418 (idx 394) is deemed risky
+ coeff 4.14205 of var (x5,x12) (idx 13) in constr e418 (idx 394) is deemed risky
+ coeff 4.14205 of var (x5,x13) (idx 14) in constr e418 (idx 394) is deemed risky
+ coeff -4.14205 of var (x12,x14) (idx 16) in constr e418 (idx 394) is deemed risky
+ coeff -4.14205 of var (x12,x21) (idx 17) in constr e418 (idx 394) is deemed risky
+ coeff 4.14205 of var (x12,x24) (idx 18) in constr e418 (idx 394) is deemed risky
+ coeff -4.14205 of var (x13,x14) (idx 19) in constr e418 (idx 394) is deemed risky
+ coeff 4.14205 of var (x13,x21) (idx 20) in constr e418 (idx 394) is deemed risky
+ coeff -4.14205 of var (x13,x24) (idx 21) in constr e418 (idx 394) is deemed risky
+ coeff -3.4165 of var (x3,x5) (idx 0) in constr e419 (idx 395) is deemed risky
+ coeff -12.2302 of var (x3,x15) (idx 1) in constr e419 (idx 395) is deemed risky
+ coeff 12.7994 of var (x3,x16) (idx 2) in constr e419 (idx 395) is deemed risky
+ coeff 3.4165 of var (x3,x17) (idx 3) in constr e419 (idx 395) is deemed risky
+ coeff 6.83276 of var (x3,x21) (idx 4) in constr e419 (idx 395) is deemed risky
+ coeff -6.83276 of var (x3,x25) (idx 5) in constr e419 (idx 395) is deemed risky
+ coeff -6.83276 of var (x4,x5) (idx 6) in constr e419 (idx 395) is deemed risky
+ coeff -12.7994 of var (x4,x15) (idx 7) in constr e419 (idx 395) is deemed risky
+ coeff -12.2302 of var (x4,x16) (idx 8) in constr e419 (idx 395) is deemed risky
+ coeff 6.83276 of var (x4,x17) (idx 9) in constr e419 (idx 395) is deemed risky
+ coeff -3.4165 of var (x4,x21) (idx 10) in constr e419 (idx 395) is deemed risky
+ coeff 3.4165 of var (x4,x25) (idx 11) in constr e419 (idx 395) is deemed risky
+ coeff 4.42912 of var (x5,x15) (idx 13) in constr e419 (idx 395) is deemed risky
+ coeff 1.36523 of var (x5,x16) (idx 14) in constr e419 (idx 395) is deemed risky
+ coeff -4.42912 of var (x15,x17) (idx 16) in constr e419 (idx 395) is deemed risky
+ coeff -1.36523 of var (x15,x21) (idx 17) in constr e419 (idx 395) is deemed risky
+ coeff 1.36523 of var (x15,x25) (idx 18) in constr e419 (idx 395) is deemed risky
+ coeff -1.36523 of var (x16,x17) (idx 19) in constr e419 (idx 395) is deemed risky
+ coeff 4.42912 of var (x16,x21) (idx 20) in constr e419 (idx 395) is deemed risky
+ coeff -4.42912 of var (x16,x25) (idx 21) in constr e419 (idx 395) is deemed risky
+ coeff -3.4165 of var (x3,x5) (idx 0) in constr e420 (idx 396) is deemed risky
+ coeff 0.000115266 of var (x3,x18) (idx 1) in constr e420 (idx 396) is deemed risky
+ coeff 21.114 of var (x3,x19) (idx 2) in constr e420 (idx 396) is deemed risky
+ coeff 3.4165 of var (x3,x20) (idx 3) in constr e420 (idx 396) is deemed risky
+ coeff 6.83276 of var (x3,x21) (idx 4) in constr e420 (idx 396) is deemed risky
+ coeff -6.83276 of var (x3,x26) (idx 5) in constr e420 (idx 396) is deemed risky
+ coeff -6.83276 of var (x4,x5) (idx 6) in constr e420 (idx 396) is deemed risky
+ coeff -21.114 of var (x4,x18) (idx 7) in constr e420 (idx 396) is deemed risky
+ coeff 0.000115266 of var (x4,x19) (idx 8) in constr e420 (idx 396) is deemed risky
+ coeff 6.83276 of var (x4,x20) (idx 9) in constr e420 (idx 396) is deemed risky
+ coeff -3.4165 of var (x4,x21) (idx 10) in constr e420 (idx 396) is deemed risky
+ coeff 3.4165 of var (x4,x26) (idx 11) in constr e420 (idx 396) is deemed risky
+ coeff 4.94409 of var (x5,x18) (idx 13) in constr e420 (idx 396) is deemed risky
+ coeff -2.47217 of var (x5,x19) (idx 14) in constr e420 (idx 396) is deemed risky
+ coeff -4.94409 of var (x18,x20) (idx 16) in constr e420 (idx 396) is deemed risky
+ coeff 2.47217 of var (x18,x21) (idx 17) in constr e420 (idx 396) is deemed risky
+ coeff -2.47217 of var (x18,x26) (idx 18) in constr e420 (idx 396) is deemed risky
+ coeff 2.47217 of var (x19,x20) (idx 19) in constr e420 (idx 396) is deemed risky
+ coeff 4.94409 of var (x19,x21) (idx 20) in constr e420 (idx 396) is deemed risky
+ coeff -4.94409 of var (x19,x26) (idx 21) in constr e420 (idx 396) is deemed risky
+ coeff -3.4165 of var (x3,x5) (idx 0) in constr e421 (idx 397) is deemed risky
+ coeff 2.74605 of var (x3,x6) (idx 1) in constr e421 (idx 397) is deemed risky
+ coeff -17.384 of var (x3,x7) (idx 2) in constr e421 (idx 397) is deemed risky
+ coeff 3.4165 of var (x3,x8) (idx 3) in constr e421 (idx 397) is deemed risky
+ coeff 6.83276 of var (x3,x21) (idx 4) in constr e421 (idx 397) is deemed risky
+ coeff -6.83276 of var (x3,x22) (idx 5) in constr e421 (idx 397) is deemed risky
+ coeff -6.83276 of var (x4,x5) (idx 6) in constr e421 (idx 397) is deemed risky
+ coeff 17.384 of var (x4,x6) (idx 7) in constr e421 (idx 397) is deemed risky
+ coeff 2.74605 of var (x4,x7) (idx 8) in constr e421 (idx 397) is deemed risky
+ coeff 6.83276 of var (x4,x8) (idx 9) in constr e421 (idx 397) is deemed risky
+ coeff -3.4165 of var (x4,x21) (idx 10) in constr e421 (idx 397) is deemed risky
+ coeff 3.4165 of var (x4,x22) (idx 11) in constr e421 (idx 397) is deemed risky
+ coeff -4.39221 of var (x5,x6) (idx 13) in constr e421 (idx 397) is deemed risky
+ coeff 1.3924 of var (x5,x7) (idx 14) in constr e421 (idx 397) is deemed risky
+ coeff 4.39221 of var (x6,x8) (idx 16) in constr e421 (idx 397) is deemed risky
+ coeff -1.3924 of var (x6,x21) (idx 17) in constr e421 (idx 397) is deemed risky
+ coeff 1.3924 of var (x6,x22) (idx 18) in constr e421 (idx 397) is deemed risky
+ coeff -1.3924 of var (x7,x8) (idx 19) in constr e421 (idx 397) is deemed risky
+ coeff -4.39221 of var (x7,x21) (idx 20) in constr e421 (idx 397) is deemed risky
+ coeff 4.39221 of var (x7,x22) (idx 21) in constr e421 (idx 397) is deemed risky
+ coeff -3.4165 of var (x3,x5) (idx 0) in constr e422 (idx 398) is deemed risky
+ coeff -0.000405193 of var (x3,x9) (idx 1) in constr e422 (idx 398) is deemed risky
+ coeff -10.5564 of var (x3,x10) (idx 2) in constr e422 (idx 398) is deemed risky
+ coeff 3.4165 of var (x3,x11) (idx 3) in constr e422 (idx 398) is deemed risky
+ coeff 6.83276 of var (x3,x21) (idx 4) in constr e422 (idx 398) is deemed risky
+ coeff -6.83276 of var (x3,x23) (idx 5) in constr e422 (idx 398) is deemed risky
+ coeff -6.83276 of var (x4,x5) (idx 6) in constr e422 (idx 398) is deemed risky
+ coeff 10.5564 of var (x4,x9) (idx 7) in constr e422 (idx 398) is deemed risky
+ coeff -0.000405193 of var (x4,x10) (idx 8) in constr e422 (idx 398) is deemed risky
+ coeff 6.83276 of var (x4,x11) (idx 9) in constr e422 (idx 398) is deemed risky
+ coeff -3.4165 of var (x4,x21) (idx 10) in constr e422 (idx 398) is deemed risky
+ coeff 3.4165 of var (x4,x23) (idx 11) in constr e422 (idx 398) is deemed risky
+ coeff -2.47186 of var (x5,x9) (idx 13) in constr e422 (idx 398) is deemed risky
+ coeff 1.23609 of var (x5,x10) (idx 14) in constr e422 (idx 398) is deemed risky
+ coeff 2.47186 of var (x9,x11) (idx 16) in constr e422 (idx 398) is deemed risky
+ coeff -1.23609 of var (x9,x21) (idx 17) in constr e422 (idx 398) is deemed risky
+ coeff 1.23609 of var (x9,x23) (idx 18) in constr e422 (idx 398) is deemed risky
+ coeff -1.23609 of var (x10,x11) (idx 19) in constr e422 (idx 398) is deemed risky
+ coeff -2.47186 of var (x10,x21) (idx 20) in constr e422 (idx 398) is deemed risky
+ coeff 2.47186 of var (x10,x23) (idx 21) in constr e422 (idx 398) is deemed risky
+ coeff -3.4165 of var (x3,x5) (idx 0) in constr e423 (idx 399) is deemed risky
+ coeff 21.2265 of var (x3,x12) (idx 1) in constr e423 (idx 399) is deemed risky
+ coeff -7.07516 of var (x3,x13) (idx 2) in constr e423 (idx 399) is deemed risky
+ coeff 3.4165 of var (x3,x14) (idx 3) in constr e423 (idx 399) is deemed risky
+ coeff 6.83276 of var (x3,x21) (idx 4) in constr e423 (idx 399) is deemed risky
+ coeff -6.83276 of var (x3,x24) (idx 5) in constr e423 (idx 399) is deemed risky
+ coeff -6.83276 of var (x4,x5) (idx 6) in constr e423 (idx 399) is deemed risky
+ coeff 7.07516 of var (x4,x12) (idx 7) in constr e423 (idx 399) is deemed risky
+ coeff 21.2265 of var (x4,x13) (idx 8) in constr e423 (idx 399) is deemed risky
+ coeff 6.83276 of var (x4,x14) (idx 9) in constr e423 (idx 399) is deemed risky
+ coeff -3.4165 of var (x4,x21) (idx 10) in constr e423 (idx 399) is deemed risky
+ coeff 3.4165 of var (x4,x24) (idx 11) in constr e423 (idx 399) is deemed risky
+ coeff -4.14205 of var (x5,x12) (idx 13) in constr e423 (idx 399) is deemed risky
+ coeff -4.14205 of var (x5,x13) (idx 14) in constr e423 (idx 399) is deemed risky
+ coeff 4.14205 of var (x12,x14) (idx 16) in constr e423 (idx 399) is deemed risky
+ coeff 4.14205 of var (x12,x21) (idx 17) in constr e423 (idx 399) is deemed risky
+ coeff -4.14205 of var (x12,x24) (idx 18) in constr e423 (idx 399) is deemed risky
+ coeff 4.14205 of var (x13,x14) (idx 19) in constr e423 (idx 399) is deemed risky
+ coeff -4.14205 of var (x13,x21) (idx 20) in constr e423 (idx 399) is deemed risky
+ coeff 4.14205 of var (x13,x24) (idx 21) in constr e423 (idx 399) is deemed risky
+ coeff -3.4165 of var (x3,x5) (idx 0) in constr e424 (idx 400) is deemed risky
+ coeff -0.441164 of var (x3,x15) (idx 1) in constr e424 (idx 400) is deemed risky
+ coeff -15.5588 of var (x3,x16) (idx 2) in constr e424 (idx 400) is deemed risky
+ coeff 3.4165 of var (x3,x17) (idx 3) in constr e424 (idx 400) is deemed risky
+ coeff 6.83276 of var (x3,x21) (idx 4) in constr e424 (idx 400) is deemed risky
+ coeff -6.83276 of var (x3,x25) (idx 5) in constr e424 (idx 400) is deemed risky
+ coeff -6.83276 of var (x4,x5) (idx 6) in constr e424 (idx 400) is deemed risky
+ coeff 15.5588 of var (x4,x15) (idx 7) in constr e424 (idx 400) is deemed risky
+ coeff -0.441164 of var (x4,x16) (idx 8) in constr e424 (idx 400) is deemed risky
+ coeff 6.83276 of var (x4,x17) (idx 9) in constr e424 (idx 400) is deemed risky
+ coeff -3.4165 of var (x4,x21) (idx 10) in constr e424 (idx 400) is deemed risky
+ coeff 3.4165 of var (x4,x25) (idx 11) in constr e424 (idx 400) is deemed risky
+ coeff -3.59164 of var (x5,x15) (idx 13) in constr e424 (idx 400) is deemed risky
+ coeff 1.92502 of var (x5,x16) (idx 14) in constr e424 (idx 400) is deemed risky
+ coeff 3.59164 of var (x15,x17) (idx 16) in constr e424 (idx 400) is deemed risky
+ coeff -1.92502 of var (x15,x21) (idx 17) in constr e424 (idx 400) is deemed risky
+ coeff 1.92502 of var (x15,x25) (idx 18) in constr e424 (idx 400) is deemed risky
+ coeff -1.92502 of var (x16,x17) (idx 19) in constr e424 (idx 400) is deemed risky
+ coeff -3.59164 of var (x16,x21) (idx 20) in constr e424 (idx 400) is deemed risky
+ coeff 3.59164 of var (x16,x25) (idx 21) in constr e424 (idx 400) is deemed risky
+ coeff -3.4165 of var (x3,x5) (idx 0) in constr e425 (idx 401) is deemed risky
+ coeff 16.9815 of var (x3,x18) (idx 1) in constr e425 (idx 401) is deemed risky
+ coeff -5.65929 of var (x3,x19) (idx 2) in constr e425 (idx 401) is deemed risky
+ coeff 3.4165 of var (x3,x20) (idx 3) in constr e425 (idx 401) is deemed risky
+ coeff 6.83276 of var (x3,x21) (idx 4) in constr e425 (idx 401) is deemed risky
+ coeff -6.83276 of var (x3,x26) (idx 5) in constr e425 (idx 401) is deemed risky
+ coeff -6.83276 of var (x4,x5) (idx 6) in constr e425 (idx 401) is deemed risky
+ coeff 5.65929 of var (x4,x18) (idx 7) in constr e425 (idx 401) is deemed risky
+ coeff 16.9815 of var (x4,x19) (idx 8) in constr e425 (idx 401) is deemed risky
+ coeff 6.83276 of var (x4,x20) (idx 9) in constr e425 (idx 401) is deemed risky
+ coeff -3.4165 of var (x4,x21) (idx 10) in constr e425 (idx 401) is deemed risky
+ coeff 3.4165 of var (x4,x26) (idx 11) in constr e425 (idx 401) is deemed risky
+ coeff -3.31348 of var (x5,x18) (idx 13) in constr e425 (idx 401) is deemed risky
+ coeff -3.3138 of var (x5,x19) (idx 14) in constr e425 (idx 401) is deemed risky
+ coeff 3.31348 of var (x18,x20) (idx 16) in constr e425 (idx 401) is deemed risky
+ coeff 3.3138 of var (x18,x21) (idx 17) in constr e425 (idx 401) is deemed risky
+ coeff -3.3138 of var (x18,x26) (idx 18) in constr e425 (idx 401) is deemed risky
+ coeff 3.3138 of var (x19,x20) (idx 19) in constr e425 (idx 401) is deemed risky
+ coeff -3.31348 of var (x19,x21) (idx 20) in constr e425 (idx 401) is deemed risky
+ coeff 3.31348 of var (x19,x26) (idx 21) in constr e425 (idx 401) is deemed risky
+ coeff -3.4165 of var (x3,x5) (idx 0) in constr e426 (idx 402) is deemed risky
+ coeff 10.7561 of var (x3,x6) (idx 1) in constr e426 (idx 402) is deemed risky
+ coeff -12.1262 of var (x3,x7) (idx 2) in constr e426 (idx 402) is deemed risky
+ coeff 3.4165 of var (x3,x8) (idx 3) in constr e426 (idx 402) is deemed risky
+ coeff 6.83276 of var (x3,x21) (idx 4) in constr e426 (idx 402) is deemed risky
+ coeff -6.83276 of var (x3,x22) (idx 5) in constr e426 (idx 402) is deemed risky
+ coeff -6.83276 of var (x4,x5) (idx 6) in constr e426 (idx 402) is deemed risky
+ coeff 12.1262 of var (x4,x6) (idx 7) in constr e426 (idx 402) is deemed risky
+ coeff 10.7561 of var (x4,x7) (idx 8) in constr e426 (idx 402) is deemed risky
+ coeff 6.83276 of var (x4,x8) (idx 9) in constr e426 (idx 402) is deemed risky
+ coeff -3.4165 of var (x4,x21) (idx 10) in constr e426 (idx 402) is deemed risky
+ coeff 3.4165 of var (x4,x22) (idx 11) in constr e426 (idx 402) is deemed risky
+ coeff -4.09888 of var (x5,x6) (idx 13) in constr e426 (idx 402) is deemed risky
+ coeff -1.09888 of var (x5,x7) (idx 14) in constr e426 (idx 402) is deemed risky
+ coeff 4.09888 of var (x6,x8) (idx 16) in constr e426 (idx 402) is deemed risky
+ coeff 1.09888 of var (x6,x21) (idx 17) in constr e426 (idx 402) is deemed risky
+ coeff -1.09888 of var (x6,x22) (idx 18) in constr e426 (idx 402) is deemed risky
+ coeff 1.09888 of var (x7,x8) (idx 19) in constr e426 (idx 402) is deemed risky
+ coeff -4.09888 of var (x7,x21) (idx 20) in constr e426 (idx 402) is deemed risky
+ coeff 4.09888 of var (x7,x22) (idx 21) in constr e426 (idx 402) is deemed risky
+ coeff -3.4165 of var (x3,x5) (idx 0) in constr e427 (idx 403) is deemed risky
+ coeff 12.4713 of var (x3,x9) (idx 1) in constr e427 (idx 403) is deemed risky
+ coeff 12.4715 of var (x3,x10) (idx 2) in constr e427 (idx 403) is deemed risky
+ coeff 3.4165 of var (x3,x11) (idx 3) in constr e427 (idx 403) is deemed risky
+ coeff 6.83276 of var (x3,x21) (idx 4) in constr e427 (idx 403) is deemed risky
+ coeff -6.83276 of var (x3,x23) (idx 5) in constr e427 (idx 403) is deemed risky
+ coeff -6.83276 of var (x4,x5) (idx 6) in constr e427 (idx 403) is deemed risky
+ coeff -12.4715 of var (x4,x9) (idx 7) in constr e427 (idx 403) is deemed risky
+ coeff 12.4713 of var (x4,x10) (idx 8) in constr e427 (idx 403) is deemed risky
+ coeff 6.83276 of var (x4,x11) (idx 9) in constr e427 (idx 403) is deemed risky
+ coeff -3.4165 of var (x4,x21) (idx 10) in constr e427 (idx 403) is deemed risky
+ coeff 3.4165 of var (x4,x23) (idx 11) in constr e427 (idx 403) is deemed risky
+ coeff 1.46014 of var (x5,x9) (idx 13) in constr e427 (idx 403) is deemed risky
+ coeff -4.38053 of var (x5,x10) (idx 14) in constr e427 (idx 403) is deemed risky
+ coeff -1.46014 of var (x9,x11) (idx 16) in constr e427 (idx 403) is deemed risky
+ coeff 4.38053 of var (x9,x21) (idx 17) in constr e427 (idx 403) is deemed risky
+ coeff -4.38053 of var (x9,x23) (idx 18) in constr e427 (idx 403) is deemed risky
+ coeff 4.38053 of var (x10,x11) (idx 19) in constr e427 (idx 403) is deemed risky
+ coeff 1.46014 of var (x10,x21) (idx 20) in constr e427 (idx 403) is deemed risky
+ coeff -1.46014 of var (x10,x23) (idx 21) in constr e427 (idx 403) is deemed risky
+ coeff -3.4165 of var (x3,x5) (idx 0) in constr e428 (idx 404) is deemed risky
+ coeff -7.07516 of var (x3,x12) (idx 1) in constr e428 (idx 404) is deemed risky
+ coeff -21.2265 of var (x3,x13) (idx 2) in constr e428 (idx 404) is deemed risky
+ coeff 3.4165 of var (x3,x14) (idx 3) in constr e428 (idx 404) is deemed risky
+ coeff 6.83276 of var (x3,x21) (idx 4) in constr e428 (idx 404) is deemed risky
+ coeff -6.83276 of var (x3,x24) (idx 5) in constr e428 (idx 404) is deemed risky
+ coeff -6.83276 of var (x4,x5) (idx 6) in constr e428 (idx 404) is deemed risky
+ coeff 21.2265 of var (x4,x12) (idx 7) in constr e428 (idx 404) is deemed risky
+ coeff -7.07516 of var (x4,x13) (idx 8) in constr e428 (idx 404) is deemed risky
+ coeff 6.83276 of var (x4,x14) (idx 9) in constr e428 (idx 404) is deemed risky
+ coeff -3.4165 of var (x4,x21) (idx 10) in constr e428 (idx 404) is deemed risky
+ coeff 3.4165 of var (x4,x24) (idx 11) in constr e428 (idx 404) is deemed risky
+ coeff -4.14205 of var (x5,x12) (idx 13) in constr e428 (idx 404) is deemed risky
+ coeff 4.14205 of var (x5,x13) (idx 14) in constr e428 (idx 404) is deemed risky
+ coeff 4.14205 of var (x12,x14) (idx 16) in constr e428 (idx 404) is deemed risky
+ coeff -4.14205 of var (x12,x21) (idx 17) in constr e428 (idx 404) is deemed risky
+ coeff 4.14205 of var (x12,x24) (idx 18) in constr e428 (idx 404) is deemed risky
+ coeff -4.14205 of var (x13,x14) (idx 19) in constr e428 (idx 404) is deemed risky
+ coeff -4.14205 of var (x13,x21) (idx 20) in constr e428 (idx 404) is deemed risky
+ coeff 4.14205 of var (x13,x24) (idx 21) in constr e428 (idx 404) is deemed risky
+ coeff -3.4165 of var (x3,x5) (idx 0) in constr e429 (idx 405) is deemed risky
+ coeff 12.7118 of var (x3,x15) (idx 1) in constr e429 (idx 405) is deemed risky
+ coeff -8.98212 of var (x3,x16) (idx 2) in constr e429 (idx 405) is deemed risky
+ coeff 3.4165 of var (x3,x17) (idx 3) in constr e429 (idx 405) is deemed risky
+ coeff 6.83276 of var (x3,x21) (idx 4) in constr e429 (idx 405) is deemed risky
+ coeff -6.83276 of var (x3,x25) (idx 5) in constr e429 (idx 405) is deemed risky
+ coeff -6.83276 of var (x4,x5) (idx 6) in constr e429 (idx 405) is deemed risky
+ coeff 8.98212 of var (x4,x15) (idx 7) in constr e429 (idx 405) is deemed risky
+ coeff 12.7118 of var (x4,x16) (idx 8) in constr e429 (idx 405) is deemed risky
+ coeff 6.83276 of var (x4,x17) (idx 9) in constr e429 (idx 405) is deemed risky
+ coeff -3.4165 of var (x4,x21) (idx 10) in constr e429 (idx 405) is deemed risky
+ coeff 3.4165 of var (x4,x25) (idx 11) in constr e429 (idx 405) is deemed risky
+ coeff -3.59164 of var (x5,x15) (idx 13) in constr e429 (idx 405) is deemed risky
+ coeff -1.92496 of var (x5,x16) (idx 14) in constr e429 (idx 405) is deemed risky
+ coeff 3.59164 of var (x15,x17) (idx 16) in constr e429 (idx 405) is deemed risky
+ coeff 1.92496 of var (x15,x21) (idx 17) in constr e429 (idx 405) is deemed risky
+ coeff -1.92496 of var (x15,x25) (idx 18) in constr e429 (idx 405) is deemed risky
+ coeff 1.92496 of var (x16,x17) (idx 19) in constr e429 (idx 405) is deemed risky
+ coeff -3.59164 of var (x16,x21) (idx 20) in constr e429 (idx 405) is deemed risky
+ coeff 3.59164 of var (x16,x25) (idx 21) in constr e429 (idx 405) is deemed risky
+ coeff -3.4165 of var (x3,x5) (idx 0) in constr e430 (idx 406) is deemed risky
+ coeff -5.65943 of var (x3,x18) (idx 1) in constr e430 (idx 406) is deemed risky
+ coeff -16.9812 of var (x3,x19) (idx 2) in constr e430 (idx 406) is deemed risky
+ coeff 3.4165 of var (x3,x20) (idx 3) in constr e430 (idx 406) is deemed risky
+ coeff 6.83276 of var (x3,x21) (idx 4) in constr e430 (idx 406) is deemed risky
+ coeff -6.83276 of var (x3,x26) (idx 5) in constr e430 (idx 406) is deemed risky
+ coeff -6.83276 of var (x4,x5) (idx 6) in constr e430 (idx 406) is deemed risky
+ coeff 16.9812 of var (x4,x18) (idx 7) in constr e430 (idx 406) is deemed risky
+ coeff -5.65943 of var (x4,x19) (idx 8) in constr e430 (idx 406) is deemed risky
+ coeff 6.83276 of var (x4,x20) (idx 9) in constr e430 (idx 406) is deemed risky
+ coeff -3.4165 of var (x4,x21) (idx 10) in constr e430 (idx 406) is deemed risky
+ coeff 3.4165 of var (x4,x26) (idx 11) in constr e430 (idx 406) is deemed risky
+ coeff -3.31372 of var (x5,x18) (idx 13) in constr e430 (idx 406) is deemed risky
+ coeff 3.31348 of var (x5,x19) (idx 14) in constr e430 (idx 406) is deemed risky
+ coeff 3.31372 of var (x18,x20) (idx 16) in constr e430 (idx 406) is deemed risky
+ coeff -3.31348 of var (x18,x21) (idx 17) in constr e430 (idx 406) is deemed risky
+ coeff 3.31348 of var (x18,x26) (idx 18) in constr e430 (idx 406) is deemed risky
+ coeff -3.31348 of var (x19,x20) (idx 19) in constr e430 (idx 406) is deemed risky
+ coeff -3.31372 of var (x19,x21) (idx 20) in constr e430 (idx 406) is deemed risky
+ coeff 3.31372 of var (x19,x26) (idx 21) in constr e430 (idx 406) is deemed risky
+ coeff -3.4165 of var (x3,x5) (idx 0) in constr e431 (idx 407) is deemed risky
+ coeff -3.24919 of var (x3,x6) (idx 1) in constr e431 (idx 407) is deemed risky
+ coeff 15.8761 of var (x3,x7) (idx 2) in constr e431 (idx 407) is deemed risky
+ coeff 3.4165 of var (x3,x8) (idx 3) in constr e431 (idx 407) is deemed risky
+ coeff 6.83276 of var (x3,x21) (idx 4) in constr e431 (idx 407) is deemed risky
+ coeff -6.83276 of var (x3,x22) (idx 5) in constr e431 (idx 407) is deemed risky
+ coeff -6.83276 of var (x4,x5) (idx 6) in constr e431 (idx 407) is deemed risky
+ coeff -15.8761 of var (x4,x6) (idx 7) in constr e431 (idx 407) is deemed risky
+ coeff -3.24919 of var (x4,x7) (idx 8) in constr e431 (idx 407) is deemed risky
+ coeff 6.83276 of var (x4,x8) (idx 9) in constr e431 (idx 407) is deemed risky
+ coeff -3.4165 of var (x4,x21) (idx 10) in constr e431 (idx 407) is deemed risky
+ coeff 3.4165 of var (x4,x22) (idx 11) in constr e431 (idx 407) is deemed risky
+ coeff 4.09802 of var (x5,x6) (idx 13) in constr e431 (idx 407) is deemed risky
+ coeff -1.09802 of var (x5,x7) (idx 14) in constr e431 (idx 407) is deemed risky
+ coeff -4.09802 of var (x6,x8) (idx 16) in constr e431 (idx 407) is deemed risky
+ coeff 1.09802 of var (x6,x21) (idx 17) in constr e431 (idx 407) is deemed risky
+ coeff -1.09802 of var (x6,x22) (idx 18) in constr e431 (idx 407) is deemed risky
+ coeff 1.09802 of var (x7,x8) (idx 19) in constr e431 (idx 407) is deemed risky
+ coeff 4.09802 of var (x7,x21) (idx 20) in constr e431 (idx 407) is deemed risky
+ coeff -4.09802 of var (x7,x22) (idx 21) in constr e431 (idx 407) is deemed risky
+ coeff -3.4165 of var (x3,x5) (idx 0) in constr e432 (idx 408) is deemed risky
+ coeff 4.76964 of var (x3,x9) (idx 1) in constr e432 (idx 408) is deemed risky
+ coeff 4.77005 of var (x3,x10) (idx 2) in constr e432 (idx 408) is deemed risky
+ coeff 3.4165 of var (x3,x11) (idx 3) in constr e432 (idx 408) is deemed risky
+ coeff 6.83276 of var (x3,x21) (idx 4) in constr e432 (idx 408) is deemed risky
+ coeff -6.83276 of var (x3,x23) (idx 5) in constr e432 (idx 408) is deemed risky
+ coeff -6.83276 of var (x4,x5) (idx 6) in constr e432 (idx 408) is deemed risky
+ coeff -4.77005 of var (x4,x9) (idx 7) in constr e432 (idx 408) is deemed risky
+ coeff 4.76964 of var (x4,x10) (idx 8) in constr e432 (idx 408) is deemed risky
+ coeff 6.83276 of var (x4,x11) (idx 9) in constr e432 (idx 408) is deemed risky
+ coeff -3.4165 of var (x4,x21) (idx 10) in constr e432 (idx 408) is deemed risky
+ coeff 3.4165 of var (x4,x23) (idx 11) in constr e432 (idx 408) is deemed risky
+ coeff 0.558512 of var (x5,x9) (idx 13) in constr e432 (idx 408) is deemed risky
+ coeff -1.67537 of var (x5,x10) (idx 14) in constr e432 (idx 408) is deemed risky
+ coeff -0.558512 of var (x9,x11) (idx 16) in constr e432 (idx 408) is deemed risky
+ coeff 1.67537 of var (x9,x21) (idx 17) in constr e432 (idx 408) is deemed risky
+ coeff -1.67537 of var (x9,x23) (idx 18) in constr e432 (idx 408) is deemed risky
+ coeff 1.67537 of var (x10,x11) (idx 19) in constr e432 (idx 408) is deemed risky
+ coeff 0.558512 of var (x10,x21) (idx 20) in constr e432 (idx 408) is deemed risky
+ coeff -0.558512 of var (x10,x23) (idx 21) in constr e432 (idx 408) is deemed risky
+ coeff -3.4165 of var (x3,x5) (idx 0) in constr e433 (idx 409) is deemed risky
+ coeff 7.07516 of var (x3,x12) (idx 1) in constr e433 (idx 409) is deemed risky
+ coeff 21.2265 of var (x3,x13) (idx 2) in constr e433 (idx 409) is deemed risky
+ coeff 3.4165 of var (x3,x14) (idx 3) in constr e433 (idx 409) is deemed risky
+ coeff 6.83276 of var (x3,x21) (idx 4) in constr e433 (idx 409) is deemed risky
+ coeff -6.83276 of var (x3,x24) (idx 5) in constr e433 (idx 409) is deemed risky
+ coeff -6.83276 of var (x4,x5) (idx 6) in constr e433 (idx 409) is deemed risky
+ coeff -21.2265 of var (x4,x12) (idx 7) in constr e433 (idx 409) is deemed risky
+ coeff 7.07516 of var (x4,x13) (idx 8) in constr e433 (idx 409) is deemed risky
+ coeff 6.83276 of var (x4,x14) (idx 9) in constr e433 (idx 409) is deemed risky
+ coeff -3.4165 of var (x4,x21) (idx 10) in constr e433 (idx 409) is deemed risky
+ coeff 3.4165 of var (x4,x24) (idx 11) in constr e433 (idx 409) is deemed risky
+ coeff 4.14205 of var (x5,x12) (idx 13) in constr e433 (idx 409) is deemed risky
+ coeff -4.14205 of var (x5,x13) (idx 14) in constr e433 (idx 409) is deemed risky
+ coeff -4.14205 of var (x12,x14) (idx 16) in constr e433 (idx 409) is deemed risky
+ coeff 4.14205 of var (x12,x21) (idx 17) in constr e433 (idx 409) is deemed risky
+ coeff -4.14205 of var (x12,x24) (idx 18) in constr e433 (idx 409) is deemed risky
+ coeff 4.14205 of var (x13,x14) (idx 19) in constr e433 (idx 409) is deemed risky
+ coeff 4.14205 of var (x13,x21) (idx 20) in constr e433 (idx 409) is deemed risky
+ coeff -4.14205 of var (x13,x24) (idx 21) in constr e433 (idx 409) is deemed risky
+ coeff -3.4165 of var (x3,x5) (idx 0) in constr e434 (idx 410) is deemed risky
+ coeff -18.9396 of var (x3,x15) (idx 1) in constr e434 (idx 410) is deemed risky
+ coeff 19.5083 of var (x3,x16) (idx 2) in constr e434 (idx 410) is deemed risky
+ coeff 3.4165 of var (x3,x17) (idx 3) in constr e434 (idx 410) is deemed risky
+ coeff 6.83276 of var (x3,x21) (idx 4) in constr e434 (idx 410) is deemed risky
+ coeff -6.83276 of var (x3,x25) (idx 5) in constr e434 (idx 410) is deemed risky
+ coeff -6.83276 of var (x4,x5) (idx 6) in constr e434 (idx 410) is deemed risky
+ coeff -19.5083 of var (x4,x15) (idx 7) in constr e434 (idx 410) is deemed risky
+ coeff -18.9396 of var (x4,x16) (idx 8) in constr e434 (idx 410) is deemed risky
+ coeff 6.83276 of var (x4,x17) (idx 9) in constr e434 (idx 410) is deemed risky
+ coeff -3.4165 of var (x4,x21) (idx 10) in constr e434 (idx 410) is deemed risky
+ coeff 3.4165 of var (x4,x25) (idx 11) in constr e434 (idx 410) is deemed risky
+ coeff 6.78566 of var (x5,x15) (idx 13) in constr e434 (idx 410) is deemed risky
+ coeff 2.15082 of var (x5,x16) (idx 14) in constr e434 (idx 410) is deemed risky
+ coeff -6.78566 of var (x15,x17) (idx 16) in constr e434 (idx 410) is deemed risky
+ coeff -2.15082 of var (x15,x21) (idx 17) in constr e434 (idx 410) is deemed risky
+ coeff 2.15082 of var (x15,x25) (idx 18) in constr e434 (idx 410) is deemed risky
+ coeff -2.15082 of var (x16,x17) (idx 19) in constr e434 (idx 410) is deemed risky
+ coeff 6.78566 of var (x16,x21) (idx 20) in constr e434 (idx 410) is deemed risky
+ coeff -6.78566 of var (x16,x25) (idx 21) in constr e434 (idx 410) is deemed risky
+ coeff -3.4165 of var (x3,x5) (idx 0) in constr e435 (idx 411) is deemed risky
+ coeff 29.1796 of var (x3,x19) (idx 1) in constr e435 (idx 411) is deemed risky
+ coeff 3.4165 of var (x3,x20) (idx 2) in constr e435 (idx 411) is deemed risky
+ coeff 6.83276 of var (x3,x21) (idx 3) in constr e435 (idx 411) is deemed risky
+ coeff -6.83276 of var (x3,x26) (idx 4) in constr e435 (idx 411) is deemed risky
+ coeff -6.83276 of var (x4,x5) (idx 5) in constr e435 (idx 411) is deemed risky
+ coeff -29.1796 of var (x4,x18) (idx 6) in constr e435 (idx 411) is deemed risky
+ coeff 6.83276 of var (x4,x20) (idx 7) in constr e435 (idx 411) is deemed risky
+ coeff -3.4165 of var (x4,x21) (idx 8) in constr e435 (idx 411) is deemed risky
+ coeff 3.4165 of var (x4,x26) (idx 9) in constr e435 (idx 411) is deemed risky
+ coeff 6.83276 of var (x5,x18) (idx 11) in constr e435 (idx 411) is deemed risky
+ coeff -3.4165 of var (x5,x19) (idx 12) in constr e435 (idx 411) is deemed risky
+ coeff -6.83276 of var (x18,x20) (idx 14) in constr e435 (idx 411) is deemed risky
+ coeff 3.4165 of var (x18,x21) (idx 15) in constr e435 (idx 411) is deemed risky
+ coeff -3.4165 of var (x18,x26) (idx 16) in constr e435 (idx 411) is deemed risky
+ coeff 3.4165 of var (x19,x20) (idx 17) in constr e435 (idx 411) is deemed risky
+ coeff 6.83276 of var (x19,x21) (idx 18) in constr e435 (idx 411) is deemed risky
+ coeff -6.83276 of var (x19,x26) (idx 19) in constr e435 (idx 411) is deemed risky
+ coeff -4.09802 of var (x6,x8) (idx 0) in constr e436 (idx 412) is deemed risky
+ coeff -3.55184 of var (x6,x9) (idx 1) in constr e436 (idx 412) is deemed risky
+ coeff 5.37948 of var (x6,x10) (idx 2) in constr e436 (idx 412) is deemed risky
+ coeff 4.09802 of var (x6,x11) (idx 3) in constr e436 (idx 412) is deemed risky
+ coeff -1.09802 of var (x6,x22) (idx 4) in constr e436 (idx 412) is deemed risky
+ coeff 1.09802 of var (x6,x23) (idx 5) in constr e436 (idx 412) is deemed risky
+ coeff 1.09802 of var (x7,x8) (idx 6) in constr e436 (idx 412) is deemed risky
+ coeff -5.37948 of var (x7,x9) (idx 7) in constr e436 (idx 412) is deemed risky
+ coeff -3.55184 of var (x7,x10) (idx 8) in constr e436 (idx 412) is deemed risky
+ coeff -1.09802 of var (x7,x11) (idx 9) in constr e436 (idx 412) is deemed risky
+ coeff -4.09802 of var (x7,x22) (idx 10) in constr e436 (idx 412) is deemed risky
+ coeff 4.09802 of var (x7,x23) (idx 11) in constr e436 (idx 412) is deemed risky
+ coeff 0.960999 of var (x8,x9) (idx 13) in constr e436 (idx 412) is deemed risky
+ coeff -2.88289 of var (x8,x10) (idx 14) in constr e436 (idx 412) is deemed risky
+ coeff -0.960999 of var (x9,x11) (idx 16) in constr e436 (idx 412) is deemed risky
+ coeff 2.88289 of var (x9,x22) (idx 17) in constr e436 (idx 412) is deemed risky
+ coeff -2.88289 of var (x9,x23) (idx 18) in constr e436 (idx 412) is deemed risky
+ coeff 2.88289 of var (x10,x11) (idx 19) in constr e436 (idx 412) is deemed risky
+ coeff 0.960999 of var (x10,x22) (idx 20) in constr e436 (idx 412) is deemed risky
+ coeff -0.960999 of var (x10,x23) (idx 21) in constr e436 (idx 412) is deemed risky
+ coeff -4.09802 of var (x6,x8) (idx 0) in constr e437 (idx 413) is deemed risky
+ coeff -6.21307 of var (x6,x12) (idx 1) in constr e437 (idx 413) is deemed risky
+ coeff -10.7611 of var (x6,x13) (idx 2) in constr e437 (idx 413) is deemed risky
+ coeff 4.09802 of var (x6,x14) (idx 3) in constr e437 (idx 413) is deemed risky
+ coeff -1.09802 of var (x6,x22) (idx 4) in constr e437 (idx 413) is deemed risky
+ coeff 1.09802 of var (x6,x24) (idx 5) in constr e437 (idx 413) is deemed risky
+ coeff 1.09802 of var (x7,x8) (idx 6) in constr e437 (idx 413) is deemed risky
+ coeff 10.7611 of var (x7,x12) (idx 7) in constr e437 (idx 413) is deemed risky
+ coeff -6.21307 of var (x7,x13) (idx 8) in constr e437 (idx 413) is deemed risky
+ coeff -1.09802 of var (x7,x14) (idx 9) in constr e437 (idx 413) is deemed risky
+ coeff -4.09802 of var (x7,x22) (idx 10) in constr e437 (idx 413) is deemed risky
+ coeff 4.09802 of var (x7,x24) (idx 11) in constr e437 (idx 413) is deemed risky
+ coeff 4.14205 of var (x8,x12) (idx 13) in constr e437 (idx 413) is deemed risky
+ coeff 4.14205 of var (x8,x13) (idx 14) in constr e437 (idx 413) is deemed risky
+ coeff -4.14205 of var (x12,x14) (idx 16) in constr e437 (idx 413) is deemed risky
+ coeff -4.14205 of var (x12,x22) (idx 17) in constr e437 (idx 413) is deemed risky
+ coeff 4.14205 of var (x12,x24) (idx 18) in constr e437 (idx 413) is deemed risky
+ coeff -4.14205 of var (x13,x14) (idx 19) in constr e437 (idx 413) is deemed risky
+ coeff 4.14205 of var (x13,x22) (idx 20) in constr e437 (idx 413) is deemed risky
+ coeff -4.14205 of var (x13,x24) (idx 21) in constr e437 (idx 413) is deemed risky
+ coeff -4.09802 of var (x6,x8) (idx 0) in constr e438 (idx 414) is deemed risky
+ coeff -8.32578 of var (x6,x15) (idx 1) in constr e438 (idx 414) is deemed risky
+ coeff -5.22902 of var (x6,x16) (idx 2) in constr e438 (idx 414) is deemed risky
+ coeff 4.09802 of var (x6,x17) (idx 3) in constr e438 (idx 414) is deemed risky
+ coeff -1.09802 of var (x6,x22) (idx 4) in constr e438 (idx 414) is deemed risky
+ coeff 1.09802 of var (x6,x25) (idx 5) in constr e438 (idx 414) is deemed risky
+ coeff 1.09802 of var (x7,x8) (idx 6) in constr e438 (idx 414) is deemed risky
+ coeff 5.22902 of var (x7,x15) (idx 7) in constr e438 (idx 414) is deemed risky
+ coeff -8.32578 of var (x7,x16) (idx 8) in constr e438 (idx 414) is deemed risky
+ coeff -1.09802 of var (x7,x17) (idx 9) in constr e438 (idx 414) is deemed risky
+ coeff -4.09802 of var (x7,x22) (idx 10) in constr e438 (idx 414) is deemed risky
+ coeff 4.09802 of var (x7,x25) (idx 11) in constr e438 (idx 414) is deemed risky
+ coeff 4.42912 of var (x8,x15) (idx 13) in constr e438 (idx 414) is deemed risky
+ coeff 1.36523 of var (x8,x16) (idx 14) in constr e438 (idx 414) is deemed risky
+ coeff -4.42912 of var (x15,x17) (idx 16) in constr e438 (idx 414) is deemed risky
+ coeff -1.36523 of var (x15,x22) (idx 17) in constr e438 (idx 414) is deemed risky
+ coeff 1.36523 of var (x15,x25) (idx 18) in constr e438 (idx 414) is deemed risky
+ coeff -1.36523 of var (x16,x17) (idx 19) in constr e438 (idx 414) is deemed risky
+ coeff 4.42912 of var (x16,x22) (idx 20) in constr e438 (idx 414) is deemed risky
+ coeff -4.42912 of var (x16,x25) (idx 21) in constr e438 (idx 414) is deemed risky
+ coeff -4.09802 of var (x6,x8) (idx 0) in constr e439 (idx 415) is deemed risky
+ coeff -11.4877 of var (x6,x18) (idx 1) in constr e439 (idx 415) is deemed risky
+ coeff 2.35114 of var (x6,x19) (idx 2) in constr e439 (idx 415) is deemed risky
+ coeff 4.09802 of var (x6,x20) (idx 3) in constr e439 (idx 415) is deemed risky
+ coeff -1.09802 of var (x6,x22) (idx 4) in constr e439 (idx 415) is deemed risky
+ coeff 1.09802 of var (x6,x26) (idx 5) in constr e439 (idx 415) is deemed risky
+ coeff 1.09802 of var (x7,x8) (idx 6) in constr e439 (idx 415) is deemed risky
+ coeff -2.35114 of var (x7,x18) (idx 7) in constr e439 (idx 415) is deemed risky
+ coeff -11.4877 of var (x7,x19) (idx 8) in constr e439 (idx 415) is deemed risky
+ coeff -1.09802 of var (x7,x20) (idx 9) in constr e439 (idx 415) is deemed risky
+ coeff -4.09802 of var (x7,x22) (idx 10) in constr e439 (idx 415) is deemed risky
+ coeff 4.09802 of var (x7,x26) (idx 11) in constr e439 (idx 415) is deemed risky
+ coeff 4.94409 of var (x8,x18) (idx 13) in constr e439 (idx 415) is deemed risky
+ coeff -2.47217 of var (x8,x19) (idx 14) in constr e439 (idx 415) is deemed risky
+ coeff -4.94409 of var (x18,x20) (idx 16) in constr e439 (idx 415) is deemed risky
+ coeff 2.47217 of var (x18,x22) (idx 17) in constr e439 (idx 415) is deemed risky
+ coeff -2.47217 of var (x18,x26) (idx 18) in constr e439 (idx 415) is deemed risky
+ coeff 2.47217 of var (x19,x20) (idx 19) in constr e439 (idx 415) is deemed risky
+ coeff 4.94409 of var (x19,x22) (idx 20) in constr e439 (idx 415) is deemed risky
+ coeff -4.94409 of var (x19,x26) (idx 21) in constr e439 (idx 415) is deemed risky
+ coeff -4.09802 of var (x6,x8) (idx 0) in constr e440 (idx 416) is deemed risky
+ coeff 5.7435 of var (x6,x9) (idx 1) in constr e440 (idx 416) is deemed risky
+ coeff -1.17569 of var (x6,x10) (idx 2) in constr e440 (idx 416) is deemed risky
+ coeff 4.09802 of var (x6,x11) (idx 3) in constr e440 (idx 416) is deemed risky
+ coeff -1.09802 of var (x6,x22) (idx 4) in constr e440 (idx 416) is deemed risky
+ coeff 1.09802 of var (x6,x23) (idx 5) in constr e440 (idx 416) is deemed risky
+ coeff 1.09802 of var (x7,x8) (idx 6) in constr e440 (idx 416) is deemed risky
+ coeff 1.17569 of var (x7,x9) (idx 7) in constr e440 (idx 416) is deemed risky
+ coeff 5.7435 of var (x7,x10) (idx 8) in constr e440 (idx 416) is deemed risky
+ coeff -1.09802 of var (x7,x11) (idx 9) in constr e440 (idx 416) is deemed risky
+ coeff -4.09802 of var (x7,x22) (idx 10) in constr e440 (idx 416) is deemed risky
+ coeff 4.09802 of var (x7,x23) (idx 11) in constr e440 (idx 416) is deemed risky
+ coeff -2.47186 of var (x8,x9) (idx 13) in constr e440 (idx 416) is deemed risky
+ coeff 1.23609 of var (x8,x10) (idx 14) in constr e440 (idx 416) is deemed risky
+ coeff 2.47186 of var (x9,x11) (idx 16) in constr e440 (idx 416) is deemed risky
+ coeff -1.23609 of var (x9,x22) (idx 17) in constr e440 (idx 416) is deemed risky
+ coeff 1.23609 of var (x9,x23) (idx 18) in constr e440 (idx 416) is deemed risky
+ coeff -1.23609 of var (x10,x11) (idx 19) in constr e440 (idx 416) is deemed risky
+ coeff -2.47186 of var (x10,x22) (idx 20) in constr e440 (idx 416) is deemed risky
+ coeff 2.47186 of var (x10,x23) (idx 21) in constr e440 (idx 416) is deemed risky
+ coeff -4.09802 of var (x6,x8) (idx 0) in constr e441 (idx 417) is deemed risky
+ coeff 6.21307 of var (x6,x12) (idx 1) in constr e441 (idx 417) is deemed risky
+ coeff 10.7611 of var (x6,x13) (idx 2) in constr e441 (idx 417) is deemed risky
+ coeff 4.09802 of var (x6,x14) (idx 3) in constr e441 (idx 417) is deemed risky
+ coeff -1.09802 of var (x6,x22) (idx 4) in constr e441 (idx 417) is deemed risky
+ coeff 1.09802 of var (x6,x24) (idx 5) in constr e441 (idx 417) is deemed risky
+ coeff 1.09802 of var (x7,x8) (idx 6) in constr e441 (idx 417) is deemed risky
+ coeff -10.7611 of var (x7,x12) (idx 7) in constr e441 (idx 417) is deemed risky
+ coeff 6.21307 of var (x7,x13) (idx 8) in constr e441 (idx 417) is deemed risky
+ coeff -1.09802 of var (x7,x14) (idx 9) in constr e441 (idx 417) is deemed risky
+ coeff -4.09802 of var (x7,x22) (idx 10) in constr e441 (idx 417) is deemed risky
+ coeff 4.09802 of var (x7,x24) (idx 11) in constr e441 (idx 417) is deemed risky
+ coeff -4.14205 of var (x8,x12) (idx 13) in constr e441 (idx 417) is deemed risky
+ coeff -4.14205 of var (x8,x13) (idx 14) in constr e441 (idx 417) is deemed risky
+ coeff 4.14205 of var (x12,x14) (idx 16) in constr e441 (idx 417) is deemed risky
+ coeff 4.14205 of var (x12,x22) (idx 17) in constr e441 (idx 417) is deemed risky
+ coeff -4.14205 of var (x12,x24) (idx 18) in constr e441 (idx 417) is deemed risky
+ coeff 4.14205 of var (x13,x14) (idx 19) in constr e441 (idx 417) is deemed risky
+ coeff -4.14205 of var (x13,x22) (idx 20) in constr e441 (idx 417) is deemed risky
+ coeff 4.14205 of var (x13,x24) (idx 21) in constr e441 (idx 417) is deemed risky
+ coeff -4.09802 of var (x6,x8) (idx 0) in constr e442 (idx 418) is deemed risky
+ coeff 8.41618 of var (x6,x15) (idx 1) in constr e442 (idx 418) is deemed risky
+ coeff -1.97253 of var (x6,x16) (idx 2) in constr e442 (idx 418) is deemed risky
+ coeff 4.09802 of var (x6,x17) (idx 3) in constr e442 (idx 418) is deemed risky
+ coeff -1.09802 of var (x6,x22) (idx 4) in constr e442 (idx 418) is deemed risky
+ coeff 1.09802 of var (x6,x25) (idx 5) in constr e442 (idx 418) is deemed risky
+ coeff 1.09802 of var (x7,x8) (idx 6) in constr e442 (idx 418) is deemed risky
+ coeff 1.97253 of var (x7,x15) (idx 7) in constr e442 (idx 418) is deemed risky
+ coeff 8.41618 of var (x7,x16) (idx 8) in constr e442 (idx 418) is deemed risky
+ coeff -1.09802 of var (x7,x17) (idx 9) in constr e442 (idx 418) is deemed risky
+ coeff -4.09802 of var (x7,x22) (idx 10) in constr e442 (idx 418) is deemed risky
+ coeff 4.09802 of var (x7,x25) (idx 11) in constr e442 (idx 418) is deemed risky
+ coeff -3.59164 of var (x8,x15) (idx 13) in constr e442 (idx 418) is deemed risky
+ coeff 1.92502 of var (x8,x16) (idx 14) in constr e442 (idx 418) is deemed risky
+ coeff 3.59164 of var (x15,x17) (idx 16) in constr e442 (idx 418) is deemed risky
+ coeff -1.92502 of var (x15,x22) (idx 17) in constr e442 (idx 418) is deemed risky
+ coeff 1.92502 of var (x15,x25) (idx 18) in constr e442 (idx 418) is deemed risky
+ coeff -1.92502 of var (x16,x17) (idx 19) in constr e442 (idx 418) is deemed risky
+ coeff -3.59164 of var (x16,x22) (idx 20) in constr e442 (idx 418) is deemed risky
+ coeff 3.59164 of var (x16,x25) (idx 21) in constr e442 (idx 418) is deemed risky
+ coeff -4.09802 of var (x6,x8) (idx 0) in constr e443 (idx 419) is deemed risky
+ coeff 4.97004 of var (x6,x18) (idx 1) in constr e443 (idx 419) is deemed risky
+ coeff 8.60915 of var (x6,x19) (idx 2) in constr e443 (idx 419) is deemed risky
+ coeff 4.09802 of var (x6,x20) (idx 3) in constr e443 (idx 419) is deemed risky
+ coeff -1.09802 of var (x6,x22) (idx 4) in constr e443 (idx 419) is deemed risky
+ coeff 1.09802 of var (x6,x26) (idx 5) in constr e443 (idx 419) is deemed risky
+ coeff 1.09802 of var (x7,x8) (idx 6) in constr e443 (idx 419) is deemed risky
+ coeff -8.60915 of var (x7,x18) (idx 7) in constr e443 (idx 419) is deemed risky
+ coeff 4.97004 of var (x7,x19) (idx 8) in constr e443 (idx 419) is deemed risky
+ coeff -1.09802 of var (x7,x20) (idx 9) in constr e443 (idx 419) is deemed risky
+ coeff -4.09802 of var (x7,x22) (idx 10) in constr e443 (idx 419) is deemed risky
+ coeff 4.09802 of var (x7,x26) (idx 11) in constr e443 (idx 419) is deemed risky
+ coeff -3.31348 of var (x8,x18) (idx 13) in constr e443 (idx 419) is deemed risky
+ coeff -3.3138 of var (x8,x19) (idx 14) in constr e443 (idx 419) is deemed risky
+ coeff 3.31348 of var (x18,x20) (idx 16) in constr e443 (idx 419) is deemed risky
+ coeff 3.3138 of var (x18,x22) (idx 17) in constr e443 (idx 419) is deemed risky
+ coeff -3.3138 of var (x18,x26) (idx 18) in constr e443 (idx 419) is deemed risky
+ coeff 3.3138 of var (x19,x20) (idx 19) in constr e443 (idx 419) is deemed risky
+ coeff -3.31348 of var (x19,x22) (idx 20) in constr e443 (idx 419) is deemed risky
+ coeff 3.31348 of var (x19,x26) (idx 21) in constr e443 (idx 419) is deemed risky
+ coeff -4.09802 of var (x6,x8) (idx 0) in constr e444 (idx 420) is deemed risky
+ coeff -5.39681 of var (x6,x9) (idx 1) in constr e444 (idx 420) is deemed risky
+ coeff 8.17413 of var (x6,x10) (idx 2) in constr e444 (idx 420) is deemed risky
+ coeff 4.09802 of var (x6,x11) (idx 3) in constr e444 (idx 420) is deemed risky
+ coeff -1.09802 of var (x6,x22) (idx 4) in constr e444 (idx 420) is deemed risky
+ coeff 1.09802 of var (x6,x23) (idx 5) in constr e444 (idx 420) is deemed risky
+ coeff 1.09802 of var (x7,x8) (idx 6) in constr e444 (idx 420) is deemed risky
+ coeff -8.17413 of var (x7,x9) (idx 7) in constr e444 (idx 420) is deemed risky
+ coeff -5.39681 of var (x7,x10) (idx 8) in constr e444 (idx 420) is deemed risky
+ coeff -1.09802 of var (x7,x11) (idx 9) in constr e444 (idx 420) is deemed risky
+ coeff -4.09802 of var (x7,x22) (idx 10) in constr e444 (idx 420) is deemed risky
+ coeff 4.09802 of var (x7,x23) (idx 11) in constr e444 (idx 420) is deemed risky
+ coeff 1.46014 of var (x8,x9) (idx 13) in constr e444 (idx 420) is deemed risky
+ coeff -4.38053 of var (x8,x10) (idx 14) in constr e444 (idx 420) is deemed risky
+ coeff -1.46014 of var (x9,x11) (idx 16) in constr e444 (idx 420) is deemed risky
+ coeff 4.38053 of var (x9,x22) (idx 17) in constr e444 (idx 420) is deemed risky
+ coeff -4.38053 of var (x9,x23) (idx 18) in constr e444 (idx 420) is deemed risky
+ coeff 4.38053 of var (x10,x11) (idx 19) in constr e444 (idx 420) is deemed risky
+ coeff 1.46014 of var (x10,x22) (idx 20) in constr e444 (idx 420) is deemed risky
+ coeff -1.46014 of var (x10,x23) (idx 21) in constr e444 (idx 420) is deemed risky
+ coeff -4.09802 of var (x6,x8) (idx 0) in constr e445 (idx 421) is deemed risky
+ coeff 10.7611 of var (x6,x12) (idx 1) in constr e445 (idx 421) is deemed risky
+ coeff -6.21307 of var (x6,x13) (idx 2) in constr e445 (idx 421) is deemed risky
+ coeff 4.09802 of var (x6,x14) (idx 3) in constr e445 (idx 421) is deemed risky
+ coeff -1.09802 of var (x6,x22) (idx 4) in constr e445 (idx 421) is deemed risky
+ coeff 1.09802 of var (x6,x24) (idx 5) in constr e445 (idx 421) is deemed risky
+ coeff 1.09802 of var (x7,x8) (idx 6) in constr e445 (idx 421) is deemed risky
+ coeff 6.21307 of var (x7,x12) (idx 7) in constr e445 (idx 421) is deemed risky
+ coeff 10.7611 of var (x7,x13) (idx 8) in constr e445 (idx 421) is deemed risky
+ coeff -1.09802 of var (x7,x14) (idx 9) in constr e445 (idx 421) is deemed risky
+ coeff -4.09802 of var (x7,x22) (idx 10) in constr e445 (idx 421) is deemed risky
+ coeff 4.09802 of var (x7,x24) (idx 11) in constr e445 (idx 421) is deemed risky
+ coeff -4.14205 of var (x8,x12) (idx 13) in constr e445 (idx 421) is deemed risky
+ coeff 4.14205 of var (x8,x13) (idx 14) in constr e445 (idx 421) is deemed risky
+ coeff 4.14205 of var (x12,x14) (idx 16) in constr e445 (idx 421) is deemed risky
+ coeff -4.14205 of var (x12,x22) (idx 17) in constr e445 (idx 421) is deemed risky
+ coeff 4.14205 of var (x12,x24) (idx 18) in constr e445 (idx 421) is deemed risky
+ coeff -4.14205 of var (x13,x14) (idx 19) in constr e445 (idx 421) is deemed risky
+ coeff -4.14205 of var (x13,x22) (idx 20) in constr e445 (idx 421) is deemed risky
+ coeff 4.14205 of var (x13,x24) (idx 21) in constr e445 (idx 421) is deemed risky
+ coeff -4.09802 of var (x6,x8) (idx 0) in constr e446 (idx 422) is deemed risky
+ coeff 6.3025 of var (x6,x15) (idx 1) in constr e446 (idx 422) is deemed risky
+ coeff 5.91611 of var (x6,x16) (idx 2) in constr e446 (idx 422) is deemed risky
+ coeff 4.09802 of var (x6,x17) (idx 3) in constr e446 (idx 422) is deemed risky
+ coeff -1.09802 of var (x6,x22) (idx 4) in constr e446 (idx 422) is deemed risky
+ coeff 1.09802 of var (x6,x25) (idx 5) in constr e446 (idx 422) is deemed risky
+ coeff 1.09802 of var (x7,x8) (idx 6) in constr e446 (idx 422) is deemed risky
+ coeff -5.91611 of var (x7,x15) (idx 7) in constr e446 (idx 422) is deemed risky
+ coeff 6.3025 of var (x7,x16) (idx 8) in constr e446 (idx 422) is deemed risky
+ coeff -1.09802 of var (x7,x17) (idx 9) in constr e446 (idx 422) is deemed risky
+ coeff -4.09802 of var (x7,x22) (idx 10) in constr e446 (idx 422) is deemed risky
+ coeff 4.09802 of var (x7,x25) (idx 11) in constr e446 (idx 422) is deemed risky
+ coeff -3.59164 of var (x8,x15) (idx 13) in constr e446 (idx 422) is deemed risky
+ coeff -1.92496 of var (x8,x16) (idx 14) in constr e446 (idx 422) is deemed risky
+ coeff 3.59164 of var (x15,x17) (idx 16) in constr e446 (idx 422) is deemed risky
+ coeff 1.92496 of var (x15,x22) (idx 17) in constr e446 (idx 422) is deemed risky
+ coeff -1.92496 of var (x15,x25) (idx 18) in constr e446 (idx 422) is deemed risky
+ coeff 1.92496 of var (x16,x17) (idx 19) in constr e446 (idx 422) is deemed risky
+ coeff -3.59164 of var (x16,x22) (idx 20) in constr e446 (idx 422) is deemed risky
+ coeff 3.59164 of var (x16,x25) (idx 21) in constr e446 (idx 422) is deemed risky
+ coeff -4.09802 of var (x6,x8) (idx 0) in constr e447 (idx 423) is deemed risky
+ coeff 8.60899 of var (x6,x18) (idx 1) in constr e447 (idx 423) is deemed risky
+ coeff -4.97008 of var (x6,x19) (idx 2) in constr e447 (idx 423) is deemed risky
+ coeff 4.09802 of var (x6,x20) (idx 3) in constr e447 (idx 423) is deemed risky
+ coeff -1.09802 of var (x6,x22) (idx 4) in constr e447 (idx 423) is deemed risky
+ coeff 1.09802 of var (x6,x26) (idx 5) in constr e447 (idx 423) is deemed risky
+ coeff 1.09802 of var (x7,x8) (idx 6) in constr e447 (idx 423) is deemed risky
+ coeff 4.97008 of var (x7,x18) (idx 7) in constr e447 (idx 423) is deemed risky
+ coeff 8.60899 of var (x7,x19) (idx 8) in constr e447 (idx 423) is deemed risky
+ coeff -1.09802 of var (x7,x20) (idx 9) in constr e447 (idx 423) is deemed risky
+ coeff -4.09802 of var (x7,x22) (idx 10) in constr e447 (idx 423) is deemed risky
+ coeff 4.09802 of var (x7,x26) (idx 11) in constr e447 (idx 423) is deemed risky
+ coeff -3.31372 of var (x8,x18) (idx 13) in constr e447 (idx 423) is deemed risky
+ coeff 3.31348 of var (x8,x19) (idx 14) in constr e447 (idx 423) is deemed risky
+ coeff 3.31372 of var (x18,x20) (idx 16) in constr e447 (idx 423) is deemed risky
+ coeff -3.31348 of var (x18,x22) (idx 17) in constr e447 (idx 423) is deemed risky
+ coeff 3.31348 of var (x18,x26) (idx 18) in constr e447 (idx 423) is deemed risky
+ coeff -3.31348 of var (x19,x20) (idx 19) in constr e447 (idx 423) is deemed risky
+ coeff -3.31372 of var (x19,x22) (idx 20) in constr e447 (idx 423) is deemed risky
+ coeff 3.31372 of var (x19,x26) (idx 21) in constr e447 (idx 423) is deemed risky
+ coeff -4.09802 of var (x6,x8) (idx 0) in constr e448 (idx 424) is deemed risky
+ coeff -2.0642 of var (x6,x9) (idx 1) in constr e448 (idx 424) is deemed risky
+ coeff 3.12623 of var (x6,x10) (idx 2) in constr e448 (idx 424) is deemed risky
+ coeff 4.09802 of var (x6,x11) (idx 3) in constr e448 (idx 424) is deemed risky
+ coeff -1.09802 of var (x6,x22) (idx 4) in constr e448 (idx 424) is deemed risky
+ coeff 1.09802 of var (x6,x23) (idx 5) in constr e448 (idx 424) is deemed risky
+ coeff 1.09802 of var (x7,x8) (idx 6) in constr e448 (idx 424) is deemed risky
+ coeff -3.12623 of var (x7,x9) (idx 7) in constr e448 (idx 424) is deemed risky
+ coeff -2.0642 of var (x7,x10) (idx 8) in constr e448 (idx 424) is deemed risky
+ coeff -1.09802 of var (x7,x11) (idx 9) in constr e448 (idx 424) is deemed risky
+ coeff -4.09802 of var (x7,x22) (idx 10) in constr e448 (idx 424) is deemed risky
+ coeff 4.09802 of var (x7,x23) (idx 11) in constr e448 (idx 424) is deemed risky
+ coeff 0.558512 of var (x8,x9) (idx 13) in constr e448 (idx 424) is deemed risky
+ coeff -1.67537 of var (x8,x10) (idx 14) in constr e448 (idx 424) is deemed risky
+ coeff -0.558512 of var (x9,x11) (idx 16) in constr e448 (idx 424) is deemed risky
+ coeff 1.67537 of var (x9,x22) (idx 17) in constr e448 (idx 424) is deemed risky
+ coeff -1.67537 of var (x9,x23) (idx 18) in constr e448 (idx 424) is deemed risky
+ coeff 1.67537 of var (x10,x11) (idx 19) in constr e448 (idx 424) is deemed risky
+ coeff 0.558512 of var (x10,x22) (idx 20) in constr e448 (idx 424) is deemed risky
+ coeff -0.558512 of var (x10,x23) (idx 21) in constr e448 (idx 424) is deemed risky
+ coeff -4.09802 of var (x6,x8) (idx 0) in constr e449 (idx 425) is deemed risky
+ coeff -10.7611 of var (x6,x12) (idx 1) in constr e449 (idx 425) is deemed risky
+ coeff 6.21307 of var (x6,x13) (idx 2) in constr e449 (idx 425) is deemed risky
+ coeff 4.09802 of var (x6,x14) (idx 3) in constr e449 (idx 425) is deemed risky
+ coeff -1.09802 of var (x6,x22) (idx 4) in constr e449 (idx 425) is deemed risky
+ coeff 1.09802 of var (x6,x24) (idx 5) in constr e449 (idx 425) is deemed risky
+ coeff 1.09802 of var (x7,x8) (idx 6) in constr e449 (idx 425) is deemed risky
+ coeff -6.21307 of var (x7,x12) (idx 7) in constr e449 (idx 425) is deemed risky
+ coeff -10.7611 of var (x7,x13) (idx 8) in constr e449 (idx 425) is deemed risky
+ coeff -1.09802 of var (x7,x14) (idx 9) in constr e449 (idx 425) is deemed risky
+ coeff -4.09802 of var (x7,x22) (idx 10) in constr e449 (idx 425) is deemed risky
+ coeff 4.09802 of var (x7,x24) (idx 11) in constr e449 (idx 425) is deemed risky
+ coeff 4.14205 of var (x8,x12) (idx 13) in constr e449 (idx 425) is deemed risky
+ coeff -4.14205 of var (x8,x13) (idx 14) in constr e449 (idx 425) is deemed risky
+ coeff -4.14205 of var (x12,x14) (idx 16) in constr e449 (idx 425) is deemed risky
+ coeff 4.14205 of var (x12,x22) (idx 17) in constr e449 (idx 425) is deemed risky
+ coeff -4.14205 of var (x12,x24) (idx 18) in constr e449 (idx 425) is deemed risky
+ coeff 4.14205 of var (x13,x14) (idx 19) in constr e449 (idx 425) is deemed risky
+ coeff 4.14205 of var (x13,x22) (idx 20) in constr e449 (idx 425) is deemed risky
+ coeff -4.14205 of var (x13,x24) (idx 21) in constr e449 (idx 425) is deemed risky
+ coeff -4.09802 of var (x6,x8) (idx 0) in constr e450 (idx 426) is deemed risky
+ coeff -12.7231 of var (x6,x15) (idx 1) in constr e450 (idx 426) is deemed risky
+ coeff -8.13246 of var (x6,x16) (idx 2) in constr e450 (idx 426) is deemed risky
+ coeff 4.09802 of var (x6,x17) (idx 3) in constr e450 (idx 426) is deemed risky
+ coeff -1.09802 of var (x6,x22) (idx 4) in constr e450 (idx 426) is deemed risky
+ coeff 1.09802 of var (x6,x25) (idx 5) in constr e450 (idx 426) is deemed risky
+ coeff 1.09802 of var (x7,x8) (idx 6) in constr e450 (idx 426) is deemed risky
+ coeff 8.13246 of var (x7,x15) (idx 7) in constr e450 (idx 426) is deemed risky
+ coeff -12.7231 of var (x7,x16) (idx 8) in constr e450 (idx 426) is deemed risky
+ coeff -1.09802 of var (x7,x17) (idx 9) in constr e450 (idx 426) is deemed risky
+ coeff -4.09802 of var (x7,x22) (idx 10) in constr e450 (idx 426) is deemed risky
+ coeff 4.09802 of var (x7,x25) (idx 11) in constr e450 (idx 426) is deemed risky
+ coeff 6.78566 of var (x8,x15) (idx 13) in constr e450 (idx 426) is deemed risky
+ coeff 2.15082 of var (x8,x16) (idx 14) in constr e450 (idx 426) is deemed risky
+ coeff -6.78566 of var (x15,x17) (idx 16) in constr e450 (idx 426) is deemed risky
+ coeff -2.15082 of var (x15,x22) (idx 17) in constr e450 (idx 426) is deemed risky
+ coeff 2.15082 of var (x15,x25) (idx 18) in constr e450 (idx 426) is deemed risky
+ coeff -2.15082 of var (x16,x17) (idx 19) in constr e450 (idx 426) is deemed risky
+ coeff 6.78566 of var (x16,x22) (idx 20) in constr e450 (idx 426) is deemed risky
+ coeff -6.78566 of var (x16,x25) (idx 21) in constr e450 (idx 426) is deemed risky
+ coeff -4.09802 of var (x6,x8) (idx 0) in constr e451 (idx 427) is deemed risky
+ coeff -15.8761 of var (x6,x18) (idx 1) in constr e451 (idx 427) is deemed risky
+ coeff 3.24919 of var (x6,x19) (idx 2) in constr e451 (idx 427) is deemed risky
+ coeff 4.09802 of var (x6,x20) (idx 3) in constr e451 (idx 427) is deemed risky
+ coeff -1.09802 of var (x6,x22) (idx 4) in constr e451 (idx 427) is deemed risky
+ coeff 1.09802 of var (x6,x26) (idx 5) in constr e451 (idx 427) is deemed risky
+ coeff 1.09802 of var (x7,x8) (idx 6) in constr e451 (idx 427) is deemed risky
+ coeff -3.24919 of var (x7,x18) (idx 7) in constr e451 (idx 427) is deemed risky
+ coeff -15.8761 of var (x7,x19) (idx 8) in constr e451 (idx 427) is deemed risky
+ coeff -1.09802 of var (x7,x20) (idx 9) in constr e451 (idx 427) is deemed risky
+ coeff -4.09802 of var (x7,x22) (idx 10) in constr e451 (idx 427) is deemed risky
+ coeff 4.09802 of var (x7,x26) (idx 11) in constr e451 (idx 427) is deemed risky
+ coeff 6.83276 of var (x8,x18) (idx 13) in constr e451 (idx 427) is deemed risky
+ coeff -3.4165 of var (x8,x19) (idx 14) in constr e451 (idx 427) is deemed risky
+ coeff -6.83276 of var (x18,x20) (idx 16) in constr e451 (idx 427) is deemed risky
+ coeff 3.4165 of var (x18,x22) (idx 17) in constr e451 (idx 427) is deemed risky
+ coeff -3.4165 of var (x18,x26) (idx 18) in constr e451 (idx 427) is deemed risky
+ coeff 3.4165 of var (x19,x20) (idx 19) in constr e451 (idx 427) is deemed risky
+ coeff 6.83276 of var (x19,x22) (idx 20) in constr e451 (idx 427) is deemed risky
+ coeff -6.83276 of var (x19,x26) (idx 21) in constr e451 (idx 427) is deemed risky
+ coeff -0.558512 of var (x9,x11) (idx 0) in constr e452 (idx 428) is deemed risky
+ coeff 2.31305 of var (x9,x12) (idx 1) in constr e452 (idx 428) is deemed risky
+ coeff -4.62643 of var (x9,x13) (idx 2) in constr e452 (idx 428) is deemed risky
+ coeff 0.558512 of var (x9,x14) (idx 3) in constr e452 (idx 428) is deemed risky
+ coeff -1.67537 of var (x9,x23) (idx 4) in constr e452 (idx 428) is deemed risky
+ coeff 1.67537 of var (x9,x24) (idx 5) in constr e452 (idx 428) is deemed risky
+ coeff 1.67537 of var (x10,x11) (idx 6) in constr e452 (idx 428) is deemed risky
+ coeff 4.62643 of var (x10,x12) (idx 7) in constr e452 (idx 428) is deemed risky
+ coeff 2.31305 of var (x10,x13) (idx 8) in constr e452 (idx 428) is deemed risky
+ coeff -1.67537 of var (x10,x14) (idx 9) in constr e452 (idx 428) is deemed risky
+ coeff -0.558512 of var (x10,x23) (idx 10) in constr e452 (idx 428) is deemed risky
+ coeff 0.558512 of var (x10,x24) (idx 11) in constr e452 (idx 428) is deemed risky
+ coeff 4.14205 of var (x11,x12) (idx 13) in constr e452 (idx 428) is deemed risky
+ coeff 4.14205 of var (x11,x13) (idx 14) in constr e452 (idx 428) is deemed risky
+ coeff -4.14205 of var (x12,x14) (idx 16) in constr e452 (idx 428) is deemed risky
+ coeff -4.14205 of var (x12,x23) (idx 17) in constr e452 (idx 428) is deemed risky
+ coeff 4.14205 of var (x12,x24) (idx 18) in constr e452 (idx 428) is deemed risky
+ coeff -4.14205 of var (x13,x14) (idx 19) in constr e452 (idx 428) is deemed risky
+ coeff 4.14205 of var (x13,x23) (idx 20) in constr e452 (idx 428) is deemed risky
+ coeff -4.14205 of var (x13,x24) (idx 21) in constr e452 (idx 428) is deemed risky
+ coeff -0.558512 of var (x9,x11) (idx 0) in constr e453 (idx 429) is deemed risky
+ coeff -0.0932192 of var (x9,x15) (idx 1) in constr e453 (idx 429) is deemed risky
+ coeff -4.09147 of var (x9,x16) (idx 2) in constr e453 (idx 429) is deemed risky
+ coeff 0.558512 of var (x9,x17) (idx 3) in constr e453 (idx 429) is deemed risky
+ coeff -1.67537 of var (x9,x23) (idx 4) in constr e453 (idx 429) is deemed risky
+ coeff 1.67537 of var (x9,x25) (idx 5) in constr e453 (idx 429) is deemed risky
+ coeff 1.67537 of var (x10,x11) (idx 6) in constr e453 (idx 429) is deemed risky
+ coeff 4.09147 of var (x10,x15) (idx 7) in constr e453 (idx 429) is deemed risky
+ coeff -0.0932192 of var (x10,x16) (idx 8) in constr e453 (idx 429) is deemed risky
+ coeff -1.67537 of var (x10,x17) (idx 9) in constr e453 (idx 429) is deemed risky
+ coeff -0.558512 of var (x10,x23) (idx 10) in constr e453 (idx 429) is deemed risky
+ coeff 0.558512 of var (x10,x25) (idx 11) in constr e453 (idx 429) is deemed risky
+ coeff 4.42912 of var (x11,x15) (idx 13) in constr e453 (idx 429) is deemed risky
+ coeff 1.36523 of var (x11,x16) (idx 14) in constr e453 (idx 429) is deemed risky
+ coeff -4.42912 of var (x15,x17) (idx 16) in constr e453 (idx 429) is deemed risky
+ coeff -1.36523 of var (x15,x23) (idx 17) in constr e453 (idx 429) is deemed risky
+ coeff 1.36523 of var (x15,x25) (idx 18) in constr e453 (idx 429) is deemed risky
+ coeff -1.36523 of var (x16,x17) (idx 19) in constr e453 (idx 429) is deemed risky
+ coeff 4.42912 of var (x16,x23) (idx 20) in constr e453 (idx 429) is deemed risky
+ coeff -4.42912 of var (x16,x25) (idx 21) in constr e453 (idx 429) is deemed risky
+ coeff -0.558512 of var (x9,x11) (idx 0) in constr e454 (idx 430) is deemed risky
+ coeff -3.45157 of var (x9,x18) (idx 1) in constr e454 (idx 430) is deemed risky
+ coeff -3.45123 of var (x9,x19) (idx 2) in constr e454 (idx 430) is deemed risky
+ coeff 0.558512 of var (x9,x20) (idx 3) in constr e454 (idx 430) is deemed risky
+ coeff -1.67537 of var (x9,x23) (idx 4) in constr e454 (idx 430) is deemed risky
+ coeff 1.67537 of var (x9,x26) (idx 5) in constr e454 (idx 430) is deemed risky
+ coeff 1.67537 of var (x10,x11) (idx 6) in constr e454 (idx 430) is deemed risky
+ coeff 3.45123 of var (x10,x18) (idx 7) in constr e454 (idx 430) is deemed risky
+ coeff -3.45157 of var (x10,x19) (idx 8) in constr e454 (idx 430) is deemed risky
+ coeff -1.67537 of var (x10,x20) (idx 9) in constr e454 (idx 430) is deemed risky
+ coeff -0.558512 of var (x10,x23) (idx 10) in constr e454 (idx 430) is deemed risky
+ coeff 0.558512 of var (x10,x26) (idx 11) in constr e454 (idx 430) is deemed risky
+ coeff 4.94409 of var (x11,x18) (idx 13) in constr e454 (idx 430) is deemed risky
+ coeff -2.47217 of var (x11,x19) (idx 14) in constr e454 (idx 430) is deemed risky
+ coeff -4.94409 of var (x18,x20) (idx 16) in constr e454 (idx 430) is deemed risky
+ coeff 2.47217 of var (x18,x23) (idx 17) in constr e454 (idx 430) is deemed risky
+ coeff -2.47217 of var (x18,x26) (idx 18) in constr e454 (idx 430) is deemed risky
+ coeff 2.47217 of var (x19,x20) (idx 19) in constr e454 (idx 430) is deemed risky
+ coeff 4.94409 of var (x19,x23) (idx 20) in constr e454 (idx 430) is deemed risky
+ coeff -4.94409 of var (x19,x26) (idx 21) in constr e454 (idx 430) is deemed risky
+ coeff -0.558512 of var (x9,x11) (idx 0) in constr e455 (idx 431) is deemed risky
+ coeff -2.31305 of var (x9,x12) (idx 1) in constr e455 (idx 431) is deemed risky
+ coeff 4.62643 of var (x9,x13) (idx 2) in constr e455 (idx 431) is deemed risky
+ coeff 0.558512 of var (x9,x14) (idx 3) in constr e455 (idx 431) is deemed risky
+ coeff -1.67537 of var (x9,x23) (idx 4) in constr e455 (idx 431) is deemed risky
+ coeff 1.67537 of var (x9,x24) (idx 5) in constr e455 (idx 431) is deemed risky
+ coeff 1.67537 of var (x10,x11) (idx 6) in constr e455 (idx 431) is deemed risky
+ coeff -4.62643 of var (x10,x12) (idx 7) in constr e455 (idx 431) is deemed risky
+ coeff -2.31305 of var (x10,x13) (idx 8) in constr e455 (idx 431) is deemed risky
+ coeff -1.67537 of var (x10,x14) (idx 9) in constr e455 (idx 431) is deemed risky
+ coeff -0.558512 of var (x10,x23) (idx 10) in constr e455 (idx 431) is deemed risky
+ coeff 0.558512 of var (x10,x24) (idx 11) in constr e455 (idx 431) is deemed risky
+ coeff -4.14205 of var (x11,x12) (idx 13) in constr e455 (idx 431) is deemed risky
+ coeff -4.14205 of var (x11,x13) (idx 14) in constr e455 (idx 431) is deemed risky
+ coeff 4.14205 of var (x12,x14) (idx 16) in constr e455 (idx 431) is deemed risky
+ coeff 4.14205 of var (x12,x23) (idx 17) in constr e455 (idx 431) is deemed risky
+ coeff -4.14205 of var (x12,x24) (idx 18) in constr e455 (idx 431) is deemed risky
+ coeff 4.14205 of var (x13,x14) (idx 19) in constr e455 (idx 431) is deemed risky
+ coeff -4.14205 of var (x13,x23) (idx 20) in constr e455 (idx 431) is deemed risky
+ coeff 4.14205 of var (x13,x24) (idx 21) in constr e455 (idx 431) is deemed risky
+ coeff -0.558512 of var (x9,x11) (idx 0) in constr e456 (idx 432) is deemed risky
+ coeff 2.61555 of var (x9,x15) (idx 1) in constr e456 (idx 432) is deemed risky
+ coeff 2.4711 of var (x9,x16) (idx 2) in constr e456 (idx 432) is deemed risky
+ coeff 0.558512 of var (x9,x17) (idx 3) in constr e456 (idx 432) is deemed risky
+ coeff -1.67537 of var (x9,x23) (idx 4) in constr e456 (idx 432) is deemed risky
+ coeff 1.67537 of var (x9,x25) (idx 5) in constr e456 (idx 432) is deemed risky
+ coeff 1.67537 of var (x10,x11) (idx 6) in constr e456 (idx 432) is deemed risky
+ coeff -2.4711 of var (x10,x15) (idx 7) in constr e456 (idx 432) is deemed risky
+ coeff 2.61555 of var (x10,x16) (idx 8) in constr e456 (idx 432) is deemed risky
+ coeff -1.67537 of var (x10,x17) (idx 9) in constr e456 (idx 432) is deemed risky
+ coeff -0.558512 of var (x10,x23) (idx 10) in constr e456 (idx 432) is deemed risky
+ coeff 0.558512 of var (x10,x25) (idx 11) in constr e456 (idx 432) is deemed risky
+ coeff -3.59164 of var (x11,x15) (idx 13) in constr e456 (idx 432) is deemed risky
+ coeff 1.92502 of var (x11,x16) (idx 14) in constr e456 (idx 432) is deemed risky
+ coeff 3.59164 of var (x15,x17) (idx 16) in constr e456 (idx 432) is deemed risky
+ coeff -1.92502 of var (x15,x23) (idx 17) in constr e456 (idx 432) is deemed risky
+ coeff 1.92502 of var (x15,x25) (idx 18) in constr e456 (idx 432) is deemed risky
+ coeff -1.92502 of var (x16,x17) (idx 19) in constr e456 (idx 432) is deemed risky
+ coeff -3.59164 of var (x16,x23) (idx 20) in constr e456 (idx 432) is deemed risky
+ coeff 3.59164 of var (x16,x25) (idx 21) in constr e456 (idx 432) is deemed risky
+ coeff -0.558512 of var (x9,x11) (idx 0) in constr e457 (idx 433) is deemed risky
+ coeff -1.85062 of var (x9,x18) (idx 1) in constr e457 (idx 433) is deemed risky
+ coeff 3.70106 of var (x9,x19) (idx 2) in constr e457 (idx 433) is deemed risky
+ coeff 0.558512 of var (x9,x20) (idx 3) in constr e457 (idx 433) is deemed risky
+ coeff -1.67537 of var (x9,x23) (idx 4) in constr e457 (idx 433) is deemed risky
+ coeff 1.67537 of var (x9,x26) (idx 5) in constr e457 (idx 433) is deemed risky
+ coeff 1.67537 of var (x10,x11) (idx 6) in constr e457 (idx 433) is deemed risky
+ coeff -3.70106 of var (x10,x18) (idx 7) in constr e457 (idx 433) is deemed risky
+ coeff -1.85062 of var (x10,x19) (idx 8) in constr e457 (idx 433) is deemed risky
+ coeff -1.67537 of var (x10,x20) (idx 9) in constr e457 (idx 433) is deemed risky
+ coeff -0.558512 of var (x10,x23) (idx 10) in constr e457 (idx 433) is deemed risky
+ coeff 0.558512 of var (x10,x26) (idx 11) in constr e457 (idx 433) is deemed risky
+ coeff -3.31348 of var (x11,x18) (idx 13) in constr e457 (idx 433) is deemed risky
+ coeff -3.3138 of var (x11,x19) (idx 14) in constr e457 (idx 433) is deemed risky
+ coeff 3.31348 of var (x18,x20) (idx 16) in constr e457 (idx 433) is deemed risky
+ coeff 3.3138 of var (x18,x23) (idx 17) in constr e457 (idx 433) is deemed risky
+ coeff -3.3138 of var (x18,x26) (idx 18) in constr e457 (idx 433) is deemed risky
+ coeff 3.3138 of var (x19,x20) (idx 19) in constr e457 (idx 433) is deemed risky
+ coeff -3.31348 of var (x19,x23) (idx 20) in constr e457 (idx 433) is deemed risky
+ coeff 3.31348 of var (x19,x26) (idx 21) in constr e457 (idx 433) is deemed risky
+ coeff -0.558512 of var (x9,x11) (idx 0) in constr e458 (idx 434) is deemed risky
+ coeff 4.62643 of var (x9,x12) (idx 1) in constr e458 (idx 434) is deemed risky
+ coeff 2.31305 of var (x9,x13) (idx 2) in constr e458 (idx 434) is deemed risky
+ coeff 0.558512 of var (x9,x14) (idx 3) in constr e458 (idx 434) is deemed risky
+ coeff -1.67537 of var (x9,x23) (idx 4) in constr e458 (idx 434) is deemed risky
+ coeff 1.67537 of var (x9,x24) (idx 5) in constr e458 (idx 434) is deemed risky
+ coeff 1.67537 of var (x10,x11) (idx 6) in constr e458 (idx 434) is deemed risky
+ coeff -2.31305 of var (x10,x12) (idx 7) in constr e458 (idx 434) is deemed risky
+ coeff 4.62643 of var (x10,x13) (idx 8) in constr e458 (idx 434) is deemed risky
+ coeff -1.67537 of var (x10,x14) (idx 9) in constr e458 (idx 434) is deemed risky
+ coeff -0.558512 of var (x10,x23) (idx 10) in constr e458 (idx 434) is deemed risky
+ coeff 0.558512 of var (x10,x24) (idx 11) in constr e458 (idx 434) is deemed risky
+ coeff -4.14205 of var (x11,x12) (idx 13) in constr e458 (idx 434) is deemed risky
+ coeff 4.14205 of var (x11,x13) (idx 14) in constr e458 (idx 434) is deemed risky
+ coeff 4.14205 of var (x12,x14) (idx 16) in constr e458 (idx 434) is deemed risky
+ coeff -4.14205 of var (x12,x23) (idx 17) in constr e458 (idx 434) is deemed risky
+ coeff 4.14205 of var (x12,x24) (idx 18) in constr e458 (idx 434) is deemed risky
+ coeff -4.14205 of var (x13,x14) (idx 19) in constr e458 (idx 434) is deemed risky
+ coeff -4.14205 of var (x13,x23) (idx 20) in constr e458 (idx 434) is deemed risky
+ coeff 4.14205 of var (x13,x24) (idx 21) in constr e458 (idx 434) is deemed risky
+ coeff -0.558512 of var (x9,x11) (idx 0) in constr e459 (idx 435) is deemed risky
+ coeff -0.609523 of var (x9,x15) (idx 1) in constr e459 (idx 435) is deemed risky
+ coeff 3.54623 of var (x9,x16) (idx 2) in constr e459 (idx 435) is deemed risky
+ coeff 0.558512 of var (x9,x17) (idx 3) in constr e459 (idx 435) is deemed risky
+ coeff -1.67537 of var (x9,x23) (idx 4) in constr e459 (idx 435) is deemed risky
+ coeff 1.67537 of var (x9,x25) (idx 5) in constr e459 (idx 435) is deemed risky
+ coeff 1.67537 of var (x10,x11) (idx 6) in constr e459 (idx 435) is deemed risky
+ coeff -3.54623 of var (x10,x15) (idx 7) in constr e459 (idx 435) is deemed risky
+ coeff -0.609523 of var (x10,x16) (idx 8) in constr e459 (idx 435) is deemed risky
+ coeff -1.67537 of var (x10,x17) (idx 9) in constr e459 (idx 435) is deemed risky
+ coeff -0.558512 of var (x10,x23) (idx 10) in constr e459 (idx 435) is deemed risky
+ coeff 0.558512 of var (x10,x25) (idx 11) in constr e459 (idx 435) is deemed risky
+ coeff -3.59164 of var (x11,x15) (idx 13) in constr e459 (idx 435) is deemed risky
+ coeff -1.92496 of var (x11,x16) (idx 14) in constr e459 (idx 435) is deemed risky
+ coeff 3.59164 of var (x15,x17) (idx 16) in constr e459 (idx 435) is deemed risky
+ coeff 1.92496 of var (x15,x23) (idx 17) in constr e459 (idx 435) is deemed risky
+ coeff -1.92496 of var (x15,x25) (idx 18) in constr e459 (idx 435) is deemed risky
+ coeff 1.92496 of var (x16,x17) (idx 19) in constr e459 (idx 435) is deemed risky
+ coeff -3.59164 of var (x16,x23) (idx 20) in constr e459 (idx 435) is deemed risky
+ coeff 3.59164 of var (x16,x25) (idx 21) in constr e459 (idx 435) is deemed risky
+ coeff -0.558512 of var (x9,x11) (idx 0) in constr e460 (idx 436) is deemed risky
+ coeff 3.70103 of var (x9,x18) (idx 1) in constr e460 (idx 436) is deemed risky
+ coeff 1.85055 of var (x9,x19) (idx 2) in constr e460 (idx 436) is deemed risky
+ coeff 0.558512 of var (x9,x20) (idx 3) in constr e460 (idx 436) is deemed risky
+ coeff -1.67537 of var (x9,x23) (idx 4) in constr e460 (idx 436) is deemed risky
+ coeff 1.67537 of var (x9,x26) (idx 5) in constr e460 (idx 436) is deemed risky
+ coeff 1.67537 of var (x10,x11) (idx 6) in constr e460 (idx 436) is deemed risky
+ coeff -1.85055 of var (x10,x18) (idx 7) in constr e460 (idx 436) is deemed risky
+ coeff 3.70103 of var (x10,x19) (idx 8) in constr e460 (idx 436) is deemed risky
+ coeff -1.67537 of var (x10,x20) (idx 9) in constr e460 (idx 436) is deemed risky
+ coeff -0.558512 of var (x10,x23) (idx 10) in constr e460 (idx 436) is deemed risky
+ coeff 0.558512 of var (x10,x26) (idx 11) in constr e460 (idx 436) is deemed risky
+ coeff -3.31372 of var (x11,x18) (idx 13) in constr e460 (idx 436) is deemed risky
+ coeff 3.31348 of var (x11,x19) (idx 14) in constr e460 (idx 436) is deemed risky
+ coeff 3.31372 of var (x18,x20) (idx 16) in constr e460 (idx 436) is deemed risky
+ coeff -3.31348 of var (x18,x23) (idx 17) in constr e460 (idx 436) is deemed risky
+ coeff 3.31348 of var (x18,x26) (idx 18) in constr e460 (idx 436) is deemed risky
+ coeff -3.31348 of var (x19,x20) (idx 19) in constr e460 (idx 436) is deemed risky
+ coeff -3.31372 of var (x19,x23) (idx 20) in constr e460 (idx 436) is deemed risky
+ coeff 3.31372 of var (x19,x26) (idx 21) in constr e460 (idx 436) is deemed risky
+ coeff -0.558512 of var (x9,x11) (idx 0) in constr e461 (idx 437) is deemed risky
+ coeff -4.62643 of var (x9,x12) (idx 1) in constr e461 (idx 437) is deemed risky
+ coeff -2.31305 of var (x9,x13) (idx 2) in constr e461 (idx 437) is deemed risky
+ coeff 0.558512 of var (x9,x14) (idx 3) in constr e461 (idx 437) is deemed risky
+ coeff -1.67537 of var (x9,x23) (idx 4) in constr e461 (idx 437) is deemed risky
+ coeff 1.67537 of var (x9,x24) (idx 5) in constr e461 (idx 437) is deemed risky
+ coeff 1.67537 of var (x10,x11) (idx 6) in constr e461 (idx 437) is deemed risky
+ coeff 2.31305 of var (x10,x12) (idx 7) in constr e461 (idx 437) is deemed risky
+ coeff -4.62643 of var (x10,x13) (idx 8) in constr e461 (idx 437) is deemed risky
+ coeff -1.67537 of var (x10,x14) (idx 9) in constr e461 (idx 437) is deemed risky
+ coeff -0.558512 of var (x10,x23) (idx 10) in constr e461 (idx 437) is deemed risky
+ coeff 0.558512 of var (x10,x24) (idx 11) in constr e461 (idx 437) is deemed risky
+ coeff 4.14205 of var (x11,x12) (idx 13) in constr e461 (idx 437) is deemed risky
+ coeff -4.14205 of var (x11,x13) (idx 14) in constr e461 (idx 437) is deemed risky
+ coeff -4.14205 of var (x12,x14) (idx 16) in constr e461 (idx 437) is deemed risky
+ coeff 4.14205 of var (x12,x23) (idx 17) in constr e461 (idx 437) is deemed risky
+ coeff -4.14205 of var (x12,x24) (idx 18) in constr e461 (idx 437) is deemed risky
+ coeff 4.14205 of var (x13,x14) (idx 19) in constr e461 (idx 437) is deemed risky
+ coeff 4.14205 of var (x13,x23) (idx 20) in constr e461 (idx 437) is deemed risky
+ coeff -4.14205 of var (x13,x24) (idx 21) in constr e461 (idx 437) is deemed risky
+ coeff -0.558512 of var (x9,x11) (idx 0) in constr e462 (idx 438) is deemed risky
+ coeff -0.0932263 of var (x9,x15) (idx 1) in constr e462 (idx 438) is deemed risky
+ coeff -6.28489 of var (x9,x16) (idx 2) in constr e462 (idx 438) is deemed risky
+ coeff 0.558512 of var (x9,x17) (idx 3) in constr e462 (idx 438) is deemed risky
+ coeff -1.67537 of var (x9,x23) (idx 4) in constr e462 (idx 438) is deemed risky
+ coeff 1.67537 of var (x9,x25) (idx 5) in constr e462 (idx 438) is deemed risky
+ coeff 1.67537 of var (x10,x11) (idx 6) in constr e462 (idx 438) is deemed risky
+ coeff 6.28489 of var (x10,x15) (idx 7) in constr e462 (idx 438) is deemed risky
+ coeff -0.0932263 of var (x10,x16) (idx 8) in constr e462 (idx 438) is deemed risky
+ coeff -1.67537 of var (x10,x17) (idx 9) in constr e462 (idx 438) is deemed risky
+ coeff -0.558512 of var (x10,x23) (idx 10) in constr e462 (idx 438) is deemed risky
+ coeff 0.558512 of var (x10,x25) (idx 11) in constr e462 (idx 438) is deemed risky
+ coeff 6.78566 of var (x11,x15) (idx 13) in constr e462 (idx 438) is deemed risky
+ coeff 2.15082 of var (x11,x16) (idx 14) in constr e462 (idx 438) is deemed risky
+ coeff -6.78566 of var (x15,x17) (idx 16) in constr e462 (idx 438) is deemed risky
+ coeff -2.15082 of var (x15,x23) (idx 17) in constr e462 (idx 438) is deemed risky
+ coeff 2.15082 of var (x15,x25) (idx 18) in constr e462 (idx 438) is deemed risky
+ coeff -2.15082 of var (x16,x17) (idx 19) in constr e462 (idx 438) is deemed risky
+ coeff 6.78566 of var (x16,x23) (idx 20) in constr e462 (idx 438) is deemed risky
+ coeff -6.78566 of var (x16,x25) (idx 21) in constr e462 (idx 438) is deemed risky
+ coeff -0.558512 of var (x9,x11) (idx 0) in constr e463 (idx 439) is deemed risky
+ coeff -4.77005 of var (x9,x18) (idx 1) in constr e463 (idx 439) is deemed risky
+ coeff -4.76964 of var (x9,x19) (idx 2) in constr e463 (idx 439) is deemed risky
+ coeff 0.558512 of var (x9,x20) (idx 3) in constr e463 (idx 439) is deemed risky
+ coeff -1.67537 of var (x9,x23) (idx 4) in constr e463 (idx 439) is deemed risky
+ coeff 1.67537 of var (x9,x26) (idx 5) in constr e463 (idx 439) is deemed risky
+ coeff 1.67537 of var (x10,x11) (idx 6) in constr e463 (idx 439) is deemed risky
+ coeff 4.76964 of var (x10,x18) (idx 7) in constr e463 (idx 439) is deemed risky
+ coeff -4.77005 of var (x10,x19) (idx 8) in constr e463 (idx 439) is deemed risky
+ coeff -1.67537 of var (x10,x20) (idx 9) in constr e463 (idx 439) is deemed risky
+ coeff -0.558512 of var (x10,x23) (idx 10) in constr e463 (idx 439) is deemed risky
+ coeff 0.558512 of var (x10,x26) (idx 11) in constr e463 (idx 439) is deemed risky
+ coeff 6.83276 of var (x11,x18) (idx 13) in constr e463 (idx 439) is deemed risky
+ coeff -3.4165 of var (x11,x19) (idx 14) in constr e463 (idx 439) is deemed risky
+ coeff -6.83276 of var (x18,x20) (idx 16) in constr e463 (idx 439) is deemed risky
+ coeff 3.4165 of var (x18,x23) (idx 17) in constr e463 (idx 439) is deemed risky
+ coeff -3.4165 of var (x18,x26) (idx 18) in constr e463 (idx 439) is deemed risky
+ coeff 3.4165 of var (x19,x20) (idx 19) in constr e463 (idx 439) is deemed risky
+ coeff 6.83276 of var (x19,x23) (idx 20) in constr e463 (idx 439) is deemed risky
+ coeff -6.83276 of var (x19,x26) (idx 21) in constr e463 (idx 439) is deemed risky
+ coeff -4.14205 of var (x12,x14) (idx 0) in constr e464 (idx 440) is deemed risky
+ coeff -6.34538 of var (x12,x15) (idx 1) in constr e464 (idx 440) is deemed risky
+ coeff -12.0002 of var (x12,x16) (idx 2) in constr e464 (idx 440) is deemed risky
+ coeff 4.14205 of var (x12,x17) (idx 3) in constr e464 (idx 440) is deemed risky
+ coeff -4.14205 of var (x12,x24) (idx 4) in constr e464 (idx 440) is deemed risky
+ coeff 4.14205 of var (x12,x25) (idx 5) in constr e464 (idx 440) is deemed risky
+ coeff 4.14205 of var (x13,x14) (idx 6) in constr e464 (idx 440) is deemed risky
+ coeff 12.0002 of var (x13,x15) (idx 7) in constr e464 (idx 440) is deemed risky
+ coeff -6.34538 of var (x13,x16) (idx 8) in constr e464 (idx 440) is deemed risky
+ coeff -4.14205 of var (x13,x17) (idx 9) in constr e464 (idx 440) is deemed risky
+ coeff -4.14205 of var (x13,x24) (idx 10) in constr e464 (idx 440) is deemed risky
+ coeff 4.14205 of var (x13,x25) (idx 11) in constr e464 (idx 440) is deemed risky
+ coeff 4.42912 of var (x14,x15) (idx 13) in constr e464 (idx 440) is deemed risky
+ coeff 1.36523 of var (x14,x16) (idx 14) in constr e464 (idx 440) is deemed risky
+ coeff -4.42912 of var (x15,x17) (idx 16) in constr e464 (idx 440) is deemed risky
+ coeff -1.36523 of var (x15,x24) (idx 17) in constr e464 (idx 440) is deemed risky
+ coeff 1.36523 of var (x15,x25) (idx 18) in constr e464 (idx 440) is deemed risky
+ coeff -1.36523 of var (x16,x17) (idx 19) in constr e464 (idx 440) is deemed risky
+ coeff 4.42912 of var (x16,x24) (idx 20) in constr e464 (idx 440) is deemed risky
+ coeff -4.42912 of var (x16,x25) (idx 21) in constr e464 (idx 440) is deemed risky
+ coeff -4.14205 of var (x12,x14) (idx 0) in constr e465 (idx 441) is deemed risky
+ coeff -15.3593 of var (x12,x18) (idx 1) in constr e465 (idx 441) is deemed risky
+ coeff -5.11942 of var (x12,x19) (idx 2) in constr e465 (idx 441) is deemed risky
+ coeff 4.14205 of var (x12,x20) (idx 3) in constr e465 (idx 441) is deemed risky
+ coeff -4.14205 of var (x12,x24) (idx 4) in constr e465 (idx 441) is deemed risky
+ coeff 4.14205 of var (x12,x26) (idx 5) in constr e465 (idx 441) is deemed risky
+ coeff 4.14205 of var (x13,x14) (idx 6) in constr e465 (idx 441) is deemed risky
+ coeff 5.11942 of var (x13,x18) (idx 7) in constr e465 (idx 441) is deemed risky
+ coeff -15.3593 of var (x13,x19) (idx 8) in constr e465 (idx 441) is deemed risky
+ coeff -4.14205 of var (x13,x20) (idx 9) in constr e465 (idx 441) is deemed risky
+ coeff -4.14205 of var (x13,x24) (idx 10) in constr e465 (idx 441) is deemed risky
+ coeff 4.14205 of var (x13,x26) (idx 11) in constr e465 (idx 441) is deemed risky
+ coeff 4.94409 of var (x14,x18) (idx 13) in constr e465 (idx 441) is deemed risky
+ coeff -2.47217 of var (x14,x19) (idx 14) in constr e465 (idx 441) is deemed risky
+ coeff -4.94409 of var (x18,x20) (idx 16) in constr e465 (idx 441) is deemed risky
+ coeff 2.47217 of var (x18,x24) (idx 17) in constr e465 (idx 441) is deemed risky
+ coeff -2.47217 of var (x18,x26) (idx 18) in constr e465 (idx 441) is deemed risky
+ coeff 2.47217 of var (x19,x20) (idx 19) in constr e465 (idx 441) is deemed risky
+ coeff 4.94409 of var (x19,x24) (idx 20) in constr e465 (idx 441) is deemed risky
+ coeff -4.94409 of var (x19,x26) (idx 21) in constr e465 (idx 441) is deemed risky
+ coeff -4.14205 of var (x12,x14) (idx 0) in constr e466 (idx 442) is deemed risky
+ coeff 11.4251 of var (x12,x15) (idx 1) in constr e466 (idx 442) is deemed risky
+ coeff 3.45162 of var (x12,x16) (idx 2) in constr e466 (idx 442) is deemed risky
+ coeff 4.14205 of var (x12,x17) (idx 3) in constr e466 (idx 442) is deemed risky
+ coeff -4.14205 of var (x12,x24) (idx 4) in constr e466 (idx 442) is deemed risky
+ coeff 4.14205 of var (x12,x25) (idx 5) in constr e466 (idx 442) is deemed risky
+ coeff 4.14205 of var (x13,x14) (idx 6) in constr e466 (idx 442) is deemed risky
+ coeff -3.45162 of var (x13,x15) (idx 7) in constr e466 (idx 442) is deemed risky
+ coeff 11.4251 of var (x13,x16) (idx 8) in constr e466 (idx 442) is deemed risky
+ coeff -4.14205 of var (x13,x17) (idx 9) in constr e466 (idx 442) is deemed risky
+ coeff -4.14205 of var (x13,x24) (idx 10) in constr e466 (idx 442) is deemed risky
+ coeff 4.14205 of var (x13,x25) (idx 11) in constr e466 (idx 442) is deemed risky
+ coeff -3.59164 of var (x14,x15) (idx 13) in constr e466 (idx 442) is deemed risky
+ coeff 1.92502 of var (x14,x16) (idx 14) in constr e466 (idx 442) is deemed risky
+ coeff 3.59164 of var (x15,x17) (idx 16) in constr e466 (idx 442) is deemed risky
+ coeff -1.92502 of var (x15,x24) (idx 17) in constr e466 (idx 442) is deemed risky
+ coeff 1.92502 of var (x15,x25) (idx 18) in constr e466 (idx 442) is deemed risky
+ coeff -1.92502 of var (x16,x17) (idx 19) in constr e466 (idx 442) is deemed risky
+ coeff -3.59164 of var (x16,x24) (idx 20) in constr e466 (idx 442) is deemed risky
+ coeff 3.59164 of var (x16,x25) (idx 21) in constr e466 (idx 442) is deemed risky
+ coeff -4.14205 of var (x12,x14) (idx 0) in constr e467 (idx 443) is deemed risky
+ coeff -0.00067416 of var (x12,x18) (idx 1) in constr e467 (idx 443) is deemed risky
+ coeff 13.7253 of var (x12,x19) (idx 2) in constr e467 (idx 443) is deemed risky
+ coeff 4.14205 of var (x12,x20) (idx 3) in constr e467 (idx 443) is deemed risky
+ coeff -4.14205 of var (x12,x24) (idx 4) in constr e467 (idx 443) is deemed risky
+ coeff 4.14205 of var (x12,x26) (idx 5) in constr e467 (idx 443) is deemed risky
+ coeff 4.14205 of var (x13,x14) (idx 6) in constr e467 (idx 443) is deemed risky
+ coeff -13.7253 of var (x13,x18) (idx 7) in constr e467 (idx 443) is deemed risky
+ coeff -0.00067416 of var (x13,x19) (idx 8) in constr e467 (idx 443) is deemed risky
+ coeff -4.14205 of var (x13,x20) (idx 9) in constr e467 (idx 443) is deemed risky
+ coeff -4.14205 of var (x13,x24) (idx 10) in constr e467 (idx 443) is deemed risky
+ coeff 4.14205 of var (x13,x26) (idx 11) in constr e467 (idx 443) is deemed risky
+ coeff -3.31348 of var (x14,x18) (idx 13) in constr e467 (idx 443) is deemed risky
+ coeff -3.3138 of var (x14,x19) (idx 14) in constr e467 (idx 443) is deemed risky
+ coeff 3.31348 of var (x18,x20) (idx 16) in constr e467 (idx 443) is deemed risky
+ coeff 3.3138 of var (x18,x24) (idx 17) in constr e467 (idx 443) is deemed risky
+ coeff -3.3138 of var (x18,x26) (idx 18) in constr e467 (idx 443) is deemed risky
+ coeff 3.3138 of var (x19,x20) (idx 19) in constr e467 (idx 443) is deemed risky
+ coeff -3.31348 of var (x19,x24) (idx 20) in constr e467 (idx 443) is deemed risky
+ coeff 3.31348 of var (x19,x26) (idx 21) in constr e467 (idx 443) is deemed risky
+ coeff -4.14205 of var (x12,x14) (idx 0) in constr e468 (idx 444) is deemed risky
+ coeff 3.45175 of var (x12,x15) (idx 1) in constr e468 (idx 444) is deemed risky
+ coeff 11.425 of var (x12,x16) (idx 2) in constr e468 (idx 444) is deemed risky
+ coeff 4.14205 of var (x12,x17) (idx 3) in constr e468 (idx 444) is deemed risky
+ coeff -4.14205 of var (x12,x24) (idx 4) in constr e468 (idx 444) is deemed risky
+ coeff 4.14205 of var (x12,x25) (idx 5) in constr e468 (idx 444) is deemed risky
+ coeff 4.14205 of var (x13,x14) (idx 6) in constr e468 (idx 444) is deemed risky
+ coeff -11.425 of var (x13,x15) (idx 7) in constr e468 (idx 444) is deemed risky
+ coeff 3.45175 of var (x13,x16) (idx 8) in constr e468 (idx 444) is deemed risky
+ coeff -4.14205 of var (x13,x17) (idx 9) in constr e468 (idx 444) is deemed risky
+ coeff -4.14205 of var (x13,x24) (idx 10) in constr e468 (idx 444) is deemed risky
+ coeff 4.14205 of var (x13,x25) (idx 11) in constr e468 (idx 444) is deemed risky
+ coeff -3.59164 of var (x14,x15) (idx 13) in constr e468 (idx 444) is deemed risky
+ coeff -1.92496 of var (x14,x16) (idx 14) in constr e468 (idx 444) is deemed risky
+ coeff 3.59164 of var (x15,x17) (idx 16) in constr e468 (idx 444) is deemed risky
+ coeff 1.92496 of var (x15,x24) (idx 17) in constr e468 (idx 444) is deemed risky
+ coeff -1.92496 of var (x15,x25) (idx 18) in constr e468 (idx 444) is deemed risky
+ coeff 1.92496 of var (x16,x17) (idx 19) in constr e468 (idx 444) is deemed risky
+ coeff -3.59164 of var (x16,x24) (idx 20) in constr e468 (idx 444) is deemed risky
+ coeff 3.59164 of var (x16,x25) (idx 21) in constr e468 (idx 444) is deemed risky
+ coeff -4.14205 of var (x12,x14) (idx 0) in constr e469 (idx 445) is deemed risky
+ coeff 13.7251 of var (x12,x18) (idx 1) in constr e469 (idx 445) is deemed risky
+ coeff 0.00050562 of var (x12,x19) (idx 2) in constr e469 (idx 445) is deemed risky
+ coeff 4.14205 of var (x12,x20) (idx 3) in constr e469 (idx 445) is deemed risky
+ coeff -4.14205 of var (x12,x24) (idx 4) in constr e469 (idx 445) is deemed risky
+ coeff 4.14205 of var (x12,x26) (idx 5) in constr e469 (idx 445) is deemed risky
+ coeff 4.14205 of var (x13,x14) (idx 6) in constr e469 (idx 445) is deemed risky
+ coeff -0.00050562 of var (x13,x18) (idx 7) in constr e469 (idx 445) is deemed risky
+ coeff 13.7251 of var (x13,x19) (idx 8) in constr e469 (idx 445) is deemed risky
+ coeff -4.14205 of var (x13,x20) (idx 9) in constr e469 (idx 445) is deemed risky
+ coeff -4.14205 of var (x13,x24) (idx 10) in constr e469 (idx 445) is deemed risky
+ coeff 4.14205 of var (x13,x26) (idx 11) in constr e469 (idx 445) is deemed risky
+ coeff -3.31372 of var (x14,x18) (idx 13) in constr e469 (idx 445) is deemed risky
+ coeff 3.31348 of var (x14,x19) (idx 14) in constr e469 (idx 445) is deemed risky
+ coeff 3.31372 of var (x18,x20) (idx 16) in constr e469 (idx 445) is deemed risky
+ coeff -3.31348 of var (x18,x24) (idx 17) in constr e469 (idx 445) is deemed risky
+ coeff 3.31348 of var (x18,x26) (idx 18) in constr e469 (idx 445) is deemed risky
+ coeff -3.31348 of var (x19,x20) (idx 19) in constr e469 (idx 445) is deemed risky
+ coeff -3.31372 of var (x19,x24) (idx 20) in constr e469 (idx 445) is deemed risky
+ coeff 3.31372 of var (x19,x26) (idx 21) in constr e469 (idx 445) is deemed risky
+ coeff -4.14205 of var (x12,x14) (idx 0) in constr e470 (idx 446) is deemed risky
+ coeff -9.59888 of var (x12,x15) (idx 1) in constr e470 (idx 446) is deemed risky
+ coeff -18.5077 of var (x12,x16) (idx 2) in constr e470 (idx 446) is deemed risky
+ coeff 4.14205 of var (x12,x17) (idx 3) in constr e470 (idx 446) is deemed risky
+ coeff -4.14205 of var (x12,x24) (idx 4) in constr e470 (idx 446) is deemed risky
+ coeff 4.14205 of var (x12,x25) (idx 5) in constr e470 (idx 446) is deemed risky
+ coeff 4.14205 of var (x13,x14) (idx 6) in constr e470 (idx 446) is deemed risky
+ coeff 18.5077 of var (x13,x15) (idx 7) in constr e470 (idx 446) is deemed risky
+ coeff -9.59888 of var (x13,x16) (idx 8) in constr e470 (idx 446) is deemed risky
+ coeff -4.14205 of var (x13,x17) (idx 9) in constr e470 (idx 446) is deemed risky
+ coeff -4.14205 of var (x13,x24) (idx 10) in constr e470 (idx 446) is deemed risky
+ coeff 4.14205 of var (x13,x25) (idx 11) in constr e470 (idx 446) is deemed risky
+ coeff 6.78566 of var (x14,x15) (idx 13) in constr e470 (idx 446) is deemed risky
+ coeff 2.15082 of var (x14,x16) (idx 14) in constr e470 (idx 446) is deemed risky
+ coeff -6.78566 of var (x15,x17) (idx 16) in constr e470 (idx 446) is deemed risky
+ coeff -2.15082 of var (x15,x24) (idx 17) in constr e470 (idx 446) is deemed risky
+ coeff 2.15082 of var (x15,x25) (idx 18) in constr e470 (idx 446) is deemed risky
+ coeff -2.15082 of var (x16,x17) (idx 19) in constr e470 (idx 446) is deemed risky
+ coeff 6.78566 of var (x16,x24) (idx 20) in constr e470 (idx 446) is deemed risky
+ coeff -6.78566 of var (x16,x25) (idx 21) in constr e470 (idx 446) is deemed risky
+ coeff -4.14205 of var (x12,x14) (idx 0) in constr e471 (idx 447) is deemed risky
+ coeff -21.2265 of var (x12,x18) (idx 1) in constr e471 (idx 447) is deemed risky
+ coeff -7.07516 of var (x12,x19) (idx 2) in constr e471 (idx 447) is deemed risky
+ coeff 4.14205 of var (x12,x20) (idx 3) in constr e471 (idx 447) is deemed risky
+ coeff -4.14205 of var (x12,x24) (idx 4) in constr e471 (idx 447) is deemed risky
+ coeff 4.14205 of var (x12,x26) (idx 5) in constr e471 (idx 447) is deemed risky
+ coeff 4.14205 of var (x13,x14) (idx 6) in constr e471 (idx 447) is deemed risky
+ coeff 7.07516 of var (x13,x18) (idx 7) in constr e471 (idx 447) is deemed risky
+ coeff -21.2265 of var (x13,x19) (idx 8) in constr e471 (idx 447) is deemed risky
+ coeff -4.14205 of var (x13,x20) (idx 9) in constr e471 (idx 447) is deemed risky
+ coeff -4.14205 of var (x13,x24) (idx 10) in constr e471 (idx 447) is deemed risky
+ coeff 4.14205 of var (x13,x26) (idx 11) in constr e471 (idx 447) is deemed risky
+ coeff 6.83276 of var (x14,x18) (idx 13) in constr e471 (idx 447) is deemed risky
+ coeff -3.4165 of var (x14,x19) (idx 14) in constr e471 (idx 447) is deemed risky
+ coeff -6.83276 of var (x18,x20) (idx 16) in constr e471 (idx 447) is deemed risky
+ coeff 3.4165 of var (x18,x24) (idx 17) in constr e471 (idx 447) is deemed risky
+ coeff -3.4165 of var (x18,x26) (idx 18) in constr e471 (idx 447) is deemed risky
+ coeff 3.4165 of var (x19,x20) (idx 19) in constr e471 (idx 447) is deemed risky
+ coeff 6.83276 of var (x19,x24) (idx 20) in constr e471 (idx 447) is deemed risky
+ coeff -6.83276 of var (x19,x26) (idx 21) in constr e471 (idx 447) is deemed risky
+ coeff -6.78566 of var (x15,x17) (idx 0) in constr e472 (idx 448) is deemed risky
+ coeff -14.1159 of var (x15,x18) (idx 1) in constr e472 (idx 448) is deemed risky
+ coeff 13.7046 of var (x15,x19) (idx 2) in constr e472 (idx 448) is deemed risky
+ coeff 6.78566 of var (x15,x20) (idx 3) in constr e472 (idx 448) is deemed risky
+ coeff 2.15082 of var (x15,x25) (idx 4) in constr e472 (idx 448) is deemed risky
+ coeff -2.15082 of var (x15,x26) (idx 5) in constr e472 (idx 448) is deemed risky
+ coeff -2.15082 of var (x16,x17) (idx 6) in constr e472 (idx 448) is deemed risky
+ coeff -13.7046 of var (x16,x18) (idx 7) in constr e472 (idx 448) is deemed risky
+ coeff -14.1159 of var (x16,x19) (idx 8) in constr e472 (idx 448) is deemed risky
+ coeff 2.15082 of var (x16,x20) (idx 9) in constr e472 (idx 448) is deemed risky
+ coeff -6.78566 of var (x16,x25) (idx 10) in constr e472 (idx 448) is deemed risky
+ coeff 6.78566 of var (x16,x26) (idx 11) in constr e472 (idx 448) is deemed risky
+ coeff 4.94409 of var (x17,x18) (idx 13) in constr e472 (idx 448) is deemed risky
+ coeff -2.47217 of var (x17,x19) (idx 14) in constr e472 (idx 448) is deemed risky
+ coeff -4.94409 of var (x18,x20) (idx 16) in constr e472 (idx 448) is deemed risky
+ coeff 2.47217 of var (x18,x25) (idx 17) in constr e472 (idx 448) is deemed risky
+ coeff -2.47217 of var (x18,x26) (idx 18) in constr e472 (idx 448) is deemed risky
+ coeff 2.47217 of var (x19,x20) (idx 19) in constr e472 (idx 448) is deemed risky
+ coeff 4.94409 of var (x19,x25) (idx 20) in constr e472 (idx 448) is deemed risky
+ coeff -4.94409 of var (x19,x26) (idx 21) in constr e472 (idx 448) is deemed risky
+ coeff -6.78566 of var (x15,x17) (idx 0) in constr e473 (idx 449) is deemed risky
+ coeff 14.8058 of var (x15,x18) (idx 1) in constr e473 (idx 449) is deemed risky
+ coeff 7.67983 of var (x15,x19) (idx 2) in constr e473 (idx 449) is deemed risky
+ coeff 6.78566 of var (x15,x20) (idx 3) in constr e473 (idx 449) is deemed risky
+ coeff 2.15082 of var (x15,x25) (idx 4) in constr e473 (idx 449) is deemed risky
+ coeff -2.15082 of var (x15,x26) (idx 5) in constr e473 (idx 449) is deemed risky
+ coeff -2.15082 of var (x16,x17) (idx 6) in constr e473 (idx 449) is deemed risky
+ coeff -7.67983 of var (x16,x18) (idx 7) in constr e473 (idx 449) is deemed risky
+ coeff 14.8058 of var (x16,x19) (idx 8) in constr e473 (idx 449) is deemed risky
+ coeff 2.15082 of var (x16,x20) (idx 9) in constr e473 (idx 449) is deemed risky
+ coeff -6.78566 of var (x16,x25) (idx 10) in constr e473 (idx 449) is deemed risky
+ coeff 6.78566 of var (x16,x26) (idx 11) in constr e473 (idx 449) is deemed risky
+ coeff -3.31348 of var (x17,x18) (idx 13) in constr e473 (idx 449) is deemed risky
+ coeff -3.3138 of var (x17,x19) (idx 14) in constr e473 (idx 449) is deemed risky
+ coeff 3.31348 of var (x18,x20) (idx 16) in constr e473 (idx 449) is deemed risky
+ coeff 3.3138 of var (x18,x25) (idx 17) in constr e473 (idx 449) is deemed risky
+ coeff -3.3138 of var (x18,x26) (idx 18) in constr e473 (idx 449) is deemed risky
+ coeff 3.3138 of var (x19,x20) (idx 19) in constr e473 (idx 449) is deemed risky
+ coeff -3.31348 of var (x19,x25) (idx 20) in constr e473 (idx 449) is deemed risky
+ coeff 3.31348 of var (x19,x26) (idx 21) in constr e473 (idx 449) is deemed risky
+ coeff -6.78566 of var (x15,x17) (idx 0) in constr e474 (idx 450) is deemed risky
+ coeff 7.67956 of var (x15,x18) (idx 1) in constr e474 (idx 450) is deemed risky
+ coeff -14.8057 of var (x15,x19) (idx 2) in constr e474 (idx 450) is deemed risky
+ coeff 6.78566 of var (x15,x20) (idx 3) in constr e474 (idx 450) is deemed risky
+ coeff 2.15082 of var (x15,x25) (idx 4) in constr e474 (idx 450) is deemed risky
+ coeff -2.15082 of var (x15,x26) (idx 5) in constr e474 (idx 450) is deemed risky
+ coeff -2.15082 of var (x16,x17) (idx 6) in constr e474 (idx 450) is deemed risky
+ coeff 14.8057 of var (x16,x18) (idx 7) in constr e474 (idx 450) is deemed risky
+ coeff 7.67956 of var (x16,x19) (idx 8) in constr e474 (idx 450) is deemed risky
+ coeff 2.15082 of var (x16,x20) (idx 9) in constr e474 (idx 450) is deemed risky
+ coeff -6.78566 of var (x16,x25) (idx 10) in constr e474 (idx 450) is deemed risky
+ coeff 6.78566 of var (x16,x26) (idx 11) in constr e474 (idx 450) is deemed risky
+ coeff -3.31372 of var (x17,x18) (idx 13) in constr e474 (idx 450) is deemed risky
+ coeff 3.31348 of var (x17,x19) (idx 14) in constr e474 (idx 450) is deemed risky
+ coeff 3.31372 of var (x18,x20) (idx 16) in constr e474 (idx 450) is deemed risky
+ coeff -3.31348 of var (x18,x25) (idx 17) in constr e474 (idx 450) is deemed risky
+ coeff 3.31348 of var (x18,x26) (idx 18) in constr e474 (idx 450) is deemed risky
+ coeff -3.31348 of var (x19,x20) (idx 19) in constr e474 (idx 450) is deemed risky
+ coeff -3.31372 of var (x19,x25) (idx 20) in constr e474 (idx 450) is deemed risky
+ coeff 3.31372 of var (x19,x26) (idx 21) in constr e474 (idx 450) is deemed risky
+ coeff -6.78566 of var (x15,x17) (idx 0) in constr e475 (idx 451) is deemed risky
+ coeff -19.5083 of var (x15,x18) (idx 1) in constr e475 (idx 451) is deemed risky
+ coeff 18.9396 of var (x15,x19) (idx 2) in constr e475 (idx 451) is deemed risky
+ coeff 6.78566 of var (x15,x20) (idx 3) in constr e475 (idx 451) is deemed risky
+ coeff 2.15082 of var (x15,x25) (idx 4) in constr e475 (idx 451) is deemed risky
+ coeff -2.15082 of var (x15,x26) (idx 5) in constr e475 (idx 451) is deemed risky
+ coeff -2.15082 of var (x16,x17) (idx 6) in constr e475 (idx 451) is deemed risky
+ coeff -18.9396 of var (x16,x18) (idx 7) in constr e475 (idx 451) is deemed risky
+ coeff -19.5083 of var (x16,x19) (idx 8) in constr e475 (idx 451) is deemed risky
+ coeff 2.15082 of var (x16,x20) (idx 9) in constr e475 (idx 451) is deemed risky
+ coeff -6.78566 of var (x16,x25) (idx 10) in constr e475 (idx 451) is deemed risky
+ coeff 6.78566 of var (x16,x26) (idx 11) in constr e475 (idx 451) is deemed risky
+ coeff 6.83276 of var (x17,x18) (idx 13) in constr e475 (idx 451) is deemed risky
+ coeff -3.4165 of var (x17,x19) (idx 14) in constr e475 (idx 451) is deemed risky
+ coeff -6.83276 of var (x18,x20) (idx 16) in constr e475 (idx 451) is deemed risky
+ coeff 3.4165 of var (x18,x25) (idx 17) in constr e475 (idx 451) is deemed risky
+ coeff -3.4165 of var (x18,x26) (idx 18) in constr e475 (idx 451) is deemed risky
+ coeff 3.4165 of var (x19,x20) (idx 19) in constr e475 (idx 451) is deemed risky
+ coeff 6.83276 of var (x19,x25) (idx 20) in constr e475 (idx 451) is deemed risky
+ coeff -6.83276 of var (x19,x26) (idx 21) in constr e475 (idx 451) is deemed risky
Quad constraints read with code 0.
Reading parameter file drskparams.conf.
tol 0.01
maxits 20
lambda_hi 0.75
lambda_lo 0.74
xi 0.05
Running Greedy.
Solving Model
  variables = 25
  constraints = 93
 unexpected status 11
solveLP returns 1, UNEXPECTED at iter 0.

Closing log: Thu May 28 13:16:52 2026.
