Starting log: Thu May 28 11:39:09 2026.
Running on: jasper.local.

<Version 2025.May.28.110600@jasper>
Reading config file drsk.conf.
LPFILE ../data/qplib_2894.lp
LOUDCONSTRAINTS 0
STRUCTFILE implicit
PARAMFILE drskparams.conf
Reading LP ../data/qplib_2894.lp.
Number of variables = 17.
Done reading LP.
Now storing LP data.

Reading implicit structure.
Storing linear constraints; 55 in total.
+ coeff 0.204105 of var x3 (idx 0) in constr e2 (idx 0) is deemed risky
+ coeff 2.24629 of var x4 (idx 1) in constr e2 (idx 0) is deemed risky
+ coeff 3.94679 of var x6 (idx 0) in constr e3 (idx 1) is deemed risky
+ coeff -1.42894 of var x7 (idx 1) in constr e3 (idx 1) is deemed risky
+ coeff -1.52786 of var x9 (idx 0) in constr e4 (idx 2) is deemed risky
+ coeff 2.47213 of var x10 (idx 1) in constr e4 (idx 2) is deemed risky
+ coeff 0.430223 of var x12 (idx 0) in constr e5 (idx 3) is deemed risky
+ coeff 1.63416 of var x13 (idx 1) in constr e5 (idx 3) is deemed risky
+ coeff 3.40503 of var x3 (idx 0) in constr e6 (idx 4) is deemed risky
+ coeff -1.59481 of var x4 (idx 1) in constr e6 (idx 4) is deemed risky
+ coeff -6.05321 of var x6 (idx 0) in constr e7 (idx 5) is deemed risky
+ coeff -1.42894 of var x7 (idx 1) in constr e7 (idx 5) is deemed risky
+ coeff 2.47214 of var x9 (idx 0) in constr e8 (idx 6) is deemed risky
+ coeff 0.472127 of var x10 (idx 1) in constr e8 (idx 6) is deemed risky
+ coeff 1.60416 of var x12 (idx 0) in constr e9 (idx 7) is deemed risky
+ coeff -1.04913 of var x13 (idx 1) in constr e9 (idx 7) is deemed risky
+ coeff -4.40522 of var x3 (idx 0) in constr e10 (idx 8) is deemed risky
+ coeff -1.59481 of var x4 (idx 1) in constr e10 (idx 8) is deemed risky
+ coeff 0.196788 of var x6 (idx 0) in constr e11 (idx 9) is deemed risky
+ coeff 1.69606 of var x7 (idx 1) in constr e11 (idx 9) is deemed risky
+ coeff 3.47214 of var x9 (idx 0) in constr e12 (idx 10) is deemed risky
+ coeff -1.52787 of var x10 (idx 1) in constr e12 (idx 10) is deemed risky
+ coeff -3.14749 of var x12 (idx 0) in constr e13 (idx 11) is deemed risky
+ coeff -1.04913 of var x13 (idx 1) in constr e13 (idx 11) is deemed risky
+ coeff -1.52786 of var x9 (idx 0) in constr e14 (idx 12) is deemed risky
+ coeff -1.52787 of var x10 (idx 1) in constr e14 (idx 12) is deemed risky
+ coeff 0.204105 of var x3 (idx 1) in constr e15 (idx 13) is deemed risky
+ coeff 2.24629 of var x4 (idx 2) in constr e15 (idx 13) is deemed risky
+ coeff 3.94679 of var x6 (idx 1) in constr e16 (idx 14) is deemed risky
+ coeff -1.42894 of var x7 (idx 2) in constr e16 (idx 14) is deemed risky
+ coeff -1.52786 of var x9 (idx 1) in constr e17 (idx 15) is deemed risky
+ coeff 2.47213 of var x10 (idx 2) in constr e17 (idx 15) is deemed risky
+ coeff 0.430223 of var x12 (idx 1) in constr e18 (idx 16) is deemed risky
+ coeff 1.63416 of var x13 (idx 2) in constr e18 (idx 16) is deemed risky
+ coeff 3.40503 of var x3 (idx 1) in constr e19 (idx 17) is deemed risky
+ coeff -1.59481 of var x4 (idx 2) in constr e19 (idx 17) is deemed risky
+ coeff -6.05321 of var x6 (idx 1) in constr e20 (idx 18) is deemed risky
+ coeff -1.42894 of var x7 (idx 2) in constr e20 (idx 18) is deemed risky
+ coeff 2.47214 of var x9 (idx 1) in constr e21 (idx 19) is deemed risky
+ coeff 0.472127 of var x10 (idx 2) in constr e21 (idx 19) is deemed risky
+ coeff 1.60416 of var x12 (idx 1) in constr e22 (idx 20) is deemed risky
+ coeff -1.04913 of var x13 (idx 2) in constr e22 (idx 20) is deemed risky
+ coeff -4.40522 of var x3 (idx 1) in constr e23 (idx 21) is deemed risky
+ coeff -1.59481 of var x4 (idx 2) in constr e23 (idx 21) is deemed risky
+ coeff 0.196788 of var x6 (idx 1) in constr e24 (idx 22) is deemed risky
+ coeff 1.69606 of var x7 (idx 2) in constr e24 (idx 22) is deemed risky
+ coeff 3.47214 of var x9 (idx 1) in constr e25 (idx 23) is deemed risky
+ coeff -1.52787 of var x10 (idx 2) in constr e25 (idx 23) is deemed risky
+ coeff -3.14749 of var x12 (idx 1) in constr e26 (idx 24) is deemed risky
+ coeff -1.04913 of var x13 (idx 2) in constr e26 (idx 24) is deemed risky
+ coeff -1.52786 of var x9 (idx 1) in constr e29 (idx 25) is deemed risky
+ coeff -1.52787 of var x10 (idx 2) in constr e29 (idx 25) is deemed risky
+ coeff -2.24629 of var x3 (idx 0) in constr e31 (idx 26) is deemed risky
+ coeff 0.204105 of var x4 (idx 1) in constr e31 (idx 26) is deemed risky
+ coeff 1.42894 of var x6 (idx 0) in constr e32 (idx 27) is deemed risky
+ coeff 3.94679 of var x7 (idx 1) in constr e32 (idx 27) is deemed risky
+ coeff -2.47213 of var x9 (idx 0) in constr e33 (idx 28) is deemed risky
+ coeff -1.52786 of var x10 (idx 1) in constr e33 (idx 28) is deemed risky
+ coeff -1.63416 of var x12 (idx 0) in constr e34 (idx 29) is deemed risky
+ coeff 0.430223 of var x13 (idx 1) in constr e34 (idx 29) is deemed risky
+ coeff 1.59481 of var x3 (idx 0) in constr e35 (idx 30) is deemed risky
+ coeff 3.40503 of var x4 (idx 1) in constr e35 (idx 30) is deemed risky
+ coeff 1.42894 of var x6 (idx 0) in constr e36 (idx 31) is deemed risky
+ coeff -6.05321 of var x7 (idx 1) in constr e36 (idx 31) is deemed risky
+ coeff -0.472127 of var x9 (idx 0) in constr e37 (idx 32) is deemed risky
+ coeff 2.47214 of var x10 (idx 1) in constr e37 (idx 32) is deemed risky
+ coeff 1.04913 of var x12 (idx 0) in constr e38 (idx 33) is deemed risky
+ coeff 1.60416 of var x13 (idx 1) in constr e38 (idx 33) is deemed risky
+ coeff 1.59481 of var x3 (idx 0) in constr e39 (idx 34) is deemed risky
+ coeff -4.40522 of var x4 (idx 1) in constr e39 (idx 34) is deemed risky
+ coeff -1.69606 of var x6 (idx 0) in constr e40 (idx 35) is deemed risky
+ coeff 0.196788 of var x7 (idx 1) in constr e40 (idx 35) is deemed risky
+ coeff 1.52787 of var x9 (idx 0) in constr e41 (idx 36) is deemed risky
+ coeff 3.47214 of var x10 (idx 1) in constr e41 (idx 36) is deemed risky
+ coeff 1.04913 of var x12 (idx 0) in constr e42 (idx 37) is deemed risky
+ coeff -3.14749 of var x13 (idx 1) in constr e42 (idx 37) is deemed risky
+ coeff 1.52787 of var x9 (idx 0) in constr e43 (idx 38) is deemed risky
+ coeff -1.52786 of var x10 (idx 1) in constr e43 (idx 38) is deemed risky
+ coeff -2.24629 of var x3 (idx 0) in constr e44 (idx 39) is deemed risky
+ coeff 0.204105 of var x4 (idx 1) in constr e44 (idx 39) is deemed risky
+ coeff 1.42894 of var x6 (idx 0) in constr e45 (idx 40) is deemed risky
+ coeff 3.94679 of var x7 (idx 1) in constr e45 (idx 40) is deemed risky
+ coeff -2.47213 of var x9 (idx 0) in constr e46 (idx 41) is deemed risky
+ coeff -1.52786 of var x10 (idx 1) in constr e46 (idx 41) is deemed risky
+ coeff -1.63416 of var x12 (idx 0) in constr e47 (idx 42) is deemed risky
+ coeff 0.430223 of var x13 (idx 1) in constr e47 (idx 42) is deemed risky
+ coeff 1.59481 of var x3 (idx 0) in constr e48 (idx 43) is deemed risky
+ coeff 3.40503 of var x4 (idx 1) in constr e48 (idx 43) is deemed risky
+ coeff 1.42894 of var x6 (idx 0) in constr e49 (idx 44) is deemed risky
+ coeff -6.05321 of var x7 (idx 1) in constr e49 (idx 44) is deemed risky
+ coeff -0.472127 of var x9 (idx 0) in constr e50 (idx 45) is deemed risky
+ coeff 2.47214 of var x10 (idx 1) in constr e50 (idx 45) is deemed risky
+ coeff 1.04913 of var x12 (idx 0) in constr e51 (idx 46) is deemed risky
+ coeff 1.60416 of var x13 (idx 1) in constr e51 (idx 46) is deemed risky
+ coeff 1.59481 of var x3 (idx 0) in constr e52 (idx 47) is deemed risky
+ coeff -4.40522 of var x4 (idx 1) in constr e52 (idx 47) is deemed risky
+ coeff -1.69606 of var x6 (idx 0) in constr e53 (idx 48) is deemed risky
+ coeff 0.196788 of var x7 (idx 1) in constr e53 (idx 48) is deemed risky
+ coeff 1.52787 of var x9 (idx 0) in constr e54 (idx 49) is deemed risky
+ coeff 3.47214 of var x10 (idx 1) in constr e54 (idx 49) is deemed risky
+ coeff 1.04913 of var x12 (idx 0) in constr e55 (idx 50) is deemed risky
+ coeff -3.14749 of var x13 (idx 1) in constr e55 (idx 50) is deemed risky
+ coeff 1.52787 of var x9 (idx 0) in constr e56 (idx 51) is deemed risky
+ coeff -1.52786 of var x10 (idx 1) in constr e56 (idx 51) is deemed risky
Stored linear constraints with code 0.
Storing quadratic constraints; 154 in total.
+ coeff -2 of var (x5,x8) (idx 1) in constr e61 (idx 52) is deemed risky
+ coeff -2 of var (x15,x16) (idx 4) in constr e61 (idx 52) is deemed risky
+ coeff -2 of var (x5,x11) (idx 1) in constr e62 (idx 53) is deemed risky
+ coeff -2 of var (x15,x17) (idx 4) in constr e62 (idx 53) is deemed risky
+ coeff -2 of var (x5,x14) (idx 1) in constr e63 (idx 54) is deemed risky
+ coeff -2 of var (x15,x18) (idx 4) in constr e63 (idx 54) is deemed risky
+ coeff -4.52362 of var (x5,x6) (idx 1) in constr e64 (idx 55) is deemed risky
+ coeff -1.06783 of var (x5,x7) (idx 2) in constr e64 (idx 55) is deemed risky
+ coeff -2 of var (x5,x8) (idx 3) in constr e64 (idx 55) is deemed risky
+ coeff 5.40085 of var (x6,x6) (idx 4) in constr e64 (idx 55) is deemed risky
+ coeff 4.52362 of var (x6,x8) (idx 5) in constr e64 (idx 55) is deemed risky
+ coeff 1.06783 of var (x6,x15) (idx 6) in constr e64 (idx 55) is deemed risky
+ coeff -1.06783 of var (x6,x16) (idx 7) in constr e64 (idx 55) is deemed risky
+ coeff 5.40085 of var (x7,x7) (idx 8) in constr e64 (idx 55) is deemed risky
+ coeff 1.06783 of var (x7,x8) (idx 9) in constr e64 (idx 55) is deemed risky
+ coeff -4.52362 of var (x7,x15) (idx 10) in constr e64 (idx 55) is deemed risky
+ coeff 4.52362 of var (x7,x16) (idx 11) in constr e64 (idx 55) is deemed risky
+ coeff -2 of var (x15,x16) (idx 14) in constr e64 (idx 55) is deemed risky
+ coeff 4.39148 of var (x5,x9) (idx 1) in constr e65 (idx 56) is deemed risky
+ coeff -1.47803 of var (x5,x10) (idx 2) in constr e65 (idx 56) is deemed risky
+ coeff -2 of var (x5,x11) (idx 3) in constr e65 (idx 56) is deemed risky
+ coeff 5.36741 of var (x9,x9) (idx 4) in constr e65 (idx 56) is deemed risky
+ coeff -4.39148 of var (x9,x11) (idx 5) in constr e65 (idx 56) is deemed risky
+ coeff 1.47803 of var (x9,x15) (idx 6) in constr e65 (idx 56) is deemed risky
+ coeff -1.47803 of var (x9,x17) (idx 7) in constr e65 (idx 56) is deemed risky
+ coeff 5.36741 of var (x10,x10) (idx 8) in constr e65 (idx 56) is deemed risky
+ coeff 1.47803 of var (x10,x11) (idx 9) in constr e65 (idx 56) is deemed risky
+ coeff 4.39148 of var (x10,x15) (idx 10) in constr e65 (idx 56) is deemed risky
+ coeff -4.39148 of var (x10,x17) (idx 11) in constr e65 (idx 56) is deemed risky
+ coeff -2 of var (x15,x17) (idx 14) in constr e65 (idx 56) is deemed risky
+ coeff -3.02493 of var (x5,x12) (idx 1) in constr e66 (idx 57) is deemed risky
+ coeff -1.00828 of var (x5,x13) (idx 2) in constr e66 (idx 57) is deemed risky
+ coeff -2 of var (x5,x14) (idx 3) in constr e66 (idx 57) is deemed risky
+ coeff 2.54171 of var (x12,x12) (idx 4) in constr e66 (idx 57) is deemed risky
+ coeff 3.02493 of var (x12,x14) (idx 5) in constr e66 (idx 57) is deemed risky
+ coeff 1.00828 of var (x12,x15) (idx 6) in constr e66 (idx 57) is deemed risky
+ coeff -1.00828 of var (x12,x18) (idx 7) in constr e66 (idx 57) is deemed risky
+ coeff 2.54171 of var (x13,x13) (idx 8) in constr e66 (idx 57) is deemed risky
+ coeff 1.00828 of var (x13,x14) (idx 9) in constr e66 (idx 57) is deemed risky
+ coeff -3.02493 of var (x13,x15) (idx 10) in constr e66 (idx 57) is deemed risky
+ coeff 3.02493 of var (x13,x18) (idx 11) in constr e66 (idx 57) is deemed risky
+ coeff -2 of var (x15,x18) (idx 14) in constr e66 (idx 57) is deemed risky
+ coeff 4.00955 of var (x5,x6) (idx 1) in constr e67 (idx 58) is deemed risky
+ coeff -1.45167 of var (x5,x7) (idx 2) in constr e67 (idx 58) is deemed risky
+ coeff -2 of var (x5,x8) (idx 3) in constr e67 (idx 58) is deemed risky
+ coeff 4.54596 of var (x6,x6) (idx 4) in constr e67 (idx 58) is deemed risky
+ coeff -4.00955 of var (x6,x8) (idx 5) in constr e67 (idx 58) is deemed risky
+ coeff 1.45167 of var (x6,x15) (idx 6) in constr e67 (idx 58) is deemed risky
+ coeff -1.45167 of var (x6,x16) (idx 7) in constr e67 (idx 58) is deemed risky
+ coeff 4.54596 of var (x7,x7) (idx 8) in constr e67 (idx 58) is deemed risky
+ coeff 1.45167 of var (x7,x8) (idx 9) in constr e67 (idx 58) is deemed risky
+ coeff 4.00955 of var (x7,x15) (idx 10) in constr e67 (idx 58) is deemed risky
+ coeff -4.00955 of var (x7,x16) (idx 11) in constr e67 (idx 58) is deemed risky
+ coeff -2 of var (x15,x16) (idx 14) in constr e67 (idx 58) is deemed risky
+ coeff -2.10592 of var (x5,x9) (idx 1) in constr e68 (idx 59) is deemed risky
+ coeff 3.40739 of var (x5,x10) (idx 2) in constr e68 (idx 59) is deemed risky
+ coeff -2 of var (x5,x11) (idx 3) in constr e68 (idx 59) is deemed risky
+ coeff 4.0113 of var (x9,x9) (idx 4) in constr e68 (idx 59) is deemed risky
+ coeff 2.10592 of var (x9,x11) (idx 5) in constr e68 (idx 59) is deemed risky
+ coeff -3.40739 of var (x9,x15) (idx 6) in constr e68 (idx 59) is deemed risky
+ coeff 3.40739 of var (x9,x17) (idx 7) in constr e68 (idx 59) is deemed risky
+ coeff 4.0113 of var (x10,x10) (idx 8) in constr e68 (idx 59) is deemed risky
+ coeff -3.40739 of var (x10,x11) (idx 9) in constr e68 (idx 59) is deemed risky
+ coeff -2.10592 of var (x10,x15) (idx 10) in constr e68 (idx 59) is deemed risky
+ coeff 2.10592 of var (x10,x17) (idx 11) in constr e68 (idx 59) is deemed risky
+ coeff -2 of var (x15,x17) (idx 14) in constr e68 (idx 59) is deemed risky
+ coeff 2.26963 of var (x5,x12) (idx 1) in constr e69 (idx 60) is deemed risky
+ coeff -1.48442 of var (x5,x13) (idx 2) in constr e69 (idx 60) is deemed risky
+ coeff -2 of var (x5,x14) (idx 3) in constr e69 (idx 60) is deemed risky
+ coeff 1.83868 of var (x12,x12) (idx 4) in constr e69 (idx 60) is deemed risky
+ coeff -2.26963 of var (x12,x14) (idx 5) in constr e69 (idx 60) is deemed risky
+ coeff 1.48442 of var (x12,x15) (idx 6) in constr e69 (idx 60) is deemed risky
+ coeff -1.48442 of var (x12,x18) (idx 7) in constr e69 (idx 60) is deemed risky
+ coeff 1.83868 of var (x13,x13) (idx 8) in constr e69 (idx 60) is deemed risky
+ coeff 1.48442 of var (x13,x14) (idx 9) in constr e69 (idx 60) is deemed risky
+ coeff 2.26963 of var (x13,x15) (idx 10) in constr e69 (idx 60) is deemed risky
+ coeff -2.26963 of var (x13,x18) (idx 11) in constr e69 (idx 60) is deemed risky
+ coeff -2 of var (x15,x18) (idx 14) in constr e69 (idx 60) is deemed risky
+ coeff -7.35708 of var (x5,x6) (idx 1) in constr e70 (idx 61) is deemed risky
+ coeff -1.73674 of var (x5,x7) (idx 2) in constr e70 (idx 61) is deemed risky
+ coeff -2 of var (x5,x8) (idx 3) in constr e70 (idx 61) is deemed risky
+ coeff 14.2857 of var (x6,x6) (idx 4) in constr e70 (idx 61) is deemed risky
+ coeff 7.35708 of var (x6,x8) (idx 5) in constr e70 (idx 61) is deemed risky
+ coeff 1.73674 of var (x6,x15) (idx 6) in constr e70 (idx 61) is deemed risky
+ coeff -1.73674 of var (x6,x16) (idx 7) in constr e70 (idx 61) is deemed risky
+ coeff 14.2857 of var (x7,x7) (idx 8) in constr e70 (idx 61) is deemed risky
+ coeff 1.73674 of var (x7,x8) (idx 9) in constr e70 (idx 61) is deemed risky
+ coeff -7.35708 of var (x7,x15) (idx 10) in constr e70 (idx 61) is deemed risky
+ coeff 7.35708 of var (x7,x16) (idx 11) in constr e70 (idx 61) is deemed risky
+ coeff -2 of var (x15,x16) (idx 14) in constr e70 (idx 61) is deemed risky
+ coeff 2.99767 of var (x5,x9) (idx 1) in constr e71 (idx 62) is deemed risky
+ coeff -0.70767 of var (x5,x10) (idx 2) in constr e71 (idx 62) is deemed risky
+ coeff -2 of var (x5,x11) (idx 3) in constr e71 (idx 62) is deemed risky
+ coeff 2.3717 of var (x9,x9) (idx 4) in constr e71 (idx 62) is deemed risky
+ coeff -2.99767 of var (x9,x11) (idx 5) in constr e71 (idx 62) is deemed risky
+ coeff 0.70767 of var (x9,x15) (idx 6) in constr e71 (idx 62) is deemed risky
+ coeff -0.70767 of var (x9,x17) (idx 7) in constr e71 (idx 62) is deemed risky
+ coeff 2.3717 of var (x10,x10) (idx 8) in constr e71 (idx 62) is deemed risky
+ coeff 0.70767 of var (x10,x11) (idx 9) in constr e71 (idx 62) is deemed risky
+ coeff 2.99767 of var (x10,x15) (idx 10) in constr e71 (idx 62) is deemed risky
+ coeff -2.99767 of var (x10,x17) (idx 11) in constr e71 (idx 62) is deemed risky
+ coeff -2 of var (x15,x17) (idx 14) in constr e71 (idx 62) is deemed risky
+ coeff -4.5962 of var (x5,x12) (idx 1) in constr e72 (idx 63) is deemed risky
+ coeff -1.53206 of var (x5,x13) (idx 2) in constr e72 (idx 63) is deemed risky
+ coeff -2 of var (x5,x14) (idx 3) in constr e72 (idx 63) is deemed risky
+ coeff 5.86805 of var (x12,x12) (idx 4) in constr e72 (idx 63) is deemed risky
+ coeff 4.5962 of var (x12,x14) (idx 5) in constr e72 (idx 63) is deemed risky
+ coeff 1.53206 of var (x12,x15) (idx 6) in constr e72 (idx 63) is deemed risky
+ coeff -1.53206 of var (x12,x18) (idx 7) in constr e72 (idx 63) is deemed risky
+ coeff 5.86805 of var (x13,x13) (idx 8) in constr e72 (idx 63) is deemed risky
+ coeff 1.53206 of var (x13,x14) (idx 9) in constr e72 (idx 63) is deemed risky
+ coeff -4.5962 of var (x13,x15) (idx 10) in constr e72 (idx 63) is deemed risky
+ coeff 4.5962 of var (x13,x18) (idx 11) in constr e72 (idx 63) is deemed risky
+ coeff -2 of var (x15,x18) (idx 14) in constr e72 (idx 63) is deemed risky
+ coeff -9.13177 of var (x5,x6) (idx 1) in constr e73 (idx 64) is deemed risky
+ coeff -2.15565 of var (x5,x7) (idx 2) in constr e73 (idx 64) is deemed risky
+ coeff -2 of var (x5,x8) (idx 3) in constr e73 (idx 64) is deemed risky
+ coeff 22.009 of var (x6,x6) (idx 4) in constr e73 (idx 64) is deemed risky
+ coeff 9.13177 of var (x6,x8) (idx 5) in constr e73 (idx 64) is deemed risky
+ coeff 2.15565 of var (x6,x15) (idx 6) in constr e73 (idx 64) is deemed risky
+ coeff -2.15565 of var (x6,x16) (idx 7) in constr e73 (idx 64) is deemed risky
+ coeff 22.009 of var (x7,x7) (idx 8) in constr e73 (idx 64) is deemed risky
+ coeff 2.15565 of var (x7,x8) (idx 9) in constr e73 (idx 64) is deemed risky
+ coeff -9.13177 of var (x7,x15) (idx 10) in constr e73 (idx 64) is deemed risky
+ coeff 9.13177 of var (x7,x16) (idx 11) in constr e73 (idx 64) is deemed risky
+ coeff -2 of var (x15,x16) (idx 14) in constr e73 (idx 64) is deemed risky
+ coeff -2.53143 of var (x5,x9) (idx 1) in constr e74 (idx 65) is deemed risky
+ coeff -2.53149 of var (x5,x10) (idx 2) in constr e74 (idx 65) is deemed risky
+ coeff -2 of var (x5,x11) (idx 3) in constr e74 (idx 65) is deemed risky
+ coeff 3.20415 of var (x9,x9) (idx 4) in constr e74 (idx 65) is deemed risky
+ coeff 2.53143 of var (x9,x11) (idx 5) in constr e74 (idx 65) is deemed risky
+ coeff 2.53149 of var (x9,x15) (idx 6) in constr e74 (idx 65) is deemed risky
+ coeff -2.53149 of var (x9,x17) (idx 7) in constr e74 (idx 65) is deemed risky
+ coeff 3.20415 of var (x10,x10) (idx 8) in constr e74 (idx 65) is deemed risky
+ coeff 2.53149 of var (x10,x11) (idx 9) in constr e74 (idx 65) is deemed risky
+ coeff -2.53143 of var (x10,x15) (idx 10) in constr e74 (idx 65) is deemed risky
+ coeff 2.53143 of var (x10,x17) (idx 11) in constr e74 (idx 65) is deemed risky
+ coeff -2 of var (x15,x17) (idx 14) in constr e74 (idx 65) is deemed risky
+ coeff 0.659161 of var (x5,x12) (idx 1) in constr e75 (idx 66) is deemed risky
+ coeff 2.50376 of var (x5,x13) (idx 2) in constr e75 (idx 66) is deemed risky
+ coeff -2 of var (x5,x14) (idx 3) in constr e75 (idx 66) is deemed risky
+ coeff 1.67582 of var (x12,x12) (idx 4) in constr e75 (idx 66) is deemed risky
+ coeff -0.659161 of var (x12,x14) (idx 5) in constr e75 (idx 66) is deemed risky
+ coeff -2.50376 of var (x12,x15) (idx 6) in constr e75 (idx 66) is deemed risky
+ coeff 2.50376 of var (x12,x18) (idx 7) in constr e75 (idx 66) is deemed risky
+ coeff 1.67582 of var (x13,x13) (idx 8) in constr e75 (idx 66) is deemed risky
+ coeff -2.50376 of var (x13,x14) (idx 9) in constr e75 (idx 66) is deemed risky
+ coeff 0.659161 of var (x13,x15) (idx 10) in constr e75 (idx 66) is deemed risky
+ coeff -0.659161 of var (x13,x18) (idx 11) in constr e75 (idx 66) is deemed risky
+ coeff -2 of var (x15,x18) (idx 14) in constr e75 (idx 66) is deemed risky
+ coeff -2 of var (x8,x11) (idx 1) in constr e76 (idx 67) is deemed risky
+ coeff -2 of var (x16,x17) (idx 4) in constr e76 (idx 67) is deemed risky
+ coeff -2 of var (x8,x14) (idx 1) in constr e77 (idx 68) is deemed risky
+ coeff -2 of var (x16,x18) (idx 4) in constr e77 (idx 68) is deemed risky
+ coeff 4.39148 of var (x8,x9) (idx 1) in constr e78 (idx 69) is deemed risky
+ coeff -1.47803 of var (x8,x10) (idx 2) in constr e78 (idx 69) is deemed risky
+ coeff -2 of var (x8,x11) (idx 3) in constr e78 (idx 69) is deemed risky
+ coeff 5.36741 of var (x9,x9) (idx 4) in constr e78 (idx 69) is deemed risky
+ coeff -4.39148 of var (x9,x11) (idx 5) in constr e78 (idx 69) is deemed risky
+ coeff 1.47803 of var (x9,x16) (idx 6) in constr e78 (idx 69) is deemed risky
+ coeff -1.47803 of var (x9,x17) (idx 7) in constr e78 (idx 69) is deemed risky
+ coeff 5.36741 of var (x10,x10) (idx 8) in constr e78 (idx 69) is deemed risky
+ coeff 1.47803 of var (x10,x11) (idx 9) in constr e78 (idx 69) is deemed risky
+ coeff 4.39148 of var (x10,x16) (idx 10) in constr e78 (idx 69) is deemed risky
+ coeff -4.39148 of var (x10,x17) (idx 11) in constr e78 (idx 69) is deemed risky
+ coeff -2 of var (x16,x17) (idx 14) in constr e78 (idx 69) is deemed risky
+ coeff -3.02493 of var (x8,x12) (idx 1) in constr e79 (idx 70) is deemed risky
+ coeff -1.00828 of var (x8,x13) (idx 2) in constr e79 (idx 70) is deemed risky
+ coeff -2 of var (x8,x14) (idx 3) in constr e79 (idx 70) is deemed risky
+ coeff 2.54171 of var (x12,x12) (idx 4) in constr e79 (idx 70) is deemed risky
+ coeff 3.02493 of var (x12,x14) (idx 5) in constr e79 (idx 70) is deemed risky
+ coeff 1.00828 of var (x12,x16) (idx 6) in constr e79 (idx 70) is deemed risky
+ coeff -1.00828 of var (x12,x18) (idx 7) in constr e79 (idx 70) is deemed risky
+ coeff 2.54171 of var (x13,x13) (idx 8) in constr e79 (idx 70) is deemed risky
+ coeff 1.00828 of var (x13,x14) (idx 9) in constr e79 (idx 70) is deemed risky
+ coeff -3.02493 of var (x13,x16) (idx 10) in constr e79 (idx 70) is deemed risky
+ coeff 3.02493 of var (x13,x18) (idx 11) in constr e79 (idx 70) is deemed risky
+ coeff -2 of var (x16,x18) (idx 14) in constr e79 (idx 70) is deemed risky
+ coeff -2.10592 of var (x8,x9) (idx 1) in constr e80 (idx 71) is deemed risky
+ coeff 3.40739 of var (x8,x10) (idx 2) in constr e80 (idx 71) is deemed risky
+ coeff -2 of var (x8,x11) (idx 3) in constr e80 (idx 71) is deemed risky
+ coeff 4.0113 of var (x9,x9) (idx 4) in constr e80 (idx 71) is deemed risky
+ coeff 2.10592 of var (x9,x11) (idx 5) in constr e80 (idx 71) is deemed risky
+ coeff -3.40739 of var (x9,x16) (idx 6) in constr e80 (idx 71) is deemed risky
+ coeff 3.40739 of var (x9,x17) (idx 7) in constr e80 (idx 71) is deemed risky
+ coeff 4.0113 of var (x10,x10) (idx 8) in constr e80 (idx 71) is deemed risky
+ coeff -3.40739 of var (x10,x11) (idx 9) in constr e80 (idx 71) is deemed risky
+ coeff -2.10592 of var (x10,x16) (idx 10) in constr e80 (idx 71) is deemed risky
+ coeff 2.10592 of var (x10,x17) (idx 11) in constr e80 (idx 71) is deemed risky
+ coeff -2 of var (x16,x17) (idx 14) in constr e80 (idx 71) is deemed risky
+ coeff 2.26963 of var (x8,x12) (idx 1) in constr e81 (idx 72) is deemed risky
+ coeff -1.48442 of var (x8,x13) (idx 2) in constr e81 (idx 72) is deemed risky
+ coeff -2 of var (x8,x14) (idx 3) in constr e81 (idx 72) is deemed risky
+ coeff 1.83868 of var (x12,x12) (idx 4) in constr e81 (idx 72) is deemed risky
+ coeff -2.26963 of var (x12,x14) (idx 5) in constr e81 (idx 72) is deemed risky
+ coeff 1.48442 of var (x12,x16) (idx 6) in constr e81 (idx 72) is deemed risky
+ coeff -1.48442 of var (x12,x18) (idx 7) in constr e81 (idx 72) is deemed risky
+ coeff 1.83868 of var (x13,x13) (idx 8) in constr e81 (idx 72) is deemed risky
+ coeff 1.48442 of var (x13,x14) (idx 9) in constr e81 (idx 72) is deemed risky
+ coeff 2.26963 of var (x13,x16) (idx 10) in constr e81 (idx 72) is deemed risky
+ coeff -2.26963 of var (x13,x18) (idx 11) in constr e81 (idx 72) is deemed risky
+ coeff -2 of var (x16,x18) (idx 14) in constr e81 (idx 72) is deemed risky
+ coeff 2.99767 of var (x8,x9) (idx 1) in constr e82 (idx 73) is deemed risky
+ coeff -0.70767 of var (x8,x10) (idx 2) in constr e82 (idx 73) is deemed risky
+ coeff -2 of var (x8,x11) (idx 3) in constr e82 (idx 73) is deemed risky
+ coeff 2.3717 of var (x9,x9) (idx 4) in constr e82 (idx 73) is deemed risky
+ coeff -2.99767 of var (x9,x11) (idx 5) in constr e82 (idx 73) is deemed risky
+ coeff 0.70767 of var (x9,x16) (idx 6) in constr e82 (idx 73) is deemed risky
+ coeff -0.70767 of var (x9,x17) (idx 7) in constr e82 (idx 73) is deemed risky
+ coeff 2.3717 of var (x10,x10) (idx 8) in constr e82 (idx 73) is deemed risky
+ coeff 0.70767 of var (x10,x11) (idx 9) in constr e82 (idx 73) is deemed risky
+ coeff 2.99767 of var (x10,x16) (idx 10) in constr e82 (idx 73) is deemed risky
+ coeff -2.99767 of var (x10,x17) (idx 11) in constr e82 (idx 73) is deemed risky
+ coeff -2 of var (x16,x17) (idx 14) in constr e82 (idx 73) is deemed risky
+ coeff -4.5962 of var (x8,x12) (idx 1) in constr e83 (idx 74) is deemed risky
+ coeff -1.53206 of var (x8,x13) (idx 2) in constr e83 (idx 74) is deemed risky
+ coeff -2 of var (x8,x14) (idx 3) in constr e83 (idx 74) is deemed risky
+ coeff 5.86805 of var (x12,x12) (idx 4) in constr e83 (idx 74) is deemed risky
+ coeff 4.5962 of var (x12,x14) (idx 5) in constr e83 (idx 74) is deemed risky
+ coeff 1.53206 of var (x12,x16) (idx 6) in constr e83 (idx 74) is deemed risky
+ coeff -1.53206 of var (x12,x18) (idx 7) in constr e83 (idx 74) is deemed risky
+ coeff 5.86805 of var (x13,x13) (idx 8) in constr e83 (idx 74) is deemed risky
+ coeff 1.53206 of var (x13,x14) (idx 9) in constr e83 (idx 74) is deemed risky
+ coeff -4.5962 of var (x13,x16) (idx 10) in constr e83 (idx 74) is deemed risky
+ coeff 4.5962 of var (x13,x18) (idx 11) in constr e83 (idx 74) is deemed risky
+ coeff -2 of var (x16,x18) (idx 14) in constr e83 (idx 74) is deemed risky
+ coeff -2.53143 of var (x8,x9) (idx 1) in constr e84 (idx 75) is deemed risky
+ coeff -2.53149 of var (x8,x10) (idx 2) in constr e84 (idx 75) is deemed risky
+ coeff -2 of var (x8,x11) (idx 3) in constr e84 (idx 75) is deemed risky
+ coeff 3.20415 of var (x9,x9) (idx 4) in constr e84 (idx 75) is deemed risky
+ coeff 2.53143 of var (x9,x11) (idx 5) in constr e84 (idx 75) is deemed risky
+ coeff 2.53149 of var (x9,x16) (idx 6) in constr e84 (idx 75) is deemed risky
+ coeff -2.53149 of var (x9,x17) (idx 7) in constr e84 (idx 75) is deemed risky
+ coeff 3.20415 of var (x10,x10) (idx 8) in constr e84 (idx 75) is deemed risky
+ coeff 2.53149 of var (x10,x11) (idx 9) in constr e84 (idx 75) is deemed risky
+ coeff -2.53143 of var (x10,x16) (idx 10) in constr e84 (idx 75) is deemed risky
+ coeff 2.53143 of var (x10,x17) (idx 11) in constr e84 (idx 75) is deemed risky
+ coeff -2 of var (x16,x17) (idx 14) in constr e84 (idx 75) is deemed risky
+ coeff 0.659161 of var (x8,x12) (idx 1) in constr e85 (idx 76) is deemed risky
+ coeff 2.50376 of var (x8,x13) (idx 2) in constr e85 (idx 76) is deemed risky
+ coeff -2 of var (x8,x14) (idx 3) in constr e85 (idx 76) is deemed risky
+ coeff 1.67582 of var (x12,x12) (idx 4) in constr e85 (idx 76) is deemed risky
+ coeff -0.659161 of var (x12,x14) (idx 5) in constr e85 (idx 76) is deemed risky
+ coeff -2.50376 of var (x12,x16) (idx 6) in constr e85 (idx 76) is deemed risky
+ coeff 2.50376 of var (x12,x18) (idx 7) in constr e85 (idx 76) is deemed risky
+ coeff 1.67582 of var (x13,x13) (idx 8) in constr e85 (idx 76) is deemed risky
+ coeff -2.50376 of var (x13,x14) (idx 9) in constr e85 (idx 76) is deemed risky
+ coeff 0.659161 of var (x13,x16) (idx 10) in constr e85 (idx 76) is deemed risky
+ coeff -0.659161 of var (x13,x18) (idx 11) in constr e85 (idx 76) is deemed risky
+ coeff -2 of var (x16,x18) (idx 14) in constr e85 (idx 76) is deemed risky
+ coeff -2 of var (x11,x14) (idx 1) in constr e86 (idx 77) is deemed risky
+ coeff -2 of var (x17,x18) (idx 4) in constr e86 (idx 77) is deemed risky
+ coeff -3.02493 of var (x11,x12) (idx 1) in constr e87 (idx 78) is deemed risky
+ coeff -1.00828 of var (x11,x13) (idx 2) in constr e87 (idx 78) is deemed risky
+ coeff -2 of var (x11,x14) (idx 3) in constr e87 (idx 78) is deemed risky
+ coeff 2.54171 of var (x12,x12) (idx 4) in constr e87 (idx 78) is deemed risky
+ coeff 3.02493 of var (x12,x14) (idx 5) in constr e87 (idx 78) is deemed risky
+ coeff 1.00828 of var (x12,x17) (idx 6) in constr e87 (idx 78) is deemed risky
+ coeff -1.00828 of var (x12,x18) (idx 7) in constr e87 (idx 78) is deemed risky
+ coeff 2.54171 of var (x13,x13) (idx 8) in constr e87 (idx 78) is deemed risky
+ coeff 1.00828 of var (x13,x14) (idx 9) in constr e87 (idx 78) is deemed risky
+ coeff -3.02493 of var (x13,x17) (idx 10) in constr e87 (idx 78) is deemed risky
+ coeff 3.02493 of var (x13,x18) (idx 11) in constr e87 (idx 78) is deemed risky
+ coeff -2 of var (x17,x18) (idx 14) in constr e87 (idx 78) is deemed risky
+ coeff 2.26963 of var (x11,x12) (idx 1) in constr e88 (idx 79) is deemed risky
+ coeff -1.48442 of var (x11,x13) (idx 2) in constr e88 (idx 79) is deemed risky
+ coeff -2 of var (x11,x14) (idx 3) in constr e88 (idx 79) is deemed risky
+ coeff 1.83868 of var (x12,x12) (idx 4) in constr e88 (idx 79) is deemed risky
+ coeff -2.26963 of var (x12,x14) (idx 5) in constr e88 (idx 79) is deemed risky
+ coeff 1.48442 of var (x12,x17) (idx 6) in constr e88 (idx 79) is deemed risky
+ coeff -1.48442 of var (x12,x18) (idx 7) in constr e88 (idx 79) is deemed risky
+ coeff 1.83868 of var (x13,x13) (idx 8) in constr e88 (idx 79) is deemed risky
+ coeff 1.48442 of var (x13,x14) (idx 9) in constr e88 (idx 79) is deemed risky
+ coeff 2.26963 of var (x13,x17) (idx 10) in constr e88 (idx 79) is deemed risky
+ coeff -2.26963 of var (x13,x18) (idx 11) in constr e88 (idx 79) is deemed risky
+ coeff -2 of var (x17,x18) (idx 14) in constr e88 (idx 79) is deemed risky
+ coeff -4.5962 of var (x11,x12) (idx 1) in constr e89 (idx 80) is deemed risky
+ coeff -1.53206 of var (x11,x13) (idx 2) in constr e89 (idx 80) is deemed risky
+ coeff -2 of var (x11,x14) (idx 3) in constr e89 (idx 80) is deemed risky
+ coeff 5.86805 of var (x12,x12) (idx 4) in constr e89 (idx 80) is deemed risky
+ coeff 4.5962 of var (x12,x14) (idx 5) in constr e89 (idx 80) is deemed risky
+ coeff 1.53206 of var (x12,x17) (idx 6) in constr e89 (idx 80) is deemed risky
+ coeff -1.53206 of var (x12,x18) (idx 7) in constr e89 (idx 80) is deemed risky
+ coeff 5.86805 of var (x13,x13) (idx 8) in constr e89 (idx 80) is deemed risky
+ coeff 1.53206 of var (x13,x14) (idx 9) in constr e89 (idx 80) is deemed risky
+ coeff -4.5962 of var (x13,x17) (idx 10) in constr e89 (idx 80) is deemed risky
+ coeff 4.5962 of var (x13,x18) (idx 11) in constr e89 (idx 80) is deemed risky
+ coeff -2 of var (x17,x18) (idx 14) in constr e89 (idx 80) is deemed risky
+ coeff 0.659161 of var (x11,x12) (idx 1) in constr e90 (idx 81) is deemed risky
+ coeff 2.50376 of var (x11,x13) (idx 2) in constr e90 (idx 81) is deemed risky
+ coeff -2 of var (x11,x14) (idx 3) in constr e90 (idx 81) is deemed risky
+ coeff 1.67582 of var (x12,x12) (idx 4) in constr e90 (idx 81) is deemed risky
+ coeff -0.659161 of var (x12,x14) (idx 5) in constr e90 (idx 81) is deemed risky
+ coeff -2.50376 of var (x12,x17) (idx 6) in constr e90 (idx 81) is deemed risky
+ coeff 2.50376 of var (x12,x18) (idx 7) in constr e90 (idx 81) is deemed risky
+ coeff 1.67582 of var (x13,x13) (idx 8) in constr e90 (idx 81) is deemed risky
+ coeff -2.50376 of var (x13,x14) (idx 9) in constr e90 (idx 81) is deemed risky
+ coeff 0.659161 of var (x13,x17) (idx 10) in constr e90 (idx 81) is deemed risky
+ coeff -0.659161 of var (x13,x18) (idx 11) in constr e90 (idx 81) is deemed risky
+ coeff -2 of var (x17,x18) (idx 14) in constr e90 (idx 81) is deemed risky
+ coeff 5.66273 of var (x3,x3) (idx 0) in constr e91 (idx 82) is deemed risky
+ coeff 4.4751 of var (x3,x5) (idx 1) in constr e91 (idx 82) is deemed risky
+ coeff -4.4751 of var (x3,x8) (idx 2) in constr e91 (idx 82) is deemed risky
+ coeff -1.62 of var (x3,x15) (idx 3) in constr e91 (idx 82) is deemed risky
+ coeff 1.62 of var (x3,x16) (idx 4) in constr e91 (idx 82) is deemed risky
+ coeff 5.66273 of var (x4,x4) (idx 5) in constr e91 (idx 82) is deemed risky
+ coeff 1.62 of var (x4,x5) (idx 6) in constr e91 (idx 82) is deemed risky
+ coeff -1.62 of var (x4,x8) (idx 7) in constr e91 (idx 82) is deemed risky
+ coeff 4.4751 of var (x4,x15) (idx 8) in constr e91 (idx 82) is deemed risky
+ coeff -4.4751 of var (x4,x16) (idx 9) in constr e91 (idx 82) is deemed risky
+ coeff -2 of var (x5,x8) (idx 11) in constr e91 (idx 82) is deemed risky
+ coeff -2 of var (x15,x16) (idx 14) in constr e91 (idx 82) is deemed risky
+ coeff 5.66273 of var (x3,x3) (idx 0) in constr e92 (idx 83) is deemed risky
+ coeff 4.4751 of var (x3,x5) (idx 1) in constr e92 (idx 83) is deemed risky
+ coeff -4.4751 of var (x3,x11) (idx 2) in constr e92 (idx 83) is deemed risky
+ coeff -1.62 of var (x3,x15) (idx 3) in constr e92 (idx 83) is deemed risky
+ coeff 1.62 of var (x3,x17) (idx 4) in constr e92 (idx 83) is deemed risky
+ coeff 5.66273 of var (x4,x4) (idx 5) in constr e92 (idx 83) is deemed risky
+ coeff 1.62 of var (x4,x5) (idx 6) in constr e92 (idx 83) is deemed risky
+ coeff -1.62 of var (x4,x11) (idx 7) in constr e92 (idx 83) is deemed risky
+ coeff 4.4751 of var (x4,x15) (idx 8) in constr e92 (idx 83) is deemed risky
+ coeff -4.4751 of var (x4,x17) (idx 9) in constr e92 (idx 83) is deemed risky
+ coeff -2 of var (x5,x11) (idx 11) in constr e92 (idx 83) is deemed risky
+ coeff -2 of var (x15,x17) (idx 14) in constr e92 (idx 83) is deemed risky
+ coeff 5.66273 of var (x3,x3) (idx 0) in constr e93 (idx 84) is deemed risky
+ coeff 4.4751 of var (x3,x5) (idx 1) in constr e93 (idx 84) is deemed risky
+ coeff -4.4751 of var (x3,x14) (idx 2) in constr e93 (idx 84) is deemed risky
+ coeff -1.62 of var (x3,x15) (idx 3) in constr e93 (idx 84) is deemed risky
+ coeff 1.62 of var (x3,x18) (idx 4) in constr e93 (idx 84) is deemed risky
+ coeff 5.66273 of var (x4,x4) (idx 5) in constr e93 (idx 84) is deemed risky
+ coeff 1.62 of var (x4,x5) (idx 6) in constr e93 (idx 84) is deemed risky
+ coeff -1.62 of var (x4,x14) (idx 7) in constr e93 (idx 84) is deemed risky
+ coeff 4.4751 of var (x4,x15) (idx 8) in constr e93 (idx 84) is deemed risky
+ coeff -4.4751 of var (x4,x18) (idx 9) in constr e93 (idx 84) is deemed risky
+ coeff -2 of var (x5,x14) (idx 11) in constr e93 (idx 84) is deemed risky
+ coeff -2 of var (x15,x18) (idx 14) in constr e93 (idx 84) is deemed risky
+ coeff 5.66273 of var (x3,x3) (idx 0) in constr e94 (idx 85) is deemed risky
+ coeff 4.4751 of var (x3,x5) (idx 1) in constr e94 (idx 85) is deemed risky
+ coeff -10.9868 of var (x3,x6) (idx 2) in constr e94 (idx 85) is deemed risky
+ coeff 1.27481 of var (x3,x7) (idx 3) in constr e94 (idx 85) is deemed risky
+ coeff -4.4751 of var (x3,x8) (idx 4) in constr e94 (idx 85) is deemed risky
+ coeff -1.62 of var (x3,x15) (idx 5) in constr e94 (idx 85) is deemed risky
+ coeff 1.62 of var (x3,x16) (idx 6) in constr e94 (idx 85) is deemed risky
+ coeff 5.66273 of var (x4,x4) (idx 7) in constr e94 (idx 85) is deemed risky
+ coeff 1.62 of var (x4,x5) (idx 8) in constr e94 (idx 85) is deemed risky
+ coeff -1.27481 of var (x4,x6) (idx 9) in constr e94 (idx 85) is deemed risky
+ coeff -10.9868 of var (x4,x7) (idx 10) in constr e94 (idx 85) is deemed risky
+ coeff -1.62 of var (x4,x8) (idx 11) in constr e94 (idx 85) is deemed risky
+ coeff 4.4751 of var (x4,x15) (idx 12) in constr e94 (idx 85) is deemed risky
+ coeff -4.4751 of var (x4,x16) (idx 13) in constr e94 (idx 85) is deemed risky
+ coeff -4.52362 of var (x5,x6) (idx 15) in constr e94 (idx 85) is deemed risky
+ coeff -1.06783 of var (x5,x7) (idx 16) in constr e94 (idx 85) is deemed risky
+ coeff -2 of var (x5,x8) (idx 17) in constr e94 (idx 85) is deemed risky
+ coeff 5.40085 of var (x6,x6) (idx 18) in constr e94 (idx 85) is deemed risky
+ coeff 4.52362 of var (x6,x8) (idx 19) in constr e94 (idx 85) is deemed risky
+ coeff 1.06783 of var (x6,x15) (idx 20) in constr e94 (idx 85) is deemed risky
+ coeff -1.06783 of var (x6,x16) (idx 21) in constr e94 (idx 85) is deemed risky
+ coeff 5.40085 of var (x7,x7) (idx 22) in constr e94 (idx 85) is deemed risky
+ coeff 1.06783 of var (x7,x8) (idx 23) in constr e94 (idx 85) is deemed risky
+ coeff -4.52362 of var (x7,x15) (idx 24) in constr e94 (idx 85) is deemed risky
+ coeff 4.52362 of var (x7,x16) (idx 25) in constr e94 (idx 85) is deemed risky
+ coeff -2 of var (x15,x16) (idx 28) in constr e94 (idx 85) is deemed risky
+ coeff 5.66273 of var (x3,x3) (idx 0) in constr e95 (idx 86) is deemed risky
+ coeff 4.4751 of var (x3,x5) (idx 1) in constr e95 (idx 86) is deemed risky
+ coeff 8.62895 of var (x3,x9) (idx 2) in constr e95 (idx 86) is deemed risky
+ coeff -6.86425 of var (x3,x10) (idx 3) in constr e95 (idx 86) is deemed risky
+ coeff -4.4751 of var (x3,x11) (idx 4) in constr e95 (idx 86) is deemed risky
+ coeff -1.62 of var (x3,x15) (idx 5) in constr e95 (idx 86) is deemed risky
+ coeff 1.62 of var (x3,x17) (idx 6) in constr e95 (idx 86) is deemed risky
+ coeff 5.66273 of var (x4,x4) (idx 7) in constr e95 (idx 86) is deemed risky
+ coeff 1.62 of var (x4,x5) (idx 8) in constr e95 (idx 86) is deemed risky
+ coeff 6.86425 of var (x4,x9) (idx 9) in constr e95 (idx 86) is deemed risky
+ coeff 8.62895 of var (x4,x10) (idx 10) in constr e95 (idx 86) is deemed risky
+ coeff -1.62 of var (x4,x11) (idx 11) in constr e95 (idx 86) is deemed risky
+ coeff 4.4751 of var (x4,x15) (idx 12) in constr e95 (idx 86) is deemed risky
+ coeff -4.4751 of var (x4,x17) (idx 13) in constr e95 (idx 86) is deemed risky
+ coeff 4.39148 of var (x5,x9) (idx 15) in constr e95 (idx 86) is deemed risky
+ coeff -1.47803 of var (x5,x10) (idx 16) in constr e95 (idx 86) is deemed risky
+ coeff -2 of var (x5,x11) (idx 17) in constr e95 (idx 86) is deemed risky
+ coeff 5.36741 of var (x9,x9) (idx 18) in constr e95 (idx 86) is deemed risky
+ coeff -4.39148 of var (x9,x11) (idx 19) in constr e95 (idx 86) is deemed risky
+ coeff 1.47803 of var (x9,x15) (idx 20) in constr e95 (idx 86) is deemed risky
+ coeff -1.47803 of var (x9,x17) (idx 21) in constr e95 (idx 86) is deemed risky
+ coeff 5.36741 of var (x10,x10) (idx 22) in constr e95 (idx 86) is deemed risky
+ coeff 1.47803 of var (x10,x11) (idx 23) in constr e95 (idx 86) is deemed risky
+ coeff 4.39148 of var (x10,x15) (idx 24) in constr e95 (idx 86) is deemed risky
+ coeff -4.39148 of var (x10,x17) (idx 25) in constr e95 (idx 86) is deemed risky
+ coeff -2 of var (x15,x17) (idx 28) in constr e95 (idx 86) is deemed risky
+ coeff 5.66273 of var (x3,x3) (idx 0) in constr e96 (idx 87) is deemed risky
+ coeff 4.4751 of var (x3,x5) (idx 1) in constr e96 (idx 87) is deemed risky
+ coeff -7.58513 of var (x3,x12) (idx 2) in constr e96 (idx 87) is deemed risky
+ coeff 0.194118 of var (x3,x13) (idx 3) in constr e96 (idx 87) is deemed risky
+ coeff -4.4751 of var (x3,x14) (idx 4) in constr e96 (idx 87) is deemed risky
+ coeff -1.62 of var (x3,x15) (idx 5) in constr e96 (idx 87) is deemed risky
+ coeff 1.62 of var (x3,x18) (idx 6) in constr e96 (idx 87) is deemed risky
+ coeff 5.66273 of var (x4,x4) (idx 7) in constr e96 (idx 87) is deemed risky
+ coeff 1.62 of var (x4,x5) (idx 8) in constr e96 (idx 87) is deemed risky
+ coeff -0.194118 of var (x4,x12) (idx 9) in constr e96 (idx 87) is deemed risky
+ coeff -7.58513 of var (x4,x13) (idx 10) in constr e96 (idx 87) is deemed risky
+ coeff -1.62 of var (x4,x14) (idx 11) in constr e96 (idx 87) is deemed risky
+ coeff 4.4751 of var (x4,x15) (idx 12) in constr e96 (idx 87) is deemed risky
+ coeff -4.4751 of var (x4,x18) (idx 13) in constr e96 (idx 87) is deemed risky
+ coeff -3.02493 of var (x5,x12) (idx 15) in constr e96 (idx 87) is deemed risky
+ coeff -1.00828 of var (x5,x13) (idx 16) in constr e96 (idx 87) is deemed risky
+ coeff -2 of var (x5,x14) (idx 17) in constr e96 (idx 87) is deemed risky
+ coeff 2.54171 of var (x12,x12) (idx 18) in constr e96 (idx 87) is deemed risky
+ coeff 3.02493 of var (x12,x14) (idx 19) in constr e96 (idx 87) is deemed risky
+ coeff 1.00828 of var (x12,x15) (idx 20) in constr e96 (idx 87) is deemed risky
+ coeff -1.00828 of var (x12,x18) (idx 21) in constr e96 (idx 87) is deemed risky
+ coeff 2.54171 of var (x13,x13) (idx 22) in constr e96 (idx 87) is deemed risky
+ coeff 1.00828 of var (x13,x14) (idx 23) in constr e96 (idx 87) is deemed risky
+ coeff -3.02493 of var (x13,x15) (idx 24) in constr e96 (idx 87) is deemed risky
+ coeff 3.02493 of var (x13,x18) (idx 25) in constr e96 (idx 87) is deemed risky
+ coeff -2 of var (x15,x18) (idx 28) in constr e96 (idx 87) is deemed risky
+ coeff 5.66273 of var (x3,x3) (idx 0) in constr e97 (idx 88) is deemed risky
+ coeff 4.4751 of var (x3,x5) (idx 1) in constr e97 (idx 88) is deemed risky
+ coeff 7.79572 of var (x3,x6) (idx 2) in constr e97 (idx 88) is deemed risky
+ coeff -6.49591 of var (x3,x7) (idx 3) in constr e97 (idx 88) is deemed risky
+ coeff -4.4751 of var (x3,x8) (idx 4) in constr e97 (idx 88) is deemed risky
+ coeff -1.62 of var (x3,x15) (idx 5) in constr e97 (idx 88) is deemed risky
+ coeff 1.62 of var (x3,x16) (idx 6) in constr e97 (idx 88) is deemed risky
+ coeff 5.66273 of var (x4,x4) (idx 7) in constr e97 (idx 88) is deemed risky
+ coeff 1.62 of var (x4,x5) (idx 8) in constr e97 (idx 88) is deemed risky
+ coeff 6.49591 of var (x4,x6) (idx 9) in constr e97 (idx 88) is deemed risky
+ coeff 7.79572 of var (x4,x7) (idx 10) in constr e97 (idx 88) is deemed risky
+ coeff -1.62 of var (x4,x8) (idx 11) in constr e97 (idx 88) is deemed risky
+ coeff 4.4751 of var (x4,x15) (idx 12) in constr e97 (idx 88) is deemed risky
+ coeff -4.4751 of var (x4,x16) (idx 13) in constr e97 (idx 88) is deemed risky
+ coeff 4.00955 of var (x5,x6) (idx 15) in constr e97 (idx 88) is deemed risky
+ coeff -1.45167 of var (x5,x7) (idx 16) in constr e97 (idx 88) is deemed risky
+ coeff -2 of var (x5,x8) (idx 17) in constr e97 (idx 88) is deemed risky
+ coeff 4.54596 of var (x6,x6) (idx 18) in constr e97 (idx 88) is deemed risky
+ coeff -4.00955 of var (x6,x8) (idx 19) in constr e97 (idx 88) is deemed risky
+ coeff 1.45167 of var (x6,x15) (idx 20) in constr e97 (idx 88) is deemed risky
+ coeff -1.45167 of var (x6,x16) (idx 21) in constr e97 (idx 88) is deemed risky
+ coeff 4.54596 of var (x7,x7) (idx 22) in constr e97 (idx 88) is deemed risky
+ coeff 1.45167 of var (x7,x8) (idx 23) in constr e97 (idx 88) is deemed risky
+ coeff 4.00955 of var (x7,x15) (idx 24) in constr e97 (idx 88) is deemed risky
+ coeff -4.00955 of var (x7,x16) (idx 25) in constr e97 (idx 88) is deemed risky
+ coeff -2 of var (x15,x16) (idx 28) in constr e97 (idx 88) is deemed risky
+ coeff 5.66273 of var (x3,x3) (idx 0) in constr e98 (idx 89) is deemed risky
+ coeff 4.4751 of var (x3,x5) (idx 1) in constr e98 (idx 89) is deemed risky
+ coeff -1.95211 of var (x3,x9) (idx 2) in constr e98 (idx 89) is deemed risky
+ coeff 9.32999 of var (x3,x10) (idx 3) in constr e98 (idx 89) is deemed risky
+ coeff -4.4751 of var (x3,x11) (idx 4) in constr e98 (idx 89) is deemed risky
+ coeff -1.62 of var (x3,x15) (idx 5) in constr e98 (idx 89) is deemed risky
+ coeff 1.62 of var (x3,x17) (idx 6) in constr e98 (idx 89) is deemed risky
+ coeff 5.66273 of var (x4,x4) (idx 7) in constr e98 (idx 89) is deemed risky
+ coeff 1.62 of var (x4,x5) (idx 8) in constr e98 (idx 89) is deemed risky
+ coeff -9.32999 of var (x4,x9) (idx 9) in constr e98 (idx 89) is deemed risky
+ coeff -1.95211 of var (x4,x10) (idx 10) in constr e98 (idx 89) is deemed risky
+ coeff -1.62 of var (x4,x11) (idx 11) in constr e98 (idx 89) is deemed risky
+ coeff 4.4751 of var (x4,x15) (idx 12) in constr e98 (idx 89) is deemed risky
+ coeff -4.4751 of var (x4,x17) (idx 13) in constr e98 (idx 89) is deemed risky
+ coeff -2.10592 of var (x5,x9) (idx 15) in constr e98 (idx 89) is deemed risky
+ coeff 3.40739 of var (x5,x10) (idx 16) in constr e98 (idx 89) is deemed risky
+ coeff -2 of var (x5,x11) (idx 17) in constr e98 (idx 89) is deemed risky
+ coeff 4.0113 of var (x9,x9) (idx 18) in constr e98 (idx 89) is deemed risky
+ coeff 2.10592 of var (x9,x11) (idx 19) in constr e98 (idx 89) is deemed risky
+ coeff -3.40739 of var (x9,x15) (idx 20) in constr e98 (idx 89) is deemed risky
+ coeff 3.40739 of var (x9,x17) (idx 21) in constr e98 (idx 89) is deemed risky
+ coeff 4.0113 of var (x10,x10) (idx 22) in constr e98 (idx 89) is deemed risky
+ coeff -3.40739 of var (x10,x11) (idx 23) in constr e98 (idx 89) is deemed risky
+ coeff -2.10592 of var (x10,x15) (idx 24) in constr e98 (idx 89) is deemed risky
+ coeff 2.10592 of var (x10,x17) (idx 25) in constr e98 (idx 89) is deemed risky
+ coeff -2 of var (x15,x17) (idx 28) in constr e98 (idx 89) is deemed risky
+ coeff 5.66273 of var (x3,x3) (idx 0) in constr e99 (idx 90) is deemed risky
+ coeff 4.4751 of var (x3,x5) (idx 1) in constr e99 (idx 90) is deemed risky
+ coeff 3.87602 of var (x3,x12) (idx 2) in constr e99 (idx 90) is deemed risky
+ coeff -5.15987 of var (x3,x13) (idx 3) in constr e99 (idx 90) is deemed risky
+ coeff -4.4751 of var (x3,x14) (idx 4) in constr e99 (idx 90) is deemed risky
+ coeff -1.62 of var (x3,x15) (idx 5) in constr e99 (idx 90) is deemed risky
+ coeff 1.62 of var (x3,x18) (idx 6) in constr e99 (idx 90) is deemed risky
+ coeff 5.66273 of var (x4,x4) (idx 7) in constr e99 (idx 90) is deemed risky
+ coeff 1.62 of var (x4,x5) (idx 8) in constr e99 (idx 90) is deemed risky
+ coeff 5.15987 of var (x4,x12) (idx 9) in constr e99 (idx 90) is deemed risky
+ coeff 3.87602 of var (x4,x13) (idx 10) in constr e99 (idx 90) is deemed risky
+ coeff -1.62 of var (x4,x14) (idx 11) in constr e99 (idx 90) is deemed risky
+ coeff 4.4751 of var (x4,x15) (idx 12) in constr e99 (idx 90) is deemed risky
+ coeff -4.4751 of var (x4,x18) (idx 13) in constr e99 (idx 90) is deemed risky
+ coeff 2.26963 of var (x5,x12) (idx 15) in constr e99 (idx 90) is deemed risky
+ coeff -1.48442 of var (x5,x13) (idx 16) in constr e99 (idx 90) is deemed risky
+ coeff -2 of var (x5,x14) (idx 17) in constr e99 (idx 90) is deemed risky
+ coeff 1.83868 of var (x12,x12) (idx 18) in constr e99 (idx 90) is deemed risky
+ coeff -2.26963 of var (x12,x14) (idx 19) in constr e99 (idx 90) is deemed risky
+ coeff 1.48442 of var (x12,x15) (idx 20) in constr e99 (idx 90) is deemed risky
+ coeff -1.48442 of var (x12,x18) (idx 21) in constr e99 (idx 90) is deemed risky
+ coeff 1.83868 of var (x13,x13) (idx 22) in constr e99 (idx 90) is deemed risky
+ coeff 1.48442 of var (x13,x14) (idx 23) in constr e99 (idx 90) is deemed risky
+ coeff 2.26963 of var (x13,x15) (idx 24) in constr e99 (idx 90) is deemed risky
+ coeff -2.26963 of var (x13,x18) (idx 25) in constr e99 (idx 90) is deemed risky
+ coeff -2 of var (x15,x18) (idx 28) in constr e99 (idx 90) is deemed risky
+ coeff 5.66273 of var (x3,x3) (idx 0) in constr e100 (idx 91) is deemed risky
+ coeff 4.4751 of var (x3,x5) (idx 1) in constr e100 (idx 91) is deemed risky
+ coeff -17.8686 of var (x3,x6) (idx 2) in constr e100 (idx 91) is deemed risky
+ coeff 2.07319 of var (x3,x7) (idx 3) in constr e100 (idx 91) is deemed risky
+ coeff -4.4751 of var (x3,x8) (idx 4) in constr e100 (idx 91) is deemed risky
+ coeff -1.62 of var (x3,x15) (idx 5) in constr e100 (idx 91) is deemed risky
+ coeff 1.62 of var (x3,x16) (idx 6) in constr e100 (idx 91) is deemed risky
+ coeff 5.66273 of var (x4,x4) (idx 7) in constr e100 (idx 91) is deemed risky
+ coeff 1.62 of var (x4,x5) (idx 8) in constr e100 (idx 91) is deemed risky
+ coeff -2.07319 of var (x4,x6) (idx 9) in constr e100 (idx 91) is deemed risky
+ coeff -17.8686 of var (x4,x7) (idx 10) in constr e100 (idx 91) is deemed risky
+ coeff -1.62 of var (x4,x8) (idx 11) in constr e100 (idx 91) is deemed risky
+ coeff 4.4751 of var (x4,x15) (idx 12) in constr e100 (idx 91) is deemed risky
+ coeff -4.4751 of var (x4,x16) (idx 13) in constr e100 (idx 91) is deemed risky
+ coeff -7.35708 of var (x5,x6) (idx 15) in constr e100 (idx 91) is deemed risky
+ coeff -1.73674 of var (x5,x7) (idx 16) in constr e100 (idx 91) is deemed risky
+ coeff -2 of var (x5,x8) (idx 17) in constr e100 (idx 91) is deemed risky
+ coeff 14.2857 of var (x6,x6) (idx 18) in constr e100 (idx 91) is deemed risky
+ coeff 7.35708 of var (x6,x8) (idx 19) in constr e100 (idx 91) is deemed risky
+ coeff 1.73674 of var (x6,x15) (idx 20) in constr e100 (idx 91) is deemed risky
+ coeff -1.73674 of var (x6,x16) (idx 21) in constr e100 (idx 91) is deemed risky
+ coeff 14.2857 of var (x7,x7) (idx 22) in constr e100 (idx 91) is deemed risky
+ coeff 1.73674 of var (x7,x8) (idx 23) in constr e100 (idx 91) is deemed risky
+ coeff -7.35708 of var (x7,x15) (idx 24) in constr e100 (idx 91) is deemed risky
+ coeff 7.35708 of var (x7,x16) (idx 25) in constr e100 (idx 91) is deemed risky
+ coeff -2 of var (x15,x16) (idx 28) in constr e100 (idx 91) is deemed risky
+ coeff 5.66273 of var (x3,x3) (idx 0) in constr e101 (idx 92) is deemed risky
+ coeff 4.4751 of var (x3,x5) (idx 1) in constr e101 (idx 92) is deemed risky
+ coeff 6.13422 of var (x3,x9) (idx 2) in constr e101 (idx 92) is deemed risky
+ coeff -4.01155 of var (x3,x10) (idx 3) in constr e101 (idx 92) is deemed risky
+ coeff -4.4751 of var (x3,x11) (idx 4) in constr e101 (idx 92) is deemed risky
+ coeff -1.62 of var (x3,x15) (idx 5) in constr e101 (idx 92) is deemed risky
+ coeff 1.62 of var (x3,x17) (idx 6) in constr e101 (idx 92) is deemed risky
+ coeff 5.66273 of var (x4,x4) (idx 7) in constr e101 (idx 92) is deemed risky
+ coeff 1.62 of var (x4,x5) (idx 8) in constr e101 (idx 92) is deemed risky
+ coeff 4.01155 of var (x4,x9) (idx 9) in constr e101 (idx 92) is deemed risky
+ coeff 6.13422 of var (x4,x10) (idx 10) in constr e101 (idx 92) is deemed risky
+ coeff -1.62 of var (x4,x11) (idx 11) in constr e101 (idx 92) is deemed risky
+ coeff 4.4751 of var (x4,x15) (idx 12) in constr e101 (idx 92) is deemed risky
+ coeff -4.4751 of var (x4,x17) (idx 13) in constr e101 (idx 92) is deemed risky
+ coeff 2.99767 of var (x5,x9) (idx 15) in constr e101 (idx 92) is deemed risky
+ coeff -0.70767 of var (x5,x10) (idx 16) in constr e101 (idx 92) is deemed risky
+ coeff -2 of var (x5,x11) (idx 17) in constr e101 (idx 92) is deemed risky
+ coeff 2.3717 of var (x9,x9) (idx 18) in constr e101 (idx 92) is deemed risky
+ coeff -2.99767 of var (x9,x11) (idx 19) in constr e101 (idx 92) is deemed risky
+ coeff 0.70767 of var (x9,x15) (idx 20) in constr e101 (idx 92) is deemed risky
+ coeff -0.70767 of var (x9,x17) (idx 21) in constr e101 (idx 92) is deemed risky
+ coeff 2.3717 of var (x10,x10) (idx 22) in constr e101 (idx 92) is deemed risky
+ coeff 0.70767 of var (x10,x11) (idx 23) in constr e101 (idx 92) is deemed risky
+ coeff 2.99767 of var (x10,x15) (idx 24) in constr e101 (idx 92) is deemed risky
+ coeff -2.99767 of var (x10,x17) (idx 25) in constr e101 (idx 92) is deemed risky
+ coeff -2 of var (x15,x17) (idx 28) in constr e101 (idx 92) is deemed risky
+ coeff 5.66273 of var (x3,x3) (idx 0) in constr e102 (idx 93) is deemed risky
+ coeff 4.4751 of var (x3,x5) (idx 1) in constr e102 (idx 93) is deemed risky
+ coeff -11.5252 of var (x3,x12) (idx 2) in constr e102 (idx 93) is deemed risky
+ coeff 0.294862 of var (x3,x13) (idx 3) in constr e102 (idx 93) is deemed risky
+ coeff -4.4751 of var (x3,x14) (idx 4) in constr e102 (idx 93) is deemed risky
+ coeff -1.62 of var (x3,x15) (idx 5) in constr e102 (idx 93) is deemed risky
+ coeff 1.62 of var (x3,x18) (idx 6) in constr e102 (idx 93) is deemed risky
+ coeff 5.66273 of var (x4,x4) (idx 7) in constr e102 (idx 93) is deemed risky
+ coeff 1.62 of var (x4,x5) (idx 8) in constr e102 (idx 93) is deemed risky
+ coeff -0.294862 of var (x4,x12) (idx 9) in constr e102 (idx 93) is deemed risky
+ coeff -11.5252 of var (x4,x13) (idx 10) in constr e102 (idx 93) is deemed risky
+ coeff -1.62 of var (x4,x14) (idx 11) in constr e102 (idx 93) is deemed risky
+ coeff 4.4751 of var (x4,x15) (idx 12) in constr e102 (idx 93) is deemed risky
+ coeff -4.4751 of var (x4,x18) (idx 13) in constr e102 (idx 93) is deemed risky
+ coeff -4.5962 of var (x5,x12) (idx 15) in constr e102 (idx 93) is deemed risky
+ coeff -1.53206 of var (x5,x13) (idx 16) in constr e102 (idx 93) is deemed risky
+ coeff -2 of var (x5,x14) (idx 17) in constr e102 (idx 93) is deemed risky
+ coeff 5.86805 of var (x12,x12) (idx 18) in constr e102 (idx 93) is deemed risky
+ coeff 4.5962 of var (x12,x14) (idx 19) in constr e102 (idx 93) is deemed risky
+ coeff 1.53206 of var (x12,x15) (idx 20) in constr e102 (idx 93) is deemed risky
+ coeff -1.53206 of var (x12,x18) (idx 21) in constr e102 (idx 93) is deemed risky
+ coeff 5.86805 of var (x13,x13) (idx 22) in constr e102 (idx 93) is deemed risky
+ coeff 1.53206 of var (x13,x14) (idx 23) in constr e102 (idx 93) is deemed risky
+ coeff -4.5962 of var (x13,x15) (idx 24) in constr e102 (idx 93) is deemed risky
+ coeff 4.5962 of var (x13,x18) (idx 25) in constr e102 (idx 93) is deemed risky
+ coeff -2 of var (x15,x18) (idx 28) in constr e102 (idx 93) is deemed risky
+ coeff 5.66273 of var (x3,x3) (idx 0) in constr e103 (idx 94) is deemed risky
+ coeff 4.4751 of var (x3,x5) (idx 1) in constr e103 (idx 94) is deemed risky
+ coeff -22.1789 of var (x3,x6) (idx 2) in constr e103 (idx 94) is deemed risky
+ coeff 2.57335 of var (x3,x7) (idx 3) in constr e103 (idx 94) is deemed risky
+ coeff -4.4751 of var (x3,x8) (idx 4) in constr e103 (idx 94) is deemed risky
+ coeff -1.62 of var (x3,x15) (idx 5) in constr e103 (idx 94) is deemed risky
+ coeff 1.62 of var (x3,x16) (idx 6) in constr e103 (idx 94) is deemed risky
+ coeff 5.66273 of var (x4,x4) (idx 7) in constr e103 (idx 94) is deemed risky
+ coeff 1.62 of var (x4,x5) (idx 8) in constr e103 (idx 94) is deemed risky
+ coeff -2.57335 of var (x4,x6) (idx 9) in constr e103 (idx 94) is deemed risky
+ coeff -22.1789 of var (x4,x7) (idx 10) in constr e103 (idx 94) is deemed risky
+ coeff -1.62 of var (x4,x8) (idx 11) in constr e103 (idx 94) is deemed risky
+ coeff 4.4751 of var (x4,x15) (idx 12) in constr e103 (idx 94) is deemed risky
+ coeff -4.4751 of var (x4,x16) (idx 13) in constr e103 (idx 94) is deemed risky
+ coeff -9.13177 of var (x5,x6) (idx 15) in constr e103 (idx 94) is deemed risky
+ coeff -2.15565 of var (x5,x7) (idx 16) in constr e103 (idx 94) is deemed risky
+ coeff -2 of var (x5,x8) (idx 17) in constr e103 (idx 94) is deemed risky
+ coeff 22.009 of var (x6,x6) (idx 18) in constr e103 (idx 94) is deemed risky
+ coeff 9.13177 of var (x6,x8) (idx 19) in constr e103 (idx 94) is deemed risky
+ coeff 2.15565 of var (x6,x15) (idx 20) in constr e103 (idx 94) is deemed risky
+ coeff -2.15565 of var (x6,x16) (idx 21) in constr e103 (idx 94) is deemed risky
+ coeff 22.009 of var (x7,x7) (idx 22) in constr e103 (idx 94) is deemed risky
+ coeff 2.15565 of var (x7,x8) (idx 23) in constr e103 (idx 94) is deemed risky
+ coeff -9.13177 of var (x7,x15) (idx 24) in constr e103 (idx 94) is deemed risky
+ coeff 9.13177 of var (x7,x16) (idx 25) in constr e103 (idx 94) is deemed risky
+ coeff -2 of var (x15,x16) (idx 28) in constr e103 (idx 94) is deemed risky
+ coeff 5.66273 of var (x3,x3) (idx 0) in constr e104 (idx 95) is deemed risky
+ coeff 4.4751 of var (x3,x5) (idx 1) in constr e104 (idx 95) is deemed risky
+ coeff -7.71471 of var (x3,x9) (idx 2) in constr e104 (idx 95) is deemed risky
+ coeff -3.61389 of var (x3,x10) (idx 3) in constr e104 (idx 95) is deemed risky
+ coeff -4.4751 of var (x3,x11) (idx 4) in constr e104 (idx 95) is deemed risky
+ coeff -1.62 of var (x3,x15) (idx 5) in constr e104 (idx 95) is deemed risky
+ coeff 1.62 of var (x3,x17) (idx 6) in constr e104 (idx 95) is deemed risky
+ coeff 5.66273 of var (x4,x4) (idx 7) in constr e104 (idx 95) is deemed risky
+ coeff 1.62 of var (x4,x5) (idx 8) in constr e104 (idx 95) is deemed risky
+ coeff 3.61389 of var (x4,x9) (idx 9) in constr e104 (idx 95) is deemed risky
+ coeff -7.71471 of var (x4,x10) (idx 10) in constr e104 (idx 95) is deemed risky
+ coeff -1.62 of var (x4,x11) (idx 11) in constr e104 (idx 95) is deemed risky
+ coeff 4.4751 of var (x4,x15) (idx 12) in constr e104 (idx 95) is deemed risky
+ coeff -4.4751 of var (x4,x17) (idx 13) in constr e104 (idx 95) is deemed risky
+ coeff -2.53143 of var (x5,x9) (idx 15) in constr e104 (idx 95) is deemed risky
+ coeff -2.53149 of var (x5,x10) (idx 16) in constr e104 (idx 95) is deemed risky
+ coeff -2 of var (x5,x11) (idx 17) in constr e104 (idx 95) is deemed risky
+ coeff 3.20415 of var (x9,x9) (idx 18) in constr e104 (idx 95) is deemed risky
+ coeff 2.53143 of var (x9,x11) (idx 19) in constr e104 (idx 95) is deemed risky
+ coeff 2.53149 of var (x9,x15) (idx 20) in constr e104 (idx 95) is deemed risky
+ coeff -2.53149 of var (x9,x17) (idx 21) in constr e104 (idx 95) is deemed risky
+ coeff 3.20415 of var (x10,x10) (idx 22) in constr e104 (idx 95) is deemed risky
+ coeff 2.53149 of var (x10,x11) (idx 23) in constr e104 (idx 95) is deemed risky
+ coeff -2.53143 of var (x10,x15) (idx 24) in constr e104 (idx 95) is deemed risky
+ coeff 2.53143 of var (x10,x17) (idx 25) in constr e104 (idx 95) is deemed risky
+ coeff -2 of var (x15,x17) (idx 28) in constr e104 (idx 95) is deemed risky
+ coeff 5.66273 of var (x3,x3) (idx 0) in constr e105 (idx 96) is deemed risky
+ coeff 4.4751 of var (x3,x5) (idx 1) in constr e105 (idx 96) is deemed risky
+ coeff 3.50295 of var (x3,x12) (idx 2) in constr e105 (idx 96) is deemed risky
+ coeff 5.06836 of var (x3,x13) (idx 3) in constr e105 (idx 96) is deemed risky
+ coeff -4.4751 of var (x3,x14) (idx 4) in constr e105 (idx 96) is deemed risky
+ coeff -1.62 of var (x3,x15) (idx 5) in constr e105 (idx 96) is deemed risky
+ coeff 1.62 of var (x3,x18) (idx 6) in constr e105 (idx 96) is deemed risky
+ coeff 5.66273 of var (x4,x4) (idx 7) in constr e105 (idx 96) is deemed risky
+ coeff 1.62 of var (x4,x5) (idx 8) in constr e105 (idx 96) is deemed risky
+ coeff -5.06836 of var (x4,x12) (idx 9) in constr e105 (idx 96) is deemed risky
+ coeff 3.50295 of var (x4,x13) (idx 10) in constr e105 (idx 96) is deemed risky
+ coeff -1.62 of var (x4,x14) (idx 11) in constr e105 (idx 96) is deemed risky
+ coeff 4.4751 of var (x4,x15) (idx 12) in constr e105 (idx 96) is deemed risky
+ coeff -4.4751 of var (x4,x18) (idx 13) in constr e105 (idx 96) is deemed risky
+ coeff 0.659161 of var (x5,x12) (idx 15) in constr e105 (idx 96) is deemed risky
+ coeff 2.50376 of var (x5,x13) (idx 16) in constr e105 (idx 96) is deemed risky
+ coeff -2 of var (x5,x14) (idx 17) in constr e105 (idx 96) is deemed risky
+ coeff 1.67582 of var (x12,x12) (idx 18) in constr e105 (idx 96) is deemed risky
+ coeff -0.659161 of var (x12,x14) (idx 19) in constr e105 (idx 96) is deemed risky
+ coeff -2.50376 of var (x12,x15) (idx 20) in constr e105 (idx 96) is deemed risky
+ coeff 2.50376 of var (x12,x18) (idx 21) in constr e105 (idx 96) is deemed risky
+ coeff 1.67582 of var (x13,x13) (idx 22) in constr e105 (idx 96) is deemed risky
+ coeff -2.50376 of var (x13,x14) (idx 23) in constr e105 (idx 96) is deemed risky
+ coeff 0.659161 of var (x13,x15) (idx 24) in constr e105 (idx 96) is deemed risky
+ coeff -0.659161 of var (x13,x18) (idx 25) in constr e105 (idx 96) is deemed risky
+ coeff -2 of var (x15,x18) (idx 28) in constr e105 (idx 96) is deemed risky
+ coeff 5.40085 of var (x6,x6) (idx 0) in constr e106 (idx 97) is deemed risky
+ coeff 4.52362 of var (x6,x8) (idx 1) in constr e106 (idx 97) is deemed risky
+ coeff -4.52362 of var (x6,x11) (idx 2) in constr e106 (idx 97) is deemed risky
+ coeff -1.06783 of var (x6,x16) (idx 3) in constr e106 (idx 97) is deemed risky
+ coeff 1.06783 of var (x6,x17) (idx 4) in constr e106 (idx 97) is deemed risky
+ coeff 5.40085 of var (x7,x7) (idx 5) in constr e106 (idx 97) is deemed risky
+ coeff 1.06783 of var (x7,x8) (idx 6) in constr e106 (idx 97) is deemed risky
+ coeff -1.06783 of var (x7,x11) (idx 7) in constr e106 (idx 97) is deemed risky
+ coeff 4.52362 of var (x7,x16) (idx 8) in constr e106 (idx 97) is deemed risky
+ coeff -4.52362 of var (x7,x17) (idx 9) in constr e106 (idx 97) is deemed risky
+ coeff -2 of var (x8,x11) (idx 11) in constr e106 (idx 97) is deemed risky
+ coeff -2 of var (x16,x17) (idx 14) in constr e106 (idx 97) is deemed risky
+ coeff 5.40085 of var (x6,x6) (idx 0) in constr e107 (idx 98) is deemed risky
+ coeff 4.52362 of var (x6,x8) (idx 1) in constr e107 (idx 98) is deemed risky
+ coeff -4.52362 of var (x6,x14) (idx 2) in constr e107 (idx 98) is deemed risky
+ coeff -1.06783 of var (x6,x16) (idx 3) in constr e107 (idx 98) is deemed risky
+ coeff 1.06783 of var (x6,x18) (idx 4) in constr e107 (idx 98) is deemed risky
+ coeff 5.40085 of var (x7,x7) (idx 5) in constr e107 (idx 98) is deemed risky
+ coeff 1.06783 of var (x7,x8) (idx 6) in constr e107 (idx 98) is deemed risky
+ coeff -1.06783 of var (x7,x14) (idx 7) in constr e107 (idx 98) is deemed risky
+ coeff 4.52362 of var (x7,x16) (idx 8) in constr e107 (idx 98) is deemed risky
+ coeff -4.52362 of var (x7,x18) (idx 9) in constr e107 (idx 98) is deemed risky
+ coeff -2 of var (x8,x14) (idx 11) in constr e107 (idx 98) is deemed risky
+ coeff -2 of var (x16,x18) (idx 14) in constr e107 (idx 98) is deemed risky
+ coeff 5.40085 of var (x6,x6) (idx 0) in constr e108 (idx 99) is deemed risky
+ coeff 4.52362 of var (x6,x8) (idx 1) in constr e108 (idx 99) is deemed risky
+ coeff 9.14355 of var (x6,x9) (idx 2) in constr e108 (idx 99) is deemed risky
+ coeff -5.68769 of var (x6,x10) (idx 3) in constr e108 (idx 99) is deemed risky
+ coeff -4.52362 of var (x6,x11) (idx 4) in constr e108 (idx 99) is deemed risky
+ coeff -1.06783 of var (x6,x16) (idx 5) in constr e108 (idx 99) is deemed risky
+ coeff 1.06783 of var (x6,x17) (idx 6) in constr e108 (idx 99) is deemed risky
+ coeff 5.40085 of var (x7,x7) (idx 7) in constr e108 (idx 99) is deemed risky
+ coeff 1.06783 of var (x7,x8) (idx 8) in constr e108 (idx 99) is deemed risky
+ coeff 5.68769 of var (x7,x9) (idx 9) in constr e108 (idx 99) is deemed risky
+ coeff 9.14355 of var (x7,x10) (idx 10) in constr e108 (idx 99) is deemed risky
+ coeff -1.06783 of var (x7,x11) (idx 11) in constr e108 (idx 99) is deemed risky
+ coeff 4.52362 of var (x7,x16) (idx 12) in constr e108 (idx 99) is deemed risky
+ coeff -4.52362 of var (x7,x17) (idx 13) in constr e108 (idx 99) is deemed risky
+ coeff 4.39148 of var (x8,x9) (idx 15) in constr e108 (idx 99) is deemed risky
+ coeff -1.47803 of var (x8,x10) (idx 16) in constr e108 (idx 99) is deemed risky
+ coeff -2 of var (x8,x11) (idx 17) in constr e108 (idx 99) is deemed risky
+ coeff 5.36741 of var (x9,x9) (idx 18) in constr e108 (idx 99) is deemed risky
+ coeff -4.39148 of var (x9,x11) (idx 19) in constr e108 (idx 99) is deemed risky
+ coeff 1.47803 of var (x9,x16) (idx 20) in constr e108 (idx 99) is deemed risky
+ coeff -1.47803 of var (x9,x17) (idx 21) in constr e108 (idx 99) is deemed risky
+ coeff 5.36741 of var (x10,x10) (idx 22) in constr e108 (idx 99) is deemed risky
+ coeff 1.47803 of var (x10,x11) (idx 23) in constr e108 (idx 99) is deemed risky
+ coeff 4.39148 of var (x10,x16) (idx 24) in constr e108 (idx 99) is deemed risky
+ coeff -4.39148 of var (x10,x17) (idx 25) in constr e108 (idx 99) is deemed risky
+ coeff -2 of var (x16,x17) (idx 28) in constr e108 (idx 99) is deemed risky
+ coeff 5.40085 of var (x6,x6) (idx 0) in constr e109 (idx 100) is deemed risky
+ coeff 4.52362 of var (x6,x8) (idx 1) in constr e109 (idx 100) is deemed risky
+ coeff -7.38015 of var (x6,x12) (idx 2) in constr e109 (idx 100) is deemed risky
+ coeff -0.665479 of var (x6,x13) (idx 3) in constr e109 (idx 100) is deemed risky
+ coeff -4.52362 of var (x6,x14) (idx 4) in constr e109 (idx 100) is deemed risky
+ coeff -1.06783 of var (x6,x16) (idx 5) in constr e109 (idx 100) is deemed risky
+ coeff 1.06783 of var (x6,x18) (idx 6) in constr e109 (idx 100) is deemed risky
+ coeff 5.40085 of var (x7,x7) (idx 7) in constr e109 (idx 100) is deemed risky
+ coeff 1.06783 of var (x7,x8) (idx 8) in constr e109 (idx 100) is deemed risky
+ coeff 0.665479 of var (x7,x12) (idx 9) in constr e109 (idx 100) is deemed risky
+ coeff -7.38015 of var (x7,x13) (idx 10) in constr e109 (idx 100) is deemed risky
+ coeff -1.06783 of var (x7,x14) (idx 11) in constr e109 (idx 100) is deemed risky
+ coeff 4.52362 of var (x7,x16) (idx 12) in constr e109 (idx 100) is deemed risky
+ coeff -4.52362 of var (x7,x18) (idx 13) in constr e109 (idx 100) is deemed risky
+ coeff -3.02493 of var (x8,x12) (idx 15) in constr e109 (idx 100) is deemed risky
+ coeff -1.00828 of var (x8,x13) (idx 16) in constr e109 (idx 100) is deemed risky
+ coeff -2 of var (x8,x14) (idx 17) in constr e109 (idx 100) is deemed risky
+ coeff 2.54171 of var (x12,x12) (idx 18) in constr e109 (idx 100) is deemed risky
+ coeff 3.02493 of var (x12,x14) (idx 19) in constr e109 (idx 100) is deemed risky
+ coeff 1.00828 of var (x12,x16) (idx 20) in constr e109 (idx 100) is deemed risky
+ coeff -1.00828 of var (x12,x18) (idx 21) in constr e109 (idx 100) is deemed risky
+ coeff 2.54171 of var (x13,x13) (idx 22) in constr e109 (idx 100) is deemed risky
+ coeff 1.00828 of var (x13,x14) (idx 23) in constr e109 (idx 100) is deemed risky
+ coeff -3.02493 of var (x13,x16) (idx 24) in constr e109 (idx 100) is deemed risky
+ coeff 3.02493 of var (x13,x18) (idx 25) in constr e109 (idx 100) is deemed risky
+ coeff -2 of var (x16,x18) (idx 28) in constr e109 (idx 100) is deemed risky
+ coeff 5.40085 of var (x6,x6) (idx 0) in constr e110 (idx 101) is deemed risky
+ coeff 4.52362 of var (x6,x8) (idx 1) in constr e110 (idx 101) is deemed risky
+ coeff -2.94393 of var (x6,x9) (idx 2) in constr e110 (idx 101) is deemed risky
+ coeff 8.83125 of var (x6,x10) (idx 3) in constr e110 (idx 101) is deemed risky
+ coeff -4.52362 of var (x6,x11) (idx 4) in constr e110 (idx 101) is deemed risky
+ coeff -1.06783 of var (x6,x16) (idx 5) in constr e110 (idx 101) is deemed risky
+ coeff 1.06783 of var (x6,x17) (idx 6) in constr e110 (idx 101) is deemed risky
+ coeff 5.40085 of var (x7,x7) (idx 7) in constr e110 (idx 101) is deemed risky
+ coeff 1.06783 of var (x7,x8) (idx 8) in constr e110 (idx 101) is deemed risky
+ coeff -8.83125 of var (x7,x9) (idx 9) in constr e110 (idx 101) is deemed risky
+ coeff -2.94393 of var (x7,x10) (idx 10) in constr e110 (idx 101) is deemed risky
+ coeff -1.06783 of var (x7,x11) (idx 11) in constr e110 (idx 101) is deemed risky
+ coeff 4.52362 of var (x7,x16) (idx 12) in constr e110 (idx 101) is deemed risky
+ coeff -4.52362 of var (x7,x17) (idx 13) in constr e110 (idx 101) is deemed risky
+ coeff -2.10592 of var (x8,x9) (idx 15) in constr e110 (idx 101) is deemed risky
+ coeff 3.40739 of var (x8,x10) (idx 16) in constr e110 (idx 101) is deemed risky
+ coeff -2 of var (x8,x11) (idx 17) in constr e110 (idx 101) is deemed risky
+ coeff 4.0113 of var (x9,x9) (idx 18) in constr e110 (idx 101) is deemed risky
+ coeff 2.10592 of var (x9,x11) (idx 19) in constr e110 (idx 101) is deemed risky
+ coeff -3.40739 of var (x9,x16) (idx 20) in constr e110 (idx 101) is deemed risky
+ coeff 3.40739 of var (x9,x17) (idx 21) in constr e110 (idx 101) is deemed risky
+ coeff 4.0113 of var (x10,x10) (idx 22) in constr e110 (idx 101) is deemed risky
+ coeff -3.40739 of var (x10,x11) (idx 23) in constr e110 (idx 101) is deemed risky
+ coeff -2.10592 of var (x10,x16) (idx 24) in constr e110 (idx 101) is deemed risky
+ coeff 2.10592 of var (x10,x17) (idx 25) in constr e110 (idx 101) is deemed risky
+ coeff -2 of var (x16,x17) (idx 28) in constr e110 (idx 101) is deemed risky
+ coeff 5.40085 of var (x6,x6) (idx 0) in constr e111 (idx 102) is deemed risky
+ coeff 4.52362 of var (x6,x8) (idx 1) in constr e111 (idx 102) is deemed risky
+ coeff 4.34091 of var (x6,x12) (idx 2) in constr e111 (idx 102) is deemed risky
+ coeff -4.56927 of var (x6,x13) (idx 3) in constr e111 (idx 102) is deemed risky
+ coeff -4.52362 of var (x6,x14) (idx 4) in constr e111 (idx 102) is deemed risky
+ coeff -1.06783 of var (x6,x16) (idx 5) in constr e111 (idx 102) is deemed risky
+ coeff 1.06783 of var (x6,x18) (idx 6) in constr e111 (idx 102) is deemed risky
+ coeff 5.40085 of var (x7,x7) (idx 7) in constr e111 (idx 102) is deemed risky
+ coeff 1.06783 of var (x7,x8) (idx 8) in constr e111 (idx 102) is deemed risky
+ coeff 4.56927 of var (x7,x12) (idx 9) in constr e111 (idx 102) is deemed risky
+ coeff 4.34091 of var (x7,x13) (idx 10) in constr e111 (idx 102) is deemed risky
+ coeff -1.06783 of var (x7,x14) (idx 11) in constr e111 (idx 102) is deemed risky
+ coeff 4.52362 of var (x7,x16) (idx 12) in constr e111 (idx 102) is deemed risky
+ coeff -4.52362 of var (x7,x18) (idx 13) in constr e111 (idx 102) is deemed risky
+ coeff 2.26963 of var (x8,x12) (idx 15) in constr e111 (idx 102) is deemed risky
+ coeff -1.48442 of var (x8,x13) (idx 16) in constr e111 (idx 102) is deemed risky
+ coeff -2 of var (x8,x14) (idx 17) in constr e111 (idx 102) is deemed risky
+ coeff 1.83868 of var (x12,x12) (idx 18) in constr e111 (idx 102) is deemed risky
+ coeff -2.26963 of var (x12,x14) (idx 19) in constr e111 (idx 102) is deemed risky
+ coeff 1.48442 of var (x12,x16) (idx 20) in constr e111 (idx 102) is deemed risky
+ coeff -1.48442 of var (x12,x18) (idx 21) in constr e111 (idx 102) is deemed risky
+ coeff 1.83868 of var (x13,x13) (idx 22) in constr e111 (idx 102) is deemed risky
+ coeff 1.48442 of var (x13,x14) (idx 23) in constr e111 (idx 102) is deemed risky
+ coeff 2.26963 of var (x13,x16) (idx 24) in constr e111 (idx 102) is deemed risky
+ coeff -2.26963 of var (x13,x18) (idx 25) in constr e111 (idx 102) is deemed risky
+ coeff -2 of var (x16,x18) (idx 28) in constr e111 (idx 102) is deemed risky
+ coeff 5.40085 of var (x6,x6) (idx 0) in constr e112 (idx 103) is deemed risky
+ coeff 4.52362 of var (x6,x8) (idx 1) in constr e112 (idx 103) is deemed risky
+ coeff 6.40232 of var (x6,x9) (idx 2) in constr e112 (idx 103) is deemed risky
+ coeff -3.20111 of var (x6,x10) (idx 3) in constr e112 (idx 103) is deemed risky
+ coeff -4.52362 of var (x6,x11) (idx 4) in constr e112 (idx 103) is deemed risky
+ coeff -1.06783 of var (x6,x16) (idx 5) in constr e112 (idx 103) is deemed risky
+ coeff 1.06783 of var (x6,x17) (idx 6) in constr e112 (idx 103) is deemed risky
+ coeff 5.40085 of var (x7,x7) (idx 7) in constr e112 (idx 103) is deemed risky
+ coeff 1.06783 of var (x7,x8) (idx 8) in constr e112 (idx 103) is deemed risky
+ coeff 3.20111 of var (x7,x9) (idx 9) in constr e112 (idx 103) is deemed risky
+ coeff 6.40232 of var (x7,x10) (idx 10) in constr e112 (idx 103) is deemed risky
+ coeff -1.06783 of var (x7,x11) (idx 11) in constr e112 (idx 103) is deemed risky
+ coeff 4.52362 of var (x7,x16) (idx 12) in constr e112 (idx 103) is deemed risky
+ coeff -4.52362 of var (x7,x17) (idx 13) in constr e112 (idx 103) is deemed risky
+ coeff 2.99767 of var (x8,x9) (idx 15) in constr e112 (idx 103) is deemed risky
+ coeff -0.70767 of var (x8,x10) (idx 16) in constr e112 (idx 103) is deemed risky
+ coeff -2 of var (x8,x11) (idx 17) in constr e112 (idx 103) is deemed risky
+ coeff 2.3717 of var (x9,x9) (idx 18) in constr e112 (idx 103) is deemed risky
+ coeff -2.99767 of var (x9,x11) (idx 19) in constr e112 (idx 103) is deemed risky
+ coeff 0.70767 of var (x9,x16) (idx 20) in constr e112 (idx 103) is deemed risky
+ coeff -0.70767 of var (x9,x17) (idx 21) in constr e112 (idx 103) is deemed risky
+ coeff 2.3717 of var (x10,x10) (idx 22) in constr e112 (idx 103) is deemed risky
+ coeff 0.70767 of var (x10,x11) (idx 23) in constr e112 (idx 103) is deemed risky
+ coeff 2.99767 of var (x10,x16) (idx 24) in constr e112 (idx 103) is deemed risky
+ coeff -2.99767 of var (x10,x17) (idx 25) in constr e112 (idx 103) is deemed risky
+ coeff -2 of var (x16,x17) (idx 28) in constr e112 (idx 103) is deemed risky
+ coeff 5.40085 of var (x6,x6) (idx 0) in constr e113 (idx 104) is deemed risky
+ coeff 4.52362 of var (x6,x8) (idx 1) in constr e113 (idx 104) is deemed risky
+ coeff -11.2137 of var (x6,x12) (idx 2) in constr e113 (idx 104) is deemed risky
+ coeff -1.01124 of var (x6,x13) (idx 3) in constr e113 (idx 104) is deemed risky
+ coeff -4.52362 of var (x6,x14) (idx 4) in constr e113 (idx 104) is deemed risky
+ coeff -1.06783 of var (x6,x16) (idx 5) in constr e113 (idx 104) is deemed risky
+ coeff 1.06783 of var (x6,x18) (idx 6) in constr e113 (idx 104) is deemed risky
+ coeff 5.40085 of var (x7,x7) (idx 7) in constr e113 (idx 104) is deemed risky
+ coeff 1.06783 of var (x7,x8) (idx 8) in constr e113 (idx 104) is deemed risky
+ coeff 1.01124 of var (x7,x12) (idx 9) in constr e113 (idx 104) is deemed risky
+ coeff -11.2137 of var (x7,x13) (idx 10) in constr e113 (idx 104) is deemed risky
+ coeff -1.06783 of var (x7,x14) (idx 11) in constr e113 (idx 104) is deemed risky
+ coeff 4.52362 of var (x7,x16) (idx 12) in constr e113 (idx 104) is deemed risky
+ coeff -4.52362 of var (x7,x18) (idx 13) in constr e113 (idx 104) is deemed risky
+ coeff -4.5962 of var (x8,x12) (idx 15) in constr e113 (idx 104) is deemed risky
+ coeff -1.53206 of var (x8,x13) (idx 16) in constr e113 (idx 104) is deemed risky
+ coeff -2 of var (x8,x14) (idx 17) in constr e113 (idx 104) is deemed risky
+ coeff 5.86805 of var (x12,x12) (idx 18) in constr e113 (idx 104) is deemed risky
+ coeff 4.5962 of var (x12,x14) (idx 19) in constr e113 (idx 104) is deemed risky
+ coeff 1.53206 of var (x12,x16) (idx 20) in constr e113 (idx 104) is deemed risky
+ coeff -1.53206 of var (x12,x18) (idx 21) in constr e113 (idx 104) is deemed risky
+ coeff 5.86805 of var (x13,x13) (idx 22) in constr e113 (idx 104) is deemed risky
+ coeff 1.53206 of var (x13,x14) (idx 23) in constr e113 (idx 104) is deemed risky
+ coeff -4.5962 of var (x13,x16) (idx 24) in constr e113 (idx 104) is deemed risky
+ coeff 4.5962 of var (x13,x18) (idx 25) in constr e113 (idx 104) is deemed risky
+ coeff -2 of var (x16,x18) (idx 28) in constr e113 (idx 104) is deemed risky
+ coeff 5.40085 of var (x6,x6) (idx 0) in constr e114 (idx 105) is deemed risky
+ coeff 4.52362 of var (x6,x8) (idx 1) in constr e114 (idx 105) is deemed risky
+ coeff -7.07722 of var (x6,x9) (idx 2) in constr e114 (idx 105) is deemed risky
+ coeff -4.37419 of var (x6,x10) (idx 3) in constr e114 (idx 105) is deemed risky
+ coeff -4.52362 of var (x6,x11) (idx 4) in constr e114 (idx 105) is deemed risky
+ coeff -1.06783 of var (x6,x16) (idx 5) in constr e114 (idx 105) is deemed risky
+ coeff 1.06783 of var (x6,x17) (idx 6) in constr e114 (idx 105) is deemed risky
+ coeff 5.40085 of var (x7,x7) (idx 7) in constr e114 (idx 105) is deemed risky
+ coeff 1.06783 of var (x7,x8) (idx 8) in constr e114 (idx 105) is deemed risky
+ coeff 4.37419 of var (x7,x9) (idx 9) in constr e114 (idx 105) is deemed risky
+ coeff -7.07722 of var (x7,x10) (idx 10) in constr e114 (idx 105) is deemed risky
+ coeff -1.06783 of var (x7,x11) (idx 11) in constr e114 (idx 105) is deemed risky
+ coeff 4.52362 of var (x7,x16) (idx 12) in constr e114 (idx 105) is deemed risky
+ coeff -4.52362 of var (x7,x17) (idx 13) in constr e114 (idx 105) is deemed risky
+ coeff -2.53143 of var (x8,x9) (idx 15) in constr e114 (idx 105) is deemed risky
+ coeff -2.53149 of var (x8,x10) (idx 16) in constr e114 (idx 105) is deemed risky
+ coeff -2 of var (x8,x11) (idx 17) in constr e114 (idx 105) is deemed risky
+ coeff 3.20415 of var (x9,x9) (idx 18) in constr e114 (idx 105) is deemed risky
+ coeff 2.53143 of var (x9,x11) (idx 19) in constr e114 (idx 105) is deemed risky
+ coeff 2.53149 of var (x9,x16) (idx 20) in constr e114 (idx 105) is deemed risky
+ coeff -2.53149 of var (x9,x17) (idx 21) in constr e114 (idx 105) is deemed risky
+ coeff 3.20415 of var (x10,x10) (idx 22) in constr e114 (idx 105) is deemed risky
+ coeff 2.53149 of var (x10,x11) (idx 23) in constr e114 (idx 105) is deemed risky
+ coeff -2.53143 of var (x10,x16) (idx 24) in constr e114 (idx 105) is deemed risky
+ coeff 2.53143 of var (x10,x17) (idx 25) in constr e114 (idx 105) is deemed risky
+ coeff -2 of var (x16,x17) (idx 28) in constr e114 (idx 105) is deemed risky
+ coeff 5.40085 of var (x6,x6) (idx 0) in constr e115 (idx 106) is deemed risky
+ coeff 4.52362 of var (x6,x8) (idx 1) in constr e115 (idx 106) is deemed risky
+ coeff 2.82769 of var (x6,x12) (idx 2) in constr e115 (idx 106) is deemed risky
+ coeff 5.31109 of var (x6,x13) (idx 3) in constr e115 (idx 106) is deemed risky
+ coeff -4.52362 of var (x6,x14) (idx 4) in constr e115 (idx 106) is deemed risky
+ coeff -1.06783 of var (x6,x16) (idx 5) in constr e115 (idx 106) is deemed risky
+ coeff 1.06783 of var (x6,x18) (idx 6) in constr e115 (idx 106) is deemed risky
+ coeff 5.40085 of var (x7,x7) (idx 7) in constr e115 (idx 106) is deemed risky
+ coeff 1.06783 of var (x7,x8) (idx 8) in constr e115 (idx 106) is deemed risky
+ coeff -5.31109 of var (x7,x12) (idx 9) in constr e115 (idx 106) is deemed risky
+ coeff 2.82769 of var (x7,x13) (idx 10) in constr e115 (idx 106) is deemed risky
+ coeff -1.06783 of var (x7,x14) (idx 11) in constr e115 (idx 106) is deemed risky
+ coeff 4.52362 of var (x7,x16) (idx 12) in constr e115 (idx 106) is deemed risky
+ coeff -4.52362 of var (x7,x18) (idx 13) in constr e115 (idx 106) is deemed risky
+ coeff 0.659161 of var (x8,x12) (idx 15) in constr e115 (idx 106) is deemed risky
+ coeff 2.50376 of var (x8,x13) (idx 16) in constr e115 (idx 106) is deemed risky
+ coeff -2 of var (x8,x14) (idx 17) in constr e115 (idx 106) is deemed risky
+ coeff 1.67582 of var (x12,x12) (idx 18) in constr e115 (idx 106) is deemed risky
+ coeff -0.659161 of var (x12,x14) (idx 19) in constr e115 (idx 106) is deemed risky
+ coeff -2.50376 of var (x12,x16) (idx 20) in constr e115 (idx 106) is deemed risky
+ coeff 2.50376 of var (x12,x18) (idx 21) in constr e115 (idx 106) is deemed risky
+ coeff 1.67582 of var (x13,x13) (idx 22) in constr e115 (idx 106) is deemed risky
+ coeff -2.50376 of var (x13,x14) (idx 23) in constr e115 (idx 106) is deemed risky
+ coeff 0.659161 of var (x13,x16) (idx 24) in constr e115 (idx 106) is deemed risky
+ coeff -0.659161 of var (x13,x18) (idx 25) in constr e115 (idx 106) is deemed risky
+ coeff -2 of var (x16,x18) (idx 28) in constr e115 (idx 106) is deemed risky
+ coeff 5.36741 of var (x9,x9) (idx 0) in constr e116 (idx 107) is deemed risky
+ coeff -4.39148 of var (x9,x11) (idx 1) in constr e116 (idx 107) is deemed risky
+ coeff 4.39148 of var (x9,x14) (idx 2) in constr e116 (idx 107) is deemed risky
+ coeff -1.47803 of var (x9,x17) (idx 3) in constr e116 (idx 107) is deemed risky
+ coeff 1.47803 of var (x9,x18) (idx 4) in constr e116 (idx 107) is deemed risky
+ coeff 5.36741 of var (x10,x10) (idx 5) in constr e116 (idx 107) is deemed risky
+ coeff 1.47803 of var (x10,x11) (idx 6) in constr e116 (idx 107) is deemed risky
+ coeff -1.47803 of var (x10,x14) (idx 7) in constr e116 (idx 107) is deemed risky
+ coeff -4.39148 of var (x10,x17) (idx 8) in constr e116 (idx 107) is deemed risky
+ coeff 4.39148 of var (x10,x18) (idx 9) in constr e116 (idx 107) is deemed risky
+ coeff -2 of var (x11,x14) (idx 11) in constr e116 (idx 107) is deemed risky
+ coeff -2 of var (x17,x18) (idx 14) in constr e116 (idx 107) is deemed risky
+ coeff 5.36741 of var (x9,x9) (idx 0) in constr e117 (idx 108) is deemed risky
+ coeff -4.39148 of var (x9,x11) (idx 1) in constr e117 (idx 108) is deemed risky
+ coeff 5.89683 of var (x9,x12) (idx 2) in constr e117 (idx 108) is deemed risky
+ coeff 4.44938 of var (x9,x13) (idx 3) in constr e117 (idx 108) is deemed risky
+ coeff 4.39148 of var (x9,x14) (idx 4) in constr e117 (idx 108) is deemed risky
+ coeff -1.47803 of var (x9,x17) (idx 5) in constr e117 (idx 108) is deemed risky
+ coeff 1.47803 of var (x9,x18) (idx 6) in constr e117 (idx 108) is deemed risky
+ coeff 5.36741 of var (x10,x10) (idx 7) in constr e117 (idx 108) is deemed risky
+ coeff 1.47803 of var (x10,x11) (idx 8) in constr e117 (idx 108) is deemed risky
+ coeff -4.44938 of var (x10,x12) (idx 9) in constr e117 (idx 108) is deemed risky
+ coeff 5.89683 of var (x10,x13) (idx 10) in constr e117 (idx 108) is deemed risky
+ coeff -1.47803 of var (x10,x14) (idx 11) in constr e117 (idx 108) is deemed risky
+ coeff -4.39148 of var (x10,x17) (idx 12) in constr e117 (idx 108) is deemed risky
+ coeff 4.39148 of var (x10,x18) (idx 13) in constr e117 (idx 108) is deemed risky
+ coeff -3.02493 of var (x11,x12) (idx 15) in constr e117 (idx 108) is deemed risky
+ coeff -1.00828 of var (x11,x13) (idx 16) in constr e117 (idx 108) is deemed risky
+ coeff -2 of var (x11,x14) (idx 17) in constr e117 (idx 108) is deemed risky
+ coeff 2.54171 of var (x12,x12) (idx 18) in constr e117 (idx 108) is deemed risky
+ coeff 3.02493 of var (x12,x14) (idx 19) in constr e117 (idx 108) is deemed risky
+ coeff 1.00828 of var (x12,x17) (idx 20) in constr e117 (idx 108) is deemed risky
+ coeff -1.00828 of var (x12,x18) (idx 21) in constr e117 (idx 108) is deemed risky
+ coeff 2.54171 of var (x13,x13) (idx 22) in constr e117 (idx 108) is deemed risky
+ coeff 1.00828 of var (x13,x14) (idx 23) in constr e117 (idx 108) is deemed risky
+ coeff -3.02493 of var (x13,x17) (idx 24) in constr e117 (idx 108) is deemed risky
+ coeff 3.02493 of var (x13,x18) (idx 25) in constr e117 (idx 108) is deemed risky
+ coeff -2 of var (x17,x18) (idx 28) in constr e117 (idx 108) is deemed risky
+ coeff 5.36741 of var (x9,x9) (idx 0) in constr e118 (idx 109) is deemed risky
+ coeff -4.39148 of var (x9,x11) (idx 1) in constr e118 (idx 109) is deemed risky
+ coeff -6.08052 of var (x9,x12) (idx 2) in constr e118 (idx 109) is deemed risky
+ coeff 1.58212 of var (x9,x13) (idx 3) in constr e118 (idx 109) is deemed risky
+ coeff 4.39148 of var (x9,x14) (idx 4) in constr e118 (idx 109) is deemed risky
+ coeff -1.47803 of var (x9,x17) (idx 5) in constr e118 (idx 109) is deemed risky
+ coeff 1.47803 of var (x9,x18) (idx 6) in constr e118 (idx 109) is deemed risky
+ coeff 5.36741 of var (x10,x10) (idx 7) in constr e118 (idx 109) is deemed risky
+ coeff 1.47803 of var (x10,x11) (idx 8) in constr e118 (idx 109) is deemed risky
+ coeff -1.58212 of var (x10,x12) (idx 9) in constr e118 (idx 109) is deemed risky
+ coeff -6.08052 of var (x10,x13) (idx 10) in constr e118 (idx 109) is deemed risky
+ coeff -1.47803 of var (x10,x14) (idx 11) in constr e118 (idx 109) is deemed risky
+ coeff -4.39148 of var (x10,x17) (idx 12) in constr e118 (idx 109) is deemed risky
+ coeff 4.39148 of var (x10,x18) (idx 13) in constr e118 (idx 109) is deemed risky
+ coeff 2.26963 of var (x11,x12) (idx 15) in constr e118 (idx 109) is deemed risky
+ coeff -1.48442 of var (x11,x13) (idx 16) in constr e118 (idx 109) is deemed risky
+ coeff -2 of var (x11,x14) (idx 17) in constr e118 (idx 109) is deemed risky
+ coeff 1.83868 of var (x12,x12) (idx 18) in constr e118 (idx 109) is deemed risky
+ coeff -2.26963 of var (x12,x14) (idx 19) in constr e118 (idx 109) is deemed risky
+ coeff 1.48442 of var (x12,x17) (idx 20) in constr e118 (idx 109) is deemed risky
+ coeff -1.48442 of var (x12,x18) (idx 21) in constr e118 (idx 109) is deemed risky
+ coeff 1.83868 of var (x13,x13) (idx 22) in constr e118 (idx 109) is deemed risky
+ coeff 1.48442 of var (x13,x14) (idx 23) in constr e118 (idx 109) is deemed risky
+ coeff 2.26963 of var (x13,x17) (idx 24) in constr e118 (idx 109) is deemed risky
+ coeff -2.26963 of var (x13,x18) (idx 25) in constr e118 (idx 109) is deemed risky
+ coeff -2 of var (x17,x18) (idx 28) in constr e118 (idx 109) is deemed risky
+ coeff 5.36741 of var (x9,x9) (idx 0) in constr e119 (idx 110) is deemed risky
+ coeff -4.39148 of var (x9,x11) (idx 1) in constr e119 (idx 110) is deemed risky
+ coeff 8.95984 of var (x9,x12) (idx 2) in constr e119 (idx 110) is deemed risky
+ coeff 6.76065 of var (x9,x13) (idx 3) in constr e119 (idx 110) is deemed risky
+ coeff 4.39148 of var (x9,x14) (idx 4) in constr e119 (idx 110) is deemed risky
+ coeff -1.47803 of var (x9,x17) (idx 5) in constr e119 (idx 110) is deemed risky
+ coeff 1.47803 of var (x9,x18) (idx 6) in constr e119 (idx 110) is deemed risky
+ coeff 5.36741 of var (x10,x10) (idx 7) in constr e119 (idx 110) is deemed risky
+ coeff 1.47803 of var (x10,x11) (idx 8) in constr e119 (idx 110) is deemed risky
+ coeff -6.76065 of var (x10,x12) (idx 9) in constr e119 (idx 110) is deemed risky
+ coeff 8.95984 of var (x10,x13) (idx 10) in constr e119 (idx 110) is deemed risky
+ coeff -1.47803 of var (x10,x14) (idx 11) in constr e119 (idx 110) is deemed risky
+ coeff -4.39148 of var (x10,x17) (idx 12) in constr e119 (idx 110) is deemed risky
+ coeff 4.39148 of var (x10,x18) (idx 13) in constr e119 (idx 110) is deemed risky
+ coeff -4.5962 of var (x11,x12) (idx 15) in constr e119 (idx 110) is deemed risky
+ coeff -1.53206 of var (x11,x13) (idx 16) in constr e119 (idx 110) is deemed risky
+ coeff -2 of var (x11,x14) (idx 17) in constr e119 (idx 110) is deemed risky
+ coeff 5.86805 of var (x12,x12) (idx 18) in constr e119 (idx 110) is deemed risky
+ coeff 4.5962 of var (x12,x14) (idx 19) in constr e119 (idx 110) is deemed risky
+ coeff 1.53206 of var (x12,x17) (idx 20) in constr e119 (idx 110) is deemed risky
+ coeff -1.53206 of var (x12,x18) (idx 21) in constr e119 (idx 110) is deemed risky
+ coeff 5.86805 of var (x13,x13) (idx 22) in constr e119 (idx 110) is deemed risky
+ coeff 1.53206 of var (x13,x14) (idx 23) in constr e119 (idx 110) is deemed risky
+ coeff -4.5962 of var (x13,x17) (idx 24) in constr e119 (idx 110) is deemed risky
+ coeff 4.5962 of var (x13,x18) (idx 25) in constr e119 (idx 110) is deemed risky
+ coeff -2 of var (x17,x18) (idx 28) in constr e119 (idx 110) is deemed risky
+ coeff 5.36741 of var (x9,x9) (idx 0) in constr e120 (idx 111) is deemed risky
+ coeff -4.39148 of var (x9,x11) (idx 1) in constr e120 (idx 111) is deemed risky
+ coeff 0.402965 of var (x9,x12) (idx 2) in constr e120 (idx 111) is deemed risky
+ coeff -5.98473 of var (x9,x13) (idx 3) in constr e120 (idx 111) is deemed risky
+ coeff 4.39148 of var (x9,x14) (idx 4) in constr e120 (idx 111) is deemed risky
+ coeff -1.47803 of var (x9,x17) (idx 5) in constr e120 (idx 111) is deemed risky
+ coeff 1.47803 of var (x9,x18) (idx 6) in constr e120 (idx 111) is deemed risky
+ coeff 5.36741 of var (x10,x10) (idx 7) in constr e120 (idx 111) is deemed risky
+ coeff 1.47803 of var (x10,x11) (idx 8) in constr e120 (idx 111) is deemed risky
+ coeff 5.98473 of var (x10,x12) (idx 9) in constr e120 (idx 111) is deemed risky
+ coeff 0.402965 of var (x10,x13) (idx 10) in constr e120 (idx 111) is deemed risky
+ coeff -1.47803 of var (x10,x14) (idx 11) in constr e120 (idx 111) is deemed risky
+ coeff -4.39148 of var (x10,x17) (idx 12) in constr e120 (idx 111) is deemed risky
+ coeff 4.39148 of var (x10,x18) (idx 13) in constr e120 (idx 111) is deemed risky
+ coeff 0.659161 of var (x11,x12) (idx 15) in constr e120 (idx 111) is deemed risky
+ coeff 2.50376 of var (x11,x13) (idx 16) in constr e120 (idx 111) is deemed risky
+ coeff -2 of var (x11,x14) (idx 17) in constr e120 (idx 111) is deemed risky
+ coeff 1.67582 of var (x12,x12) (idx 18) in constr e120 (idx 111) is deemed risky
+ coeff -0.659161 of var (x12,x14) (idx 19) in constr e120 (idx 111) is deemed risky
+ coeff -2.50376 of var (x12,x17) (idx 20) in constr e120 (idx 111) is deemed risky
+ coeff 2.50376 of var (x12,x18) (idx 21) in constr e120 (idx 111) is deemed risky
+ coeff 1.67582 of var (x13,x13) (idx 22) in constr e120 (idx 111) is deemed risky
+ coeff -2.50376 of var (x13,x14) (idx 23) in constr e120 (idx 111) is deemed risky
+ coeff 0.659161 of var (x13,x17) (idx 24) in constr e120 (idx 111) is deemed risky
+ coeff -0.659161 of var (x13,x18) (idx 25) in constr e120 (idx 111) is deemed risky
+ coeff -2 of var (x17,x18) (idx 28) in constr e120 (idx 111) is deemed risky
+ coeff 5.01621 of var (x3,x3) (idx 0) in constr e121 (idx 112) is deemed risky
+ coeff -4.05648 of var (x3,x5) (idx 1) in constr e121 (idx 112) is deemed risky
+ coeff 4.05648 of var (x3,x8) (idx 2) in constr e121 (idx 112) is deemed risky
+ coeff -1.89996 of var (x3,x15) (idx 3) in constr e121 (idx 112) is deemed risky
+ coeff 1.89996 of var (x3,x16) (idx 4) in constr e121 (idx 112) is deemed risky
+ coeff 5.01621 of var (x4,x4) (idx 5) in constr e121 (idx 112) is deemed risky
+ coeff 1.89996 of var (x4,x5) (idx 6) in constr e121 (idx 112) is deemed risky
+ coeff -1.89996 of var (x4,x8) (idx 7) in constr e121 (idx 112) is deemed risky
+ coeff -4.05648 of var (x4,x15) (idx 8) in constr e121 (idx 112) is deemed risky
+ coeff 4.05648 of var (x4,x16) (idx 9) in constr e121 (idx 112) is deemed risky
+ coeff -2 of var (x5,x8) (idx 11) in constr e121 (idx 112) is deemed risky
+ coeff -2 of var (x15,x16) (idx 14) in constr e121 (idx 112) is deemed risky
+ coeff 5.01621 of var (x3,x3) (idx 0) in constr e122 (idx 113) is deemed risky
+ coeff -4.05648 of var (x3,x5) (idx 1) in constr e122 (idx 113) is deemed risky
+ coeff 4.05648 of var (x3,x11) (idx 2) in constr e122 (idx 113) is deemed risky
+ coeff -1.89996 of var (x3,x15) (idx 3) in constr e122 (idx 113) is deemed risky
+ coeff 1.89996 of var (x3,x17) (idx 4) in constr e122 (idx 113) is deemed risky
+ coeff 5.01621 of var (x4,x4) (idx 5) in constr e122 (idx 113) is deemed risky
+ coeff 1.89996 of var (x4,x5) (idx 6) in constr e122 (idx 113) is deemed risky
+ coeff -1.89996 of var (x4,x11) (idx 7) in constr e122 (idx 113) is deemed risky
+ coeff -4.05648 of var (x4,x15) (idx 8) in constr e122 (idx 113) is deemed risky
+ coeff 4.05648 of var (x4,x17) (idx 9) in constr e122 (idx 113) is deemed risky
+ coeff -2 of var (x5,x11) (idx 11) in constr e122 (idx 113) is deemed risky
+ coeff -2 of var (x15,x17) (idx 14) in constr e122 (idx 113) is deemed risky
+ coeff 5.01621 of var (x3,x3) (idx 0) in constr e123 (idx 114) is deemed risky
+ coeff -4.05648 of var (x3,x5) (idx 1) in constr e123 (idx 114) is deemed risky
+ coeff 4.05648 of var (x3,x14) (idx 2) in constr e123 (idx 114) is deemed risky
+ coeff -1.89996 of var (x3,x15) (idx 3) in constr e123 (idx 114) is deemed risky
+ coeff 1.89996 of var (x3,x18) (idx 4) in constr e123 (idx 114) is deemed risky
+ coeff 5.01621 of var (x4,x4) (idx 5) in constr e123 (idx 114) is deemed risky
+ coeff 1.89996 of var (x4,x5) (idx 6) in constr e123 (idx 114) is deemed risky
+ coeff -1.89996 of var (x4,x14) (idx 7) in constr e123 (idx 114) is deemed risky
+ coeff -4.05648 of var (x4,x15) (idx 8) in constr e123 (idx 114) is deemed risky
+ coeff 4.05648 of var (x4,x18) (idx 9) in constr e123 (idx 114) is deemed risky
+ coeff -2 of var (x5,x14) (idx 11) in constr e123 (idx 114) is deemed risky
+ coeff -2 of var (x15,x18) (idx 14) in constr e123 (idx 114) is deemed risky
+ coeff 5.01621 of var (x3,x3) (idx 0) in constr e124 (idx 115) is deemed risky
+ coeff -4.05648 of var (x3,x5) (idx 1) in constr e124 (idx 115) is deemed risky
+ coeff 8.16056 of var (x3,x6) (idx 2) in constr e124 (idx 115) is deemed risky
+ coeff 6.46316 of var (x3,x7) (idx 3) in constr e124 (idx 115) is deemed risky
+ coeff 4.05648 of var (x3,x8) (idx 4) in constr e124 (idx 115) is deemed risky
+ coeff -1.89996 of var (x3,x15) (idx 5) in constr e124 (idx 115) is deemed risky
+ coeff 1.89996 of var (x3,x16) (idx 6) in constr e124 (idx 115) is deemed risky
+ coeff 5.01621 of var (x4,x4) (idx 7) in constr e124 (idx 115) is deemed risky
+ coeff 1.89996 of var (x4,x5) (idx 8) in constr e124 (idx 115) is deemed risky
+ coeff -6.46316 of var (x4,x6) (idx 9) in constr e124 (idx 115) is deemed risky
+ coeff 8.16056 of var (x4,x7) (idx 10) in constr e124 (idx 115) is deemed risky
+ coeff -1.89996 of var (x4,x8) (idx 11) in constr e124 (idx 115) is deemed risky
+ coeff -4.05648 of var (x4,x15) (idx 12) in constr e124 (idx 115) is deemed risky
+ coeff 4.05648 of var (x4,x16) (idx 13) in constr e124 (idx 115) is deemed risky
+ coeff -4.52362 of var (x5,x6) (idx 15) in constr e124 (idx 115) is deemed risky
+ coeff -1.06783 of var (x5,x7) (idx 16) in constr e124 (idx 115) is deemed risky
+ coeff -2 of var (x5,x8) (idx 17) in constr e124 (idx 115) is deemed risky
+ coeff 5.40085 of var (x6,x6) (idx 18) in constr e124 (idx 115) is deemed risky
+ coeff 4.52362 of var (x6,x8) (idx 19) in constr e124 (idx 115) is deemed risky
+ coeff 1.06783 of var (x6,x15) (idx 20) in constr e124 (idx 115) is deemed risky
+ coeff -1.06783 of var (x6,x16) (idx 21) in constr e124 (idx 115) is deemed risky
+ coeff 5.40085 of var (x7,x7) (idx 22) in constr e124 (idx 115) is deemed risky
+ coeff 1.06783 of var (x7,x8) (idx 23) in constr e124 (idx 115) is deemed risky
+ coeff -4.52362 of var (x7,x15) (idx 24) in constr e124 (idx 115) is deemed risky
+ coeff 4.52362 of var (x7,x16) (idx 25) in constr e124 (idx 115) is deemed risky
+ coeff -2 of var (x15,x16) (idx 28) in constr e124 (idx 115) is deemed risky
+ coeff 5.01621 of var (x3,x3) (idx 0) in constr e125 (idx 116) is deemed risky
+ coeff -4.05648 of var (x3,x5) (idx 1) in constr e125 (idx 116) is deemed risky
+ coeff -10.3111 of var (x3,x9) (idx 2) in constr e125 (idx 116) is deemed risky
+ coeff -1.17403 of var (x3,x10) (idx 3) in constr e125 (idx 116) is deemed risky
+ coeff 4.05648 of var (x3,x11) (idx 4) in constr e125 (idx 116) is deemed risky
+ coeff -1.89996 of var (x3,x15) (idx 5) in constr e125 (idx 116) is deemed risky
+ coeff 1.89996 of var (x3,x17) (idx 6) in constr e125 (idx 116) is deemed risky
+ coeff 5.01621 of var (x4,x4) (idx 7) in constr e125 (idx 116) is deemed risky
+ coeff 1.89996 of var (x4,x5) (idx 8) in constr e125 (idx 116) is deemed risky
+ coeff 1.17403 of var (x4,x9) (idx 9) in constr e125 (idx 116) is deemed risky
+ coeff -10.3111 of var (x4,x10) (idx 10) in constr e125 (idx 116) is deemed risky
+ coeff -1.89996 of var (x4,x11) (idx 11) in constr e125 (idx 116) is deemed risky
+ coeff -4.05648 of var (x4,x15) (idx 12) in constr e125 (idx 116) is deemed risky
+ coeff 4.05648 of var (x4,x17) (idx 13) in constr e125 (idx 116) is deemed risky
+ coeff 4.39148 of var (x5,x9) (idx 15) in constr e125 (idx 116) is deemed risky
+ coeff -1.47803 of var (x5,x10) (idx 16) in constr e125 (idx 116) is deemed risky
+ coeff -2 of var (x5,x11) (idx 17) in constr e125 (idx 116) is deemed risky
+ coeff 5.36741 of var (x9,x9) (idx 18) in constr e125 (idx 116) is deemed risky
+ coeff -4.39148 of var (x9,x11) (idx 19) in constr e125 (idx 116) is deemed risky
+ coeff 1.47803 of var (x9,x15) (idx 20) in constr e125 (idx 116) is deemed risky
+ coeff -1.47803 of var (x9,x17) (idx 21) in constr e125 (idx 116) is deemed risky
+ coeff 5.36741 of var (x10,x10) (idx 22) in constr e125 (idx 116) is deemed risky
+ coeff 1.47803 of var (x10,x11) (idx 23) in constr e125 (idx 116) is deemed risky
+ coeff 4.39148 of var (x10,x15) (idx 24) in constr e125 (idx 116) is deemed risky
+ coeff -4.39148 of var (x10,x17) (idx 25) in constr e125 (idx 116) is deemed risky
+ coeff -2 of var (x15,x17) (idx 28) in constr e125 (idx 116) is deemed risky
+ coeff 5.01621 of var (x3,x3) (idx 0) in constr e126 (idx 117) is deemed risky
+ coeff -4.05648 of var (x3,x5) (idx 1) in constr e126 (idx 117) is deemed risky
+ coeff 5.17743 of var (x3,x12) (idx 2) in constr e126 (idx 117) is deemed risky
+ coeff 4.91865 of var (x3,x13) (idx 3) in constr e126 (idx 117) is deemed risky
+ coeff 4.05648 of var (x3,x14) (idx 4) in constr e126 (idx 117) is deemed risky
+ coeff -1.89996 of var (x3,x15) (idx 5) in constr e126 (idx 117) is deemed risky
+ coeff 1.89996 of var (x3,x18) (idx 6) in constr e126 (idx 117) is deemed risky
+ coeff 5.01621 of var (x4,x4) (idx 7) in constr e126 (idx 117) is deemed risky
+ coeff 1.89996 of var (x4,x5) (idx 8) in constr e126 (idx 117) is deemed risky
+ coeff -4.91865 of var (x4,x12) (idx 9) in constr e126 (idx 117) is deemed risky
+ coeff 5.17743 of var (x4,x13) (idx 10) in constr e126 (idx 117) is deemed risky
+ coeff -1.89996 of var (x4,x14) (idx 11) in constr e126 (idx 117) is deemed risky
+ coeff -4.05648 of var (x4,x15) (idx 12) in constr e126 (idx 117) is deemed risky
+ coeff 4.05648 of var (x4,x18) (idx 13) in constr e126 (idx 117) is deemed risky
+ coeff -3.02493 of var (x5,x12) (idx 15) in constr e126 (idx 117) is deemed risky
+ coeff -1.00828 of var (x5,x13) (idx 16) in constr e126 (idx 117) is deemed risky
+ coeff -2 of var (x5,x14) (idx 17) in constr e126 (idx 117) is deemed risky
+ coeff 2.54171 of var (x12,x12) (idx 18) in constr e126 (idx 117) is deemed risky
+ coeff 3.02493 of var (x12,x14) (idx 19) in constr e126 (idx 117) is deemed risky
+ coeff 1.00828 of var (x12,x15) (idx 20) in constr e126 (idx 117) is deemed risky
+ coeff -1.00828 of var (x12,x18) (idx 21) in constr e126 (idx 117) is deemed risky
+ coeff 2.54171 of var (x13,x13) (idx 22) in constr e126 (idx 117) is deemed risky
+ coeff 1.00828 of var (x13,x14) (idx 23) in constr e126 (idx 117) is deemed risky
+ coeff -3.02493 of var (x13,x15) (idx 24) in constr e126 (idx 117) is deemed risky
+ coeff 3.02493 of var (x13,x18) (idx 25) in constr e126 (idx 117) is deemed risky
+ coeff -2 of var (x15,x18) (idx 28) in constr e126 (idx 117) is deemed risky
+ coeff 5.01621 of var (x3,x3) (idx 0) in constr e127 (idx 118) is deemed risky
+ coeff -4.05648 of var (x3,x5) (idx 1) in constr e127 (idx 118) is deemed risky
+ coeff -9.51138 of var (x3,x6) (idx 2) in constr e127 (idx 118) is deemed risky
+ coeff -0.86467 of var (x3,x7) (idx 3) in constr e127 (idx 118) is deemed risky
+ coeff 4.05648 of var (x3,x8) (idx 4) in constr e127 (idx 118) is deemed risky
+ coeff -1.89996 of var (x3,x15) (idx 5) in constr e127 (idx 118) is deemed risky
+ coeff 1.89996 of var (x3,x16) (idx 6) in constr e127 (idx 118) is deemed risky
+ coeff 5.01621 of var (x4,x4) (idx 7) in constr e127 (idx 118) is deemed risky
+ coeff 1.89996 of var (x4,x5) (idx 8) in constr e127 (idx 118) is deemed risky
+ coeff 0.86467 of var (x4,x6) (idx 9) in constr e127 (idx 118) is deemed risky
+ coeff -9.51138 of var (x4,x7) (idx 10) in constr e127 (idx 118) is deemed risky
+ coeff -1.89996 of var (x4,x8) (idx 11) in constr e127 (idx 118) is deemed risky
+ coeff -4.05648 of var (x4,x15) (idx 12) in constr e127 (idx 118) is deemed risky
+ coeff 4.05648 of var (x4,x16) (idx 13) in constr e127 (idx 118) is deemed risky
+ coeff 4.00955 of var (x5,x6) (idx 15) in constr e127 (idx 118) is deemed risky
+ coeff -1.45167 of var (x5,x7) (idx 16) in constr e127 (idx 118) is deemed risky
+ coeff -2 of var (x5,x8) (idx 17) in constr e127 (idx 118) is deemed risky
+ coeff 4.54596 of var (x6,x6) (idx 18) in constr e127 (idx 118) is deemed risky
+ coeff -4.00955 of var (x6,x8) (idx 19) in constr e127 (idx 118) is deemed risky
+ coeff 1.45167 of var (x6,x15) (idx 20) in constr e127 (idx 118) is deemed risky
+ coeff -1.45167 of var (x6,x16) (idx 21) in constr e127 (idx 118) is deemed risky
+ coeff 4.54596 of var (x7,x7) (idx 22) in constr e127 (idx 118) is deemed risky
+ coeff 1.45167 of var (x7,x8) (idx 23) in constr e127 (idx 118) is deemed risky
+ coeff 4.00955 of var (x7,x15) (idx 24) in constr e127 (idx 118) is deemed risky
+ coeff -4.00955 of var (x7,x16) (idx 25) in constr e127 (idx 118) is deemed risky
+ coeff -2 of var (x15,x16) (idx 28) in constr e127 (idx 118) is deemed risky
+ coeff 5.01621 of var (x3,x3) (idx 0) in constr e128 (idx 119) is deemed risky
+ coeff -4.05648 of var (x3,x5) (idx 1) in constr e128 (idx 119) is deemed risky
+ coeff 7.50825 of var (x3,x9) (idx 2) in constr e128 (idx 119) is deemed risky
+ coeff -4.91042 of var (x3,x10) (idx 3) in constr e128 (idx 119) is deemed risky
+ coeff 4.05648 of var (x3,x11) (idx 4) in constr e128 (idx 119) is deemed risky
+ coeff -1.89996 of var (x3,x15) (idx 5) in constr e128 (idx 119) is deemed risky
+ coeff 1.89996 of var (x3,x17) (idx 6) in constr e128 (idx 119) is deemed risky
+ coeff 5.01621 of var (x4,x4) (idx 7) in constr e128 (idx 119) is deemed risky
+ coeff 1.89996 of var (x4,x5) (idx 8) in constr e128 (idx 119) is deemed risky
+ coeff 4.91042 of var (x4,x9) (idx 9) in constr e128 (idx 119) is deemed risky
+ coeff 7.50825 of var (x4,x10) (idx 10) in constr e128 (idx 119) is deemed risky
+ coeff -1.89996 of var (x4,x11) (idx 11) in constr e128 (idx 119) is deemed risky
+ coeff -4.05648 of var (x4,x15) (idx 12) in constr e128 (idx 119) is deemed risky
+ coeff 4.05648 of var (x4,x17) (idx 13) in constr e128 (idx 119) is deemed risky
+ coeff -2.10592 of var (x5,x9) (idx 15) in constr e128 (idx 119) is deemed risky
+ coeff 3.40739 of var (x5,x10) (idx 16) in constr e128 (idx 119) is deemed risky
+ coeff -2 of var (x5,x11) (idx 17) in constr e128 (idx 119) is deemed risky
+ coeff 4.0113 of var (x9,x9) (idx 18) in constr e128 (idx 119) is deemed risky
+ coeff 2.10592 of var (x9,x11) (idx 19) in constr e128 (idx 119) is deemed risky
+ coeff -3.40739 of var (x9,x15) (idx 20) in constr e128 (idx 119) is deemed risky
+ coeff 3.40739 of var (x9,x17) (idx 21) in constr e128 (idx 119) is deemed risky
+ coeff 4.0113 of var (x10,x10) (idx 22) in constr e128 (idx 119) is deemed risky
+ coeff -3.40739 of var (x10,x11) (idx 23) in constr e128 (idx 119) is deemed risky
+ coeff -2.10592 of var (x10,x15) (idx 24) in constr e128 (idx 119) is deemed risky
+ coeff 2.10592 of var (x10,x17) (idx 25) in constr e128 (idx 119) is deemed risky
+ coeff -2 of var (x15,x17) (idx 28) in constr e128 (idx 119) is deemed risky
+ coeff 5.01621 of var (x3,x3) (idx 0) in constr e129 (idx 120) is deemed risky
+ coeff -4.05648 of var (x3,x5) (idx 1) in constr e129 (idx 120) is deemed risky
+ coeff -6.01352 of var (x3,x12) (idx 2) in constr e129 (idx 120) is deemed risky
+ coeff 0.854665 of var (x3,x13) (idx 3) in constr e129 (idx 120) is deemed risky
+ coeff 4.05648 of var (x3,x14) (idx 4) in constr e129 (idx 120) is deemed risky
+ coeff -1.89996 of var (x3,x15) (idx 5) in constr e129 (idx 120) is deemed risky
+ coeff 1.89996 of var (x3,x18) (idx 6) in constr e129 (idx 120) is deemed risky
+ coeff 5.01621 of var (x4,x4) (idx 7) in constr e129 (idx 120) is deemed risky
+ coeff 1.89996 of var (x4,x5) (idx 8) in constr e129 (idx 120) is deemed risky
+ coeff -0.854665 of var (x4,x12) (idx 9) in constr e129 (idx 120) is deemed risky
+ coeff -6.01352 of var (x4,x13) (idx 10) in constr e129 (idx 120) is deemed risky
+ coeff -1.89996 of var (x4,x14) (idx 11) in constr e129 (idx 120) is deemed risky
+ coeff -4.05648 of var (x4,x15) (idx 12) in constr e129 (idx 120) is deemed risky
+ coeff 4.05648 of var (x4,x18) (idx 13) in constr e129 (idx 120) is deemed risky
+ coeff 2.26963 of var (x5,x12) (idx 15) in constr e129 (idx 120) is deemed risky
+ coeff -1.48442 of var (x5,x13) (idx 16) in constr e129 (idx 120) is deemed risky
+ coeff -2 of var (x5,x14) (idx 17) in constr e129 (idx 120) is deemed risky
+ coeff 1.83868 of var (x12,x12) (idx 18) in constr e129 (idx 120) is deemed risky
+ coeff -2.26963 of var (x12,x14) (idx 19) in constr e129 (idx 120) is deemed risky
+ coeff 1.48442 of var (x12,x15) (idx 20) in constr e129 (idx 120) is deemed risky
+ coeff -1.48442 of var (x12,x18) (idx 21) in constr e129 (idx 120) is deemed risky
+ coeff 1.83868 of var (x13,x13) (idx 22) in constr e129 (idx 120) is deemed risky
+ coeff 1.48442 of var (x13,x14) (idx 23) in constr e129 (idx 120) is deemed risky
+ coeff 2.26963 of var (x13,x15) (idx 24) in constr e129 (idx 120) is deemed risky
+ coeff -2.26963 of var (x13,x18) (idx 25) in constr e129 (idx 120) is deemed risky
+ coeff -2 of var (x15,x18) (idx 28) in constr e129 (idx 120) is deemed risky
+ coeff 5.01621 of var (x3,x3) (idx 0) in constr e130 (idx 121) is deemed risky
+ coeff -4.05648 of var (x3,x5) (idx 1) in constr e130 (idx 121) is deemed risky
+ coeff 13.272 of var (x3,x6) (idx 2) in constr e130 (idx 121) is deemed risky
+ coeff 10.5116 of var (x3,x7) (idx 3) in constr e130 (idx 121) is deemed risky
+ coeff 4.05648 of var (x3,x8) (idx 4) in constr e130 (idx 121) is deemed risky
+ coeff -1.89996 of var (x3,x15) (idx 5) in constr e130 (idx 121) is deemed risky
+ coeff 1.89996 of var (x3,x16) (idx 6) in constr e130 (idx 121) is deemed risky
+ coeff 5.01621 of var (x4,x4) (idx 7) in constr e130 (idx 121) is deemed risky
+ coeff 1.89996 of var (x4,x5) (idx 8) in constr e130 (idx 121) is deemed risky
+ coeff -10.5116 of var (x4,x6) (idx 9) in constr e130 (idx 121) is deemed risky
+ coeff 13.272 of var (x4,x7) (idx 10) in constr e130 (idx 121) is deemed risky
+ coeff -1.89996 of var (x4,x8) (idx 11) in constr e130 (idx 121) is deemed risky
+ coeff -4.05648 of var (x4,x15) (idx 12) in constr e130 (idx 121) is deemed risky
+ coeff 4.05648 of var (x4,x16) (idx 13) in constr e130 (idx 121) is deemed risky
+ coeff -7.35708 of var (x5,x6) (idx 15) in constr e130 (idx 121) is deemed risky
+ coeff -1.73674 of var (x5,x7) (idx 16) in constr e130 (idx 121) is deemed risky
+ coeff -2 of var (x5,x8) (idx 17) in constr e130 (idx 121) is deemed risky
+ coeff 14.2857 of var (x6,x6) (idx 18) in constr e130 (idx 121) is deemed risky
+ coeff 7.35708 of var (x6,x8) (idx 19) in constr e130 (idx 121) is deemed risky
+ coeff 1.73674 of var (x6,x15) (idx 20) in constr e130 (idx 121) is deemed risky
+ coeff -1.73674 of var (x6,x16) (idx 21) in constr e130 (idx 121) is deemed risky
+ coeff 14.2857 of var (x7,x7) (idx 22) in constr e130 (idx 121) is deemed risky
+ coeff 1.73674 of var (x7,x8) (idx 23) in constr e130 (idx 121) is deemed risky
+ coeff -7.35708 of var (x7,x15) (idx 24) in constr e130 (idx 121) is deemed risky
+ coeff 7.35708 of var (x7,x16) (idx 25) in constr e130 (idx 121) is deemed risky
+ coeff -2 of var (x15,x16) (idx 28) in constr e130 (idx 121) is deemed risky
+ coeff 5.01621 of var (x3,x3) (idx 0) in constr e131 (idx 122) is deemed risky
+ coeff -4.05648 of var (x3,x5) (idx 1) in constr e131 (idx 122) is deemed risky
+ coeff -6.75226 of var (x3,x9) (idx 2) in constr e131 (idx 122) is deemed risky
+ coeff -1.4124 of var (x3,x10) (idx 3) in constr e131 (idx 122) is deemed risky
+ coeff 4.05648 of var (x3,x11) (idx 4) in constr e131 (idx 122) is deemed risky
+ coeff -1.89996 of var (x3,x15) (idx 5) in constr e131 (idx 122) is deemed risky
+ coeff 1.89996 of var (x3,x17) (idx 6) in constr e131 (idx 122) is deemed risky
+ coeff 5.01621 of var (x4,x4) (idx 7) in constr e131 (idx 122) is deemed risky
+ coeff 1.89996 of var (x4,x5) (idx 8) in constr e131 (idx 122) is deemed risky
+ coeff 1.4124 of var (x4,x9) (idx 9) in constr e131 (idx 122) is deemed risky
+ coeff -6.75226 of var (x4,x10) (idx 10) in constr e131 (idx 122) is deemed risky
+ coeff -1.89996 of var (x4,x11) (idx 11) in constr e131 (idx 122) is deemed risky
+ coeff -4.05648 of var (x4,x15) (idx 12) in constr e131 (idx 122) is deemed risky
+ coeff 4.05648 of var (x4,x17) (idx 13) in constr e131 (idx 122) is deemed risky
+ coeff 2.99767 of var (x5,x9) (idx 15) in constr e131 (idx 122) is deemed risky
+ coeff -0.70767 of var (x5,x10) (idx 16) in constr e131 (idx 122) is deemed risky
+ coeff -2 of var (x5,x11) (idx 17) in constr e131 (idx 122) is deemed risky
+ coeff 2.3717 of var (x9,x9) (idx 18) in constr e131 (idx 122) is deemed risky
+ coeff -2.99767 of var (x9,x11) (idx 19) in constr e131 (idx 122) is deemed risky
+ coeff 0.70767 of var (x9,x15) (idx 20) in constr e131 (idx 122) is deemed risky
+ coeff -0.70767 of var (x9,x17) (idx 21) in constr e131 (idx 122) is deemed risky
+ coeff 2.3717 of var (x10,x10) (idx 22) in constr e131 (idx 122) is deemed risky
+ coeff 0.70767 of var (x10,x11) (idx 23) in constr e131 (idx 122) is deemed risky
+ coeff 2.99767 of var (x10,x15) (idx 24) in constr e131 (idx 122) is deemed risky
+ coeff -2.99767 of var (x10,x17) (idx 25) in constr e131 (idx 122) is deemed risky
+ coeff -2 of var (x15,x17) (idx 28) in constr e131 (idx 122) is deemed risky
+ coeff 5.01621 of var (x3,x3) (idx 0) in constr e132 (idx 123) is deemed risky
+ coeff -4.05648 of var (x3,x5) (idx 1) in constr e132 (idx 123) is deemed risky
+ coeff 7.86676 of var (x3,x12) (idx 2) in constr e132 (idx 123) is deemed risky
+ coeff 7.47367 of var (x3,x13) (idx 3) in constr e132 (idx 123) is deemed risky
+ coeff 4.05648 of var (x3,x14) (idx 4) in constr e132 (idx 123) is deemed risky
+ coeff -1.89996 of var (x3,x15) (idx 5) in constr e132 (idx 123) is deemed risky
+ coeff 1.89996 of var (x3,x18) (idx 6) in constr e132 (idx 123) is deemed risky
+ coeff 5.01621 of var (x4,x4) (idx 7) in constr e132 (idx 123) is deemed risky
+ coeff 1.89996 of var (x4,x5) (idx 8) in constr e132 (idx 123) is deemed risky
+ coeff -7.47367 of var (x4,x12) (idx 9) in constr e132 (idx 123) is deemed risky
+ coeff 7.86676 of var (x4,x13) (idx 10) in constr e132 (idx 123) is deemed risky
+ coeff -1.89996 of var (x4,x14) (idx 11) in constr e132 (idx 123) is deemed risky
+ coeff -4.05648 of var (x4,x15) (idx 12) in constr e132 (idx 123) is deemed risky
+ coeff 4.05648 of var (x4,x18) (idx 13) in constr e132 (idx 123) is deemed risky
+ coeff -4.5962 of var (x5,x12) (idx 15) in constr e132 (idx 123) is deemed risky
+ coeff -1.53206 of var (x5,x13) (idx 16) in constr e132 (idx 123) is deemed risky
+ coeff -2 of var (x5,x14) (idx 17) in constr e132 (idx 123) is deemed risky
+ coeff 5.86805 of var (x12,x12) (idx 18) in constr e132 (idx 123) is deemed risky
+ coeff 4.5962 of var (x12,x14) (idx 19) in constr e132 (idx 123) is deemed risky
+ coeff 1.53206 of var (x12,x15) (idx 20) in constr e132 (idx 123) is deemed risky
+ coeff -1.53206 of var (x12,x18) (idx 21) in constr e132 (idx 123) is deemed risky
+ coeff 5.86805 of var (x13,x13) (idx 22) in constr e132 (idx 123) is deemed risky
+ coeff 1.53206 of var (x13,x14) (idx 23) in constr e132 (idx 123) is deemed risky
+ coeff -4.5962 of var (x13,x15) (idx 24) in constr e132 (idx 123) is deemed risky
+ coeff 4.5962 of var (x13,x18) (idx 25) in constr e132 (idx 123) is deemed risky
+ coeff -2 of var (x15,x18) (idx 28) in constr e132 (idx 123) is deemed risky
+ coeff 5.01621 of var (x3,x3) (idx 0) in constr e133 (idx 124) is deemed risky
+ coeff -4.05648 of var (x3,x5) (idx 1) in constr e133 (idx 124) is deemed risky
+ coeff 16.4736 of var (x3,x6) (idx 2) in constr e133 (idx 124) is deemed risky
+ coeff 13.0472 of var (x3,x7) (idx 3) in constr e133 (idx 124) is deemed risky
+ coeff 4.05648 of var (x3,x8) (idx 4) in constr e133 (idx 124) is deemed risky
+ coeff -1.89996 of var (x3,x15) (idx 5) in constr e133 (idx 124) is deemed risky
+ coeff 1.89996 of var (x3,x16) (idx 6) in constr e133 (idx 124) is deemed risky
+ coeff 5.01621 of var (x4,x4) (idx 7) in constr e133 (idx 124) is deemed risky
+ coeff 1.89996 of var (x4,x5) (idx 8) in constr e133 (idx 124) is deemed risky
+ coeff -13.0472 of var (x4,x6) (idx 9) in constr e133 (idx 124) is deemed risky
+ coeff 16.4736 of var (x4,x7) (idx 10) in constr e133 (idx 124) is deemed risky
+ coeff -1.89996 of var (x4,x8) (idx 11) in constr e133 (idx 124) is deemed risky
+ coeff -4.05648 of var (x4,x15) (idx 12) in constr e133 (idx 124) is deemed risky
+ coeff 4.05648 of var (x4,x16) (idx 13) in constr e133 (idx 124) is deemed risky
+ coeff -9.13177 of var (x5,x6) (idx 15) in constr e133 (idx 124) is deemed risky
+ coeff -2.15565 of var (x5,x7) (idx 16) in constr e133 (idx 124) is deemed risky
+ coeff -2 of var (x5,x8) (idx 17) in constr e133 (idx 124) is deemed risky
+ coeff 22.009 of var (x6,x6) (idx 18) in constr e133 (idx 124) is deemed risky
+ coeff 9.13177 of var (x6,x8) (idx 19) in constr e133 (idx 124) is deemed risky
+ coeff 2.15565 of var (x6,x15) (idx 20) in constr e133 (idx 124) is deemed risky
+ coeff -2.15565 of var (x6,x16) (idx 21) in constr e133 (idx 124) is deemed risky
+ coeff 22.009 of var (x7,x7) (idx 22) in constr e133 (idx 124) is deemed risky
+ coeff 2.15565 of var (x7,x8) (idx 23) in constr e133 (idx 124) is deemed risky
+ coeff -9.13177 of var (x7,x15) (idx 24) in constr e133 (idx 124) is deemed risky
+ coeff 9.13177 of var (x7,x16) (idx 25) in constr e133 (idx 124) is deemed risky
+ coeff -2 of var (x15,x16) (idx 28) in constr e133 (idx 124) is deemed risky
+ coeff 5.01621 of var (x3,x3) (idx 0) in constr e134 (idx 125) is deemed risky
+ coeff -4.05648 of var (x3,x5) (idx 1) in constr e134 (idx 125) is deemed risky
+ coeff 2.72948 of var (x3,x9) (idx 2) in constr e134 (idx 125) is deemed risky
+ coeff 7.53929 of var (x3,x10) (idx 3) in constr e134 (idx 125) is deemed risky
+ coeff 4.05648 of var (x3,x11) (idx 4) in constr e134 (idx 125) is deemed risky
+ coeff -1.89996 of var (x3,x15) (idx 5) in constr e134 (idx 125) is deemed risky
+ coeff 1.89996 of var (x3,x17) (idx 6) in constr e134 (idx 125) is deemed risky
+ coeff 5.01621 of var (x4,x4) (idx 7) in constr e134 (idx 125) is deemed risky
+ coeff 1.89996 of var (x4,x5) (idx 8) in constr e134 (idx 125) is deemed risky
+ coeff -7.53929 of var (x4,x9) (idx 9) in constr e134 (idx 125) is deemed risky
+ coeff 2.72948 of var (x4,x10) (idx 10) in constr e134 (idx 125) is deemed risky
+ coeff -1.89996 of var (x4,x11) (idx 11) in constr e134 (idx 125) is deemed risky
+ coeff -4.05648 of var (x4,x15) (idx 12) in constr e134 (idx 125) is deemed risky
+ coeff 4.05648 of var (x4,x17) (idx 13) in constr e134 (idx 125) is deemed risky
+ coeff -2.53143 of var (x5,x9) (idx 15) in constr e134 (idx 125) is deemed risky
+ coeff -2.53149 of var (x5,x10) (idx 16) in constr e134 (idx 125) is deemed risky
+ coeff -2 of var (x5,x11) (idx 17) in constr e134 (idx 125) is deemed risky
+ coeff 3.20415 of var (x9,x9) (idx 18) in constr e134 (idx 125) is deemed risky
+ coeff 2.53143 of var (x9,x11) (idx 19) in constr e134 (idx 125) is deemed risky
+ coeff 2.53149 of var (x9,x15) (idx 20) in constr e134 (idx 125) is deemed risky
+ coeff -2.53149 of var (x9,x17) (idx 21) in constr e134 (idx 125) is deemed risky
+ coeff 3.20415 of var (x10,x10) (idx 22) in constr e134 (idx 125) is deemed risky
+ coeff 2.53149 of var (x10,x11) (idx 23) in constr e134 (idx 125) is deemed risky
+ coeff -2.53143 of var (x10,x15) (idx 24) in constr e134 (idx 125) is deemed risky
+ coeff 2.53143 of var (x10,x17) (idx 25) in constr e134 (idx 125) is deemed risky
+ coeff -2 of var (x15,x17) (idx 28) in constr e134 (idx 125) is deemed risky
+ coeff 5.01621 of var (x3,x3) (idx 0) in constr e135 (idx 126) is deemed risky
+ coeff -4.05648 of var (x3,x5) (idx 1) in constr e135 (idx 126) is deemed risky
+ coeff 1.04159 of var (x3,x12) (idx 2) in constr e135 (idx 126) is deemed risky
+ coeff -5.70441 of var (x3,x13) (idx 3) in constr e135 (idx 126) is deemed risky
+ coeff 4.05648 of var (x3,x14) (idx 4) in constr e135 (idx 126) is deemed risky
+ coeff -1.89996 of var (x3,x15) (idx 5) in constr e135 (idx 126) is deemed risky
+ coeff 1.89996 of var (x3,x18) (idx 6) in constr e135 (idx 126) is deemed risky
+ coeff 5.01621 of var (x4,x4) (idx 7) in constr e135 (idx 126) is deemed risky
+ coeff 1.89996 of var (x4,x5) (idx 8) in constr e135 (idx 126) is deemed risky
+ coeff 5.70441 of var (x4,x12) (idx 9) in constr e135 (idx 126) is deemed risky
+ coeff 1.04159 of var (x4,x13) (idx 10) in constr e135 (idx 126) is deemed risky
+ coeff -1.89996 of var (x4,x14) (idx 11) in constr e135 (idx 126) is deemed risky
+ coeff -4.05648 of var (x4,x15) (idx 12) in constr e135 (idx 126) is deemed risky
+ coeff 4.05648 of var (x4,x18) (idx 13) in constr e135 (idx 126) is deemed risky
+ coeff 0.659161 of var (x5,x12) (idx 15) in constr e135 (idx 126) is deemed risky
+ coeff 2.50376 of var (x5,x13) (idx 16) in constr e135 (idx 126) is deemed risky
+ coeff -2 of var (x5,x14) (idx 17) in constr e135 (idx 126) is deemed risky
+ coeff 1.67582 of var (x12,x12) (idx 18) in constr e135 (idx 126) is deemed risky
+ coeff -0.659161 of var (x12,x14) (idx 19) in constr e135 (idx 126) is deemed risky
+ coeff -2.50376 of var (x12,x15) (idx 20) in constr e135 (idx 126) is deemed risky
+ coeff 2.50376 of var (x12,x18) (idx 21) in constr e135 (idx 126) is deemed risky
+ coeff 1.67582 of var (x13,x13) (idx 22) in constr e135 (idx 126) is deemed risky
+ coeff -2.50376 of var (x13,x14) (idx 23) in constr e135 (idx 126) is deemed risky
+ coeff 0.659161 of var (x13,x15) (idx 24) in constr e135 (idx 126) is deemed risky
+ coeff -0.659161 of var (x13,x18) (idx 25) in constr e135 (idx 126) is deemed risky
+ coeff -2 of var (x15,x18) (idx 28) in constr e135 (idx 126) is deemed risky
+ coeff 4.54596 of var (x6,x6) (idx 0) in constr e136 (idx 127) is deemed risky
+ coeff -4.00955 of var (x6,x8) (idx 1) in constr e136 (idx 127) is deemed risky
+ coeff 4.00955 of var (x6,x11) (idx 2) in constr e136 (idx 127) is deemed risky
+ coeff -1.45167 of var (x6,x16) (idx 3) in constr e136 (idx 127) is deemed risky
+ coeff 1.45167 of var (x6,x17) (idx 4) in constr e136 (idx 127) is deemed risky
+ coeff 4.54596 of var (x7,x7) (idx 5) in constr e136 (idx 127) is deemed risky
+ coeff 1.45167 of var (x7,x8) (idx 6) in constr e136 (idx 127) is deemed risky
+ coeff -1.45167 of var (x7,x11) (idx 7) in constr e136 (idx 127) is deemed risky
+ coeff -4.00955 of var (x7,x16) (idx 8) in constr e136 (idx 127) is deemed risky
+ coeff 4.00955 of var (x7,x17) (idx 9) in constr e136 (idx 127) is deemed risky
+ coeff -2 of var (x8,x11) (idx 11) in constr e136 (idx 127) is deemed risky
+ coeff -2 of var (x16,x17) (idx 14) in constr e136 (idx 127) is deemed risky
+ coeff 4.54596 of var (x6,x6) (idx 0) in constr e137 (idx 128) is deemed risky
+ coeff -4.00955 of var (x6,x8) (idx 1) in constr e137 (idx 128) is deemed risky
+ coeff 4.00955 of var (x6,x14) (idx 2) in constr e137 (idx 128) is deemed risky
+ coeff -1.45167 of var (x6,x16) (idx 3) in constr e137 (idx 128) is deemed risky
+ coeff 1.45167 of var (x6,x18) (idx 4) in constr e137 (idx 128) is deemed risky
+ coeff 4.54596 of var (x7,x7) (idx 5) in constr e137 (idx 128) is deemed risky
+ coeff 1.45167 of var (x7,x8) (idx 6) in constr e137 (idx 128) is deemed risky
+ coeff -1.45167 of var (x7,x14) (idx 7) in constr e137 (idx 128) is deemed risky
+ coeff -4.00955 of var (x7,x16) (idx 8) in constr e137 (idx 128) is deemed risky
+ coeff 4.00955 of var (x7,x18) (idx 9) in constr e137 (idx 128) is deemed risky
+ coeff -2 of var (x8,x14) (idx 11) in constr e137 (idx 128) is deemed risky
+ coeff -2 of var (x16,x18) (idx 14) in constr e137 (idx 128) is deemed risky
+ coeff 4.54596 of var (x6,x6) (idx 0) in constr e138 (idx 129) is deemed risky
+ coeff -4.00955 of var (x6,x8) (idx 1) in constr e138 (idx 129) is deemed risky
+ coeff -9.87673 of var (x6,x9) (idx 2) in constr e138 (idx 129) is deemed risky
+ coeff -0.22437 of var (x6,x10) (idx 3) in constr e138 (idx 129) is deemed risky
+ coeff 4.00955 of var (x6,x11) (idx 4) in constr e138 (idx 129) is deemed risky
+ coeff -1.45167 of var (x6,x16) (idx 5) in constr e138 (idx 129) is deemed risky
+ coeff 1.45167 of var (x6,x17) (idx 6) in constr e138 (idx 129) is deemed risky
+ coeff 4.54596 of var (x7,x7) (idx 7) in constr e138 (idx 129) is deemed risky
+ coeff 1.45167 of var (x7,x8) (idx 8) in constr e138 (idx 129) is deemed risky
+ coeff 0.22437 of var (x7,x9) (idx 9) in constr e138 (idx 129) is deemed risky
+ coeff -9.87673 of var (x7,x10) (idx 10) in constr e138 (idx 129) is deemed risky
+ coeff -1.45167 of var (x7,x11) (idx 11) in constr e138 (idx 129) is deemed risky
+ coeff -4.00955 of var (x7,x16) (idx 12) in constr e138 (idx 129) is deemed risky
+ coeff 4.00955 of var (x7,x17) (idx 13) in constr e138 (idx 129) is deemed risky
+ coeff 4.39148 of var (x8,x9) (idx 15) in constr e138 (idx 129) is deemed risky
+ coeff -1.47803 of var (x8,x10) (idx 16) in constr e138 (idx 129) is deemed risky
+ coeff -2 of var (x8,x11) (idx 17) in constr e138 (idx 129) is deemed risky
+ coeff 5.36741 of var (x9,x9) (idx 18) in constr e138 (idx 129) is deemed risky
+ coeff -4.39148 of var (x9,x11) (idx 19) in constr e138 (idx 129) is deemed risky
+ coeff 1.47803 of var (x9,x16) (idx 20) in constr e138 (idx 129) is deemed risky
+ coeff -1.47803 of var (x9,x17) (idx 21) in constr e138 (idx 129) is deemed risky
+ coeff 5.36741 of var (x10,x10) (idx 22) in constr e138 (idx 129) is deemed risky
+ coeff 1.47803 of var (x10,x11) (idx 23) in constr e138 (idx 129) is deemed risky
+ coeff 4.39148 of var (x10,x16) (idx 24) in constr e138 (idx 129) is deemed risky
+ coeff -4.39148 of var (x10,x17) (idx 25) in constr e138 (idx 129) is deemed risky
+ coeff -2 of var (x16,x17) (idx 28) in constr e138 (idx 129) is deemed risky
+ coeff 4.54596 of var (x6,x6) (idx 0) in constr e139 (idx 130) is deemed risky
+ coeff -4.00955 of var (x6,x8) (idx 1) in constr e139 (idx 130) is deemed risky
+ coeff 5.33246 of var (x6,x12) (idx 2) in constr e139 (idx 130) is deemed risky
+ coeff 4.21697 of var (x6,x13) (idx 3) in constr e139 (idx 130) is deemed risky
+ coeff 4.00955 of var (x6,x14) (idx 4) in constr e139 (idx 130) is deemed risky
+ coeff -1.45167 of var (x6,x16) (idx 5) in constr e139 (idx 130) is deemed risky
+ coeff 1.45167 of var (x6,x18) (idx 6) in constr e139 (idx 130) is deemed risky
+ coeff 4.54596 of var (x7,x7) (idx 7) in constr e139 (idx 130) is deemed risky
+ coeff 1.45167 of var (x7,x8) (idx 8) in constr e139 (idx 130) is deemed risky
+ coeff -4.21697 of var (x7,x12) (idx 9) in constr e139 (idx 130) is deemed risky
+ coeff 5.33246 of var (x7,x13) (idx 10) in constr e139 (idx 130) is deemed risky
+ coeff -1.45167 of var (x7,x14) (idx 11) in constr e139 (idx 130) is deemed risky
+ coeff -4.00955 of var (x7,x16) (idx 12) in constr e139 (idx 130) is deemed risky
+ coeff 4.00955 of var (x7,x18) (idx 13) in constr e139 (idx 130) is deemed risky
+ coeff -3.02493 of var (x8,x12) (idx 15) in constr e139 (idx 130) is deemed risky
+ coeff -1.00828 of var (x8,x13) (idx 16) in constr e139 (idx 130) is deemed risky
+ coeff -2 of var (x8,x14) (idx 17) in constr e139 (idx 130) is deemed risky
+ coeff 2.54171 of var (x12,x12) (idx 18) in constr e139 (idx 130) is deemed risky
+ coeff 3.02493 of var (x12,x14) (idx 19) in constr e139 (idx 130) is deemed risky
+ coeff 1.00828 of var (x12,x16) (idx 20) in constr e139 (idx 130) is deemed risky
+ coeff -1.00828 of var (x12,x18) (idx 21) in constr e139 (idx 130) is deemed risky
+ coeff 2.54171 of var (x13,x13) (idx 22) in constr e139 (idx 130) is deemed risky
+ coeff 1.00828 of var (x13,x14) (idx 23) in constr e139 (idx 130) is deemed risky
+ coeff -3.02493 of var (x13,x16) (idx 24) in constr e139 (idx 130) is deemed risky
+ coeff 3.02493 of var (x13,x18) (idx 25) in constr e139 (idx 130) is deemed risky
+ coeff -2 of var (x16,x18) (idx 28) in constr e139 (idx 130) is deemed risky
+ coeff 4.54596 of var (x6,x6) (idx 0) in constr e140 (idx 131) is deemed risky
+ coeff -4.00955 of var (x6,x8) (idx 1) in constr e140 (idx 131) is deemed risky
+ coeff 6.69509 of var (x6,x9) (idx 2) in constr e140 (idx 131) is deemed risky
+ coeff -5.30251 of var (x6,x10) (idx 3) in constr e140 (idx 131) is deemed risky
+ coeff 4.00955 of var (x6,x11) (idx 4) in constr e140 (idx 131) is deemed risky
+ coeff -1.45167 of var (x6,x16) (idx 5) in constr e140 (idx 131) is deemed risky
+ coeff 1.45167 of var (x6,x17) (idx 6) in constr e140 (idx 131) is deemed risky
+ coeff 4.54596 of var (x7,x7) (idx 7) in constr e140 (idx 131) is deemed risky
+ coeff 1.45167 of var (x7,x8) (idx 8) in constr e140 (idx 131) is deemed risky
+ coeff 5.30251 of var (x7,x9) (idx 9) in constr e140 (idx 131) is deemed risky
+ coeff 6.69509 of var (x7,x10) (idx 10) in constr e140 (idx 131) is deemed risky
+ coeff -1.45167 of var (x7,x11) (idx 11) in constr e140 (idx 131) is deemed risky
+ coeff -4.00955 of var (x7,x16) (idx 12) in constr e140 (idx 131) is deemed risky
+ coeff 4.00955 of var (x7,x17) (idx 13) in constr e140 (idx 131) is deemed risky
+ coeff -2.10592 of var (x8,x9) (idx 15) in constr e140 (idx 131) is deemed risky
+ coeff 3.40739 of var (x8,x10) (idx 16) in constr e140 (idx 131) is deemed risky
+ coeff -2 of var (x8,x11) (idx 17) in constr e140 (idx 131) is deemed risky
+ coeff 4.0113 of var (x9,x9) (idx 18) in constr e140 (idx 131) is deemed risky
+ coeff 2.10592 of var (x9,x11) (idx 19) in constr e140 (idx 131) is deemed risky
+ coeff -3.40739 of var (x9,x16) (idx 20) in constr e140 (idx 131) is deemed risky
+ coeff 3.40739 of var (x9,x17) (idx 21) in constr e140 (idx 131) is deemed risky
+ coeff 4.0113 of var (x10,x10) (idx 22) in constr e140 (idx 131) is deemed risky
+ coeff -3.40739 of var (x10,x11) (idx 23) in constr e140 (idx 131) is deemed risky
+ coeff -2.10592 of var (x10,x16) (idx 24) in constr e140 (idx 131) is deemed risky
+ coeff 2.10592 of var (x10,x17) (idx 25) in constr e140 (idx 131) is deemed risky
+ coeff -2 of var (x16,x17) (idx 28) in constr e140 (idx 131) is deemed risky
+ coeff 4.54596 of var (x6,x6) (idx 0) in constr e141 (idx 132) is deemed risky
+ coeff -4.00955 of var (x6,x8) (idx 1) in constr e141 (idx 132) is deemed risky
+ coeff -5.62754 of var (x6,x12) (idx 2) in constr e141 (idx 132) is deemed risky
+ coeff 1.32857 of var (x6,x13) (idx 3) in constr e141 (idx 132) is deemed risky
+ coeff 4.00955 of var (x6,x14) (idx 4) in constr e141 (idx 132) is deemed risky
+ coeff -1.45167 of var (x6,x16) (idx 5) in constr e141 (idx 132) is deemed risky
+ coeff 1.45167 of var (x6,x18) (idx 6) in constr e141 (idx 132) is deemed risky
+ coeff 4.54596 of var (x7,x7) (idx 7) in constr e141 (idx 132) is deemed risky
+ coeff 1.45167 of var (x7,x8) (idx 8) in constr e141 (idx 132) is deemed risky
+ coeff -1.32857 of var (x7,x12) (idx 9) in constr e141 (idx 132) is deemed risky
+ coeff -5.62754 of var (x7,x13) (idx 10) in constr e141 (idx 132) is deemed risky
+ coeff -1.45167 of var (x7,x14) (idx 11) in constr e141 (idx 132) is deemed risky
+ coeff -4.00955 of var (x7,x16) (idx 12) in constr e141 (idx 132) is deemed risky
+ coeff 4.00955 of var (x7,x18) (idx 13) in constr e141 (idx 132) is deemed risky
+ coeff 2.26963 of var (x8,x12) (idx 15) in constr e141 (idx 132) is deemed risky
+ coeff -1.48442 of var (x8,x13) (idx 16) in constr e141 (idx 132) is deemed risky
+ coeff -2 of var (x8,x14) (idx 17) in constr e141 (idx 132) is deemed risky
+ coeff 1.83868 of var (x12,x12) (idx 18) in constr e141 (idx 132) is deemed risky
+ coeff -2.26963 of var (x12,x14) (idx 19) in constr e141 (idx 132) is deemed risky
+ coeff 1.48442 of var (x12,x16) (idx 20) in constr e141 (idx 132) is deemed risky
+ coeff -1.48442 of var (x12,x18) (idx 21) in constr e141 (idx 132) is deemed risky
+ coeff 1.83868 of var (x13,x13) (idx 22) in constr e141 (idx 132) is deemed risky
+ coeff 1.48442 of var (x13,x14) (idx 23) in constr e141 (idx 132) is deemed risky
+ coeff 2.26963 of var (x13,x16) (idx 24) in constr e141 (idx 132) is deemed risky
+ coeff -2.26963 of var (x13,x18) (idx 25) in constr e141 (idx 132) is deemed risky
+ coeff -2 of var (x16,x18) (idx 28) in constr e141 (idx 132) is deemed risky
+ coeff 4.54596 of var (x6,x6) (idx 0) in constr e142 (idx 133) is deemed risky
+ coeff -4.00955 of var (x6,x8) (idx 1) in constr e142 (idx 133) is deemed risky
+ coeff -6.5233 of var (x6,x9) (idx 2) in constr e142 (idx 133) is deemed risky
+ coeff -0.757088 of var (x6,x10) (idx 3) in constr e142 (idx 133) is deemed risky
+ coeff 4.00955 of var (x6,x11) (idx 4) in constr e142 (idx 133) is deemed risky
+ coeff -1.45167 of var (x6,x16) (idx 5) in constr e142 (idx 133) is deemed risky
+ coeff 1.45167 of var (x6,x17) (idx 6) in constr e142 (idx 133) is deemed risky
+ coeff 4.54596 of var (x7,x7) (idx 7) in constr e142 (idx 133) is deemed risky
+ coeff 1.45167 of var (x7,x8) (idx 8) in constr e142 (idx 133) is deemed risky
+ coeff 0.757088 of var (x7,x9) (idx 9) in constr e142 (idx 133) is deemed risky
+ coeff -6.5233 of var (x7,x10) (idx 10) in constr e142 (idx 133) is deemed risky
+ coeff -1.45167 of var (x7,x11) (idx 11) in constr e142 (idx 133) is deemed risky
+ coeff -4.00955 of var (x7,x16) (idx 12) in constr e142 (idx 133) is deemed risky
+ coeff 4.00955 of var (x7,x17) (idx 13) in constr e142 (idx 133) is deemed risky
+ coeff 2.99767 of var (x8,x9) (idx 15) in constr e142 (idx 133) is deemed risky
+ coeff -0.70767 of var (x8,x10) (idx 16) in constr e142 (idx 133) is deemed risky
+ coeff -2 of var (x8,x11) (idx 17) in constr e142 (idx 133) is deemed risky
+ coeff 2.3717 of var (x9,x9) (idx 18) in constr e142 (idx 133) is deemed risky
+ coeff -2.99767 of var (x9,x11) (idx 19) in constr e142 (idx 133) is deemed risky
+ coeff 0.70767 of var (x9,x16) (idx 20) in constr e142 (idx 133) is deemed risky
+ coeff -0.70767 of var (x9,x17) (idx 21) in constr e142 (idx 133) is deemed risky
+ coeff 2.3717 of var (x10,x10) (idx 22) in constr e142 (idx 133) is deemed risky
+ coeff 0.70767 of var (x10,x11) (idx 23) in constr e142 (idx 133) is deemed risky
+ coeff 2.99767 of var (x10,x16) (idx 24) in constr e142 (idx 133) is deemed risky
+ coeff -2.99767 of var (x10,x17) (idx 25) in constr e142 (idx 133) is deemed risky
+ coeff -2 of var (x16,x17) (idx 28) in constr e142 (idx 133) is deemed risky
+ coeff 4.54596 of var (x6,x6) (idx 0) in constr e143 (idx 134) is deemed risky
+ coeff -4.00955 of var (x6,x8) (idx 1) in constr e143 (idx 134) is deemed risky
+ coeff 8.10232 of var (x6,x12) (idx 2) in constr e143 (idx 134) is deemed risky
+ coeff 6.4075 of var (x6,x13) (idx 3) in constr e143 (idx 134) is deemed risky
+ coeff 4.00955 of var (x6,x14) (idx 4) in constr e143 (idx 134) is deemed risky
+ coeff -1.45167 of var (x6,x16) (idx 5) in constr e143 (idx 134) is deemed risky
+ coeff 1.45167 of var (x6,x18) (idx 6) in constr e143 (idx 134) is deemed risky
+ coeff 4.54596 of var (x7,x7) (idx 7) in constr e143 (idx 134) is deemed risky
+ coeff 1.45167 of var (x7,x8) (idx 8) in constr e143 (idx 134) is deemed risky
+ coeff -6.4075 of var (x7,x12) (idx 9) in constr e143 (idx 134) is deemed risky
+ coeff 8.10232 of var (x7,x13) (idx 10) in constr e143 (idx 134) is deemed risky
+ coeff -1.45167 of var (x7,x14) (idx 11) in constr e143 (idx 134) is deemed risky
+ coeff -4.00955 of var (x7,x16) (idx 12) in constr e143 (idx 134) is deemed risky
+ coeff 4.00955 of var (x7,x18) (idx 13) in constr e143 (idx 134) is deemed risky
+ coeff -4.5962 of var (x8,x12) (idx 15) in constr e143 (idx 134) is deemed risky
+ coeff -1.53206 of var (x8,x13) (idx 16) in constr e143 (idx 134) is deemed risky
+ coeff -2 of var (x8,x14) (idx 17) in constr e143 (idx 134) is deemed risky
+ coeff 5.86805 of var (x12,x12) (idx 18) in constr e143 (idx 134) is deemed risky
+ coeff 4.5962 of var (x12,x14) (idx 19) in constr e143 (idx 134) is deemed risky
+ coeff 1.53206 of var (x12,x16) (idx 20) in constr e143 (idx 134) is deemed risky
+ coeff -1.53206 of var (x12,x18) (idx 21) in constr e143 (idx 134) is deemed risky
+ coeff 5.86805 of var (x13,x13) (idx 22) in constr e143 (idx 134) is deemed risky
+ coeff 1.53206 of var (x13,x14) (idx 23) in constr e143 (idx 134) is deemed risky
+ coeff -4.5962 of var (x13,x16) (idx 24) in constr e143 (idx 134) is deemed risky
+ coeff 4.5962 of var (x13,x18) (idx 25) in constr e143 (idx 134) is deemed risky
+ coeff -2 of var (x16,x18) (idx 28) in constr e143 (idx 134) is deemed risky
+ coeff 4.54596 of var (x6,x6) (idx 0) in constr e144 (idx 135) is deemed risky
+ coeff -4.00955 of var (x6,x8) (idx 1) in constr e144 (idx 135) is deemed risky
+ coeff 3.23751 of var (x6,x9) (idx 2) in constr e144 (idx 135) is deemed risky
+ coeff 6.91248 of var (x6,x10) (idx 3) in constr e144 (idx 135) is deemed risky
+ coeff 4.00955 of var (x6,x11) (idx 4) in constr e144 (idx 135) is deemed risky
+ coeff -1.45167 of var (x6,x16) (idx 5) in constr e144 (idx 135) is deemed risky
+ coeff 1.45167 of var (x6,x17) (idx 6) in constr e144 (idx 135) is deemed risky
+ coeff 4.54596 of var (x7,x7) (idx 7) in constr e144 (idx 135) is deemed risky
+ coeff 1.45167 of var (x7,x8) (idx 8) in constr e144 (idx 135) is deemed risky
+ coeff -6.91248 of var (x7,x9) (idx 9) in constr e144 (idx 135) is deemed risky
+ coeff 3.23751 of var (x7,x10) (idx 10) in constr e144 (idx 135) is deemed risky
+ coeff -1.45167 of var (x7,x11) (idx 11) in constr e144 (idx 135) is deemed risky
+ coeff -4.00955 of var (x7,x16) (idx 12) in constr e144 (idx 135) is deemed risky
+ coeff 4.00955 of var (x7,x17) (idx 13) in constr e144 (idx 135) is deemed risky
+ coeff -2.53143 of var (x8,x9) (idx 15) in constr e144 (idx 135) is deemed risky
+ coeff -2.53149 of var (x8,x10) (idx 16) in constr e144 (idx 135) is deemed risky
+ coeff -2 of var (x8,x11) (idx 17) in constr e144 (idx 135) is deemed risky
+ coeff 3.20415 of var (x9,x9) (idx 18) in constr e144 (idx 135) is deemed risky
+ coeff 2.53143 of var (x9,x11) (idx 19) in constr e144 (idx 135) is deemed risky
+ coeff 2.53149 of var (x9,x16) (idx 20) in constr e144 (idx 135) is deemed risky
+ coeff -2.53149 of var (x9,x17) (idx 21) in constr e144 (idx 135) is deemed risky
+ coeff 3.20415 of var (x10,x10) (idx 22) in constr e144 (idx 135) is deemed risky
+ coeff 2.53149 of var (x10,x11) (idx 23) in constr e144 (idx 135) is deemed risky
+ coeff -2.53143 of var (x10,x16) (idx 24) in constr e144 (idx 135) is deemed risky
+ coeff 2.53143 of var (x10,x17) (idx 25) in constr e144 (idx 135) is deemed risky
+ coeff -2 of var (x16,x17) (idx 28) in constr e144 (idx 135) is deemed risky
+ coeff 4.54596 of var (x6,x6) (idx 0) in constr e145 (idx 136) is deemed risky
+ coeff -4.00955 of var (x6,x8) (idx 1) in constr e145 (idx 136) is deemed risky
+ coeff 0.495841 of var (x6,x12) (idx 2) in constr e145 (idx 136) is deemed risky
+ coeff -5.49791 of var (x6,x13) (idx 3) in constr e145 (idx 136) is deemed risky
+ coeff 4.00955 of var (x6,x14) (idx 4) in constr e145 (idx 136) is deemed risky
+ coeff -1.45167 of var (x6,x16) (idx 5) in constr e145 (idx 136) is deemed risky
+ coeff 1.45167 of var (x6,x18) (idx 6) in constr e145 (idx 136) is deemed risky
+ coeff 4.54596 of var (x7,x7) (idx 7) in constr e145 (idx 136) is deemed risky
+ coeff 1.45167 of var (x7,x8) (idx 8) in constr e145 (idx 136) is deemed risky
+ coeff 5.49791 of var (x7,x12) (idx 9) in constr e145 (idx 136) is deemed risky
+ coeff 0.495841 of var (x7,x13) (idx 10) in constr e145 (idx 136) is deemed risky
+ coeff -1.45167 of var (x7,x14) (idx 11) in constr e145 (idx 136) is deemed risky
+ coeff -4.00955 of var (x7,x16) (idx 12) in constr e145 (idx 136) is deemed risky
+ coeff 4.00955 of var (x7,x18) (idx 13) in constr e145 (idx 136) is deemed risky
+ coeff 0.659161 of var (x8,x12) (idx 15) in constr e145 (idx 136) is deemed risky
+ coeff 2.50376 of var (x8,x13) (idx 16) in constr e145 (idx 136) is deemed risky
+ coeff -2 of var (x8,x14) (idx 17) in constr e145 (idx 136) is deemed risky
+ coeff 1.67582 of var (x12,x12) (idx 18) in constr e145 (idx 136) is deemed risky
+ coeff -0.659161 of var (x12,x14) (idx 19) in constr e145 (idx 136) is deemed risky
+ coeff -2.50376 of var (x12,x16) (idx 20) in constr e145 (idx 136) is deemed risky
+ coeff 2.50376 of var (x12,x18) (idx 21) in constr e145 (idx 136) is deemed risky
+ coeff 1.67582 of var (x13,x13) (idx 22) in constr e145 (idx 136) is deemed risky
+ coeff -2.50376 of var (x13,x14) (idx 23) in constr e145 (idx 136) is deemed risky
+ coeff 0.659161 of var (x13,x16) (idx 24) in constr e145 (idx 136) is deemed risky
+ coeff -0.659161 of var (x13,x18) (idx 25) in constr e145 (idx 136) is deemed risky
+ coeff -2 of var (x16,x18) (idx 28) in constr e145 (idx 136) is deemed risky
+ coeff 4.0113 of var (x9,x9) (idx 0) in constr e146 (idx 137) is deemed risky
+ coeff 2.10592 of var (x9,x11) (idx 1) in constr e146 (idx 137) is deemed risky
+ coeff -2.10592 of var (x9,x14) (idx 2) in constr e146 (idx 137) is deemed risky
+ coeff 3.40739 of var (x9,x17) (idx 3) in constr e146 (idx 137) is deemed risky
+ coeff -3.40739 of var (x9,x18) (idx 4) in constr e146 (idx 137) is deemed risky
+ coeff 4.0113 of var (x10,x10) (idx 5) in constr e146 (idx 137) is deemed risky
+ coeff -3.40739 of var (x10,x11) (idx 6) in constr e146 (idx 137) is deemed risky
+ coeff 3.40739 of var (x10,x14) (idx 7) in constr e146 (idx 137) is deemed risky
+ coeff 2.10592 of var (x10,x17) (idx 8) in constr e146 (idx 137) is deemed risky
+ coeff -2.10592 of var (x10,x18) (idx 9) in constr e146 (idx 137) is deemed risky
+ coeff -2 of var (x11,x14) (idx 11) in constr e146 (idx 137) is deemed risky
+ coeff -2 of var (x17,x18) (idx 14) in constr e146 (idx 137) is deemed risky
+ coeff 4.0113 of var (x9,x9) (idx 0) in constr e147 (idx 138) is deemed risky
+ coeff 2.10592 of var (x9,x11) (idx 1) in constr e147 (idx 138) is deemed risky
+ coeff -1.46733 of var (x9,x12) (idx 2) in constr e147 (idx 138) is deemed risky
+ coeff -6.21523 of var (x9,x13) (idx 3) in constr e147 (idx 138) is deemed risky
+ coeff -2.10592 of var (x9,x14) (idx 4) in constr e147 (idx 138) is deemed risky
+ coeff 3.40739 of var (x9,x17) (idx 5) in constr e147 (idx 138) is deemed risky
+ coeff -3.40739 of var (x9,x18) (idx 6) in constr e147 (idx 138) is deemed risky
+ coeff 4.0113 of var (x10,x10) (idx 7) in constr e147 (idx 138) is deemed risky
+ coeff -3.40739 of var (x10,x11) (idx 8) in constr e147 (idx 138) is deemed risky
+ coeff 6.21523 of var (x10,x12) (idx 9) in constr e147 (idx 138) is deemed risky
+ coeff -1.46733 of var (x10,x13) (idx 10) in constr e147 (idx 138) is deemed risky
+ coeff 3.40739 of var (x10,x14) (idx 11) in constr e147 (idx 138) is deemed risky
+ coeff 2.10592 of var (x10,x17) (idx 12) in constr e147 (idx 138) is deemed risky
+ coeff -2.10592 of var (x10,x18) (idx 13) in constr e147 (idx 138) is deemed risky
+ coeff -3.02493 of var (x11,x12) (idx 15) in constr e147 (idx 138) is deemed risky
+ coeff -1.00828 of var (x11,x13) (idx 16) in constr e147 (idx 138) is deemed risky
+ coeff -2 of var (x11,x14) (idx 17) in constr e147 (idx 138) is deemed risky
+ coeff 2.54171 of var (x12,x12) (idx 18) in constr e147 (idx 138) is deemed risky
+ coeff 3.02493 of var (x12,x14) (idx 19) in constr e147 (idx 138) is deemed risky
+ coeff 1.00828 of var (x12,x17) (idx 20) in constr e147 (idx 138) is deemed risky
+ coeff -1.00828 of var (x12,x18) (idx 21) in constr e147 (idx 138) is deemed risky
+ coeff 2.54171 of var (x13,x13) (idx 22) in constr e147 (idx 138) is deemed risky
+ coeff 1.00828 of var (x13,x14) (idx 23) in constr e147 (idx 138) is deemed risky
+ coeff -3.02493 of var (x13,x17) (idx 24) in constr e147 (idx 138) is deemed risky
+ coeff 3.02493 of var (x13,x18) (idx 25) in constr e147 (idx 138) is deemed risky
+ coeff -2 of var (x17,x18) (idx 28) in constr e147 (idx 138) is deemed risky
+ coeff 4.0113 of var (x9,x9) (idx 0) in constr e148 (idx 139) is deemed risky
+ coeff 2.10592 of var (x9,x11) (idx 1) in constr e148 (idx 139) is deemed risky
+ coeff 4.91883 of var (x9,x12) (idx 2) in constr e148 (idx 139) is deemed risky
+ coeff 2.30372 of var (x9,x13) (idx 3) in constr e148 (idx 139) is deemed risky
+ coeff -2.10592 of var (x9,x14) (idx 4) in constr e148 (idx 139) is deemed risky
+ coeff 3.40739 of var (x9,x17) (idx 5) in constr e148 (idx 139) is deemed risky
+ coeff -3.40739 of var (x9,x18) (idx 6) in constr e148 (idx 139) is deemed risky
+ coeff 4.0113 of var (x10,x10) (idx 7) in constr e148 (idx 139) is deemed risky
+ coeff -3.40739 of var (x10,x11) (idx 8) in constr e148 (idx 139) is deemed risky
+ coeff -2.30372 of var (x10,x12) (idx 9) in constr e148 (idx 139) is deemed risky
+ coeff 4.91883 of var (x10,x13) (idx 10) in constr e148 (idx 139) is deemed risky
+ coeff 3.40739 of var (x10,x14) (idx 11) in constr e148 (idx 139) is deemed risky
+ coeff 2.10592 of var (x10,x17) (idx 12) in constr e148 (idx 139) is deemed risky
+ coeff -2.10592 of var (x10,x18) (idx 13) in constr e148 (idx 139) is deemed risky
+ coeff 2.26963 of var (x11,x12) (idx 15) in constr e148 (idx 139) is deemed risky
+ coeff -1.48442 of var (x11,x13) (idx 16) in constr e148 (idx 139) is deemed risky
+ coeff -2 of var (x11,x14) (idx 17) in constr e148 (idx 139) is deemed risky
+ coeff 1.83868 of var (x12,x12) (idx 18) in constr e148 (idx 139) is deemed risky
+ coeff -2.26963 of var (x12,x14) (idx 19) in constr e148 (idx 139) is deemed risky
+ coeff 1.48442 of var (x12,x17) (idx 20) in constr e148 (idx 139) is deemed risky
+ coeff -1.48442 of var (x12,x18) (idx 21) in constr e148 (idx 139) is deemed risky
+ coeff 1.83868 of var (x13,x13) (idx 22) in constr e148 (idx 139) is deemed risky
+ coeff 1.48442 of var (x13,x14) (idx 23) in constr e148 (idx 139) is deemed risky
+ coeff 2.26963 of var (x13,x17) (idx 24) in constr e148 (idx 139) is deemed risky
+ coeff -2.26963 of var (x13,x18) (idx 25) in constr e148 (idx 139) is deemed risky
+ coeff -2 of var (x17,x18) (idx 28) in constr e148 (idx 139) is deemed risky
+ coeff 4.0113 of var (x9,x9) (idx 0) in constr e149 (idx 140) is deemed risky
+ coeff 2.10592 of var (x9,x11) (idx 1) in constr e149 (idx 140) is deemed risky
+ coeff -2.22945 of var (x9,x12) (idx 2) in constr e149 (idx 140) is deemed risky
+ coeff -9.4437 of var (x9,x13) (idx 3) in constr e149 (idx 140) is deemed risky
+ coeff -2.10592 of var (x9,x14) (idx 4) in constr e149 (idx 140) is deemed risky
+ coeff 3.40739 of var (x9,x17) (idx 5) in constr e149 (idx 140) is deemed risky
+ coeff -3.40739 of var (x9,x18) (idx 6) in constr e149 (idx 140) is deemed risky
+ coeff 4.0113 of var (x10,x10) (idx 7) in constr e149 (idx 140) is deemed risky
+ coeff -3.40739 of var (x10,x11) (idx 8) in constr e149 (idx 140) is deemed risky
+ coeff 9.4437 of var (x10,x12) (idx 9) in constr e149 (idx 140) is deemed risky
+ coeff -2.22945 of var (x10,x13) (idx 10) in constr e149 (idx 140) is deemed risky
+ coeff 3.40739 of var (x10,x14) (idx 11) in constr e149 (idx 140) is deemed risky
+ coeff 2.10592 of var (x10,x17) (idx 12) in constr e149 (idx 140) is deemed risky
+ coeff -2.10592 of var (x10,x18) (idx 13) in constr e149 (idx 140) is deemed risky
+ coeff -4.5962 of var (x11,x12) (idx 15) in constr e149 (idx 140) is deemed risky
+ coeff -1.53206 of var (x11,x13) (idx 16) in constr e149 (idx 140) is deemed risky
+ coeff -2 of var (x11,x14) (idx 17) in constr e149 (idx 140) is deemed risky
+ coeff 5.86805 of var (x12,x12) (idx 18) in constr e149 (idx 140) is deemed risky
+ coeff 4.5962 of var (x12,x14) (idx 19) in constr e149 (idx 140) is deemed risky
+ coeff 1.53206 of var (x12,x17) (idx 20) in constr e149 (idx 140) is deemed risky
+ coeff -1.53206 of var (x12,x18) (idx 21) in constr e149 (idx 140) is deemed risky
+ coeff 5.86805 of var (x13,x13) (idx 22) in constr e149 (idx 140) is deemed risky
+ coeff 1.53206 of var (x13,x14) (idx 23) in constr e149 (idx 140) is deemed risky
+ coeff -4.5962 of var (x13,x17) (idx 24) in constr e149 (idx 140) is deemed risky
+ coeff 4.5962 of var (x13,x18) (idx 25) in constr e149 (idx 140) is deemed risky
+ coeff -2 of var (x17,x18) (idx 28) in constr e149 (idx 140) is deemed risky
+ coeff 4.0113 of var (x9,x9) (idx 0) in constr e150 (idx 141) is deemed risky
+ coeff 2.10592 of var (x9,x11) (idx 1) in constr e150 (idx 141) is deemed risky
+ coeff -3.57157 of var (x9,x12) (idx 2) in constr e150 (idx 141) is deemed risky
+ coeff 3.75936 of var (x9,x13) (idx 3) in constr e150 (idx 141) is deemed risky
+ coeff -2.10592 of var (x9,x14) (idx 4) in constr e150 (idx 141) is deemed risky
+ coeff 3.40739 of var (x9,x17) (idx 5) in constr e150 (idx 141) is deemed risky
+ coeff -3.40739 of var (x9,x18) (idx 6) in constr e150 (idx 141) is deemed risky
+ coeff 4.0113 of var (x10,x10) (idx 7) in constr e150 (idx 141) is deemed risky
+ coeff -3.40739 of var (x10,x11) (idx 8) in constr e150 (idx 141) is deemed risky
+ coeff -3.75936 of var (x10,x12) (idx 9) in constr e150 (idx 141) is deemed risky
+ coeff -3.57157 of var (x10,x13) (idx 10) in constr e150 (idx 141) is deemed risky
+ coeff 3.40739 of var (x10,x14) (idx 11) in constr e150 (idx 141) is deemed risky
+ coeff 2.10592 of var (x10,x17) (idx 12) in constr e150 (idx 141) is deemed risky
+ coeff -2.10592 of var (x10,x18) (idx 13) in constr e150 (idx 141) is deemed risky
+ coeff 0.659161 of var (x11,x12) (idx 15) in constr e150 (idx 141) is deemed risky
+ coeff 2.50376 of var (x11,x13) (idx 16) in constr e150 (idx 141) is deemed risky
+ coeff -2 of var (x11,x14) (idx 17) in constr e150 (idx 141) is deemed risky
+ coeff 1.67582 of var (x12,x12) (idx 18) in constr e150 (idx 141) is deemed risky
+ coeff -0.659161 of var (x12,x14) (idx 19) in constr e150 (idx 141) is deemed risky
+ coeff -2.50376 of var (x12,x17) (idx 20) in constr e150 (idx 141) is deemed risky
+ coeff 2.50376 of var (x12,x18) (idx 21) in constr e150 (idx 141) is deemed risky
+ coeff 1.67582 of var (x13,x13) (idx 22) in constr e150 (idx 141) is deemed risky
+ coeff -2.50376 of var (x13,x14) (idx 23) in constr e150 (idx 141) is deemed risky
+ coeff 0.659161 of var (x13,x17) (idx 24) in constr e150 (idx 141) is deemed risky
+ coeff -0.659161 of var (x13,x18) (idx 25) in constr e150 (idx 141) is deemed risky
+ coeff -2 of var (x17,x18) (idx 28) in constr e150 (idx 141) is deemed risky
+ coeff 12.6071 of var (x3,x3) (idx 0) in constr e151 (idx 142) is deemed risky
+ coeff 6.67721 of var (x3,x5) (idx 1) in constr e151 (idx 142) is deemed risky
+ coeff -6.67721 of var (x3,x8) (idx 2) in constr e151 (idx 142) is deemed risky
+ coeff -2.4173 of var (x3,x15) (idx 3) in constr e151 (idx 142) is deemed risky
+ coeff 2.4173 of var (x3,x16) (idx 4) in constr e151 (idx 142) is deemed risky
+ coeff 12.6071 of var (x4,x4) (idx 5) in constr e151 (idx 142) is deemed risky
+ coeff 2.4173 of var (x4,x5) (idx 6) in constr e151 (idx 142) is deemed risky
+ coeff -2.4173 of var (x4,x8) (idx 7) in constr e151 (idx 142) is deemed risky
+ coeff 6.67721 of var (x4,x15) (idx 8) in constr e151 (idx 142) is deemed risky
+ coeff -6.67721 of var (x4,x16) (idx 9) in constr e151 (idx 142) is deemed risky
+ coeff -2 of var (x5,x8) (idx 11) in constr e151 (idx 142) is deemed risky
+ coeff -2 of var (x15,x16) (idx 14) in constr e151 (idx 142) is deemed risky
+ coeff 12.6071 of var (x3,x3) (idx 0) in constr e152 (idx 143) is deemed risky
+ coeff 6.67721 of var (x3,x5) (idx 1) in constr e152 (idx 143) is deemed risky
+ coeff -6.67721 of var (x3,x11) (idx 2) in constr e152 (idx 143) is deemed risky
+ coeff -2.4173 of var (x3,x15) (idx 3) in constr e152 (idx 143) is deemed risky
+ coeff 2.4173 of var (x3,x17) (idx 4) in constr e152 (idx 143) is deemed risky
+ coeff 12.6071 of var (x4,x4) (idx 5) in constr e152 (idx 143) is deemed risky
+ coeff 2.4173 of var (x4,x5) (idx 6) in constr e152 (idx 143) is deemed risky
+ coeff -2.4173 of var (x4,x11) (idx 7) in constr e152 (idx 143) is deemed risky
+ coeff 6.67721 of var (x4,x15) (idx 8) in constr e152 (idx 143) is deemed risky
+ coeff -6.67721 of var (x4,x17) (idx 9) in constr e152 (idx 143) is deemed risky
+ coeff -2 of var (x5,x11) (idx 11) in constr e152 (idx 143) is deemed risky
+ coeff -2 of var (x15,x17) (idx 14) in constr e152 (idx 143) is deemed risky
+ coeff 12.6071 of var (x3,x3) (idx 0) in constr e153 (idx 144) is deemed risky
+ coeff 6.67721 of var (x3,x5) (idx 1) in constr e153 (idx 144) is deemed risky
+ coeff -6.67721 of var (x3,x14) (idx 2) in constr e153 (idx 144) is deemed risky
+ coeff -2.4173 of var (x3,x15) (idx 3) in constr e153 (idx 144) is deemed risky
+ coeff 2.4173 of var (x3,x18) (idx 4) in constr e153 (idx 144) is deemed risky
+ coeff 12.6071 of var (x4,x4) (idx 5) in constr e153 (idx 144) is deemed risky
+ coeff 2.4173 of var (x4,x5) (idx 6) in constr e153 (idx 144) is deemed risky
+ coeff -2.4173 of var (x4,x14) (idx 7) in constr e153 (idx 144) is deemed risky
+ coeff 6.67721 of var (x4,x15) (idx 8) in constr e153 (idx 144) is deemed risky
+ coeff -6.67721 of var (x4,x18) (idx 9) in constr e153 (idx 144) is deemed risky
+ coeff -2 of var (x5,x14) (idx 11) in constr e153 (idx 144) is deemed risky
+ coeff -2 of var (x15,x18) (idx 14) in constr e153 (idx 144) is deemed risky
+ coeff 12.6071 of var (x3,x3) (idx 0) in constr e154 (idx 145) is deemed risky
+ coeff 6.67721 of var (x3,x5) (idx 1) in constr e154 (idx 145) is deemed risky
+ coeff -16.3932 of var (x3,x6) (idx 2) in constr e154 (idx 145) is deemed risky
+ coeff 1.90241 of var (x3,x7) (idx 3) in constr e154 (idx 145) is deemed risky
+ coeff -6.67721 of var (x3,x8) (idx 4) in constr e154 (idx 145) is deemed risky
+ coeff -2.4173 of var (x3,x15) (idx 5) in constr e154 (idx 145) is deemed risky
+ coeff 2.4173 of var (x3,x16) (idx 6) in constr e154 (idx 145) is deemed risky
+ coeff 12.6071 of var (x4,x4) (idx 7) in constr e154 (idx 145) is deemed risky
+ coeff 2.4173 of var (x4,x5) (idx 8) in constr e154 (idx 145) is deemed risky
+ coeff -1.90241 of var (x4,x6) (idx 9) in constr e154 (idx 145) is deemed risky
+ coeff -16.3932 of var (x4,x7) (idx 10) in constr e154 (idx 145) is deemed risky
+ coeff -2.4173 of var (x4,x8) (idx 11) in constr e154 (idx 145) is deemed risky
+ coeff 6.67721 of var (x4,x15) (idx 12) in constr e154 (idx 145) is deemed risky
+ coeff -6.67721 of var (x4,x16) (idx 13) in constr e154 (idx 145) is deemed risky
+ coeff -4.52362 of var (x5,x6) (idx 15) in constr e154 (idx 145) is deemed risky
+ coeff -1.06783 of var (x5,x7) (idx 16) in constr e154 (idx 145) is deemed risky
+ coeff -2 of var (x5,x8) (idx 17) in constr e154 (idx 145) is deemed risky
+ coeff 5.40085 of var (x6,x6) (idx 18) in constr e154 (idx 145) is deemed risky
+ coeff 4.52362 of var (x6,x8) (idx 19) in constr e154 (idx 145) is deemed risky
+ coeff 1.06783 of var (x6,x15) (idx 20) in constr e154 (idx 145) is deemed risky
+ coeff -1.06783 of var (x6,x16) (idx 21) in constr e154 (idx 145) is deemed risky
+ coeff 5.40085 of var (x7,x7) (idx 22) in constr e154 (idx 145) is deemed risky
+ coeff 1.06783 of var (x7,x8) (idx 23) in constr e154 (idx 145) is deemed risky
+ coeff -4.52362 of var (x7,x15) (idx 24) in constr e154 (idx 145) is deemed risky
+ coeff 4.52362 of var (x7,x16) (idx 25) in constr e154 (idx 145) is deemed risky
+ coeff -2 of var (x15,x16) (idx 28) in constr e154 (idx 145) is deemed risky
+ coeff 12.6071 of var (x3,x3) (idx 0) in constr e155 (idx 146) is deemed risky
+ coeff 6.67721 of var (x3,x5) (idx 1) in constr e155 (idx 146) is deemed risky
+ coeff 12.875 of var (x3,x9) (idx 2) in constr e155 (idx 146) is deemed risky
+ coeff -10.2423 of var (x3,x10) (idx 3) in constr e155 (idx 146) is deemed risky
+ coeff -6.67721 of var (x3,x11) (idx 4) in constr e155 (idx 146) is deemed risky
+ coeff -2.4173 of var (x3,x15) (idx 5) in constr e155 (idx 146) is deemed risky
+ coeff 2.4173 of var (x3,x17) (idx 6) in constr e155 (idx 146) is deemed risky
+ coeff 12.6071 of var (x4,x4) (idx 7) in constr e155 (idx 146) is deemed risky
+ coeff 2.4173 of var (x4,x5) (idx 8) in constr e155 (idx 146) is deemed risky
+ coeff 10.2423 of var (x4,x9) (idx 9) in constr e155 (idx 146) is deemed risky
+ coeff 12.875 of var (x4,x10) (idx 10) in constr e155 (idx 146) is deemed risky
+ coeff -2.4173 of var (x4,x11) (idx 11) in constr e155 (idx 146) is deemed risky
+ coeff 6.67721 of var (x4,x15) (idx 12) in constr e155 (idx 146) is deemed risky
+ coeff -6.67721 of var (x4,x17) (idx 13) in constr e155 (idx 146) is deemed risky
+ coeff 4.39148 of var (x5,x9) (idx 15) in constr e155 (idx 146) is deemed risky
+ coeff -1.47803 of var (x5,x10) (idx 16) in constr e155 (idx 146) is deemed risky
+ coeff -2 of var (x5,x11) (idx 17) in constr e155 (idx 146) is deemed risky
+ coeff 5.36741 of var (x9,x9) (idx 18) in constr e155 (idx 146) is deemed risky
+ coeff -4.39148 of var (x9,x11) (idx 19) in constr e155 (idx 146) is deemed risky
+ coeff 1.47803 of var (x9,x15) (idx 20) in constr e155 (idx 146) is deemed risky
+ coeff -1.47803 of var (x9,x17) (idx 21) in constr e155 (idx 146) is deemed risky
+ coeff 5.36741 of var (x10,x10) (idx 22) in constr e155 (idx 146) is deemed risky
+ coeff 1.47803 of var (x10,x11) (idx 23) in constr e155 (idx 146) is deemed risky
+ coeff 4.39148 of var (x10,x15) (idx 24) in constr e155 (idx 146) is deemed risky
+ coeff -4.39148 of var (x10,x17) (idx 25) in constr e155 (idx 146) is deemed risky
+ coeff -2 of var (x15,x17) (idx 28) in constr e155 (idx 146) is deemed risky
+ coeff 12.6071 of var (x3,x3) (idx 0) in constr e156 (idx 147) is deemed risky
+ coeff 6.67721 of var (x3,x5) (idx 1) in constr e156 (idx 147) is deemed risky
+ coeff -11.3177 of var (x3,x12) (idx 2) in constr e156 (idx 147) is deemed risky
+ coeff 0.289835 of var (x3,x13) (idx 3) in constr e156 (idx 147) is deemed risky
+ coeff -6.67721 of var (x3,x14) (idx 4) in constr e156 (idx 147) is deemed risky
+ coeff -2.4173 of var (x3,x15) (idx 5) in constr e156 (idx 147) is deemed risky
+ coeff 2.4173 of var (x3,x18) (idx 6) in constr e156 (idx 147) is deemed risky
+ coeff 12.6071 of var (x4,x4) (idx 7) in constr e156 (idx 147) is deemed risky
+ coeff 2.4173 of var (x4,x5) (idx 8) in constr e156 (idx 147) is deemed risky
+ coeff -0.289835 of var (x4,x12) (idx 9) in constr e156 (idx 147) is deemed risky
+ coeff -11.3177 of var (x4,x13) (idx 10) in constr e156 (idx 147) is deemed risky
+ coeff -2.4173 of var (x4,x14) (idx 11) in constr e156 (idx 147) is deemed risky
+ coeff 6.67721 of var (x4,x15) (idx 12) in constr e156 (idx 147) is deemed risky
+ coeff -6.67721 of var (x4,x18) (idx 13) in constr e156 (idx 147) is deemed risky
+ coeff -3.02493 of var (x5,x12) (idx 15) in constr e156 (idx 147) is deemed risky
+ coeff -1.00828 of var (x5,x13) (idx 16) in constr e156 (idx 147) is deemed risky
+ coeff -2 of var (x5,x14) (idx 17) in constr e156 (idx 147) is deemed risky
+ coeff 2.54171 of var (x12,x12) (idx 18) in constr e156 (idx 147) is deemed risky
+ coeff 3.02493 of var (x12,x14) (idx 19) in constr e156 (idx 147) is deemed risky
+ coeff 1.00828 of var (x12,x15) (idx 20) in constr e156 (idx 147) is deemed risky
+ coeff -1.00828 of var (x12,x18) (idx 21) in constr e156 (idx 147) is deemed risky
+ coeff 2.54171 of var (x13,x13) (idx 22) in constr e156 (idx 147) is deemed risky
+ coeff 1.00828 of var (x13,x14) (idx 23) in constr e156 (idx 147) is deemed risky
+ coeff -3.02493 of var (x13,x15) (idx 24) in constr e156 (idx 147) is deemed risky
+ coeff 3.02493 of var (x13,x18) (idx 25) in constr e156 (idx 147) is deemed risky
+ coeff -2 of var (x15,x18) (idx 28) in constr e156 (idx 147) is deemed risky
+ coeff 12.6071 of var (x3,x3) (idx 0) in constr e157 (idx 148) is deemed risky
+ coeff 6.67721 of var (x3,x5) (idx 1) in constr e157 (idx 148) is deemed risky
+ coeff 11.6318 of var (x3,x6) (idx 2) in constr e157 (idx 148) is deemed risky
+ coeff -9.69269 of var (x3,x7) (idx 3) in constr e157 (idx 148) is deemed risky
+ coeff -6.67721 of var (x3,x8) (idx 4) in constr e157 (idx 148) is deemed risky
+ coeff -2.4173 of var (x3,x15) (idx 5) in constr e157 (idx 148) is deemed risky
+ coeff 2.4173 of var (x3,x16) (idx 6) in constr e157 (idx 148) is deemed risky
+ coeff 12.6071 of var (x4,x4) (idx 7) in constr e157 (idx 148) is deemed risky
+ coeff 2.4173 of var (x4,x5) (idx 8) in constr e157 (idx 148) is deemed risky
+ coeff 9.69269 of var (x4,x6) (idx 9) in constr e157 (idx 148) is deemed risky
+ coeff 11.6318 of var (x4,x7) (idx 10) in constr e157 (idx 148) is deemed risky
+ coeff -2.4173 of var (x4,x8) (idx 11) in constr e157 (idx 148) is deemed risky
+ coeff 6.67721 of var (x4,x15) (idx 12) in constr e157 (idx 148) is deemed risky
+ coeff -6.67721 of var (x4,x16) (idx 13) in constr e157 (idx 148) is deemed risky
+ coeff 4.00955 of var (x5,x6) (idx 15) in constr e157 (idx 148) is deemed risky
+ coeff -1.45167 of var (x5,x7) (idx 16) in constr e157 (idx 148) is deemed risky
+ coeff -2 of var (x5,x8) (idx 17) in constr e157 (idx 148) is deemed risky
+ coeff 4.54596 of var (x6,x6) (idx 18) in constr e157 (idx 148) is deemed risky
+ coeff -4.00955 of var (x6,x8) (idx 19) in constr e157 (idx 148) is deemed risky
+ coeff 1.45167 of var (x6,x15) (idx 20) in constr e157 (idx 148) is deemed risky
+ coeff -1.45167 of var (x6,x16) (idx 21) in constr e157 (idx 148) is deemed risky
+ coeff 4.54596 of var (x7,x7) (idx 22) in constr e157 (idx 148) is deemed risky
+ coeff 1.45167 of var (x7,x8) (idx 23) in constr e157 (idx 148) is deemed risky
+ coeff 4.00955 of var (x7,x15) (idx 24) in constr e157 (idx 148) is deemed risky
+ coeff -4.00955 of var (x7,x16) (idx 25) in constr e157 (idx 148) is deemed risky
+ coeff -2 of var (x15,x16) (idx 28) in constr e157 (idx 148) is deemed risky
+ coeff 12.6071 of var (x3,x3) (idx 0) in constr e158 (idx 149) is deemed risky
+ coeff 6.67721 of var (x3,x5) (idx 1) in constr e158 (idx 149) is deemed risky
+ coeff -2.91249 of var (x3,x9) (idx 2) in constr e158 (idx 149) is deemed risky
+ coeff 13.9212 of var (x3,x10) (idx 3) in constr e158 (idx 149) is deemed risky
+ coeff -6.67721 of var (x3,x11) (idx 4) in constr e158 (idx 149) is deemed risky
+ coeff -2.4173 of var (x3,x15) (idx 5) in constr e158 (idx 149) is deemed risky
+ coeff 2.4173 of var (x3,x17) (idx 6) in constr e158 (idx 149) is deemed risky
+ coeff 12.6071 of var (x4,x4) (idx 7) in constr e158 (idx 149) is deemed risky
+ coeff 2.4173 of var (x4,x5) (idx 8) in constr e158 (idx 149) is deemed risky
+ coeff -13.9212 of var (x4,x9) (idx 9) in constr e158 (idx 149) is deemed risky
+ coeff -2.91249 of var (x4,x10) (idx 10) in constr e158 (idx 149) is deemed risky
+ coeff -2.4173 of var (x4,x11) (idx 11) in constr e158 (idx 149) is deemed risky
+ coeff 6.67721 of var (x4,x15) (idx 12) in constr e158 (idx 149) is deemed risky
+ coeff -6.67721 of var (x4,x17) (idx 13) in constr e158 (idx 149) is deemed risky
+ coeff -2.10592 of var (x5,x9) (idx 15) in constr e158 (idx 149) is deemed risky
+ coeff 3.40739 of var (x5,x10) (idx 16) in constr e158 (idx 149) is deemed risky
+ coeff -2 of var (x5,x11) (idx 17) in constr e158 (idx 149) is deemed risky
+ coeff 4.0113 of var (x9,x9) (idx 18) in constr e158 (idx 149) is deemed risky
+ coeff 2.10592 of var (x9,x11) (idx 19) in constr e158 (idx 149) is deemed risky
+ coeff -3.40739 of var (x9,x15) (idx 20) in constr e158 (idx 149) is deemed risky
+ coeff 3.40739 of var (x9,x17) (idx 21) in constr e158 (idx 149) is deemed risky
+ coeff 4.0113 of var (x10,x10) (idx 22) in constr e158 (idx 149) is deemed risky
+ coeff -3.40739 of var (x10,x11) (idx 23) in constr e158 (idx 149) is deemed risky
+ coeff -2.10592 of var (x10,x15) (idx 24) in constr e158 (idx 149) is deemed risky
+ coeff 2.10592 of var (x10,x17) (idx 25) in constr e158 (idx 149) is deemed risky
+ coeff -2 of var (x15,x17) (idx 28) in constr e158 (idx 149) is deemed risky
+ coeff 12.6071 of var (x3,x3) (idx 0) in constr e159 (idx 150) is deemed risky
+ coeff 6.67721 of var (x3,x5) (idx 1) in constr e159 (idx 150) is deemed risky
+ coeff 5.78325 of var (x3,x12) (idx 2) in constr e159 (idx 150) is deemed risky
+ coeff -7.69909 of var (x3,x13) (idx 3) in constr e159 (idx 150) is deemed risky
+ coeff -6.67721 of var (x3,x14) (idx 4) in constr e159 (idx 150) is deemed risky
+ coeff -2.4173 of var (x3,x15) (idx 5) in constr e159 (idx 150) is deemed risky
+ coeff 2.4173 of var (x3,x18) (idx 6) in constr e159 (idx 150) is deemed risky
+ coeff 12.6071 of var (x4,x4) (idx 7) in constr e159 (idx 150) is deemed risky
+ coeff 2.4173 of var (x4,x5) (idx 8) in constr e159 (idx 150) is deemed risky
+ coeff 7.69909 of var (x4,x12) (idx 9) in constr e159 (idx 150) is deemed risky
+ coeff 5.78325 of var (x4,x13) (idx 10) in constr e159 (idx 150) is deemed risky
+ coeff -2.4173 of var (x4,x14) (idx 11) in constr e159 (idx 150) is deemed risky
+ coeff 6.67721 of var (x4,x15) (idx 12) in constr e159 (idx 150) is deemed risky
+ coeff -6.67721 of var (x4,x18) (idx 13) in constr e159 (idx 150) is deemed risky
+ coeff 2.26963 of var (x5,x12) (idx 15) in constr e159 (idx 150) is deemed risky
+ coeff -1.48442 of var (x5,x13) (idx 16) in constr e159 (idx 150) is deemed risky
+ coeff -2 of var (x5,x14) (idx 17) in constr e159 (idx 150) is deemed risky
+ coeff 1.83868 of var (x12,x12) (idx 18) in constr e159 (idx 150) is deemed risky
+ coeff -2.26963 of var (x12,x14) (idx 19) in constr e159 (idx 150) is deemed risky
+ coeff 1.48442 of var (x12,x15) (idx 20) in constr e159 (idx 150) is deemed risky
+ coeff -1.48442 of var (x12,x18) (idx 21) in constr e159 (idx 150) is deemed risky
+ coeff 1.83868 of var (x13,x13) (idx 22) in constr e159 (idx 150) is deemed risky
+ coeff 1.48442 of var (x13,x14) (idx 23) in constr e159 (idx 150) is deemed risky
+ coeff 2.26963 of var (x13,x15) (idx 24) in constr e159 (idx 150) is deemed risky
+ coeff -2.26963 of var (x13,x18) (idx 25) in constr e159 (idx 150) is deemed risky
+ coeff -2 of var (x15,x18) (idx 28) in constr e159 (idx 150) is deemed risky
+ coeff 12.6071 of var (x3,x3) (idx 0) in constr e160 (idx 151) is deemed risky
+ coeff 6.67721 of var (x3,x5) (idx 1) in constr e160 (idx 151) is deemed risky
+ coeff -26.6615 of var (x3,x6) (idx 2) in constr e160 (idx 151) is deemed risky
+ coeff 3.09384 of var (x3,x7) (idx 3) in constr e160 (idx 151) is deemed risky
+ coeff -6.67721 of var (x3,x8) (idx 4) in constr e160 (idx 151) is deemed risky
+ coeff -2.4173 of var (x3,x15) (idx 5) in constr e160 (idx 151) is deemed risky
+ coeff 2.4173 of var (x3,x16) (idx 6) in constr e160 (idx 151) is deemed risky
+ coeff 12.6071 of var (x4,x4) (idx 7) in constr e160 (idx 151) is deemed risky
+ coeff 2.4173 of var (x4,x5) (idx 8) in constr e160 (idx 151) is deemed risky
+ coeff -3.09384 of var (x4,x6) (idx 9) in constr e160 (idx 151) is deemed risky
+ coeff -26.6615 of var (x4,x7) (idx 10) in constr e160 (idx 151) is deemed risky
+ coeff -2.4173 of var (x4,x8) (idx 11) in constr e160 (idx 151) is deemed risky
+ coeff 6.67721 of var (x4,x15) (idx 12) in constr e160 (idx 151) is deemed risky
+ coeff -6.67721 of var (x4,x16) (idx 13) in constr e160 (idx 151) is deemed risky
+ coeff -7.35708 of var (x5,x6) (idx 15) in constr e160 (idx 151) is deemed risky
+ coeff -1.73674 of var (x5,x7) (idx 16) in constr e160 (idx 151) is deemed risky
+ coeff -2 of var (x5,x8) (idx 17) in constr e160 (idx 151) is deemed risky
+ coeff 14.2857 of var (x6,x6) (idx 18) in constr e160 (idx 151) is deemed risky
+ coeff 7.35708 of var (x6,x8) (idx 19) in constr e160 (idx 151) is deemed risky
+ coeff 1.73674 of var (x6,x15) (idx 20) in constr e160 (idx 151) is deemed risky
+ coeff -1.73674 of var (x6,x16) (idx 21) in constr e160 (idx 151) is deemed risky
+ coeff 14.2857 of var (x7,x7) (idx 22) in constr e160 (idx 151) is deemed risky
+ coeff 1.73674 of var (x7,x8) (idx 23) in constr e160 (idx 151) is deemed risky
+ coeff -7.35708 of var (x7,x15) (idx 24) in constr e160 (idx 151) is deemed risky
+ coeff 7.35708 of var (x7,x16) (idx 25) in constr e160 (idx 151) is deemed risky
+ coeff -2 of var (x15,x16) (idx 28) in constr e160 (idx 151) is deemed risky
+ coeff 12.6071 of var (x3,x3) (idx 0) in constr e161 (idx 152) is deemed risky
+ coeff 6.67721 of var (x3,x5) (idx 1) in constr e161 (idx 152) is deemed risky
+ coeff 9.15271 of var (x3,x9) (idx 2) in constr e161 (idx 152) is deemed risky
+ coeff -5.98576 of var (x3,x10) (idx 3) in constr e161 (idx 152) is deemed risky
+ coeff -6.67721 of var (x3,x11) (idx 4) in constr e161 (idx 152) is deemed risky
+ coeff -2.4173 of var (x3,x15) (idx 5) in constr e161 (idx 152) is deemed risky
+ coeff 2.4173 of var (x3,x17) (idx 6) in constr e161 (idx 152) is deemed risky
+ coeff 12.6071 of var (x4,x4) (idx 7) in constr e161 (idx 152) is deemed risky
+ coeff 2.4173 of var (x4,x5) (idx 8) in constr e161 (idx 152) is deemed risky
+ coeff 5.98576 of var (x4,x9) (idx 9) in constr e161 (idx 152) is deemed risky
+ coeff 9.15271 of var (x4,x10) (idx 10) in constr e161 (idx 152) is deemed risky
+ coeff -2.4173 of var (x4,x11) (idx 11) in constr e161 (idx 152) is deemed risky
+ coeff 6.67721 of var (x4,x15) (idx 12) in constr e161 (idx 152) is deemed risky
+ coeff -6.67721 of var (x4,x17) (idx 13) in constr e161 (idx 152) is deemed risky
+ coeff 2.99767 of var (x5,x9) (idx 15) in constr e161 (idx 152) is deemed risky
+ coeff -0.70767 of var (x5,x10) (idx 16) in constr e161 (idx 152) is deemed risky
+ coeff -2 of var (x5,x11) (idx 17) in constr e161 (idx 152) is deemed risky
+ coeff 2.3717 of var (x9,x9) (idx 18) in constr e161 (idx 152) is deemed risky
+ coeff -2.99767 of var (x9,x11) (idx 19) in constr e161 (idx 152) is deemed risky
+ coeff 0.70767 of var (x9,x15) (idx 20) in constr e161 (idx 152) is deemed risky
+ coeff -0.70767 of var (x9,x17) (idx 21) in constr e161 (idx 152) is deemed risky
+ coeff 2.3717 of var (x10,x10) (idx 22) in constr e161 (idx 152) is deemed risky
+ coeff 0.70767 of var (x10,x11) (idx 23) in constr e161 (idx 152) is deemed risky
+ coeff 2.99767 of var (x10,x15) (idx 24) in constr e161 (idx 152) is deemed risky
+ coeff -2.99767 of var (x10,x17) (idx 25) in constr e161 (idx 152) is deemed risky
+ coeff -2 of var (x15,x17) (idx 28) in constr e161 (idx 152) is deemed risky
+ coeff 12.6071 of var (x3,x3) (idx 0) in constr e162 (idx 153) is deemed risky
+ coeff 6.67721 of var (x3,x5) (idx 1) in constr e162 (idx 153) is deemed risky
+ coeff -17.1966 of var (x3,x12) (idx 2) in constr e162 (idx 153) is deemed risky
+ coeff 0.440254 of var (x3,x13) (idx 3) in constr e162 (idx 153) is deemed risky
+ coeff -6.67721 of var (x3,x14) (idx 4) in constr e162 (idx 153) is deemed risky
+ coeff -2.4173 of var (x3,x15) (idx 5) in constr e162 (idx 153) is deemed risky
+ coeff 2.4173 of var (x3,x18) (idx 6) in constr e162 (idx 153) is deemed risky
+ coeff 12.6071 of var (x4,x4) (idx 7) in constr e162 (idx 153) is deemed risky
+ coeff 2.4173 of var (x4,x5) (idx 8) in constr e162 (idx 153) is deemed risky
+ coeff -0.440254 of var (x4,x12) (idx 9) in constr e162 (idx 153) is deemed risky
+ coeff -17.1966 of var (x4,x13) (idx 10) in constr e162 (idx 153) is deemed risky
+ coeff -2.4173 of var (x4,x14) (idx 11) in constr e162 (idx 153) is deemed risky
+ coeff 6.67721 of var (x4,x15) (idx 12) in constr e162 (idx 153) is deemed risky
+ coeff -6.67721 of var (x4,x18) (idx 13) in constr e162 (idx 153) is deemed risky
+ coeff -4.5962 of var (x5,x12) (idx 15) in constr e162 (idx 153) is deemed risky
+ coeff -1.53206 of var (x5,x13) (idx 16) in constr e162 (idx 153) is deemed risky
+ coeff -2 of var (x5,x14) (idx 17) in constr e162 (idx 153) is deemed risky
+ coeff 5.86805 of var (x12,x12) (idx 18) in constr e162 (idx 153) is deemed risky
+ coeff 4.5962 of var (x12,x14) (idx 19) in constr e162 (idx 153) is deemed risky
+ coeff 1.53206 of var (x12,x15) (idx 20) in constr e162 (idx 153) is deemed risky
+ coeff -1.53206 of var (x12,x18) (idx 21) in constr e162 (idx 153) is deemed risky
+ coeff 5.86805 of var (x13,x13) (idx 22) in constr e162 (idx 153) is deemed risky
+ coeff 1.53206 of var (x13,x14) (idx 23) in constr e162 (idx 153) is deemed risky
+ coeff -4.5962 of var (x13,x15) (idx 24) in constr e162 (idx 153) is deemed risky
+ coeff 4.5962 of var (x13,x18) (idx 25) in constr e162 (idx 153) is deemed risky
+ coeff -2 of var (x15,x18) (idx 28) in constr e162 (idx 153) is deemed risky
+ coeff 12.6071 of var (x3,x3) (idx 0) in constr e163 (idx 154) is deemed risky
+ coeff 6.67721 of var (x3,x5) (idx 1) in constr e163 (idx 154) is deemed risky
+ coeff -33.0928 of var (x3,x6) (idx 2) in constr e163 (idx 154) is deemed risky
+ coeff 3.84023 of var (x3,x7) (idx 3) in constr e163 (idx 154) is deemed risky
+ coeff -6.67721 of var (x3,x8) (idx 4) in constr e163 (idx 154) is deemed risky
+ coeff -2.4173 of var (x3,x15) (idx 5) in constr e163 (idx 154) is deemed risky
+ coeff 2.4173 of var (x3,x16) (idx 6) in constr e163 (idx 154) is deemed risky
+ coeff 12.6071 of var (x4,x4) (idx 7) in constr e163 (idx 154) is deemed risky
+ coeff 2.4173 of var (x4,x5) (idx 8) in constr e163 (idx 154) is deemed risky
+ coeff -3.84023 of var (x4,x6) (idx 9) in constr e163 (idx 154) is deemed risky
+ coeff -33.0928 of var (x4,x7) (idx 10) in constr e163 (idx 154) is deemed risky
+ coeff -2.4173 of var (x4,x8) (idx 11) in constr e163 (idx 154) is deemed risky
+ coeff 6.67721 of var (x4,x15) (idx 12) in constr e163 (idx 154) is deemed risky
+ coeff -6.67721 of var (x4,x16) (idx 13) in constr e163 (idx 154) is deemed risky
+ coeff -9.13177 of var (x5,x6) (idx 15) in constr e163 (idx 154) is deemed risky
+ coeff -2.15565 of var (x5,x7) (idx 16) in constr e163 (idx 154) is deemed risky
+ coeff -2 of var (x5,x8) (idx 17) in constr e163 (idx 154) is deemed risky
+ coeff 22.009 of var (x6,x6) (idx 18) in constr e163 (idx 154) is deemed risky
+ coeff 9.13177 of var (x6,x8) (idx 19) in constr e163 (idx 154) is deemed risky
+ coeff 2.15565 of var (x6,x15) (idx 20) in constr e163 (idx 154) is deemed risky
+ coeff -2.15565 of var (x6,x16) (idx 21) in constr e163 (idx 154) is deemed risky
+ coeff 22.009 of var (x7,x7) (idx 22) in constr e163 (idx 154) is deemed risky
+ coeff 2.15565 of var (x7,x8) (idx 23) in constr e163 (idx 154) is deemed risky
+ coeff -9.13177 of var (x7,x15) (idx 24) in constr e163 (idx 154) is deemed risky
+ coeff 9.13177 of var (x7,x16) (idx 25) in constr e163 (idx 154) is deemed risky
+ coeff -2 of var (x15,x16) (idx 28) in constr e163 (idx 154) is deemed risky
+ coeff 12.6071 of var (x3,x3) (idx 0) in constr e164 (idx 155) is deemed risky
+ coeff 6.67721 of var (x3,x5) (idx 1) in constr e164 (idx 155) is deemed risky
+ coeff -11.5111 of var (x3,x9) (idx 2) in constr e164 (idx 155) is deemed risky
+ coeff -5.39205 of var (x3,x10) (idx 3) in constr e164 (idx 155) is deemed risky
+ coeff -6.67721 of var (x3,x11) (idx 4) in constr e164 (idx 155) is deemed risky
+ coeff -2.4173 of var (x3,x15) (idx 5) in constr e164 (idx 155) is deemed risky
+ coeff 2.4173 of var (x3,x17) (idx 6) in constr e164 (idx 155) is deemed risky
+ coeff 12.6071 of var (x4,x4) (idx 7) in constr e164 (idx 155) is deemed risky
+ coeff 2.4173 of var (x4,x5) (idx 8) in constr e164 (idx 155) is deemed risky
+ coeff 5.39205 of var (x4,x9) (idx 9) in constr e164 (idx 155) is deemed risky
+ coeff -11.5111 of var (x4,x10) (idx 10) in constr e164 (idx 155) is deemed risky
+ coeff -2.4173 of var (x4,x11) (idx 11) in constr e164 (idx 155) is deemed risky
+ coeff 6.67721 of var (x4,x15) (idx 12) in constr e164 (idx 155) is deemed risky
+ coeff -6.67721 of var (x4,x17) (idx 13) in constr e164 (idx 155) is deemed risky
+ coeff -2.53143 of var (x5,x9) (idx 15) in constr e164 (idx 155) is deemed risky
+ coeff -2.53149 of var (x5,x10) (idx 16) in constr e164 (idx 155) is deemed risky
+ coeff -2 of var (x5,x11) (idx 17) in constr e164 (idx 155) is deemed risky
+ coeff 3.20415 of var (x9,x9) (idx 18) in constr e164 (idx 155) is deemed risky
+ coeff 2.53143 of var (x9,x11) (idx 19) in constr e164 (idx 155) is deemed risky
+ coeff 2.53149 of var (x9,x15) (idx 20) in constr e164 (idx 155) is deemed risky
+ coeff -2.53149 of var (x9,x17) (idx 21) in constr e164 (idx 155) is deemed risky
+ coeff 3.20415 of var (x10,x10) (idx 22) in constr e164 (idx 155) is deemed risky
+ coeff 2.53149 of var (x10,x11) (idx 23) in constr e164 (idx 155) is deemed risky
+ coeff -2.53143 of var (x10,x15) (idx 24) in constr e164 (idx 155) is deemed risky
+ coeff 2.53143 of var (x10,x17) (idx 25) in constr e164 (idx 155) is deemed risky
+ coeff -2 of var (x15,x17) (idx 28) in constr e164 (idx 155) is deemed risky
+ coeff 12.6071 of var (x3,x3) (idx 0) in constr e165 (idx 156) is deemed risky
+ coeff 6.67721 of var (x3,x5) (idx 1) in constr e165 (idx 156) is deemed risky
+ coeff 5.22684 of var (x3,x12) (idx 2) in constr e165 (idx 156) is deemed risky
+ coeff 7.56237 of var (x3,x13) (idx 3) in constr e165 (idx 156) is deemed risky
+ coeff -6.67721 of var (x3,x14) (idx 4) in constr e165 (idx 156) is deemed risky
+ coeff -2.4173 of var (x3,x15) (idx 5) in constr e165 (idx 156) is deemed risky
+ coeff 2.4173 of var (x3,x18) (idx 6) in constr e165 (idx 156) is deemed risky
+ coeff 12.6071 of var (x4,x4) (idx 7) in constr e165 (idx 156) is deemed risky
+ coeff 2.4173 of var (x4,x5) (idx 8) in constr e165 (idx 156) is deemed risky
+ coeff -7.56237 of var (x4,x12) (idx 9) in constr e165 (idx 156) is deemed risky
+ coeff 5.22684 of var (x4,x13) (idx 10) in constr e165 (idx 156) is deemed risky
+ coeff -2.4173 of var (x4,x14) (idx 11) in constr e165 (idx 156) is deemed risky
+ coeff 6.67721 of var (x4,x15) (idx 12) in constr e165 (idx 156) is deemed risky
+ coeff -6.67721 of var (x4,x18) (idx 13) in constr e165 (idx 156) is deemed risky
+ coeff 0.659161 of var (x5,x12) (idx 15) in constr e165 (idx 156) is deemed risky
+ coeff 2.50376 of var (x5,x13) (idx 16) in constr e165 (idx 156) is deemed risky
+ coeff -2 of var (x5,x14) (idx 17) in constr e165 (idx 156) is deemed risky
+ coeff 1.67582 of var (x12,x12) (idx 18) in constr e165 (idx 156) is deemed risky
+ coeff -0.659161 of var (x12,x14) (idx 19) in constr e165 (idx 156) is deemed risky
+ coeff -2.50376 of var (x12,x15) (idx 20) in constr e165 (idx 156) is deemed risky
+ coeff 2.50376 of var (x12,x18) (idx 21) in constr e165 (idx 156) is deemed risky
+ coeff 1.67582 of var (x13,x13) (idx 22) in constr e165 (idx 156) is deemed risky
+ coeff -2.50376 of var (x13,x14) (idx 23) in constr e165 (idx 156) is deemed risky
+ coeff 0.659161 of var (x13,x15) (idx 24) in constr e165 (idx 156) is deemed risky
+ coeff -0.659161 of var (x13,x18) (idx 25) in constr e165 (idx 156) is deemed risky
+ coeff -2 of var (x15,x18) (idx 28) in constr e165 (idx 156) is deemed risky
+ coeff 14.2857 of var (x6,x6) (idx 0) in constr e166 (idx 157) is deemed risky
+ coeff 7.35708 of var (x6,x8) (idx 1) in constr e166 (idx 157) is deemed risky
+ coeff -7.35708 of var (x6,x11) (idx 2) in constr e166 (idx 157) is deemed risky
+ coeff -1.73674 of var (x6,x16) (idx 3) in constr e166 (idx 157) is deemed risky
+ coeff 1.73674 of var (x6,x17) (idx 4) in constr e166 (idx 157) is deemed risky
+ coeff 14.2857 of var (x7,x7) (idx 5) in constr e166 (idx 157) is deemed risky
+ coeff 1.73674 of var (x7,x8) (idx 6) in constr e166 (idx 157) is deemed risky
+ coeff -1.73674 of var (x7,x11) (idx 7) in constr e166 (idx 157) is deemed risky
+ coeff 7.35708 of var (x7,x16) (idx 8) in constr e166 (idx 157) is deemed risky
+ coeff -7.35708 of var (x7,x17) (idx 9) in constr e166 (idx 157) is deemed risky
+ coeff -2 of var (x8,x11) (idx 11) in constr e166 (idx 157) is deemed risky
+ coeff -2 of var (x16,x17) (idx 14) in constr e166 (idx 157) is deemed risky
+ coeff 14.2857 of var (x6,x6) (idx 0) in constr e167 (idx 158) is deemed risky
+ coeff 7.35708 of var (x6,x8) (idx 1) in constr e167 (idx 158) is deemed risky
+ coeff -7.35708 of var (x6,x14) (idx 2) in constr e167 (idx 158) is deemed risky
+ coeff -1.73674 of var (x6,x16) (idx 3) in constr e167 (idx 158) is deemed risky
+ coeff 1.73674 of var (x6,x18) (idx 4) in constr e167 (idx 158) is deemed risky
+ coeff 14.2857 of var (x7,x7) (idx 5) in constr e167 (idx 158) is deemed risky
+ coeff 1.73674 of var (x7,x8) (idx 6) in constr e167 (idx 158) is deemed risky
+ coeff -1.73674 of var (x7,x14) (idx 7) in constr e167 (idx 158) is deemed risky
+ coeff 7.35708 of var (x7,x16) (idx 8) in constr e167 (idx 158) is deemed risky
+ coeff -7.35708 of var (x7,x18) (idx 9) in constr e167 (idx 158) is deemed risky
+ coeff -2 of var (x8,x14) (idx 11) in constr e167 (idx 158) is deemed risky
+ coeff -2 of var (x16,x18) (idx 14) in constr e167 (idx 158) is deemed risky
+ coeff 14.2857 of var (x6,x6) (idx 0) in constr e168 (idx 159) is deemed risky
+ coeff 7.35708 of var (x6,x8) (idx 1) in constr e168 (idx 159) is deemed risky
+ coeff 14.8708 of var (x6,x9) (idx 2) in constr e168 (idx 159) is deemed risky
+ coeff -9.2504 of var (x6,x10) (idx 3) in constr e168 (idx 159) is deemed risky
+ coeff -7.35708 of var (x6,x11) (idx 4) in constr e168 (idx 159) is deemed risky
+ coeff -1.73674 of var (x6,x16) (idx 5) in constr e168 (idx 159) is deemed risky
+ coeff 1.73674 of var (x6,x17) (idx 6) in constr e168 (idx 159) is deemed risky
+ coeff 14.2857 of var (x7,x7) (idx 7) in constr e168 (idx 159) is deemed risky
+ coeff 1.73674 of var (x7,x8) (idx 8) in constr e168 (idx 159) is deemed risky
+ coeff 9.2504 of var (x7,x9) (idx 9) in constr e168 (idx 159) is deemed risky
+ coeff 14.8708 of var (x7,x10) (idx 10) in constr e168 (idx 159) is deemed risky
+ coeff -1.73674 of var (x7,x11) (idx 11) in constr e168 (idx 159) is deemed risky
+ coeff 7.35708 of var (x7,x16) (idx 12) in constr e168 (idx 159) is deemed risky
+ coeff -7.35708 of var (x7,x17) (idx 13) in constr e168 (idx 159) is deemed risky
+ coeff 4.39148 of var (x8,x9) (idx 15) in constr e168 (idx 159) is deemed risky
+ coeff -1.47803 of var (x8,x10) (idx 16) in constr e168 (idx 159) is deemed risky
+ coeff -2 of var (x8,x11) (idx 17) in constr e168 (idx 159) is deemed risky
+ coeff 5.36741 of var (x9,x9) (idx 18) in constr e168 (idx 159) is deemed risky
+ coeff -4.39148 of var (x9,x11) (idx 19) in constr e168 (idx 159) is deemed risky
+ coeff 1.47803 of var (x9,x16) (idx 20) in constr e168 (idx 159) is deemed risky
+ coeff -1.47803 of var (x9,x17) (idx 21) in constr e168 (idx 159) is deemed risky
+ coeff 5.36741 of var (x10,x10) (idx 22) in constr e168 (idx 159) is deemed risky
+ coeff 1.47803 of var (x10,x11) (idx 23) in constr e168 (idx 159) is deemed risky
+ coeff 4.39148 of var (x10,x16) (idx 24) in constr e168 (idx 159) is deemed risky
+ coeff -4.39148 of var (x10,x17) (idx 25) in constr e168 (idx 159) is deemed risky
+ coeff -2 of var (x16,x17) (idx 28) in constr e168 (idx 159) is deemed risky
+ coeff 14.2857 of var (x6,x6) (idx 0) in constr e169 (idx 160) is deemed risky
+ coeff 7.35708 of var (x6,x8) (idx 1) in constr e169 (idx 160) is deemed risky
+ coeff -12.0029 of var (x6,x12) (idx 2) in constr e169 (idx 160) is deemed risky
+ coeff -1.08224 of var (x6,x13) (idx 3) in constr e169 (idx 160) is deemed risky
+ coeff -7.35708 of var (x6,x14) (idx 4) in constr e169 (idx 160) is deemed risky
+ coeff -1.73674 of var (x6,x16) (idx 5) in constr e169 (idx 160) is deemed risky
+ coeff 1.73674 of var (x6,x18) (idx 6) in constr e169 (idx 160) is deemed risky
+ coeff 14.2857 of var (x7,x7) (idx 7) in constr e169 (idx 160) is deemed risky
+ coeff 1.73674 of var (x7,x8) (idx 8) in constr e169 (idx 160) is deemed risky
+ coeff 1.08224 of var (x7,x12) (idx 9) in constr e169 (idx 160) is deemed risky
+ coeff -12.0029 of var (x7,x13) (idx 10) in constr e169 (idx 160) is deemed risky
+ coeff -1.73674 of var (x7,x14) (idx 11) in constr e169 (idx 160) is deemed risky
+ coeff 7.35708 of var (x7,x16) (idx 12) in constr e169 (idx 160) is deemed risky
+ coeff -7.35708 of var (x7,x18) (idx 13) in constr e169 (idx 160) is deemed risky
+ coeff -3.02493 of var (x8,x12) (idx 15) in constr e169 (idx 160) is deemed risky
+ coeff -1.00828 of var (x8,x13) (idx 16) in constr e169 (idx 160) is deemed risky
+ coeff -2 of var (x8,x14) (idx 17) in constr e169 (idx 160) is deemed risky
+ coeff 2.54171 of var (x12,x12) (idx 18) in constr e169 (idx 160) is deemed risky
+ coeff 3.02493 of var (x12,x14) (idx 19) in constr e169 (idx 160) is deemed risky
+ coeff 1.00828 of var (x12,x16) (idx 20) in constr e169 (idx 160) is deemed risky
+ coeff -1.00828 of var (x12,x18) (idx 21) in constr e169 (idx 160) is deemed risky
+ coeff 2.54171 of var (x13,x13) (idx 22) in constr e169 (idx 160) is deemed risky
+ coeff 1.00828 of var (x13,x14) (idx 23) in constr e169 (idx 160) is deemed risky
+ coeff -3.02493 of var (x13,x16) (idx 24) in constr e169 (idx 160) is deemed risky
+ coeff 3.02493 of var (x13,x18) (idx 25) in constr e169 (idx 160) is deemed risky
+ coeff -2 of var (x16,x18) (idx 28) in constr e169 (idx 160) is deemed risky
+ coeff 14.2857 of var (x6,x6) (idx 0) in constr e170 (idx 161) is deemed risky
+ coeff 7.35708 of var (x6,x8) (idx 1) in constr e170 (idx 161) is deemed risky
+ coeff -4.78782 of var (x6,x9) (idx 2) in constr e170 (idx 161) is deemed risky
+ coeff 14.3629 of var (x6,x10) (idx 3) in constr e170 (idx 161) is deemed risky
+ coeff -7.35708 of var (x6,x11) (idx 4) in constr e170 (idx 161) is deemed risky
+ coeff -1.73674 of var (x6,x16) (idx 5) in constr e170 (idx 161) is deemed risky
+ coeff 1.73674 of var (x6,x17) (idx 6) in constr e170 (idx 161) is deemed risky
+ coeff 14.2857 of var (x7,x7) (idx 7) in constr e170 (idx 161) is deemed risky
+ coeff 1.73674 of var (x7,x8) (idx 8) in constr e170 (idx 161) is deemed risky
+ coeff -14.3629 of var (x7,x9) (idx 9) in constr e170 (idx 161) is deemed risky
+ coeff -4.78782 of var (x7,x10) (idx 10) in constr e170 (idx 161) is deemed risky
+ coeff -1.73674 of var (x7,x11) (idx 11) in constr e170 (idx 161) is deemed risky
+ coeff 7.35708 of var (x7,x16) (idx 12) in constr e170 (idx 161) is deemed risky
+ coeff -7.35708 of var (x7,x17) (idx 13) in constr e170 (idx 161) is deemed risky
+ coeff -2.10592 of var (x8,x9) (idx 15) in constr e170 (idx 161) is deemed risky
+ coeff 3.40739 of var (x8,x10) (idx 16) in constr e170 (idx 161) is deemed risky
+ coeff -2 of var (x8,x11) (idx 17) in constr e170 (idx 161) is deemed risky
+ coeff 4.0113 of var (x9,x9) (idx 18) in constr e170 (idx 161) is deemed risky
+ coeff 2.10592 of var (x9,x11) (idx 19) in constr e170 (idx 161) is deemed risky
+ coeff -3.40739 of var (x9,x16) (idx 20) in constr e170 (idx 161) is deemed risky
+ coeff 3.40739 of var (x9,x17) (idx 21) in constr e170 (idx 161) is deemed risky
+ coeff 4.0113 of var (x10,x10) (idx 22) in constr e170 (idx 161) is deemed risky
+ coeff -3.40739 of var (x10,x11) (idx 23) in constr e170 (idx 161) is deemed risky
+ coeff -2.10592 of var (x10,x16) (idx 24) in constr e170 (idx 161) is deemed risky
+ coeff 2.10592 of var (x10,x17) (idx 25) in constr e170 (idx 161) is deemed risky
+ coeff -2 of var (x16,x17) (idx 28) in constr e170 (idx 161) is deemed risky
+ coeff 14.2857 of var (x6,x6) (idx 0) in constr e171 (idx 162) is deemed risky
+ coeff 7.35708 of var (x6,x8) (idx 1) in constr e171 (idx 162) is deemed risky
+ coeff 7.05988 of var (x6,x12) (idx 2) in constr e171 (idx 162) is deemed risky
+ coeff -7.43139 of var (x6,x13) (idx 3) in constr e171 (idx 162) is deemed risky
+ coeff -7.35708 of var (x6,x14) (idx 4) in constr e171 (idx 162) is deemed risky
+ coeff -1.73674 of var (x6,x16) (idx 5) in constr e171 (idx 162) is deemed risky
+ coeff 1.73674 of var (x6,x18) (idx 6) in constr e171 (idx 162) is deemed risky
+ coeff 14.2857 of var (x7,x7) (idx 7) in constr e171 (idx 162) is deemed risky
+ coeff 1.73674 of var (x7,x8) (idx 8) in constr e171 (idx 162) is deemed risky
+ coeff 7.43139 of var (x7,x12) (idx 9) in constr e171 (idx 162) is deemed risky
+ coeff 7.05988 of var (x7,x13) (idx 10) in constr e171 (idx 162) is deemed risky
+ coeff -1.73674 of var (x7,x14) (idx 11) in constr e171 (idx 162) is deemed risky
+ coeff 7.35708 of var (x7,x16) (idx 12) in constr e171 (idx 162) is deemed risky
+ coeff -7.35708 of var (x7,x18) (idx 13) in constr e171 (idx 162) is deemed risky
+ coeff 2.26963 of var (x8,x12) (idx 15) in constr e171 (idx 162) is deemed risky
+ coeff -1.48442 of var (x8,x13) (idx 16) in constr e171 (idx 162) is deemed risky
+ coeff -2 of var (x8,x14) (idx 17) in constr e171 (idx 162) is deemed risky
+ coeff 1.83868 of var (x12,x12) (idx 18) in constr e171 (idx 162) is deemed risky
+ coeff -2.26963 of var (x12,x14) (idx 19) in constr e171 (idx 162) is deemed risky
+ coeff 1.48442 of var (x12,x16) (idx 20) in constr e171 (idx 162) is deemed risky
+ coeff -1.48442 of var (x12,x18) (idx 21) in constr e171 (idx 162) is deemed risky
+ coeff 1.83868 of var (x13,x13) (idx 22) in constr e171 (idx 162) is deemed risky
+ coeff 1.48442 of var (x13,x14) (idx 23) in constr e171 (idx 162) is deemed risky
+ coeff 2.26963 of var (x13,x16) (idx 24) in constr e171 (idx 162) is deemed risky
+ coeff -2.26963 of var (x13,x18) (idx 25) in constr e171 (idx 162) is deemed risky
+ coeff -2 of var (x16,x18) (idx 28) in constr e171 (idx 162) is deemed risky
+ coeff 14.2857 of var (x6,x6) (idx 0) in constr e172 (idx 163) is deemed risky
+ coeff 7.35708 of var (x6,x8) (idx 1) in constr e172 (idx 163) is deemed risky
+ coeff 10.4125 of var (x6,x9) (idx 2) in constr e172 (idx 163) is deemed risky
+ coeff -5.20627 of var (x6,x10) (idx 3) in constr e172 (idx 163) is deemed risky
+ coeff -7.35708 of var (x6,x11) (idx 4) in constr e172 (idx 163) is deemed risky
+ coeff -1.73674 of var (x6,x16) (idx 5) in constr e172 (idx 163) is deemed risky
+ coeff 1.73674 of var (x6,x17) (idx 6) in constr e172 (idx 163) is deemed risky
+ coeff 14.2857 of var (x7,x7) (idx 7) in constr e172 (idx 163) is deemed risky
+ coeff 1.73674 of var (x7,x8) (idx 8) in constr e172 (idx 163) is deemed risky
+ coeff 5.20627 of var (x7,x9) (idx 9) in constr e172 (idx 163) is deemed risky
+ coeff 10.4125 of var (x7,x10) (idx 10) in constr e172 (idx 163) is deemed risky
+ coeff -1.73674 of var (x7,x11) (idx 11) in constr e172 (idx 163) is deemed risky
+ coeff 7.35708 of var (x7,x16) (idx 12) in constr e172 (idx 163) is deemed risky
+ coeff -7.35708 of var (x7,x17) (idx 13) in constr e172 (idx 163) is deemed risky
+ coeff 2.99767 of var (x8,x9) (idx 15) in constr e172 (idx 163) is deemed risky
+ coeff -0.70767 of var (x8,x10) (idx 16) in constr e172 (idx 163) is deemed risky
+ coeff -2 of var (x8,x11) (idx 17) in constr e172 (idx 163) is deemed risky
+ coeff 2.3717 of var (x9,x9) (idx 18) in constr e172 (idx 163) is deemed risky
+ coeff -2.99767 of var (x9,x11) (idx 19) in constr e172 (idx 163) is deemed risky
+ coeff 0.70767 of var (x9,x16) (idx 20) in constr e172 (idx 163) is deemed risky
+ coeff -0.70767 of var (x9,x17) (idx 21) in constr e172 (idx 163) is deemed risky
+ coeff 2.3717 of var (x10,x10) (idx 22) in constr e172 (idx 163) is deemed risky
+ coeff 0.70767 of var (x10,x11) (idx 23) in constr e172 (idx 163) is deemed risky
+ coeff 2.99767 of var (x10,x16) (idx 24) in constr e172 (idx 163) is deemed risky
+ coeff -2.99767 of var (x10,x17) (idx 25) in constr e172 (idx 163) is deemed risky
+ coeff -2 of var (x16,x17) (idx 28) in constr e172 (idx 163) is deemed risky
+ coeff 14.2857 of var (x6,x6) (idx 0) in constr e173 (idx 164) is deemed risky
+ coeff 7.35708 of var (x6,x8) (idx 1) in constr e173 (idx 164) is deemed risky
+ coeff -18.2377 of var (x6,x12) (idx 2) in constr e173 (idx 164) is deemed risky
+ coeff -1.64454 of var (x6,x13) (idx 3) in constr e173 (idx 164) is deemed risky
+ coeff -7.35708 of var (x6,x14) (idx 4) in constr e173 (idx 164) is deemed risky
+ coeff -1.73674 of var (x6,x16) (idx 5) in constr e173 (idx 164) is deemed risky
+ coeff 1.73674 of var (x6,x18) (idx 6) in constr e173 (idx 164) is deemed risky
+ coeff 14.2857 of var (x7,x7) (idx 7) in constr e173 (idx 164) is deemed risky
+ coeff 1.73674 of var (x7,x8) (idx 8) in constr e173 (idx 164) is deemed risky
+ coeff 1.64454 of var (x7,x12) (idx 9) in constr e173 (idx 164) is deemed risky
+ coeff -18.2377 of var (x7,x13) (idx 10) in constr e173 (idx 164) is deemed risky
+ coeff -1.73674 of var (x7,x14) (idx 11) in constr e173 (idx 164) is deemed risky
+ coeff 7.35708 of var (x7,x16) (idx 12) in constr e173 (idx 164) is deemed risky
+ coeff -7.35708 of var (x7,x18) (idx 13) in constr e173 (idx 164) is deemed risky
+ coeff -4.5962 of var (x8,x12) (idx 15) in constr e173 (idx 164) is deemed risky
+ coeff -1.53206 of var (x8,x13) (idx 16) in constr e173 (idx 164) is deemed risky
+ coeff -2 of var (x8,x14) (idx 17) in constr e173 (idx 164) is deemed risky
+ coeff 5.86805 of var (x12,x12) (idx 18) in constr e173 (idx 164) is deemed risky
+ coeff 4.5962 of var (x12,x14) (idx 19) in constr e173 (idx 164) is deemed risky
+ coeff 1.53206 of var (x12,x16) (idx 20) in constr e173 (idx 164) is deemed risky
+ coeff -1.53206 of var (x12,x18) (idx 21) in constr e173 (idx 164) is deemed risky
+ coeff 5.86805 of var (x13,x13) (idx 22) in constr e173 (idx 164) is deemed risky
+ coeff 1.53206 of var (x13,x14) (idx 23) in constr e173 (idx 164) is deemed risky
+ coeff -4.5962 of var (x13,x16) (idx 24) in constr e173 (idx 164) is deemed risky
+ coeff 4.5962 of var (x13,x18) (idx 25) in constr e173 (idx 164) is deemed risky
+ coeff -2 of var (x16,x18) (idx 28) in constr e173 (idx 164) is deemed risky
+ coeff 14.2857 of var (x6,x6) (idx 0) in constr e174 (idx 165) is deemed risky
+ coeff 7.35708 of var (x6,x8) (idx 1) in constr e174 (idx 165) is deemed risky
+ coeff -11.5102 of var (x6,x9) (idx 2) in constr e174 (idx 165) is deemed risky
+ coeff -7.11398 of var (x6,x10) (idx 3) in constr e174 (idx 165) is deemed risky
+ coeff -7.35708 of var (x6,x11) (idx 4) in constr e174 (idx 165) is deemed risky
+ coeff -1.73674 of var (x6,x16) (idx 5) in constr e174 (idx 165) is deemed risky
+ coeff 1.73674 of var (x6,x17) (idx 6) in constr e174 (idx 165) is deemed risky
+ coeff 14.2857 of var (x7,x7) (idx 7) in constr e174 (idx 165) is deemed risky
+ coeff 1.73674 of var (x7,x8) (idx 8) in constr e174 (idx 165) is deemed risky
+ coeff 7.11398 of var (x7,x9) (idx 9) in constr e174 (idx 165) is deemed risky
+ coeff -11.5102 of var (x7,x10) (idx 10) in constr e174 (idx 165) is deemed risky
+ coeff -1.73674 of var (x7,x11) (idx 11) in constr e174 (idx 165) is deemed risky
+ coeff 7.35708 of var (x7,x16) (idx 12) in constr e174 (idx 165) is deemed risky
+ coeff -7.35708 of var (x7,x17) (idx 13) in constr e174 (idx 165) is deemed risky
+ coeff -2.53143 of var (x8,x9) (idx 15) in constr e174 (idx 165) is deemed risky
+ coeff -2.53149 of var (x8,x10) (idx 16) in constr e174 (idx 165) is deemed risky
+ coeff -2 of var (x8,x11) (idx 17) in constr e174 (idx 165) is deemed risky
+ coeff 3.20415 of var (x9,x9) (idx 18) in constr e174 (idx 165) is deemed risky
+ coeff 2.53143 of var (x9,x11) (idx 19) in constr e174 (idx 165) is deemed risky
+ coeff 2.53149 of var (x9,x16) (idx 20) in constr e174 (idx 165) is deemed risky
+ coeff -2.53149 of var (x9,x17) (idx 21) in constr e174 (idx 165) is deemed risky
+ coeff 3.20415 of var (x10,x10) (idx 22) in constr e174 (idx 165) is deemed risky
+ coeff 2.53149 of var (x10,x11) (idx 23) in constr e174 (idx 165) is deemed risky
+ coeff -2.53143 of var (x10,x16) (idx 24) in constr e174 (idx 165) is deemed risky
+ coeff 2.53143 of var (x10,x17) (idx 25) in constr e174 (idx 165) is deemed risky
+ coeff -2 of var (x16,x17) (idx 28) in constr e174 (idx 165) is deemed risky
+ coeff 14.2857 of var (x6,x6) (idx 0) in constr e175 (idx 166) is deemed risky
+ coeff 7.35708 of var (x6,x8) (idx 1) in constr e175 (idx 166) is deemed risky
+ coeff 4.59893 of var (x6,x12) (idx 2) in constr e175 (idx 166) is deemed risky
+ coeff 8.63777 of var (x6,x13) (idx 3) in constr e175 (idx 166) is deemed risky
+ coeff -7.35708 of var (x6,x14) (idx 4) in constr e175 (idx 166) is deemed risky
+ coeff -1.73674 of var (x6,x16) (idx 5) in constr e175 (idx 166) is deemed risky
+ coeff 1.73674 of var (x6,x18) (idx 6) in constr e175 (idx 166) is deemed risky
+ coeff 14.2857 of var (x7,x7) (idx 7) in constr e175 (idx 166) is deemed risky
+ coeff 1.73674 of var (x7,x8) (idx 8) in constr e175 (idx 166) is deemed risky
+ coeff -8.63777 of var (x7,x12) (idx 9) in constr e175 (idx 166) is deemed risky
+ coeff 4.59893 of var (x7,x13) (idx 10) in constr e175 (idx 166) is deemed risky
+ coeff -1.73674 of var (x7,x14) (idx 11) in constr e175 (idx 166) is deemed risky
+ coeff 7.35708 of var (x7,x16) (idx 12) in constr e175 (idx 166) is deemed risky
+ coeff -7.35708 of var (x7,x18) (idx 13) in constr e175 (idx 166) is deemed risky
+ coeff 0.659161 of var (x8,x12) (idx 15) in constr e175 (idx 166) is deemed risky
+ coeff 2.50376 of var (x8,x13) (idx 16) in constr e175 (idx 166) is deemed risky
+ coeff -2 of var (x8,x14) (idx 17) in constr e175 (idx 166) is deemed risky
+ coeff 1.67582 of var (x12,x12) (idx 18) in constr e175 (idx 166) is deemed risky
+ coeff -0.659161 of var (x12,x14) (idx 19) in constr e175 (idx 166) is deemed risky
+ coeff -2.50376 of var (x12,x16) (idx 20) in constr e175 (idx 166) is deemed risky
+ coeff 2.50376 of var (x12,x18) (idx 21) in constr e175 (idx 166) is deemed risky
+ coeff 1.67582 of var (x13,x13) (idx 22) in constr e175 (idx 166) is deemed risky
+ coeff -2.50376 of var (x13,x14) (idx 23) in constr e175 (idx 166) is deemed risky
+ coeff 0.659161 of var (x13,x16) (idx 24) in constr e175 (idx 166) is deemed risky
+ coeff -0.659161 of var (x13,x18) (idx 25) in constr e175 (idx 166) is deemed risky
+ coeff -2 of var (x16,x18) (idx 28) in constr e175 (idx 166) is deemed risky
+ coeff 2.3717 of var (x9,x9) (idx 0) in constr e176 (idx 167) is deemed risky
+ coeff -2.99767 of var (x9,x11) (idx 1) in constr e176 (idx 167) is deemed risky
+ coeff 2.99767 of var (x9,x14) (idx 2) in constr e176 (idx 167) is deemed risky
+ coeff -0.70767 of var (x9,x17) (idx 3) in constr e176 (idx 167) is deemed risky
+ coeff 0.70767 of var (x9,x18) (idx 4) in constr e176 (idx 167) is deemed risky
+ coeff 2.3717 of var (x10,x10) (idx 5) in constr e176 (idx 167) is deemed risky
+ coeff 0.70767 of var (x10,x11) (idx 6) in constr e176 (idx 167) is deemed risky
+ coeff -0.70767 of var (x10,x14) (idx 7) in constr e176 (idx 167) is deemed risky
+ coeff -2.99767 of var (x10,x17) (idx 8) in constr e176 (idx 167) is deemed risky
+ coeff 2.99767 of var (x10,x18) (idx 9) in constr e176 (idx 167) is deemed risky
+ coeff -2 of var (x11,x14) (idx 11) in constr e176 (idx 167) is deemed risky
+ coeff -2 of var (x17,x18) (idx 14) in constr e176 (idx 167) is deemed risky
+ coeff 2.3717 of var (x9,x9) (idx 0) in constr e177 (idx 168) is deemed risky
+ coeff -2.99767 of var (x9,x11) (idx 1) in constr e177 (idx 168) is deemed risky
+ coeff 4.1771 of var (x9,x12) (idx 2) in constr e177 (idx 168) is deemed risky
+ coeff 2.58157 of var (x9,x13) (idx 3) in constr e177 (idx 168) is deemed risky
+ coeff 2.99767 of var (x9,x14) (idx 4) in constr e177 (idx 168) is deemed risky
+ coeff -0.70767 of var (x9,x17) (idx 5) in constr e177 (idx 168) is deemed risky
+ coeff 0.70767 of var (x9,x18) (idx 6) in constr e177 (idx 168) is deemed risky
+ coeff 2.3717 of var (x10,x10) (idx 7) in constr e177 (idx 168) is deemed risky
+ coeff 0.70767 of var (x10,x11) (idx 8) in constr e177 (idx 168) is deemed risky
+ coeff -2.58157 of var (x10,x12) (idx 9) in constr e177 (idx 168) is deemed risky
+ coeff 4.1771 of var (x10,x13) (idx 10) in constr e177 (idx 168) is deemed risky
+ coeff -0.70767 of var (x10,x14) (idx 11) in constr e177 (idx 168) is deemed risky
+ coeff -2.99767 of var (x10,x17) (idx 12) in constr e177 (idx 168) is deemed risky
+ coeff 2.99767 of var (x10,x18) (idx 13) in constr e177 (idx 168) is deemed risky
+ coeff -3.02493 of var (x11,x12) (idx 15) in constr e177 (idx 168) is deemed risky
+ coeff -1.00828 of var (x11,x13) (idx 16) in constr e177 (idx 168) is deemed risky
+ coeff -2 of var (x11,x14) (idx 17) in constr e177 (idx 168) is deemed risky
+ coeff 2.54171 of var (x12,x12) (idx 18) in constr e177 (idx 168) is deemed risky
+ coeff 3.02493 of var (x12,x14) (idx 19) in constr e177 (idx 168) is deemed risky
+ coeff 1.00828 of var (x12,x17) (idx 20) in constr e177 (idx 168) is deemed risky
+ coeff -1.00828 of var (x12,x18) (idx 21) in constr e177 (idx 168) is deemed risky
+ coeff 2.54171 of var (x13,x13) (idx 22) in constr e177 (idx 168) is deemed risky
+ coeff 1.00828 of var (x13,x14) (idx 23) in constr e177 (idx 168) is deemed risky
+ coeff -3.02493 of var (x13,x17) (idx 24) in constr e177 (idx 168) is deemed risky
+ coeff 3.02493 of var (x13,x18) (idx 25) in constr e177 (idx 168) is deemed risky
+ coeff -2 of var (x17,x18) (idx 28) in constr e177 (idx 168) is deemed risky
+ coeff 2.3717 of var (x9,x9) (idx 0) in constr e178 (idx 169) is deemed risky
+ coeff -2.99767 of var (x9,x11) (idx 1) in constr e178 (idx 169) is deemed risky
+ coeff -3.92703 of var (x9,x12) (idx 2) in constr e178 (idx 169) is deemed risky
+ coeff 1.42183 of var (x9,x13) (idx 3) in constr e178 (idx 169) is deemed risky
+ coeff 2.99767 of var (x9,x14) (idx 4) in constr e178 (idx 169) is deemed risky
+ coeff -0.70767 of var (x9,x17) (idx 5) in constr e178 (idx 169) is deemed risky
+ coeff 0.70767 of var (x9,x18) (idx 6) in constr e178 (idx 169) is deemed risky
+ coeff 2.3717 of var (x10,x10) (idx 7) in constr e178 (idx 169) is deemed risky
+ coeff 0.70767 of var (x10,x11) (idx 8) in constr e178 (idx 169) is deemed risky
+ coeff -1.42183 of var (x10,x12) (idx 9) in constr e178 (idx 169) is deemed risky
+ coeff -3.92703 of var (x10,x13) (idx 10) in constr e178 (idx 169) is deemed risky
+ coeff -0.70767 of var (x10,x14) (idx 11) in constr e178 (idx 169) is deemed risky
+ coeff -2.99767 of var (x10,x17) (idx 12) in constr e178 (idx 169) is deemed risky
+ coeff 2.99767 of var (x10,x18) (idx 13) in constr e178 (idx 169) is deemed risky
+ coeff 2.26963 of var (x11,x12) (idx 15) in constr e178 (idx 169) is deemed risky
+ coeff -1.48442 of var (x11,x13) (idx 16) in constr e178 (idx 169) is deemed risky
+ coeff -2 of var (x11,x14) (idx 17) in constr e178 (idx 169) is deemed risky
+ coeff 1.83868 of var (x12,x12) (idx 18) in constr e178 (idx 169) is deemed risky
+ coeff -2.26963 of var (x12,x14) (idx 19) in constr e178 (idx 169) is deemed risky
+ coeff 1.48442 of var (x12,x17) (idx 20) in constr e178 (idx 169) is deemed risky
+ coeff -1.48442 of var (x12,x18) (idx 21) in constr e178 (idx 169) is deemed risky
+ coeff 1.83868 of var (x13,x13) (idx 22) in constr e178 (idx 169) is deemed risky
+ coeff 1.48442 of var (x13,x14) (idx 23) in constr e178 (idx 169) is deemed risky
+ coeff 2.26963 of var (x13,x17) (idx 24) in constr e178 (idx 169) is deemed risky
+ coeff -2.26963 of var (x13,x18) (idx 25) in constr e178 (idx 169) is deemed risky
+ coeff -2 of var (x17,x18) (idx 28) in constr e178 (idx 169) is deemed risky
+ coeff 2.3717 of var (x9,x9) (idx 0) in constr e179 (idx 170) is deemed risky
+ coeff -2.99767 of var (x9,x11) (idx 1) in constr e179 (idx 170) is deemed risky
+ coeff 6.34684 of var (x9,x12) (idx 2) in constr e179 (idx 170) is deemed risky
+ coeff 3.92259 of var (x9,x13) (idx 3) in constr e179 (idx 170) is deemed risky
+ coeff 2.99767 of var (x9,x14) (idx 4) in constr e179 (idx 170) is deemed risky
+ coeff -0.70767 of var (x9,x17) (idx 5) in constr e179 (idx 170) is deemed risky
+ coeff 0.70767 of var (x9,x18) (idx 6) in constr e179 (idx 170) is deemed risky
+ coeff 2.3717 of var (x10,x10) (idx 7) in constr e179 (idx 170) is deemed risky
+ coeff 0.70767 of var (x10,x11) (idx 8) in constr e179 (idx 170) is deemed risky
+ coeff -3.92259 of var (x10,x12) (idx 9) in constr e179 (idx 170) is deemed risky
+ coeff 6.34684 of var (x10,x13) (idx 10) in constr e179 (idx 170) is deemed risky
+ coeff -0.70767 of var (x10,x14) (idx 11) in constr e179 (idx 170) is deemed risky
+ coeff -2.99767 of var (x10,x17) (idx 12) in constr e179 (idx 170) is deemed risky
+ coeff 2.99767 of var (x10,x18) (idx 13) in constr e179 (idx 170) is deemed risky
+ coeff -4.5962 of var (x11,x12) (idx 15) in constr e179 (idx 170) is deemed risky
+ coeff -1.53206 of var (x11,x13) (idx 16) in constr e179 (idx 170) is deemed risky
+ coeff -2 of var (x11,x14) (idx 17) in constr e179 (idx 170) is deemed risky
+ coeff 5.86805 of var (x12,x12) (idx 18) in constr e179 (idx 170) is deemed risky
+ coeff 4.5962 of var (x12,x14) (idx 19) in constr e179 (idx 170) is deemed risky
+ coeff 1.53206 of var (x12,x17) (idx 20) in constr e179 (idx 170) is deemed risky
+ coeff -1.53206 of var (x12,x18) (idx 21) in constr e179 (idx 170) is deemed risky
+ coeff 5.86805 of var (x13,x13) (idx 22) in constr e179 (idx 170) is deemed risky
+ coeff 1.53206 of var (x13,x14) (idx 23) in constr e179 (idx 170) is deemed risky
+ coeff -4.5962 of var (x13,x17) (idx 24) in constr e179 (idx 170) is deemed risky
+ coeff 4.5962 of var (x13,x18) (idx 25) in constr e179 (idx 170) is deemed risky
+ coeff -2 of var (x17,x18) (idx 28) in constr e179 (idx 170) is deemed risky
+ coeff 2.3717 of var (x9,x9) (idx 0) in constr e180 (idx 171) is deemed risky
+ coeff -2.99767 of var (x9,x11) (idx 1) in constr e180 (idx 171) is deemed risky
+ coeff -0.102056 of var (x9,x12) (idx 2) in constr e180 (idx 171) is deemed risky
+ coeff -3.98595 of var (x9,x13) (idx 3) in constr e180 (idx 171) is deemed risky
+ coeff 2.99767 of var (x9,x14) (idx 4) in constr e180 (idx 171) is deemed risky
+ coeff -0.70767 of var (x9,x17) (idx 5) in constr e180 (idx 171) is deemed risky
+ coeff 0.70767 of var (x9,x18) (idx 6) in constr e180 (idx 171) is deemed risky
+ coeff 2.3717 of var (x10,x10) (idx 7) in constr e180 (idx 171) is deemed risky
+ coeff 0.70767 of var (x10,x11) (idx 8) in constr e180 (idx 171) is deemed risky
+ coeff 3.98595 of var (x10,x12) (idx 9) in constr e180 (idx 171) is deemed risky
+ coeff -0.102056 of var (x10,x13) (idx 10) in constr e180 (idx 171) is deemed risky
+ coeff -0.70767 of var (x10,x14) (idx 11) in constr e180 (idx 171) is deemed risky
+ coeff -2.99767 of var (x10,x17) (idx 12) in constr e180 (idx 171) is deemed risky
+ coeff 2.99767 of var (x10,x18) (idx 13) in constr e180 (idx 171) is deemed risky
+ coeff 0.659161 of var (x11,x12) (idx 15) in constr e180 (idx 171) is deemed risky
+ coeff 2.50376 of var (x11,x13) (idx 16) in constr e180 (idx 171) is deemed risky
+ coeff -2 of var (x11,x14) (idx 17) in constr e180 (idx 171) is deemed risky
+ coeff 1.67582 of var (x12,x12) (idx 18) in constr e180 (idx 171) is deemed risky
+ coeff -0.659161 of var (x12,x14) (idx 19) in constr e180 (idx 171) is deemed risky
+ coeff -2.50376 of var (x12,x17) (idx 20) in constr e180 (idx 171) is deemed risky
+ coeff 2.50376 of var (x12,x18) (idx 21) in constr e180 (idx 171) is deemed risky
+ coeff 1.67582 of var (x13,x13) (idx 22) in constr e180 (idx 171) is deemed risky
+ coeff -2.50376 of var (x13,x14) (idx 23) in constr e180 (idx 171) is deemed risky
+ coeff 0.659161 of var (x13,x17) (idx 24) in constr e180 (idx 171) is deemed risky
+ coeff -0.659161 of var (x13,x18) (idx 25) in constr e180 (idx 171) is deemed risky
+ coeff -2 of var (x17,x18) (idx 28) in constr e180 (idx 171) is deemed risky
+ coeff 3.49134 of var (x3,x3) (idx 0) in constr e181 (idx 172) is deemed risky
+ coeff -0.338139 of var (x3,x5) (idx 1) in constr e181 (idx 172) is deemed risky
+ coeff 0.338139 of var (x3,x8) (idx 2) in constr e181 (idx 172) is deemed risky
+ coeff 3.7217 of var (x3,x15) (idx 3) in constr e181 (idx 172) is deemed risky
+ coeff -3.7217 of var (x3,x16) (idx 4) in constr e181 (idx 172) is deemed risky
+ coeff 3.49134 of var (x4,x4) (idx 5) in constr e181 (idx 172) is deemed risky
+ coeff -3.7217 of var (x4,x5) (idx 6) in constr e181 (idx 172) is deemed risky
+ coeff 3.7217 of var (x4,x8) (idx 7) in constr e181 (idx 172) is deemed risky
+ coeff -0.338139 of var (x4,x15) (idx 8) in constr e181 (idx 172) is deemed risky
+ coeff 0.338139 of var (x4,x16) (idx 9) in constr e181 (idx 172) is deemed risky
+ coeff -2 of var (x5,x8) (idx 11) in constr e181 (idx 172) is deemed risky
+ coeff -2 of var (x15,x16) (idx 14) in constr e181 (idx 172) is deemed risky
+ coeff 3.49134 of var (x3,x3) (idx 0) in constr e182 (idx 173) is deemed risky
+ coeff -0.338139 of var (x3,x5) (idx 1) in constr e182 (idx 173) is deemed risky
+ coeff 0.338139 of var (x3,x11) (idx 2) in constr e182 (idx 173) is deemed risky
+ coeff 3.7217 of var (x3,x15) (idx 3) in constr e182 (idx 173) is deemed risky
+ coeff -3.7217 of var (x3,x17) (idx 4) in constr e182 (idx 173) is deemed risky
+ coeff 3.49134 of var (x4,x4) (idx 5) in constr e182 (idx 173) is deemed risky
+ coeff -3.7217 of var (x4,x5) (idx 6) in constr e182 (idx 173) is deemed risky
+ coeff 3.7217 of var (x4,x11) (idx 7) in constr e182 (idx 173) is deemed risky
+ coeff -0.338139 of var (x4,x15) (idx 8) in constr e182 (idx 173) is deemed risky
+ coeff 0.338139 of var (x4,x17) (idx 9) in constr e182 (idx 173) is deemed risky
+ coeff -2 of var (x5,x11) (idx 11) in constr e182 (idx 173) is deemed risky
+ coeff -2 of var (x15,x17) (idx 14) in constr e182 (idx 173) is deemed risky
+ coeff 3.49134 of var (x3,x3) (idx 0) in constr e183 (idx 174) is deemed risky
+ coeff -0.338139 of var (x3,x5) (idx 1) in constr e183 (idx 174) is deemed risky
+ coeff 0.338139 of var (x3,x14) (idx 2) in constr e183 (idx 174) is deemed risky
+ coeff 3.7217 of var (x3,x15) (idx 3) in constr e183 (idx 174) is deemed risky
+ coeff -3.7217 of var (x3,x18) (idx 4) in constr e183 (idx 174) is deemed risky
+ coeff 3.49134 of var (x4,x4) (idx 5) in constr e183 (idx 174) is deemed risky
+ coeff -3.7217 of var (x4,x5) (idx 6) in constr e183 (idx 174) is deemed risky
+ coeff 3.7217 of var (x4,x14) (idx 7) in constr e183 (idx 174) is deemed risky
+ coeff -0.338139 of var (x4,x15) (idx 8) in constr e183 (idx 174) is deemed risky
+ coeff 0.338139 of var (x4,x18) (idx 9) in constr e183 (idx 174) is deemed risky
+ coeff -2 of var (x5,x14) (idx 11) in constr e183 (idx 174) is deemed risky
+ coeff -2 of var (x15,x18) (idx 14) in constr e183 (idx 174) is deemed risky
+ coeff 3.49134 of var (x3,x3) (idx 0) in constr e184 (idx 175) is deemed risky
+ coeff -0.338139 of var (x3,x5) (idx 1) in constr e184 (idx 175) is deemed risky
+ coeff 2.75187 of var (x3,x6) (idx 2) in constr e184 (idx 175) is deemed risky
+ coeff -8.23724 of var (x3,x7) (idx 3) in constr e184 (idx 175) is deemed risky
+ coeff 0.338139 of var (x3,x8) (idx 4) in constr e184 (idx 175) is deemed risky
+ coeff 3.7217 of var (x3,x15) (idx 5) in constr e184 (idx 175) is deemed risky
+ coeff -3.7217 of var (x3,x16) (idx 6) in constr e184 (idx 175) is deemed risky
+ coeff 3.49134 of var (x4,x4) (idx 7) in constr e184 (idx 175) is deemed risky
+ coeff -3.7217 of var (x4,x5) (idx 8) in constr e184 (idx 175) is deemed risky
+ coeff 8.23724 of var (x4,x6) (idx 9) in constr e184 (idx 175) is deemed risky
+ coeff 2.75187 of var (x4,x7) (idx 10) in constr e184 (idx 175) is deemed risky
+ coeff 3.7217 of var (x4,x8) (idx 11) in constr e184 (idx 175) is deemed risky
+ coeff -0.338139 of var (x4,x15) (idx 12) in constr e184 (idx 175) is deemed risky
+ coeff 0.338139 of var (x4,x16) (idx 13) in constr e184 (idx 175) is deemed risky
+ coeff -4.52362 of var (x5,x6) (idx 15) in constr e184 (idx 175) is deemed risky
+ coeff -1.06783 of var (x5,x7) (idx 16) in constr e184 (idx 175) is deemed risky
+ coeff -2 of var (x5,x8) (idx 17) in constr e184 (idx 175) is deemed risky
+ coeff 5.40085 of var (x6,x6) (idx 18) in constr e184 (idx 175) is deemed risky
+ coeff 4.52362 of var (x6,x8) (idx 19) in constr e184 (idx 175) is deemed risky
+ coeff 1.06783 of var (x6,x15) (idx 20) in constr e184 (idx 175) is deemed risky
+ coeff -1.06783 of var (x6,x16) (idx 21) in constr e184 (idx 175) is deemed risky
+ coeff 5.40085 of var (x7,x7) (idx 22) in constr e184 (idx 175) is deemed risky
+ coeff 1.06783 of var (x7,x8) (idx 23) in constr e184 (idx 175) is deemed risky
+ coeff -4.52362 of var (x7,x15) (idx 24) in constr e184 (idx 175) is deemed risky
+ coeff 4.52362 of var (x7,x16) (idx 25) in constr e184 (idx 175) is deemed risky
+ coeff -2 of var (x15,x16) (idx 28) in constr e184 (idx 175) is deemed risky
+ coeff 3.49134 of var (x3,x3) (idx 0) in constr e185 (idx 176) is deemed risky
+ coeff -0.338139 of var (x3,x5) (idx 1) in constr e185 (idx 176) is deemed risky
+ coeff 2.00792 of var (x3,x9) (idx 2) in constr e185 (idx 176) is deemed risky
+ coeff 8.42177 of var (x3,x10) (idx 3) in constr e185 (idx 176) is deemed risky
+ coeff 0.338139 of var (x3,x11) (idx 4) in constr e185 (idx 176) is deemed risky
+ coeff 3.7217 of var (x3,x15) (idx 5) in constr e185 (idx 176) is deemed risky
+ coeff -3.7217 of var (x3,x17) (idx 6) in constr e185 (idx 176) is deemed risky
+ coeff 3.49134 of var (x4,x4) (idx 7) in constr e185 (idx 176) is deemed risky
+ coeff -3.7217 of var (x4,x5) (idx 8) in constr e185 (idx 176) is deemed risky
+ coeff -8.42177 of var (x4,x9) (idx 9) in constr e185 (idx 176) is deemed risky
+ coeff 2.00792 of var (x4,x10) (idx 10) in constr e185 (idx 176) is deemed risky
+ coeff 3.7217 of var (x4,x11) (idx 11) in constr e185 (idx 176) is deemed risky
+ coeff -0.338139 of var (x4,x15) (idx 12) in constr e185 (idx 176) is deemed risky
+ coeff 0.338139 of var (x4,x17) (idx 13) in constr e185 (idx 176) is deemed risky
+ coeff 4.39148 of var (x5,x9) (idx 15) in constr e185 (idx 176) is deemed risky
+ coeff -1.47803 of var (x5,x10) (idx 16) in constr e185 (idx 176) is deemed risky
+ coeff -2 of var (x5,x11) (idx 17) in constr e185 (idx 176) is deemed risky
+ coeff 5.36741 of var (x9,x9) (idx 18) in constr e185 (idx 176) is deemed risky
+ coeff -4.39148 of var (x9,x11) (idx 19) in constr e185 (idx 176) is deemed risky
+ coeff 1.47803 of var (x9,x15) (idx 20) in constr e185 (idx 176) is deemed risky
+ coeff -1.47803 of var (x9,x17) (idx 21) in constr e185 (idx 176) is deemed risky
+ coeff 5.36741 of var (x10,x10) (idx 22) in constr e185 (idx 176) is deemed risky
+ coeff 1.47803 of var (x10,x11) (idx 23) in constr e185 (idx 176) is deemed risky
+ coeff 4.39148 of var (x10,x15) (idx 24) in constr e185 (idx 176) is deemed risky
+ coeff -4.39148 of var (x10,x17) (idx 25) in constr e185 (idx 176) is deemed risky
+ coeff -2 of var (x15,x17) (idx 28) in constr e185 (idx 176) is deemed risky
+ coeff 3.49134 of var (x3,x3) (idx 0) in constr e186 (idx 177) is deemed risky
+ coeff -0.338139 of var (x3,x5) (idx 1) in constr e186 (idx 177) is deemed risky
+ coeff 2.38768 of var (x3,x12) (idx 2) in constr e186 (idx 177) is deemed risky
+ coeff -5.45847 of var (x3,x13) (idx 3) in constr e186 (idx 177) is deemed risky
+ coeff 0.338139 of var (x3,x14) (idx 4) in constr e186 (idx 177) is deemed risky
+ coeff 3.7217 of var (x3,x15) (idx 5) in constr e186 (idx 177) is deemed risky
+ coeff -3.7217 of var (x3,x18) (idx 6) in constr e186 (idx 177) is deemed risky
+ coeff 3.49134 of var (x4,x4) (idx 7) in constr e186 (idx 177) is deemed risky
+ coeff -3.7217 of var (x4,x5) (idx 8) in constr e186 (idx 177) is deemed risky
+ coeff 5.45847 of var (x4,x12) (idx 9) in constr e186 (idx 177) is deemed risky
+ coeff 2.38768 of var (x4,x13) (idx 10) in constr e186 (idx 177) is deemed risky
+ coeff 3.7217 of var (x4,x14) (idx 11) in constr e186 (idx 177) is deemed risky
+ coeff -0.338139 of var (x4,x15) (idx 12) in constr e186 (idx 177) is deemed risky
+ coeff 0.338139 of var (x4,x18) (idx 13) in constr e186 (idx 177) is deemed risky
+ coeff -3.02493 of var (x5,x12) (idx 15) in constr e186 (idx 177) is deemed risky
+ coeff -1.00828 of var (x5,x13) (idx 16) in constr e186 (idx 177) is deemed risky
+ coeff -2 of var (x5,x14) (idx 17) in constr e186 (idx 177) is deemed risky
+ coeff 2.54171 of var (x12,x12) (idx 18) in constr e186 (idx 177) is deemed risky
+ coeff 3.02493 of var (x12,x14) (idx 19) in constr e186 (idx 177) is deemed risky
+ coeff 1.00828 of var (x12,x15) (idx 20) in constr e186 (idx 177) is deemed risky
+ coeff -1.00828 of var (x12,x18) (idx 21) in constr e186 (idx 177) is deemed risky
+ coeff 2.54171 of var (x13,x13) (idx 22) in constr e186 (idx 177) is deemed risky
+ coeff 1.00828 of var (x13,x14) (idx 23) in constr e186 (idx 177) is deemed risky
+ coeff -3.02493 of var (x13,x15) (idx 24) in constr e186 (idx 177) is deemed risky
+ coeff 3.02493 of var (x13,x18) (idx 25) in constr e186 (idx 177) is deemed risky
+ coeff -2 of var (x15,x18) (idx 28) in constr e186 (idx 177) is deemed risky
+ coeff 3.49134 of var (x3,x3) (idx 0) in constr e187 (idx 178) is deemed risky
+ coeff -0.338139 of var (x3,x5) (idx 1) in constr e187 (idx 178) is deemed risky
+ coeff 2.02344 of var (x3,x6) (idx 2) in constr e187 (idx 178) is deemed risky
+ coeff 7.7066 of var (x3,x7) (idx 3) in constr e187 (idx 178) is deemed risky
+ coeff 0.338139 of var (x3,x8) (idx 4) in constr e187 (idx 178) is deemed risky
+ coeff 3.7217 of var (x3,x15) (idx 5) in constr e187 (idx 178) is deemed risky
+ coeff -3.7217 of var (x3,x16) (idx 6) in constr e187 (idx 178) is deemed risky
+ coeff 3.49134 of var (x4,x4) (idx 7) in constr e187 (idx 178) is deemed risky
+ coeff -3.7217 of var (x4,x5) (idx 8) in constr e187 (idx 178) is deemed risky
+ coeff -7.7066 of var (x4,x6) (idx 9) in constr e187 (idx 178) is deemed risky
+ coeff 2.02344 of var (x4,x7) (idx 10) in constr e187 (idx 178) is deemed risky
+ coeff 3.7217 of var (x4,x8) (idx 11) in constr e187 (idx 178) is deemed risky
+ coeff -0.338139 of var (x4,x15) (idx 12) in constr e187 (idx 178) is deemed risky
+ coeff 0.338139 of var (x4,x16) (idx 13) in constr e187 (idx 178) is deemed risky
+ coeff 4.00955 of var (x5,x6) (idx 15) in constr e187 (idx 178) is deemed risky
+ coeff -1.45167 of var (x5,x7) (idx 16) in constr e187 (idx 178) is deemed risky
+ coeff -2 of var (x5,x8) (idx 17) in constr e187 (idx 178) is deemed risky
+ coeff 4.54596 of var (x6,x6) (idx 18) in constr e187 (idx 178) is deemed risky
+ coeff -4.00955 of var (x6,x8) (idx 19) in constr e187 (idx 178) is deemed risky
+ coeff 1.45167 of var (x6,x15) (idx 20) in constr e187 (idx 178) is deemed risky
+ coeff -1.45167 of var (x6,x16) (idx 21) in constr e187 (idx 178) is deemed risky
+ coeff 4.54596 of var (x7,x7) (idx 22) in constr e187 (idx 178) is deemed risky
+ coeff 1.45167 of var (x7,x8) (idx 23) in constr e187 (idx 178) is deemed risky
+ coeff 4.00955 of var (x7,x15) (idx 24) in constr e187 (idx 178) is deemed risky
+ coeff -4.00955 of var (x7,x16) (idx 25) in constr e187 (idx 178) is deemed risky
+ coeff -2 of var (x15,x16) (idx 28) in constr e187 (idx 178) is deemed risky
+ coeff 3.49134 of var (x3,x3) (idx 0) in constr e188 (idx 179) is deemed risky
+ coeff -0.338139 of var (x3,x5) (idx 1) in constr e188 (idx 179) is deemed risky
+ coeff -5.98459 of var (x3,x9) (idx 2) in constr e188 (idx 179) is deemed risky
+ coeff -4.49488 of var (x3,x10) (idx 3) in constr e188 (idx 179) is deemed risky
+ coeff 0.338139 of var (x3,x11) (idx 4) in constr e188 (idx 179) is deemed risky
+ coeff 3.7217 of var (x3,x15) (idx 5) in constr e188 (idx 179) is deemed risky
+ coeff -3.7217 of var (x3,x17) (idx 6) in constr e188 (idx 179) is deemed risky
+ coeff 3.49134 of var (x4,x4) (idx 7) in constr e188 (idx 179) is deemed risky
+ coeff -3.7217 of var (x4,x5) (idx 8) in constr e188 (idx 179) is deemed risky
+ coeff 4.49488 of var (x4,x9) (idx 9) in constr e188 (idx 179) is deemed risky
+ coeff -5.98459 of var (x4,x10) (idx 10) in constr e188 (idx 179) is deemed risky
+ coeff 3.7217 of var (x4,x11) (idx 11) in constr e188 (idx 179) is deemed risky
+ coeff -0.338139 of var (x4,x15) (idx 12) in constr e188 (idx 179) is deemed risky
+ coeff 0.338139 of var (x4,x17) (idx 13) in constr e188 (idx 179) is deemed risky
+ coeff -2.10592 of var (x5,x9) (idx 15) in constr e188 (idx 179) is deemed risky
+ coeff 3.40739 of var (x5,x10) (idx 16) in constr e188 (idx 179) is deemed risky
+ coeff -2 of var (x5,x11) (idx 17) in constr e188 (idx 179) is deemed risky
+ coeff 4.0113 of var (x9,x9) (idx 18) in constr e188 (idx 179) is deemed risky
+ coeff 2.10592 of var (x9,x11) (idx 19) in constr e188 (idx 179) is deemed risky
+ coeff -3.40739 of var (x9,x15) (idx 20) in constr e188 (idx 179) is deemed risky
+ coeff 3.40739 of var (x9,x17) (idx 21) in constr e188 (idx 179) is deemed risky
+ coeff 4.0113 of var (x10,x10) (idx 22) in constr e188 (idx 179) is deemed risky
+ coeff -3.40739 of var (x10,x11) (idx 23) in constr e188 (idx 179) is deemed risky
+ coeff -2.10592 of var (x10,x15) (idx 24) in constr e188 (idx 179) is deemed risky
+ coeff 2.10592 of var (x10,x17) (idx 25) in constr e188 (idx 179) is deemed risky
+ coeff -2 of var (x15,x17) (idx 28) in constr e188 (idx 179) is deemed risky
+ coeff 3.49134 of var (x3,x3) (idx 0) in constr e189 (idx 180) is deemed risky
+ coeff -0.338139 of var (x3,x5) (idx 1) in constr e189 (idx 180) is deemed risky
+ coeff 2.37856 of var (x3,x12) (idx 2) in constr e189 (idx 180) is deemed risky
+ coeff 4.4744 of var (x3,x13) (idx 3) in constr e189 (idx 180) is deemed risky
+ coeff 0.338139 of var (x3,x14) (idx 4) in constr e189 (idx 180) is deemed risky
+ coeff 3.7217 of var (x3,x15) (idx 5) in constr e189 (idx 180) is deemed risky
+ coeff -3.7217 of var (x3,x18) (idx 6) in constr e189 (idx 180) is deemed risky
+ coeff 3.49134 of var (x4,x4) (idx 7) in constr e189 (idx 180) is deemed risky
+ coeff -3.7217 of var (x4,x5) (idx 8) in constr e189 (idx 180) is deemed risky
+ coeff -4.4744 of var (x4,x12) (idx 9) in constr e189 (idx 180) is deemed risky
+ coeff 2.37856 of var (x4,x13) (idx 10) in constr e189 (idx 180) is deemed risky
+ coeff 3.7217 of var (x4,x14) (idx 11) in constr e189 (idx 180) is deemed risky
+ coeff -0.338139 of var (x4,x15) (idx 12) in constr e189 (idx 180) is deemed risky
+ coeff 0.338139 of var (x4,x18) (idx 13) in constr e189 (idx 180) is deemed risky
+ coeff 2.26963 of var (x5,x12) (idx 15) in constr e189 (idx 180) is deemed risky
+ coeff -1.48442 of var (x5,x13) (idx 16) in constr e189 (idx 180) is deemed risky
+ coeff -2 of var (x5,x14) (idx 17) in constr e189 (idx 180) is deemed risky
+ coeff 1.83868 of var (x12,x12) (idx 18) in constr e189 (idx 180) is deemed risky
+ coeff -2.26963 of var (x12,x14) (idx 19) in constr e189 (idx 180) is deemed risky
+ coeff 1.48442 of var (x12,x15) (idx 20) in constr e189 (idx 180) is deemed risky
+ coeff -1.48442 of var (x12,x18) (idx 21) in constr e189 (idx 180) is deemed risky
+ coeff 1.83868 of var (x13,x13) (idx 22) in constr e189 (idx 180) is deemed risky
+ coeff 1.48442 of var (x13,x14) (idx 23) in constr e189 (idx 180) is deemed risky
+ coeff 2.26963 of var (x13,x15) (idx 24) in constr e189 (idx 180) is deemed risky
+ coeff -2.26963 of var (x13,x18) (idx 25) in constr e189 (idx 180) is deemed risky
+ coeff -2 of var (x15,x18) (idx 28) in constr e189 (idx 180) is deemed risky
+ coeff 3.49134 of var (x3,x3) (idx 0) in constr e190 (idx 181) is deemed risky
+ coeff -0.338139 of var (x3,x5) (idx 1) in constr e190 (idx 181) is deemed risky
+ coeff 4.47566 of var (x3,x6) (idx 2) in constr e190 (idx 181) is deemed risky
+ coeff -13.3968 of var (x3,x7) (idx 3) in constr e190 (idx 181) is deemed risky
+ coeff 0.338139 of var (x3,x8) (idx 4) in constr e190 (idx 181) is deemed risky
+ coeff 3.7217 of var (x3,x15) (idx 5) in constr e190 (idx 181) is deemed risky
+ coeff -3.7217 of var (x3,x16) (idx 6) in constr e190 (idx 181) is deemed risky
+ coeff 3.49134 of var (x4,x4) (idx 7) in constr e190 (idx 181) is deemed risky
+ coeff -3.7217 of var (x4,x5) (idx 8) in constr e190 (idx 181) is deemed risky
+ coeff 13.3968 of var (x4,x6) (idx 9) in constr e190 (idx 181) is deemed risky
+ coeff 4.47566 of var (x4,x7) (idx 10) in constr e190 (idx 181) is deemed risky
+ coeff 3.7217 of var (x4,x8) (idx 11) in constr e190 (idx 181) is deemed risky
+ coeff -0.338139 of var (x4,x15) (idx 12) in constr e190 (idx 181) is deemed risky
+ coeff 0.338139 of var (x4,x16) (idx 13) in constr e190 (idx 181) is deemed risky
+ coeff -7.35708 of var (x5,x6) (idx 15) in constr e190 (idx 181) is deemed risky
+ coeff -1.73674 of var (x5,x7) (idx 16) in constr e190 (idx 181) is deemed risky
+ coeff -2 of var (x5,x8) (idx 17) in constr e190 (idx 181) is deemed risky
+ coeff 14.2857 of var (x6,x6) (idx 18) in constr e190 (idx 181) is deemed risky
+ coeff 7.35708 of var (x6,x8) (idx 19) in constr e190 (idx 181) is deemed risky
+ coeff 1.73674 of var (x6,x15) (idx 20) in constr e190 (idx 181) is deemed risky
+ coeff -1.73674 of var (x6,x16) (idx 21) in constr e190 (idx 181) is deemed risky
+ coeff 14.2857 of var (x7,x7) (idx 22) in constr e190 (idx 181) is deemed risky
+ coeff 1.73674 of var (x7,x8) (idx 23) in constr e190 (idx 181) is deemed risky
+ coeff -7.35708 of var (x7,x15) (idx 24) in constr e190 (idx 181) is deemed risky
+ coeff 7.35708 of var (x7,x16) (idx 25) in constr e190 (idx 181) is deemed risky
+ coeff -2 of var (x15,x16) (idx 28) in constr e190 (idx 181) is deemed risky
+ coeff 3.49134 of var (x3,x3) (idx 0) in constr e191 (idx 182) is deemed risky
+ coeff -0.338139 of var (x3,x5) (idx 1) in constr e191 (idx 182) is deemed risky
+ coeff 0.810052 of var (x3,x9) (idx 2) in constr e191 (idx 182) is deemed risky
+ coeff 5.69785 of var (x3,x10) (idx 3) in constr e191 (idx 182) is deemed risky
+ coeff 0.338139 of var (x3,x11) (idx 4) in constr e191 (idx 182) is deemed risky
+ coeff 3.7217 of var (x3,x15) (idx 5) in constr e191 (idx 182) is deemed risky
+ coeff -3.7217 of var (x3,x17) (idx 6) in constr e191 (idx 182) is deemed risky
+ coeff 3.49134 of var (x4,x4) (idx 7) in constr e191 (idx 182) is deemed risky
+ coeff -3.7217 of var (x4,x5) (idx 8) in constr e191 (idx 182) is deemed risky
+ coeff -5.69785 of var (x4,x9) (idx 9) in constr e191 (idx 182) is deemed risky
+ coeff 0.810052 of var (x4,x10) (idx 10) in constr e191 (idx 182) is deemed risky
+ coeff 3.7217 of var (x4,x11) (idx 11) in constr e191 (idx 182) is deemed risky
+ coeff -0.338139 of var (x4,x15) (idx 12) in constr e191 (idx 182) is deemed risky
+ coeff 0.338139 of var (x4,x17) (idx 13) in constr e191 (idx 182) is deemed risky
+ coeff 2.99767 of var (x5,x9) (idx 15) in constr e191 (idx 182) is deemed risky
+ coeff -0.70767 of var (x5,x10) (idx 16) in constr e191 (idx 182) is deemed risky
+ coeff -2 of var (x5,x11) (idx 17) in constr e191 (idx 182) is deemed risky
+ coeff 2.3717 of var (x9,x9) (idx 18) in constr e191 (idx 182) is deemed risky
+ coeff -2.99767 of var (x9,x11) (idx 19) in constr e191 (idx 182) is deemed risky
+ coeff 0.70767 of var (x9,x15) (idx 20) in constr e191 (idx 182) is deemed risky
+ coeff -0.70767 of var (x9,x17) (idx 21) in constr e191 (idx 182) is deemed risky
+ coeff 2.3717 of var (x10,x10) (idx 22) in constr e191 (idx 182) is deemed risky
+ coeff 0.70767 of var (x10,x11) (idx 23) in constr e191 (idx 182) is deemed risky
+ coeff 2.99767 of var (x10,x15) (idx 24) in constr e191 (idx 182) is deemed risky
+ coeff -2.99767 of var (x10,x17) (idx 25) in constr e191 (idx 182) is deemed risky
+ coeff -2 of var (x15,x17) (idx 28) in constr e191 (idx 182) is deemed risky
+ coeff 3.49134 of var (x3,x3) (idx 0) in constr e192 (idx 183) is deemed risky
+ coeff -0.338139 of var (x3,x5) (idx 1) in constr e192 (idx 183) is deemed risky
+ coeff 3.628 of var (x3,x12) (idx 2) in constr e192 (idx 183) is deemed risky
+ coeff -8.2938 of var (x3,x13) (idx 3) in constr e192 (idx 183) is deemed risky
+ coeff 0.338139 of var (x3,x14) (idx 4) in constr e192 (idx 183) is deemed risky
+ coeff 3.7217 of var (x3,x15) (idx 5) in constr e192 (idx 183) is deemed risky
+ coeff -3.7217 of var (x3,x18) (idx 6) in constr e192 (idx 183) is deemed risky
+ coeff 3.49134 of var (x4,x4) (idx 7) in constr e192 (idx 183) is deemed risky
+ coeff -3.7217 of var (x4,x5) (idx 8) in constr e192 (idx 183) is deemed risky
+ coeff 8.2938 of var (x4,x12) (idx 9) in constr e192 (idx 183) is deemed risky
+ coeff 3.628 of var (x4,x13) (idx 10) in constr e192 (idx 183) is deemed risky
+ coeff 3.7217 of var (x4,x14) (idx 11) in constr e192 (idx 183) is deemed risky
+ coeff -0.338139 of var (x4,x15) (idx 12) in constr e192 (idx 183) is deemed risky
+ coeff 0.338139 of var (x4,x18) (idx 13) in constr e192 (idx 183) is deemed risky
+ coeff -4.5962 of var (x5,x12) (idx 15) in constr e192 (idx 183) is deemed risky
+ coeff -1.53206 of var (x5,x13) (idx 16) in constr e192 (idx 183) is deemed risky
+ coeff -2 of var (x5,x14) (idx 17) in constr e192 (idx 183) is deemed risky
+ coeff 5.86805 of var (x12,x12) (idx 18) in constr e192 (idx 183) is deemed risky
+ coeff 4.5962 of var (x12,x14) (idx 19) in constr e192 (idx 183) is deemed risky
+ coeff 1.53206 of var (x12,x15) (idx 20) in constr e192 (idx 183) is deemed risky
+ coeff -1.53206 of var (x12,x18) (idx 21) in constr e192 (idx 183) is deemed risky
+ coeff 5.86805 of var (x13,x13) (idx 22) in constr e192 (idx 183) is deemed risky
+ coeff 1.53206 of var (x13,x14) (idx 23) in constr e192 (idx 183) is deemed risky
+ coeff -4.5962 of var (x13,x15) (idx 24) in constr e192 (idx 183) is deemed risky
+ coeff 4.5962 of var (x13,x18) (idx 25) in constr e192 (idx 183) is deemed risky
+ coeff -2 of var (x15,x18) (idx 28) in constr e192 (idx 183) is deemed risky
+ coeff 3.49134 of var (x3,x3) (idx 0) in constr e193 (idx 184) is deemed risky
+ coeff -0.338139 of var (x3,x5) (idx 1) in constr e193 (idx 184) is deemed risky
+ coeff 5.55525 of var (x3,x6) (idx 2) in constr e193 (idx 184) is deemed risky
+ coeff -16.6284 of var (x3,x7) (idx 3) in constr e193 (idx 184) is deemed risky
+ coeff 0.338139 of var (x3,x8) (idx 4) in constr e193 (idx 184) is deemed risky
+ coeff 3.7217 of var (x3,x15) (idx 5) in constr e193 (idx 184) is deemed risky
+ coeff -3.7217 of var (x3,x16) (idx 6) in constr e193 (idx 184) is deemed risky
+ coeff 3.49134 of var (x4,x4) (idx 7) in constr e193 (idx 184) is deemed risky
+ coeff -3.7217 of var (x4,x5) (idx 8) in constr e193 (idx 184) is deemed risky
+ coeff 16.6284 of var (x4,x6) (idx 9) in constr e193 (idx 184) is deemed risky
+ coeff 5.55525 of var (x4,x7) (idx 10) in constr e193 (idx 184) is deemed risky
+ coeff 3.7217 of var (x4,x8) (idx 11) in constr e193 (idx 184) is deemed risky
+ coeff -0.338139 of var (x4,x15) (idx 12) in constr e193 (idx 184) is deemed risky
+ coeff 0.338139 of var (x4,x16) (idx 13) in constr e193 (idx 184) is deemed risky
+ coeff -9.13177 of var (x5,x6) (idx 15) in constr e193 (idx 184) is deemed risky
+ coeff -2.15565 of var (x5,x7) (idx 16) in constr e193 (idx 184) is deemed risky
+ coeff -2 of var (x5,x8) (idx 17) in constr e193 (idx 184) is deemed risky
+ coeff 22.009 of var (x6,x6) (idx 18) in constr e193 (idx 184) is deemed risky
+ coeff 9.13177 of var (x6,x8) (idx 19) in constr e193 (idx 184) is deemed risky
+ coeff 2.15565 of var (x6,x15) (idx 20) in constr e193 (idx 184) is deemed risky
+ coeff -2.15565 of var (x6,x16) (idx 21) in constr e193 (idx 184) is deemed risky
+ coeff 22.009 of var (x7,x7) (idx 22) in constr e193 (idx 184) is deemed risky
+ coeff 2.15565 of var (x7,x8) (idx 23) in constr e193 (idx 184) is deemed risky
+ coeff -9.13177 of var (x7,x15) (idx 24) in constr e193 (idx 184) is deemed risky
+ coeff 9.13177 of var (x7,x16) (idx 25) in constr e193 (idx 184) is deemed risky
+ coeff -2 of var (x15,x16) (idx 28) in constr e193 (idx 184) is deemed risky
+ coeff 3.49134 of var (x3,x3) (idx 0) in constr e194 (idx 185) is deemed risky
+ coeff -0.338139 of var (x3,x5) (idx 1) in constr e194 (idx 185) is deemed risky
+ coeff 5.13872 of var (x3,x9) (idx 2) in constr e194 (idx 185) is deemed risky
+ coeff -4.28261 of var (x3,x10) (idx 3) in constr e194 (idx 185) is deemed risky
+ coeff 0.338139 of var (x3,x11) (idx 4) in constr e194 (idx 185) is deemed risky
+ coeff 3.7217 of var (x3,x15) (idx 5) in constr e194 (idx 185) is deemed risky
+ coeff -3.7217 of var (x3,x17) (idx 6) in constr e194 (idx 185) is deemed risky
+ coeff 3.49134 of var (x4,x4) (idx 7) in constr e194 (idx 185) is deemed risky
+ coeff -3.7217 of var (x4,x5) (idx 8) in constr e194 (idx 185) is deemed risky
+ coeff 4.28261 of var (x4,x9) (idx 9) in constr e194 (idx 185) is deemed risky
+ coeff 5.13872 of var (x4,x10) (idx 10) in constr e194 (idx 185) is deemed risky
+ coeff 3.7217 of var (x4,x11) (idx 11) in constr e194 (idx 185) is deemed risky
+ coeff -0.338139 of var (x4,x15) (idx 12) in constr e194 (idx 185) is deemed risky
+ coeff 0.338139 of var (x4,x17) (idx 13) in constr e194 (idx 185) is deemed risky
+ coeff -2.53143 of var (x5,x9) (idx 15) in constr e194 (idx 185) is deemed risky
+ coeff -2.53149 of var (x5,x10) (idx 16) in constr e194 (idx 185) is deemed risky
+ coeff -2 of var (x5,x11) (idx 17) in constr e194 (idx 185) is deemed risky
+ coeff 3.20415 of var (x9,x9) (idx 18) in constr e194 (idx 185) is deemed risky
+ coeff 2.53143 of var (x9,x11) (idx 19) in constr e194 (idx 185) is deemed risky
+ coeff 2.53149 of var (x9,x15) (idx 20) in constr e194 (idx 185) is deemed risky
+ coeff -2.53149 of var (x9,x17) (idx 21) in constr e194 (idx 185) is deemed risky
+ coeff 3.20415 of var (x10,x10) (idx 22) in constr e194 (idx 185) is deemed risky
+ coeff 2.53149 of var (x10,x11) (idx 23) in constr e194 (idx 185) is deemed risky
+ coeff -2.53143 of var (x10,x15) (idx 24) in constr e194 (idx 185) is deemed risky
+ coeff 2.53143 of var (x10,x17) (idx 25) in constr e194 (idx 185) is deemed risky
+ coeff -2 of var (x15,x17) (idx 28) in constr e194 (idx 185) is deemed risky
+ coeff 3.49134 of var (x3,x3) (idx 0) in constr e195 (idx 186) is deemed risky
+ coeff -0.338139 of var (x3,x5) (idx 1) in constr e195 (idx 186) is deemed risky
+ coeff -4.77056 of var (x3,x12) (idx 2) in constr e195 (idx 186) is deemed risky
+ coeff 0.80329 of var (x3,x13) (idx 3) in constr e195 (idx 186) is deemed risky
+ coeff 0.338139 of var (x3,x14) (idx 4) in constr e195 (idx 186) is deemed risky
+ coeff 3.7217 of var (x3,x15) (idx 5) in constr e195 (idx 186) is deemed risky
+ coeff -3.7217 of var (x3,x18) (idx 6) in constr e195 (idx 186) is deemed risky
+ coeff 3.49134 of var (x4,x4) (idx 7) in constr e195 (idx 186) is deemed risky
+ coeff -3.7217 of var (x4,x5) (idx 8) in constr e195 (idx 186) is deemed risky
+ coeff -0.80329 of var (x4,x12) (idx 9) in constr e195 (idx 186) is deemed risky
+ coeff -4.77056 of var (x4,x13) (idx 10) in constr e195 (idx 186) is deemed risky
+ coeff 3.7217 of var (x4,x14) (idx 11) in constr e195 (idx 186) is deemed risky
+ coeff -0.338139 of var (x4,x15) (idx 12) in constr e195 (idx 186) is deemed risky
+ coeff 0.338139 of var (x4,x18) (idx 13) in constr e195 (idx 186) is deemed risky
+ coeff 0.659161 of var (x5,x12) (idx 15) in constr e195 (idx 186) is deemed risky
+ coeff 2.50376 of var (x5,x13) (idx 16) in constr e195 (idx 186) is deemed risky
+ coeff -2 of var (x5,x14) (idx 17) in constr e195 (idx 186) is deemed risky
+ coeff 1.67582 of var (x12,x12) (idx 18) in constr e195 (idx 186) is deemed risky
+ coeff -0.659161 of var (x12,x14) (idx 19) in constr e195 (idx 186) is deemed risky
+ coeff -2.50376 of var (x12,x15) (idx 20) in constr e195 (idx 186) is deemed risky
+ coeff 2.50376 of var (x12,x18) (idx 21) in constr e195 (idx 186) is deemed risky
+ coeff 1.67582 of var (x13,x13) (idx 22) in constr e195 (idx 186) is deemed risky
+ coeff -2.50376 of var (x13,x14) (idx 23) in constr e195 (idx 186) is deemed risky
+ coeff 0.659161 of var (x13,x15) (idx 24) in constr e195 (idx 186) is deemed risky
+ coeff -0.659161 of var (x13,x18) (idx 25) in constr e195 (idx 186) is deemed risky
+ coeff -2 of var (x15,x18) (idx 28) in constr e195 (idx 186) is deemed risky
+ coeff 22.009 of var (x6,x6) (idx 0) in constr e196 (idx 187) is deemed risky
+ coeff 9.13177 of var (x6,x8) (idx 1) in constr e196 (idx 187) is deemed risky
+ coeff -9.13177 of var (x6,x11) (idx 2) in constr e196 (idx 187) is deemed risky
+ coeff -2.15565 of var (x6,x16) (idx 3) in constr e196 (idx 187) is deemed risky
+ coeff 2.15565 of var (x6,x17) (idx 4) in constr e196 (idx 187) is deemed risky
+ coeff 22.009 of var (x7,x7) (idx 5) in constr e196 (idx 187) is deemed risky
+ coeff 2.15565 of var (x7,x8) (idx 6) in constr e196 (idx 187) is deemed risky
+ coeff -2.15565 of var (x7,x11) (idx 7) in constr e196 (idx 187) is deemed risky
+ coeff 9.13177 of var (x7,x16) (idx 8) in constr e196 (idx 187) is deemed risky
+ coeff -9.13177 of var (x7,x17) (idx 9) in constr e196 (idx 187) is deemed risky
+ coeff -2 of var (x8,x11) (idx 11) in constr e196 (idx 187) is deemed risky
+ coeff -2 of var (x16,x17) (idx 14) in constr e196 (idx 187) is deemed risky
+ coeff 22.009 of var (x6,x6) (idx 0) in constr e197 (idx 188) is deemed risky
+ coeff 9.13177 of var (x6,x8) (idx 1) in constr e197 (idx 188) is deemed risky
+ coeff -9.13177 of var (x6,x14) (idx 2) in constr e197 (idx 188) is deemed risky
+ coeff -2.15565 of var (x6,x16) (idx 3) in constr e197 (idx 188) is deemed risky
+ coeff 2.15565 of var (x6,x18) (idx 4) in constr e197 (idx 188) is deemed risky
+ coeff 22.009 of var (x7,x7) (idx 5) in constr e197 (idx 188) is deemed risky
+ coeff 2.15565 of var (x7,x8) (idx 6) in constr e197 (idx 188) is deemed risky
+ coeff -2.15565 of var (x7,x14) (idx 7) in constr e197 (idx 188) is deemed risky
+ coeff 9.13177 of var (x7,x16) (idx 8) in constr e197 (idx 188) is deemed risky
+ coeff -9.13177 of var (x7,x18) (idx 9) in constr e197 (idx 188) is deemed risky
+ coeff -2 of var (x8,x14) (idx 11) in constr e197 (idx 188) is deemed risky
+ coeff -2 of var (x16,x18) (idx 14) in constr e197 (idx 188) is deemed risky
+ coeff 22.009 of var (x6,x6) (idx 0) in constr e198 (idx 189) is deemed risky
+ coeff 9.13177 of var (x6,x8) (idx 1) in constr e198 (idx 189) is deemed risky
+ coeff 18.4579 of var (x6,x9) (idx 2) in constr e198 (idx 189) is deemed risky
+ coeff -11.4818 of var (x6,x10) (idx 3) in constr e198 (idx 189) is deemed risky
+ coeff -9.13177 of var (x6,x11) (idx 4) in constr e198 (idx 189) is deemed risky
+ coeff -2.15565 of var (x6,x16) (idx 5) in constr e198 (idx 189) is deemed risky
+ coeff 2.15565 of var (x6,x17) (idx 6) in constr e198 (idx 189) is deemed risky
+ coeff 22.009 of var (x7,x7) (idx 7) in constr e198 (idx 189) is deemed risky
+ coeff 2.15565 of var (x7,x8) (idx 8) in constr e198 (idx 189) is deemed risky
+ coeff 11.4818 of var (x7,x9) (idx 9) in constr e198 (idx 189) is deemed risky
+ coeff 18.4579 of var (x7,x10) (idx 10) in constr e198 (idx 189) is deemed risky
+ coeff -2.15565 of var (x7,x11) (idx 11) in constr e198 (idx 189) is deemed risky
+ coeff 9.13177 of var (x7,x16) (idx 12) in constr e198 (idx 189) is deemed risky
+ coeff -9.13177 of var (x7,x17) (idx 13) in constr e198 (idx 189) is deemed risky
+ coeff 4.39148 of var (x8,x9) (idx 15) in constr e198 (idx 189) is deemed risky
+ coeff -1.47803 of var (x8,x10) (idx 16) in constr e198 (idx 189) is deemed risky
+ coeff -2 of var (x8,x11) (idx 17) in constr e198 (idx 189) is deemed risky
+ coeff 5.36741 of var (x9,x9) (idx 18) in constr e198 (idx 189) is deemed risky
+ coeff -4.39148 of var (x9,x11) (idx 19) in constr e198 (idx 189) is deemed risky
+ coeff 1.47803 of var (x9,x16) (idx 20) in constr e198 (idx 189) is deemed risky
+ coeff -1.47803 of var (x9,x17) (idx 21) in constr e198 (idx 189) is deemed risky
+ coeff 5.36741 of var (x10,x10) (idx 22) in constr e198 (idx 189) is deemed risky
+ coeff 1.47803 of var (x10,x11) (idx 23) in constr e198 (idx 189) is deemed risky
+ coeff 4.39148 of var (x10,x16) (idx 24) in constr e198 (idx 189) is deemed risky
+ coeff -4.39148 of var (x10,x17) (idx 25) in constr e198 (idx 189) is deemed risky
+ coeff -2 of var (x16,x17) (idx 28) in constr e198 (idx 189) is deemed risky
+ coeff 22.009 of var (x6,x6) (idx 0) in constr e199 (idx 190) is deemed risky
+ coeff 9.13177 of var (x6,x8) (idx 1) in constr e199 (idx 190) is deemed risky
+ coeff -14.8982 of var (x6,x12) (idx 2) in constr e199 (idx 190) is deemed risky
+ coeff -1.34333 of var (x6,x13) (idx 3) in constr e199 (idx 190) is deemed risky
+ coeff -9.13177 of var (x6,x14) (idx 4) in constr e199 (idx 190) is deemed risky
+ coeff -2.15565 of var (x6,x16) (idx 5) in constr e199 (idx 190) is deemed risky
+ coeff 2.15565 of var (x6,x18) (idx 6) in constr e199 (idx 190) is deemed risky
+ coeff 22.009 of var (x7,x7) (idx 7) in constr e199 (idx 190) is deemed risky
+ coeff 2.15565 of var (x7,x8) (idx 8) in constr e199 (idx 190) is deemed risky
+ coeff 1.34333 of var (x7,x12) (idx 9) in constr e199 (idx 190) is deemed risky
+ coeff -14.8982 of var (x7,x13) (idx 10) in constr e199 (idx 190) is deemed risky
+ coeff -2.15565 of var (x7,x14) (idx 11) in constr e199 (idx 190) is deemed risky
+ coeff 9.13177 of var (x7,x16) (idx 12) in constr e199 (idx 190) is deemed risky
+ coeff -9.13177 of var (x7,x18) (idx 13) in constr e199 (idx 190) is deemed risky
+ coeff -3.02493 of var (x8,x12) (idx 15) in constr e199 (idx 190) is deemed risky
+ coeff -1.00828 of var (x8,x13) (idx 16) in constr e199 (idx 190) is deemed risky
+ coeff -2 of var (x8,x14) (idx 17) in constr e199 (idx 190) is deemed risky
+ coeff 2.54171 of var (x12,x12) (idx 18) in constr e199 (idx 190) is deemed risky
+ coeff 3.02493 of var (x12,x14) (idx 19) in constr e199 (idx 190) is deemed risky
+ coeff 1.00828 of var (x12,x16) (idx 20) in constr e199 (idx 190) is deemed risky
+ coeff -1.00828 of var (x12,x18) (idx 21) in constr e199 (idx 190) is deemed risky
+ coeff 2.54171 of var (x13,x13) (idx 22) in constr e199 (idx 190) is deemed risky
+ coeff 1.00828 of var (x13,x14) (idx 23) in constr e199 (idx 190) is deemed risky
+ coeff -3.02493 of var (x13,x16) (idx 24) in constr e199 (idx 190) is deemed risky
+ coeff 3.02493 of var (x13,x18) (idx 25) in constr e199 (idx 190) is deemed risky
+ coeff -2 of var (x16,x18) (idx 28) in constr e199 (idx 190) is deemed risky
+ coeff 22.009 of var (x6,x6) (idx 0) in constr e200 (idx 191) is deemed risky
+ coeff 9.13177 of var (x6,x8) (idx 1) in constr e200 (idx 191) is deemed risky
+ coeff -5.9428 of var (x6,x9) (idx 2) in constr e200 (idx 191) is deemed risky
+ coeff 17.8276 of var (x6,x10) (idx 3) in constr e200 (idx 191) is deemed risky
+ coeff -9.13177 of var (x6,x11) (idx 4) in constr e200 (idx 191) is deemed risky
+ coeff -2.15565 of var (x6,x16) (idx 5) in constr e200 (idx 191) is deemed risky
+ coeff 2.15565 of var (x6,x17) (idx 6) in constr e200 (idx 191) is deemed risky
+ coeff 22.009 of var (x7,x7) (idx 7) in constr e200 (idx 191) is deemed risky
+ coeff 2.15565 of var (x7,x8) (idx 8) in constr e200 (idx 191) is deemed risky
+ coeff -17.8276 of var (x7,x9) (idx 9) in constr e200 (idx 191) is deemed risky
+ coeff -5.9428 of var (x7,x10) (idx 10) in constr e200 (idx 191) is deemed risky
+ coeff -2.15565 of var (x7,x11) (idx 11) in constr e200 (idx 191) is deemed risky
+ coeff 9.13177 of var (x7,x16) (idx 12) in constr e200 (idx 191) is deemed risky
+ coeff -9.13177 of var (x7,x17) (idx 13) in constr e200 (idx 191) is deemed risky
+ coeff -2.10592 of var (x8,x9) (idx 15) in constr e200 (idx 191) is deemed risky
+ coeff 3.40739 of var (x8,x10) (idx 16) in constr e200 (idx 191) is deemed risky
+ coeff -2 of var (x8,x11) (idx 17) in constr e200 (idx 191) is deemed risky
+ coeff 4.0113 of var (x9,x9) (idx 18) in constr e200 (idx 191) is deemed risky
+ coeff 2.10592 of var (x9,x11) (idx 19) in constr e200 (idx 191) is deemed risky
+ coeff -3.40739 of var (x9,x16) (idx 20) in constr e200 (idx 191) is deemed risky
+ coeff 3.40739 of var (x9,x17) (idx 21) in constr e200 (idx 191) is deemed risky
+ coeff 4.0113 of var (x10,x10) (idx 22) in constr e200 (idx 191) is deemed risky
+ coeff -3.40739 of var (x10,x11) (idx 23) in constr e200 (idx 191) is deemed risky
+ coeff -2.10592 of var (x10,x16) (idx 24) in constr e200 (idx 191) is deemed risky
+ coeff 2.10592 of var (x10,x17) (idx 25) in constr e200 (idx 191) is deemed risky
+ coeff -2 of var (x16,x17) (idx 28) in constr e200 (idx 191) is deemed risky
+ coeff 22.009 of var (x6,x6) (idx 0) in constr e201 (idx 192) is deemed risky
+ coeff 9.13177 of var (x6,x8) (idx 1) in constr e201 (idx 192) is deemed risky
+ coeff 8.76291 of var (x6,x12) (idx 2) in constr e201 (idx 192) is deemed risky
+ coeff -9.22398 of var (x6,x13) (idx 3) in constr e201 (idx 192) is deemed risky
+ coeff -9.13177 of var (x6,x14) (idx 4) in constr e201 (idx 192) is deemed risky
+ coeff -2.15565 of var (x6,x16) (idx 5) in constr e201 (idx 192) is deemed risky
+ coeff 2.15565 of var (x6,x18) (idx 6) in constr e201 (idx 192) is deemed risky
+ coeff 22.009 of var (x7,x7) (idx 7) in constr e201 (idx 192) is deemed risky
+ coeff 2.15565 of var (x7,x8) (idx 8) in constr e201 (idx 192) is deemed risky
+ coeff 9.22398 of var (x7,x12) (idx 9) in constr e201 (idx 192) is deemed risky
+ coeff 8.76291 of var (x7,x13) (idx 10) in constr e201 (idx 192) is deemed risky
+ coeff -2.15565 of var (x7,x14) (idx 11) in constr e201 (idx 192) is deemed risky
+ coeff 9.13177 of var (x7,x16) (idx 12) in constr e201 (idx 192) is deemed risky
+ coeff -9.13177 of var (x7,x18) (idx 13) in constr e201 (idx 192) is deemed risky
+ coeff 2.26963 of var (x8,x12) (idx 15) in constr e201 (idx 192) is deemed risky
+ coeff -1.48442 of var (x8,x13) (idx 16) in constr e201 (idx 192) is deemed risky
+ coeff -2 of var (x8,x14) (idx 17) in constr e201 (idx 192) is deemed risky
+ coeff 1.83868 of var (x12,x12) (idx 18) in constr e201 (idx 192) is deemed risky
+ coeff -2.26963 of var (x12,x14) (idx 19) in constr e201 (idx 192) is deemed risky
+ coeff 1.48442 of var (x12,x16) (idx 20) in constr e201 (idx 192) is deemed risky
+ coeff -1.48442 of var (x12,x18) (idx 21) in constr e201 (idx 192) is deemed risky
+ coeff 1.83868 of var (x13,x13) (idx 22) in constr e201 (idx 192) is deemed risky
+ coeff 1.48442 of var (x13,x14) (idx 23) in constr e201 (idx 192) is deemed risky
+ coeff 2.26963 of var (x13,x16) (idx 24) in constr e201 (idx 192) is deemed risky
+ coeff -2.26963 of var (x13,x18) (idx 25) in constr e201 (idx 192) is deemed risky
+ coeff -2 of var (x16,x18) (idx 28) in constr e201 (idx 192) is deemed risky
+ coeff 22.009 of var (x6,x6) (idx 0) in constr e202 (idx 193) is deemed risky
+ coeff 9.13177 of var (x6,x8) (idx 1) in constr e202 (idx 193) is deemed risky
+ coeff 12.9243 of var (x6,x9) (idx 2) in constr e202 (idx 193) is deemed risky
+ coeff -6.46211 of var (x6,x10) (idx 3) in constr e202 (idx 193) is deemed risky
+ coeff -9.13177 of var (x6,x11) (idx 4) in constr e202 (idx 193) is deemed risky
+ coeff -2.15565 of var (x6,x16) (idx 5) in constr e202 (idx 193) is deemed risky
+ coeff 2.15565 of var (x6,x17) (idx 6) in constr e202 (idx 193) is deemed risky
+ coeff 22.009 of var (x7,x7) (idx 7) in constr e202 (idx 193) is deemed risky
+ coeff 2.15565 of var (x7,x8) (idx 8) in constr e202 (idx 193) is deemed risky
+ coeff 6.46211 of var (x7,x9) (idx 9) in constr e202 (idx 193) is deemed risky
+ coeff 12.9243 of var (x7,x10) (idx 10) in constr e202 (idx 193) is deemed risky
+ coeff -2.15565 of var (x7,x11) (idx 11) in constr e202 (idx 193) is deemed risky
+ coeff 9.13177 of var (x7,x16) (idx 12) in constr e202 (idx 193) is deemed risky
+ coeff -9.13177 of var (x7,x17) (idx 13) in constr e202 (idx 193) is deemed risky
+ coeff 2.99767 of var (x8,x9) (idx 15) in constr e202 (idx 193) is deemed risky
+ coeff -0.70767 of var (x8,x10) (idx 16) in constr e202 (idx 193) is deemed risky
+ coeff -2 of var (x8,x11) (idx 17) in constr e202 (idx 193) is deemed risky
+ coeff 2.3717 of var (x9,x9) (idx 18) in constr e202 (idx 193) is deemed risky
+ coeff -2.99767 of var (x9,x11) (idx 19) in constr e202 (idx 193) is deemed risky
+ coeff 0.70767 of var (x9,x16) (idx 20) in constr e202 (idx 193) is deemed risky
+ coeff -0.70767 of var (x9,x17) (idx 21) in constr e202 (idx 193) is deemed risky
+ coeff 2.3717 of var (x10,x10) (idx 22) in constr e202 (idx 193) is deemed risky
+ coeff 0.70767 of var (x10,x11) (idx 23) in constr e202 (idx 193) is deemed risky
+ coeff 2.99767 of var (x10,x16) (idx 24) in constr e202 (idx 193) is deemed risky
+ coeff -2.99767 of var (x10,x17) (idx 25) in constr e202 (idx 193) is deemed risky
+ coeff -2 of var (x16,x17) (idx 28) in constr e202 (idx 193) is deemed risky
+ coeff 22.009 of var (x6,x6) (idx 0) in constr e203 (idx 194) is deemed risky
+ coeff 9.13177 of var (x6,x8) (idx 1) in constr e203 (idx 194) is deemed risky
+ coeff -22.637 of var (x6,x12) (idx 2) in constr e203 (idx 194) is deemed risky
+ coeff -2.04129 of var (x6,x13) (idx 3) in constr e203 (idx 194) is deemed risky
+ coeff -9.13177 of var (x6,x14) (idx 4) in constr e203 (idx 194) is deemed risky
+ coeff -2.15565 of var (x6,x16) (idx 5) in constr e203 (idx 194) is deemed risky
+ coeff 2.15565 of var (x6,x18) (idx 6) in constr e203 (idx 194) is deemed risky
+ coeff 22.009 of var (x7,x7) (idx 7) in constr e203 (idx 194) is deemed risky
+ coeff 2.15565 of var (x7,x8) (idx 8) in constr e203 (idx 194) is deemed risky
+ coeff 2.04129 of var (x7,x12) (idx 9) in constr e203 (idx 194) is deemed risky
+ coeff -22.637 of var (x7,x13) (idx 10) in constr e203 (idx 194) is deemed risky
+ coeff -2.15565 of var (x7,x14) (idx 11) in constr e203 (idx 194) is deemed risky
+ coeff 9.13177 of var (x7,x16) (idx 12) in constr e203 (idx 194) is deemed risky
+ coeff -9.13177 of var (x7,x18) (idx 13) in constr e203 (idx 194) is deemed risky
+ coeff -4.5962 of var (x8,x12) (idx 15) in constr e203 (idx 194) is deemed risky
+ coeff -1.53206 of var (x8,x13) (idx 16) in constr e203 (idx 194) is deemed risky
+ coeff -2 of var (x8,x14) (idx 17) in constr e203 (idx 194) is deemed risky
+ coeff 5.86805 of var (x12,x12) (idx 18) in constr e203 (idx 194) is deemed risky
+ coeff 4.5962 of var (x12,x14) (idx 19) in constr e203 (idx 194) is deemed risky
+ coeff 1.53206 of var (x12,x16) (idx 20) in constr e203 (idx 194) is deemed risky
+ coeff -1.53206 of var (x12,x18) (idx 21) in constr e203 (idx 194) is deemed risky
+ coeff 5.86805 of var (x13,x13) (idx 22) in constr e203 (idx 194) is deemed risky
+ coeff 1.53206 of var (x13,x14) (idx 23) in constr e203 (idx 194) is deemed risky
+ coeff -4.5962 of var (x13,x16) (idx 24) in constr e203 (idx 194) is deemed risky
+ coeff 4.5962 of var (x13,x18) (idx 25) in constr e203 (idx 194) is deemed risky
+ coeff -2 of var (x16,x18) (idx 28) in constr e203 (idx 194) is deemed risky
+ coeff 22.009 of var (x6,x6) (idx 0) in constr e204 (idx 195) is deemed risky
+ coeff 9.13177 of var (x6,x8) (idx 1) in constr e204 (idx 195) is deemed risky
+ coeff -14.2868 of var (x6,x9) (idx 2) in constr e204 (idx 195) is deemed risky
+ coeff -8.83007 of var (x6,x10) (idx 3) in constr e204 (idx 195) is deemed risky
+ coeff -9.13177 of var (x6,x11) (idx 4) in constr e204 (idx 195) is deemed risky
+ coeff -2.15565 of var (x6,x16) (idx 5) in constr e204 (idx 195) is deemed risky
+ coeff 2.15565 of var (x6,x17) (idx 6) in constr e204 (idx 195) is deemed risky
+ coeff 22.009 of var (x7,x7) (idx 7) in constr e204 (idx 195) is deemed risky
+ coeff 2.15565 of var (x7,x8) (idx 8) in constr e204 (idx 195) is deemed risky
+ coeff 8.83007 of var (x7,x9) (idx 9) in constr e204 (idx 195) is deemed risky
+ coeff -14.2868 of var (x7,x10) (idx 10) in constr e204 (idx 195) is deemed risky
+ coeff -2.15565 of var (x7,x11) (idx 11) in constr e204 (idx 195) is deemed risky
+ coeff 9.13177 of var (x7,x16) (idx 12) in constr e204 (idx 195) is deemed risky
+ coeff -9.13177 of var (x7,x17) (idx 13) in constr e204 (idx 195) is deemed risky
+ coeff -2.53143 of var (x8,x9) (idx 15) in constr e204 (idx 195) is deemed risky
+ coeff -2.53149 of var (x8,x10) (idx 16) in constr e204 (idx 195) is deemed risky
+ coeff -2 of var (x8,x11) (idx 17) in constr e204 (idx 195) is deemed risky
+ coeff 3.20415 of var (x9,x9) (idx 18) in constr e204 (idx 195) is deemed risky
+ coeff 2.53143 of var (x9,x11) (idx 19) in constr e204 (idx 195) is deemed risky
+ coeff 2.53149 of var (x9,x16) (idx 20) in constr e204 (idx 195) is deemed risky
+ coeff -2.53149 of var (x9,x17) (idx 21) in constr e204 (idx 195) is deemed risky
+ coeff 3.20415 of var (x10,x10) (idx 22) in constr e204 (idx 195) is deemed risky
+ coeff 2.53149 of var (x10,x11) (idx 23) in constr e204 (idx 195) is deemed risky
+ coeff -2.53143 of var (x10,x16) (idx 24) in constr e204 (idx 195) is deemed risky
+ coeff 2.53143 of var (x10,x17) (idx 25) in constr e204 (idx 195) is deemed risky
+ coeff -2 of var (x16,x17) (idx 28) in constr e204 (idx 195) is deemed risky
+ coeff 22.009 of var (x6,x6) (idx 0) in constr e205 (idx 196) is deemed risky
+ coeff 9.13177 of var (x6,x8) (idx 1) in constr e205 (idx 196) is deemed risky
+ coeff 5.70827 of var (x6,x12) (idx 2) in constr e205 (idx 196) is deemed risky
+ coeff 10.7214 of var (x6,x13) (idx 3) in constr e205 (idx 196) is deemed risky
+ coeff -9.13177 of var (x6,x14) (idx 4) in constr e205 (idx 196) is deemed risky
+ coeff -2.15565 of var (x6,x16) (idx 5) in constr e205 (idx 196) is deemed risky
+ coeff 2.15565 of var (x6,x18) (idx 6) in constr e205 (idx 196) is deemed risky
+ coeff 22.009 of var (x7,x7) (idx 7) in constr e205 (idx 196) is deemed risky
+ coeff 2.15565 of var (x7,x8) (idx 8) in constr e205 (idx 196) is deemed risky
+ coeff -10.7214 of var (x7,x12) (idx 9) in constr e205 (idx 196) is deemed risky
+ coeff 5.70827 of var (x7,x13) (idx 10) in constr e205 (idx 196) is deemed risky
+ coeff -2.15565 of var (x7,x14) (idx 11) in constr e205 (idx 196) is deemed risky
+ coeff 9.13177 of var (x7,x16) (idx 12) in constr e205 (idx 196) is deemed risky
+ coeff -9.13177 of var (x7,x18) (idx 13) in constr e205 (idx 196) is deemed risky
+ coeff 0.659161 of var (x8,x12) (idx 15) in constr e205 (idx 196) is deemed risky
+ coeff 2.50376 of var (x8,x13) (idx 16) in constr e205 (idx 196) is deemed risky
+ coeff -2 of var (x8,x14) (idx 17) in constr e205 (idx 196) is deemed risky
+ coeff 1.67582 of var (x12,x12) (idx 18) in constr e205 (idx 196) is deemed risky
+ coeff -0.659161 of var (x12,x14) (idx 19) in constr e205 (idx 196) is deemed risky
+ coeff -2.50376 of var (x12,x16) (idx 20) in constr e205 (idx 196) is deemed risky
+ coeff 2.50376 of var (x12,x18) (idx 21) in constr e205 (idx 196) is deemed risky
+ coeff 1.67582 of var (x13,x13) (idx 22) in constr e205 (idx 196) is deemed risky
+ coeff -2.50376 of var (x13,x14) (idx 23) in constr e205 (idx 196) is deemed risky
+ coeff 0.659161 of var (x13,x16) (idx 24) in constr e205 (idx 196) is deemed risky
+ coeff -0.659161 of var (x13,x18) (idx 25) in constr e205 (idx 196) is deemed risky
+ coeff -2 of var (x16,x18) (idx 28) in constr e205 (idx 196) is deemed risky
+ coeff 3.20415 of var (x9,x9) (idx 0) in constr e206 (idx 197) is deemed risky
+ coeff 2.53143 of var (x9,x11) (idx 1) in constr e206 (idx 197) is deemed risky
+ coeff -2.53143 of var (x9,x14) (idx 2) in constr e206 (idx 197) is deemed risky
+ coeff -2.53149 of var (x9,x17) (idx 3) in constr e206 (idx 197) is deemed risky
+ coeff 2.53149 of var (x9,x18) (idx 4) in constr e206 (idx 197) is deemed risky
+ coeff 3.20415 of var (x10,x10) (idx 5) in constr e206 (idx 197) is deemed risky
+ coeff 2.53149 of var (x10,x11) (idx 6) in constr e206 (idx 197) is deemed risky
+ coeff -2.53149 of var (x10,x14) (idx 7) in constr e206 (idx 197) is deemed risky
+ coeff 2.53143 of var (x10,x17) (idx 8) in constr e206 (idx 197) is deemed risky
+ coeff -2.53143 of var (x10,x18) (idx 9) in constr e206 (idx 197) is deemed risky
+ coeff -2 of var (x11,x14) (idx 11) in constr e206 (idx 197) is deemed risky
+ coeff -2 of var (x17,x18) (idx 14) in constr e206 (idx 197) is deemed risky
+ coeff 3.20415 of var (x9,x9) (idx 0) in constr e207 (idx 198) is deemed risky
+ coeff 2.53143 of var (x9,x11) (idx 1) in constr e207 (idx 198) is deemed risky
+ coeff -5.10493 of var (x9,x12) (idx 2) in constr e207 (idx 198) is deemed risky
+ coeff 2.5526 of var (x9,x13) (idx 3) in constr e207 (idx 198) is deemed risky
+ coeff -2.53143 of var (x9,x14) (idx 4) in constr e207 (idx 198) is deemed risky
+ coeff -2.53149 of var (x9,x17) (idx 5) in constr e207 (idx 198) is deemed risky
+ coeff 2.53149 of var (x9,x18) (idx 6) in constr e207 (idx 198) is deemed risky
+ coeff 3.20415 of var (x10,x10) (idx 7) in constr e207 (idx 198) is deemed risky
+ coeff 2.53149 of var (x10,x11) (idx 8) in constr e207 (idx 198) is deemed risky
+ coeff -2.5526 of var (x10,x12) (idx 9) in constr e207 (idx 198) is deemed risky
+ coeff -5.10493 of var (x10,x13) (idx 10) in constr e207 (idx 198) is deemed risky
+ coeff -2.53149 of var (x10,x14) (idx 11) in constr e207 (idx 198) is deemed risky
+ coeff 2.53143 of var (x10,x17) (idx 12) in constr e207 (idx 198) is deemed risky
+ coeff -2.53143 of var (x10,x18) (idx 13) in constr e207 (idx 198) is deemed risky
+ coeff -3.02493 of var (x11,x12) (idx 15) in constr e207 (idx 198) is deemed risky
+ coeff -1.00828 of var (x11,x13) (idx 16) in constr e207 (idx 198) is deemed risky
+ coeff -2 of var (x11,x14) (idx 17) in constr e207 (idx 198) is deemed risky
+ coeff 2.54171 of var (x12,x12) (idx 18) in constr e207 (idx 198) is deemed risky
+ coeff 3.02493 of var (x12,x14) (idx 19) in constr e207 (idx 198) is deemed risky
+ coeff 1.00828 of var (x12,x17) (idx 20) in constr e207 (idx 198) is deemed risky
+ coeff -1.00828 of var (x12,x18) (idx 21) in constr e207 (idx 198) is deemed risky
+ coeff 2.54171 of var (x13,x13) (idx 22) in constr e207 (idx 198) is deemed risky
+ coeff 1.00828 of var (x13,x14) (idx 23) in constr e207 (idx 198) is deemed risky
+ coeff -3.02493 of var (x13,x17) (idx 24) in constr e207 (idx 198) is deemed risky
+ coeff 3.02493 of var (x13,x18) (idx 25) in constr e207 (idx 198) is deemed risky
+ coeff -2 of var (x17,x18) (idx 28) in constr e207 (idx 198) is deemed risky
+ coeff 3.20415 of var (x9,x9) (idx 0) in constr e208 (idx 199) is deemed risky
+ coeff 2.53143 of var (x9,x11) (idx 1) in constr e208 (idx 199) is deemed risky
+ coeff 0.993799 of var (x9,x12) (idx 2) in constr e208 (idx 199) is deemed risky
+ coeff -4.75164 of var (x9,x13) (idx 3) in constr e208 (idx 199) is deemed risky
+ coeff -2.53143 of var (x9,x14) (idx 4) in constr e208 (idx 199) is deemed risky
+ coeff -2.53149 of var (x9,x17) (idx 5) in constr e208 (idx 199) is deemed risky
+ coeff 2.53149 of var (x9,x18) (idx 6) in constr e208 (idx 199) is deemed risky
+ coeff 3.20415 of var (x10,x10) (idx 7) in constr e208 (idx 199) is deemed risky
+ coeff 2.53149 of var (x10,x11) (idx 8) in constr e208 (idx 199) is deemed risky
+ coeff 4.75164 of var (x10,x12) (idx 9) in constr e208 (idx 199) is deemed risky
+ coeff 0.993799 of var (x10,x13) (idx 10) in constr e208 (idx 199) is deemed risky
+ coeff -2.53149 of var (x10,x14) (idx 11) in constr e208 (idx 199) is deemed risky
+ coeff 2.53143 of var (x10,x17) (idx 12) in constr e208 (idx 199) is deemed risky
+ coeff -2.53143 of var (x10,x18) (idx 13) in constr e208 (idx 199) is deemed risky
+ coeff 2.26963 of var (x11,x12) (idx 15) in constr e208 (idx 199) is deemed risky
+ coeff -1.48442 of var (x11,x13) (idx 16) in constr e208 (idx 199) is deemed risky
+ coeff -2 of var (x11,x14) (idx 17) in constr e208 (idx 199) is deemed risky
+ coeff 1.83868 of var (x12,x12) (idx 18) in constr e208 (idx 199) is deemed risky
+ coeff -2.26963 of var (x12,x14) (idx 19) in constr e208 (idx 199) is deemed risky
+ coeff 1.48442 of var (x12,x17) (idx 20) in constr e208 (idx 199) is deemed risky
+ coeff -1.48442 of var (x12,x18) (idx 21) in constr e208 (idx 199) is deemed risky
+ coeff 1.83868 of var (x13,x13) (idx 22) in constr e208 (idx 199) is deemed risky
+ coeff 1.48442 of var (x13,x14) (idx 23) in constr e208 (idx 199) is deemed risky
+ coeff 2.26963 of var (x13,x17) (idx 24) in constr e208 (idx 199) is deemed risky
+ coeff -2.26963 of var (x13,x18) (idx 25) in constr e208 (idx 199) is deemed risky
+ coeff -2 of var (x17,x18) (idx 28) in constr e208 (idx 199) is deemed risky
+ coeff 3.20415 of var (x9,x9) (idx 0) in constr e209 (idx 200) is deemed risky
+ coeff 2.53143 of var (x9,x11) (idx 1) in constr e209 (idx 200) is deemed risky
+ coeff -7.75668 of var (x9,x12) (idx 2) in constr e209 (idx 200) is deemed risky
+ coeff 3.87847 of var (x9,x13) (idx 3) in constr e209 (idx 200) is deemed risky
+ coeff -2.53143 of var (x9,x14) (idx 4) in constr e209 (idx 200) is deemed risky
+ coeff -2.53149 of var (x9,x17) (idx 5) in constr e209 (idx 200) is deemed risky
+ coeff 2.53149 of var (x9,x18) (idx 6) in constr e209 (idx 200) is deemed risky
+ coeff 3.20415 of var (x10,x10) (idx 7) in constr e209 (idx 200) is deemed risky
+ coeff 2.53149 of var (x10,x11) (idx 8) in constr e209 (idx 200) is deemed risky
+ coeff -3.87847 of var (x10,x12) (idx 9) in constr e209 (idx 200) is deemed risky
+ coeff -7.75668 of var (x10,x13) (idx 10) in constr e209 (idx 200) is deemed risky
+ coeff -2.53149 of var (x10,x14) (idx 11) in constr e209 (idx 200) is deemed risky
+ coeff 2.53143 of var (x10,x17) (idx 12) in constr e209 (idx 200) is deemed risky
+ coeff -2.53143 of var (x10,x18) (idx 13) in constr e209 (idx 200) is deemed risky
+ coeff -4.5962 of var (x11,x12) (idx 15) in constr e209 (idx 200) is deemed risky
+ coeff -1.53206 of var (x11,x13) (idx 16) in constr e209 (idx 200) is deemed risky
+ coeff -2 of var (x11,x14) (idx 17) in constr e209 (idx 200) is deemed risky
+ coeff 5.86805 of var (x12,x12) (idx 18) in constr e209 (idx 200) is deemed risky
+ coeff 4.5962 of var (x12,x14) (idx 19) in constr e209 (idx 200) is deemed risky
+ coeff 1.53206 of var (x12,x17) (idx 20) in constr e209 (idx 200) is deemed risky
+ coeff -1.53206 of var (x12,x18) (idx 21) in constr e209 (idx 200) is deemed risky
+ coeff 5.86805 of var (x13,x13) (idx 22) in constr e209 (idx 200) is deemed risky
+ coeff 1.53206 of var (x13,x14) (idx 23) in constr e209 (idx 200) is deemed risky
+ coeff -4.5962 of var (x13,x17) (idx 24) in constr e209 (idx 200) is deemed risky
+ coeff 4.5962 of var (x13,x18) (idx 25) in constr e209 (idx 200) is deemed risky
+ coeff -2 of var (x17,x18) (idx 28) in constr e209 (idx 200) is deemed risky
+ coeff 3.20415 of var (x9,x9) (idx 0) in constr e210 (idx 201) is deemed risky
+ coeff 2.53143 of var (x9,x11) (idx 1) in constr e210 (idx 201) is deemed risky
+ coeff 4.00343 of var (x9,x12) (idx 2) in constr e210 (idx 201) is deemed risky
+ coeff 2.33472 of var (x9,x13) (idx 3) in constr e210 (idx 201) is deemed risky
+ coeff -2.53143 of var (x9,x14) (idx 4) in constr e210 (idx 201) is deemed risky
+ coeff -2.53149 of var (x9,x17) (idx 5) in constr e210 (idx 201) is deemed risky
+ coeff 2.53149 of var (x9,x18) (idx 6) in constr e210 (idx 201) is deemed risky
+ coeff 3.20415 of var (x10,x10) (idx 7) in constr e210 (idx 201) is deemed risky
+ coeff 2.53149 of var (x10,x11) (idx 8) in constr e210 (idx 201) is deemed risky
+ coeff -2.33472 of var (x10,x12) (idx 9) in constr e210 (idx 201) is deemed risky
+ coeff 4.00343 of var (x10,x13) (idx 10) in constr e210 (idx 201) is deemed risky
+ coeff -2.53149 of var (x10,x14) (idx 11) in constr e210 (idx 201) is deemed risky
+ coeff 2.53143 of var (x10,x17) (idx 12) in constr e210 (idx 201) is deemed risky
+ coeff -2.53143 of var (x10,x18) (idx 13) in constr e210 (idx 201) is deemed risky
+ coeff 0.659161 of var (x11,x12) (idx 15) in constr e210 (idx 201) is deemed risky
+ coeff 2.50376 of var (x11,x13) (idx 16) in constr e210 (idx 201) is deemed risky
+ coeff -2 of var (x11,x14) (idx 17) in constr e210 (idx 201) is deemed risky
+ coeff 1.67582 of var (x12,x12) (idx 18) in constr e210 (idx 201) is deemed risky
+ coeff -0.659161 of var (x12,x14) (idx 19) in constr e210 (idx 201) is deemed risky
+ coeff -2.50376 of var (x12,x17) (idx 20) in constr e210 (idx 201) is deemed risky
+ coeff 2.50376 of var (x12,x18) (idx 21) in constr e210 (idx 201) is deemed risky
+ coeff 1.67582 of var (x13,x13) (idx 22) in constr e210 (idx 201) is deemed risky
+ coeff -2.50376 of var (x13,x14) (idx 23) in constr e210 (idx 201) is deemed risky
+ coeff 0.659161 of var (x13,x17) (idx 24) in constr e210 (idx 201) is deemed risky
+ coeff -0.659161 of var (x13,x18) (idx 25) in constr e210 (idx 201) is deemed risky
+ coeff -2 of var (x17,x18) (idx 28) in constr e210 (idx 201) is deemed risky
Quad constraints read with code 0.
Reading parameter file drskparams.conf.
tol 0.01
maxits 20
lambda_hi 0.8
lambda_lo 0.75
xi 0.01
Running Greedy.
Solving Model
  variables = 17
  constraints = 55
 OPTIMAL. optimal value: 4.9999e+00 in time 3.5815e+00
Optimal objective = 4.99994
Optimal variable values:
x2 = 4.99994
x3 = -0.636506
x4 = 0.771272
x5 = 1.60259
x7 = 1
x8 = 3.571
x9 = -0.999987
x10 = -0.00501072
x11 = 1.5355
x12 = 0.455414
x13 = 0.89028
x14 = 1.65102
x15 = 1.61121
x16 = 3.94679
x17 = 8.44421
x18 = 5.67612
16 nonzero variables in solution
Writing solution to file form_0.sol.
Getting impact at iteration_cnt 0 using style 0-norm_per.
Max feature value: 11.8532 at e86  (L1-norm: 12.3577  L2-norm: 11.864.)
Counter: 0  feature: e86 (>)  term: [('x17', 'x18')]  z=1 --> delta: 1.185e+01
Counter: 1  feature: e76 (>)  term: [('x16', 'x17')]  z=1 --> delta: 6.378e+00
Counter: 2  feature: e77 (>)  term: [('x16', 'x18')]  z=1 --> delta: 5.534e+00
Counter: 3  feature: e90 (>)  term: [('x17', 'x18')]  z=1 --> delta: 3.811e+00
Counter: 4  feature: e87 (>)  term: [('x17', 'x18')]  z=1 --> delta: 3.281e+00
Counter: 5  feature: e176 (>)  term: [('x17', 'x18')]  z=1 --> delta: 3.232e+00
Counter: 6  feature: e88 (>)  term: [('x17', 'x18')]  z=1 --> delta: 3.080e+00
Counter: 7  feature: e146 (>)  term: [('x17', 'x18')]  z=1 --> delta: 2.514e+00
Counter: 8  feature: e206 (>)  term: [('x17', 'x18')]  z=1 --> delta: 2.292e+00
Counter: 9  feature: e89 (>)  term: [('x17', 'x18')]  z=1 --> delta: 2.138e+00
Counter: 10  feature: e116 (>)  term: [('x17', 'x18')]  z=1 --> delta: 1.956e+00
Counter: 11  feature: e82 (>)  term: [('x16', 'x17')]  z=1 --> delta: 1.797e+00
Counter: 12  feature: e81 (>)  term: [('x16', 'x18')]  z=1 --> delta: 1.668e+00
Counter: 13  feature: e180 (>)  term: [('x17', 'x18')]  z=1 --> delta: 1.599e+00
Counter: 14  feature: e61 (>)  term: [('x15', 'x16')]  z=1 --> delta: 1.566e+00
Counter: 15  feature: e177 (>)  term: [('x17', 'x18')]  z=1 --> delta: 1.520e+00
Counter: 16  feature: e106 (>)  term: [('x16', 'x17')]  z=1 --> delta: 1.480e+00
Counter: 17  feature: e85 (>)  term: [('x16', 'x18')]  z=1 --> delta: 1.393e+00
Counter: 18  feature: e150 (>)  term: [('x17', 'x18')]  z=1 --> delta: 1.393e+00
Counter: 19  feature: e80 (>)  term: [('x16', 'x17')]  z=1 --> delta: 1.392e+00
Counter: 20  feature: e79 (>)  term: [('x16', 'x18')]  z=1 --> delta: 1.369e+00
Counter: 21  feature: e178 (>)  term: [('x17', 'x18')]  z=1 --> delta: 1.343e+00
Counter: 22  feature: e210 (>)  term: [('x17', 'x18')]  z=1 --> delta: 1.295e+00
Counter: 23  feature: e148 (>)  term: [('x17', 'x18')]  z=1 --> delta: 1.249e+00
Counter: 24  feature: e147 (>)  term: [('x17', 'x18')]  z=1 --> delta: 1.227e+00
Counter: 25  feature: e207 (>)  term: [('x17', 'x18')]  z=1 --> delta: 1.147e+00
Counter: 26  feature: e179 (>)  term: [('x17', 'x18')]  z=1 --> delta: 1.136e+00
Counter: 27  feature: e63 (>)  term: [('x15', 'x18')]  z=1 --> delta: 1.094e+00
Counter: 28  feature: e117 (>)  term: [('x17', 'x18')]  z=1 --> delta: 1.082e+00
Counter: 29  feature: e120 (>)  term: [('x17', 'x18')]  z=1 --> delta: 1.060e+00
Counter: 30  feature: e78 (>)  term: [('x16', 'x17')]  z=1 --> delta: 1.043e+00
Counter: 31  feature: e107 (>)  term: [('x16', 'x18')]  z=1 --> delta: 1.027e+00
Counter: 32  feature: e208 (>)  term: [('x17', 'x18')]  z=1 --> delta: 1.001e+00
Counter: 33  feature: e118 (>)  term: [('x17', 'x18')]  z=1 --> delta: 9.136e-01
Counter: 34  feature: e149 (>)  term: [('x17', 'x18')]  z=1 --> delta: 8.978e-01
Counter: 35  feature: e209 (>)  term: [('x17', 'x18')]  z=1 --> delta: 8.602e-01
Counter: 36  feature: e119 (>)  term: [('x17', 'x18')]  z=1 --> delta: 8.514e-01
Counter: 37  feature: e166 (>)  term: [('x16', 'x17')]  z=1 --> delta: 8.487e-01
Counter: 38  feature: e83 (>)  term: [('x16', 'x18')]  z=1 --> delta: 8.126e-01
Counter: 39  feature: e112 (>)  term: [('x16', 'x17')]  z=1 --> delta: 7.886e-01
Counter: 40  feature: e84 (>)  term: [('x16', 'x17')]  z=1 --> delta: 7.338e-01
Counter: 41  feature: e196 (>)  term: [('x16', 'x17')]  z=1 --> delta: 7.301e-01
Counter: 42  feature: e49 (>)  term: ['x7']  z=1 --> delta: 7.136e-01
Counter: 43  feature: e137 (>)  term: [('x16', 'x18')]  z=1 --> delta: 6.917e-01
Counter: 44  feature: e32 (<)  term: ['x7']  z=1 --> delta: 6.190e-01
Counter: 45  feature: e110 (>)  term: [('x16', 'x17')]  z=1 --> delta: 5.823e-01
Counter: 46  feature: e108 (>)  term: [('x16', 'x17')]  z=1 --> delta: 5.753e-01
Counter: 47  feature: e109 (>)  term: [('x16', 'x18')]  z=1 --> delta: 5.709e-01
Counter: 48  feature: e136 (>)  term: [('x16', 'x17')]  z=1 --> delta: 5.580e-01
Counter: 49  feature: e69 (>)  term: [('x15', 'x18')]  z=1 --> delta: 5.428e-01
Counter: 50  feature: e172 (>)  term: [('x16', 'x17')]  z=1 --> delta: 5.357e-01
Counter: 51  feature: e2 (<)  term: ['x4']  z=1 --> delta: 5.021e-01
Counter: 52  feature: e25 (>)  term: ['x10']  z=1 --> delta: 4.960e-01
Counter: 53  feature: e202 (>)  term: [('x16', 'x17')]  z=1 --> delta: 4.935e-01
Counter: 54  feature: e167 (>)  term: [('x16', 'x18')]  z=1 --> delta: 4.911e-01
Counter: 55  feature: e152 (>)  term: [('x15', 'x17')]  z=1 --> delta: 4.844e-01
Counter: 56  feature: e111 (>)  term: [('x16', 'x18')]  z=1 --> delta: 4.811e-01
Counter: 57  feature: e5 (<)  term: ['x13']  z=1 --> delta: 4.747e-01
Counter: 58  feature: e141 (>)  term: [('x16', 'x18')]  z=1 --> delta: 4.735e-01
Counter: 59  feature: e114 (>)  term: [('x16', 'x17')]  z=1 --> delta: 4.521e-01
Counter: 60  feature: e115 (>)  term: [('x16', 'x18')]  z=1 --> delta: 4.386e-01
Counter: 61  feature: e35 (<)  term: ['x4']  z=1 --> delta: 4.377e-01
Counter: 62  feature: e113 (>)  term: [('x16', 'x18')]  z=1 --> delta: 4.350e-01
Counter: 63  feature: e93 (>)  term: [('x15', 'x18')]  z=1 --> delta: 4.327e-01
Counter: 64  feature: e168 (>)  term: [('x16', 'x17')]  z=1 --> delta: 4.215e-01
Counter: 65  feature: e153 (>)  term: [('x15', 'x18')]  z=1 --> delta: 4.200e-01
Counter: 66  feature: e31 (<)  term: ['x4']  z=1 --> delta: 4.074e-01
Counter: 67  feature: e198 (>)  term: [('x16', 'x17')]  z=1 --> delta: 4.031e-01
Counter: 68  feature: e10 (<)  term: ['x4']  z=1 --> delta: 3.965e-01
Counter: 69  feature: e197 (>)  term: [('x16', 'x18')]  z=1 --> delta: 3.783e-01
Counter: 70  feature: e14 (<)  term: ['x10']  z=1 --> delta: 3.767e-01
Counter: 71  feature: e56 (>)  term: ['x10']  z=1 --> delta: 3.679e-01
Counter: 72  feature: e170 (>)  term: [('x16', 'x17')]  z=1 --> delta: 3.633e-01
Counter: 73  feature: e169 (>)  term: [('x16', 'x18')]  z=1 --> delta: 3.541e-01
Counter: 74  feature: e67 (>)  term: [('x15', 'x16')]  z=1 --> delta: 3.528e-01
Counter: 75  feature: e204 (>)  term: [('x16', 'x17')]  z=1 --> delta: 3.342e-01
Counter: 76  feature: e174 (>)  term: [('x16', 'x17')]  z=1 --> delta: 3.330e-01
Counter: 77  feature: e140 (>)  term: [('x16', 'x17')]  z=1 --> delta: 3.288e-01
Counter: 78  feature: e200 (>)  term: [('x16', 'x17')]  z=1 --> delta: 3.281e-01
Counter: 79  feature: e19 (>)  term: ['x4']  z=1 --> delta: 3.096e-01
Counter: 80  feature: e158 (>)  term: [('x15', 'x17')]  z=1 --> delta: 3.079e-01
Counter: 81  feature: e199 (>)  term: [('x16', 'x18')]  z=1 --> delta: 3.064e-01
Counter: 82  feature: e4 (<)  term: ['x10']  z=1 --> delta: 3.016e-01
Counter: 83  feature: e21 (>)  term: ['x10']  z=1 --> delta: 2.998e-01
Counter: 84  feature: e173 (>)  term: [('x16', 'x18')]  z=1 --> delta: 2.976e-01
Counter: 85  feature: e92 (>)  term: [('x15', 'x17')]  z=1 --> delta: 2.946e-01
Counter: 86  feature: e142 (>)  term: [('x16', 'x17')]  z=1 --> delta: 2.939e-01
Counter: 87  feature: e203 (>)  term: [('x16', 'x18')]  z=1 --> delta: 2.699e-01
Counter: 88  feature: e139 (>)  term: [('x16', 'x18')]  z=1 --> delta: 2.594e-01
Counter: 89  feature: e165 (>)  term: [('x15', 'x18')]  z=1 --> delta: 2.576e-01
Counter: 90  feature: e54 (>)  term: ['x10']  z=1 --> delta: 2.529e-01
Counter: 91  feature: e91 (>)  term: [('x15', 'x16')]  z=1 --> delta: 2.483e-01
Counter: 92  feature: e99 (>)  term: [('x15', 'x18')]  z=1 --> delta: 2.432e-01
Counter: 93  feature: e159 (>)  term: [('x15', 'x18')]  z=1 --> delta: 2.377e-01
Counter: 94  feature: e98 (>)  term: [('x15', 'x17')]  z=1 --> delta: 2.317e-01
Counter: 95  feature: e171 (>)  term: [('x16', 'x18')]  z=1 --> delta: 2.296e-01
Counter: 96  feature: e175 (>)  term: [('x16', 'x18')]  z=1 --> delta: 2.273e-01
Counter: 97  feature: e145 (>)  term: [('x16', 'x18')]  z=1 --> delta: 2.141e-01
Counter: 98  feature: e105 (>)  term: [('x15', 'x18')]  z=1 --> delta: 2.091e-01
Counter: 99  feature: e161 (>)  term: [('x15', 'x17')]  z=1 --> delta: 2.028e-01
Counter: 100  feature: e16 (>)  term: ['x7']  z=1 --> delta: 1.937e-01
Counter: 101  feature: e205 (>)  term: [('x16', 'x18')]  z=1 --> delta: 1.881e-01
Counter: 102  feature: e156 (>)  term: [('x15', 'x18')]  z=1 --> delta: 1.847e-01
Counter: 103  feature: e151 (>)  term: [('x15', 'x16')]  z=1 --> delta: 1.812e-01
Counter: 104  feature: e201 (>)  term: [('x16', 'x18')]  z=1 --> delta: 1.752e-01
Counter: 105  feature: e138 (>)  term: [('x16', 'x17')]  z=1 --> delta: 1.710e-01
Counter: 106  feature: e127 (>)  term: [('x15', 'x16')]  z=1 --> delta: 1.660e-01
Counter: 107  feature: e164 (>)  term: [('x15', 'x17')]  z=1 --> delta: 1.641e-01
Counter: 108  feature: e55 (>)  term: ['x13']  z=1 --> delta: 1.545e-01
Counter: 109  feature: e20 (>)  term: ['x7']  z=1 --> delta: 1.507e-01
Counter: 110  feature: e143 (>)  term: [('x16', 'x18')]  z=1 --> delta: 1.482e-01
Counter: 111  feature: e121 (>)  term: [('x15', 'x16')]  z=1 --> delta: 1.471e-01
Counter: 112  feature: e68 (>)  term: [('x15', 'x17')]  z=1 --> delta: 1.462e-01
Counter: 113  feature: e96 (>)  term: [('x15', 'x18')]  z=1 --> delta: 1.090e-01
Counter: 114  feature: e162 (>)  term: [('x15', 'x18')]  z=1 --> delta: 1.064e-01
Counter: 115  feature: e155 (>)  term: [('x15', 'x17')]  z=1 --> delta: 1.059e-01
Counter: 116  feature: e26 (>)  term: ['x13']  z=1 --> delta: 7.293e-02
Counter: 117  feature: e75 (>)  term: [('x15', 'x18')]  z=1 --> delta: 5.618e-02
Counter: 118  feature: e102 (>)  term: [('x15', 'x18')]  z=-1 --> delta: 5.148e-02
Counter: 119  feature: e154 (>)  term: [('x15', 'x16')]  z=1 --> delta: 4.839e-02
Counter: 120  feature: e94 (>)  term: [('x15', 'x16')]  z=-1 --> delta: 4.164e-02
Counter: 121  feature: e101 (>)  term: [('x15', 'x17')]  z=1 --> delta: 4.164e-02
Counter: 122  feature: e160 (>)  term: [('x15', 'x16')]  z=-1 --> delta: 3.384e-02
Counter: 123  feature: e129 (>)  term: [('x15', 'x18')]  z=1 --> delta: 3.134e-02
Counter: 124  feature: e163 (>)  term: [('x15', 'x16')]  z=-1 --> delta: 2.563e-02
Counter: 125  feature: e100 (>)  term: [('x15', 'x16')]  z=-1 --> delta: 2.283e-02
Counter: 126  feature: e97 (>)  term: [('x15', 'x16')]  z=1 --> delta: 2.114e-02
Counter: 127  feature: e103 (>)  term: [('x15', 'x16')]  z=-1 --> delta: 4.523e-03
Counter: 128  feature: e189 (>)  term: [('x15', 'x18')]  z=1 --> delta: 1.023e-03
Iteration 0.  Obj 4.9999  Cost 4.9999  IMP 0  Max-Impact 11.853.
Adding impact variable with Theta 0.0843642.
  NOTDONE: keep running.
Adding greedy cuts at iteration_cnt 0.
Greedy cut on feature: e86 (>) <-- quadratic constraint, quadratic term
risky expression: ('x17', 'x18') = (8.444205,5.676122)  coeff: -2.000000  zval: 1.000000
slack: -6.640840403 + [ x11 ^ 2 + -2.0 x11 * x14 + x14 ^ 2 + x17 ^ 2 + -2.0 x17 * x18 + x18 ^ 2 ]
cut: phi_L >= (-riksyexpr - slacki) / 1norm(coeffs)
Added greedy cut.
Writing LP to file form_1.lp.
Solving Model
  variables = 19
  constraints = 56
 OPTIMAL. optimal value: 5.9759e+00 in time 8.1257e+00
Optimal objective = 5.97593
Optimal variable values:
x2 = 5.00004
x3 = -0.64019
x4 = 0.768217
x5 = 1.59502
x7 = 1
x8 = 3.5709
x9 = -0.999903
x10 = -0.013929
x11 = 1.549
x12 = 0.423493
x13 = 0.9059
x14 = 1.66775
x15 = 1.59485
x16 = 3.94679
x17 = 8.42374
x18 = 5.57963
IMP = 11.5676
phifunc_e86_idx77_1 = 92.5404
18 nonzero variables in solution
Writing solution to file form_1.sol.
Getting impact at iteration_cnt 1 using style 0-norm_per.
Max feature value: 11.5676 at e86  (L1-norm: 12.0306  L2-norm: 11.5768.)
Counter: 0  feature: e86 (>)  term: [('x17', 'x18')]  z=1 --> delta: 1.157e+01
Counter: 1  feature: e76 (>)  term: [('x16', 'x17')]  z=1 --> delta: 6.388e+00
Counter: 2  feature: e77 (>)  term: [('x16', 'x18')]  z=1 --> delta: 5.487e+00
Counter: 3  feature: e90 (>)  term: [('x17', 'x18')]  z=1 --> delta: 3.707e+00
Counter: 4  feature: e87 (>)  term: [('x17', 'x18')]  z=1 --> delta: 3.216e+00
Counter: 5  feature: e176 (>)  term: [('x17', 'x18')]  z=1 --> delta: 3.145e+00
Counter: 6  feature: e88 (>)  term: [('x17', 'x18')]  z=1 --> delta: 2.987e+00
Counter: 7  feature: e146 (>)  term: [('x17', 'x18')]  z=1 --> delta: 2.462e+00
Counter: 8  feature: e206 (>)  term: [('x17', 'x18')]  z=1 --> delta: 2.222e+00
Counter: 9  feature: e89 (>)  term: [('x17', 'x18')]  z=1 --> delta: 2.100e+00
Counter: 10  feature: e116 (>)  term: [('x17', 'x18')]  z=1 --> delta: 1.896e+00
Counter: 11  feature: e82 (>)  term: [('x16', 'x17')]  z=1 --> delta: 1.794e+00
Counter: 12  feature: e81 (>)  term: [('x16', 'x18')]  z=1 --> delta: 1.650e+00
Counter: 13  feature: e180 (>)  term: [('x17', 'x18')]  z=1 --> delta: 1.548e+00
Counter: 14  feature: e61 (>)  term: [('x15', 'x16')]  z=1 --> delta: 1.537e+00
Counter: 15  feature: e177 (>)  term: [('x17', 'x18')]  z=1 --> delta: 1.487e+00
Counter: 16  feature: e106 (>)  term: [('x16', 'x17')]  z=1 --> delta: 1.480e+00
Counter: 17  feature: e80 (>)  term: [('x16', 'x17')]  z=1 --> delta: 1.397e+00
Counter: 18  feature: e85 (>)  term: [('x16', 'x18')]  z=1 --> delta: 1.386e+00
Counter: 19  feature: e150 (>)  term: [('x17', 'x18')]  z=1 --> delta: 1.363e+00
Counter: 20  feature: e79 (>)  term: [('x16', 'x18')]  z=1 --> delta: 1.352e+00
Counter: 21  feature: e178 (>)  term: [('x17', 'x18')]  z=1 --> delta: 1.299e+00
Counter: 22  feature: e210 (>)  term: [('x17', 'x18')]  z=1 --> delta: 1.253e+00
Counter: 23  feature: e148 (>)  term: [('x17', 'x18')]  z=1 --> delta: 1.218e+00
Counter: 24  feature: e147 (>)  term: [('x17', 'x18')]  z=1 --> delta: 1.206e+00
Counter: 25  feature: e207 (>)  term: [('x17', 'x18')]  z=1 --> delta: 1.121e+00
Counter: 26  feature: e179 (>)  term: [('x17', 'x18')]  z=1 --> delta: 1.113e+00
Counter: 27  feature: e63 (>)  term: [('x15', 'x18')]  z=1 --> delta: 1.113e+00
Counter: 28  feature: e117 (>)  term: [('x17', 'x18')]  z=1 --> delta: 1.056e+00
Counter: 29  feature: e78 (>)  term: [('x16', 'x17')]  z=1 --> delta: 1.039e+00
Counter: 30  feature: e120 (>)  term: [('x17', 'x18')]  z=1 --> delta: 1.021e+00
Counter: 31  feature: e107 (>)  term: [('x16', 'x18')]  z=1 --> delta: 1.008e+00
Counter: 32  feature: e208 (>)  term: [('x17', 'x18')]  z=1 --> delta: 9.600e-01
Counter: 33  feature: e149 (>)  term: [('x17', 'x18')]  z=1 --> delta: 8.831e-01
Counter: 34  feature: e118 (>)  term: [('x17', 'x18')]  z=1 --> delta: 8.806e-01
Counter: 35  feature: e166 (>)  term: [('x16', 'x17')]  z=1 --> delta: 8.481e-01
Counter: 36  feature: e209 (>)  term: [('x17', 'x18')]  z=1 --> delta: 8.434e-01
Counter: 37  feature: e119 (>)  term: [('x17', 'x18')]  z=1 --> delta: 8.330e-01
Counter: 38  feature: e83 (>)  term: [('x16', 'x18')]  z=1 --> delta: 8.006e-01
Counter: 39  feature: e112 (>)  term: [('x16', 'x17')]  z=1 --> delta: 7.873e-01
Counter: 40  feature: e84 (>)  term: [('x16', 'x17')]  z=1 --> delta: 7.402e-01
Counter: 41  feature: e196 (>)  term: [('x16', 'x17')]  z=1 --> delta: 7.290e-01
Counter: 42  feature: e49 (>)  term: ['x7']  z=1 --> delta: 7.136e-01
Counter: 43  feature: e137 (>)  term: [('x16', 'x18')]  z=1 --> delta: 6.927e-01
Counter: 44  feature: e32 (<)  term: ['x7']  z=1 --> delta: 6.190e-01
Counter: 45  feature: e110 (>)  term: [('x16', 'x17')]  z=1 --> delta: 5.831e-01
Counter: 46  feature: e108 (>)  term: [('x16', 'x17')]  z=1 --> delta: 5.739e-01
Counter: 47  feature: e136 (>)  term: [('x16', 'x17')]  z=1 --> delta: 5.626e-01
Counter: 48  feature: e109 (>)  term: [('x16', 'x18')]  z=1 --> delta: 5.612e-01
Counter: 49  feature: e69 (>)  term: [('x15', 'x18')]  z=1 --> delta: 5.380e-01
Counter: 50  feature: e172 (>)  term: [('x16', 'x17')]  z=1 --> delta: 5.348e-01
Counter: 51  feature: e2 (<)  term: ['x4']  z=1 --> delta: 5.001e-01
Counter: 52  feature: e25 (>)  term: ['x10']  z=1 --> delta: 4.959e-01
Counter: 53  feature: e202 (>)  term: [('x16', 'x17')]  z=1 --> delta: 4.925e-01
Counter: 54  feature: e5 (<)  term: ['x13']  z=1 --> delta: 4.814e-01
Counter: 55  feature: e152 (>)  term: [('x15', 'x17')]  z=1 --> delta: 4.791e-01
Counter: 56  feature: e167 (>)  term: [('x16', 'x18')]  z=1 --> delta: 4.766e-01
Counter: 57  feature: e141 (>)  term: [('x16', 'x18')]  z=1 --> delta: 4.732e-01
Counter: 58  feature: e111 (>)  term: [('x16', 'x18')]  z=1 --> delta: 4.706e-01
Counter: 59  feature: e114 (>)  term: [('x16', 'x17')]  z=1 --> delta: 4.530e-01
Counter: 60  feature: e35 (<)  term: ['x4']  z=1 --> delta: 4.360e-01
Counter: 61  feature: e93 (>)  term: [('x15', 'x18')]  z=1 --> delta: 4.281e-01
Counter: 62  feature: e115 (>)  term: [('x16', 'x18')]  z=1 --> delta: 4.277e-01
Counter: 63  feature: e113 (>)  term: [('x16', 'x18')]  z=1 --> delta: 4.277e-01
Counter: 64  feature: e168 (>)  term: [('x16', 'x17')]  z=1 --> delta: 4.206e-01
Counter: 65  feature: e31 (<)  term: ['x4']  z=1 --> delta: 4.168e-01
Counter: 66  feature: e153 (>)  term: [('x15', 'x18')]  z=1 --> delta: 4.113e-01
Counter: 67  feature: e10 (<)  term: ['x4']  z=1 --> delta: 4.029e-01
Counter: 68  feature: e198 (>)  term: [('x16', 'x17')]  z=1 --> delta: 4.022e-01
Counter: 69  feature: e14 (<)  term: ['x10']  z=1 --> delta: 3.767e-01
Counter: 70  feature: e197 (>)  term: [('x16', 'x18')]  z=1 --> delta: 3.646e-01
Counter: 71  feature: e170 (>)  term: [('x16', 'x17')]  z=1 --> delta: 3.634e-01
Counter: 72  feature: e56 (>)  term: ['x10']  z=1 --> delta: 3.595e-01
Counter: 73  feature: e67 (>)  term: [('x15', 'x16')]  z=1 --> delta: 3.515e-01
Counter: 74  feature: e169 (>)  term: [('x16', 'x18')]  z=1 --> delta: 3.463e-01
Counter: 75  feature: e204 (>)  term: [('x16', 'x17')]  z=1 --> delta: 3.337e-01
Counter: 76  feature: e174 (>)  term: [('x16', 'x17')]  z=1 --> delta: 3.329e-01
Counter: 77  feature: e140 (>)  term: [('x16', 'x17')]  z=1 --> delta: 3.325e-01
Counter: 78  feature: e200 (>)  term: [('x16', 'x17')]  z=1 --> delta: 3.278e-01
Counter: 79  feature: e19 (>)  term: ['x4']  z=1 --> delta: 3.114e-01
Counter: 80  feature: e158 (>)  term: [('x15', 'x17')]  z=1 --> delta: 3.059e-01
Counter: 81  feature: e21 (>)  term: ['x10']  z=1 --> delta: 3.032e-01
Counter: 82  feature: e199 (>)  term: [('x16', 'x18')]  z=1 --> delta: 2.986e-01
Counter: 83  feature: e4 (<)  term: ['x10']  z=1 --> delta: 2.944e-01
Counter: 84  feature: e142 (>)  term: [('x16', 'x17')]  z=1 --> delta: 2.934e-01
Counter: 85  feature: e173 (>)  term: [('x16', 'x18')]  z=1 --> delta: 2.917e-01
Counter: 86  feature: e92 (>)  term: [('x15', 'x17')]  z=1 --> delta: 2.893e-01
Counter: 87  feature: e203 (>)  term: [('x16', 'x18')]  z=1 --> delta: 2.640e-01
Counter: 88  feature: e139 (>)  term: [('x16', 'x18')]  z=1 --> delta: 2.558e-01
Counter: 89  feature: e54 (>)  term: ['x10']  z=1 --> delta: 2.546e-01
Counter: 90  feature: e165 (>)  term: [('x15', 'x18')]  z=1 --> delta: 2.541e-01
Counter: 91  feature: e91 (>)  term: [('x15', 'x16')]  z=1 --> delta: 2.447e-01
Counter: 92  feature: e99 (>)  term: [('x15', 'x18')]  z=1 --> delta: 2.368e-01
Counter: 93  feature: e98 (>)  term: [('x15', 'x17')]  z=1 --> delta: 2.306e-01
Counter: 94  feature: e159 (>)  term: [('x15', 'x18')]  z=1 --> delta: 2.295e-01
Counter: 95  feature: e171 (>)  term: [('x16', 'x18')]  z=1 --> delta: 2.210e-01
Counter: 96  feature: e145 (>)  term: [('x16', 'x18')]  z=1 --> delta: 2.203e-01
Counter: 97  feature: e175 (>)  term: [('x16', 'x18')]  z=1 --> delta: 2.169e-01
Counter: 98  feature: e105 (>)  term: [('x15', 'x18')]  z=1 --> delta: 2.105e-01
Counter: 99  feature: e161 (>)  term: [('x15', 'x17')]  z=1 --> delta: 1.980e-01
Counter: 100  feature: e16 (>)  term: ['x7']  z=1 --> delta: 1.937e-01
Counter: 101  feature: e156 (>)  term: [('x15', 'x18')]  z=1 --> delta: 1.805e-01
Counter: 102  feature: e151 (>)  term: [('x15', 'x16')]  z=1 --> delta: 1.785e-01
Counter: 103  feature: e205 (>)  term: [('x16', 'x18')]  z=1 --> delta: 1.774e-01
Counter: 104  feature: e138 (>)  term: [('x16', 'x17')]  z=1 --> delta: 1.695e-01
Counter: 105  feature: e201 (>)  term: [('x16', 'x18')]  z=1 --> delta: 1.668e-01
Counter: 106  feature: e127 (>)  term: [('x15', 'x16')]  z=1 --> delta: 1.658e-01
Counter: 107  feature: e164 (>)  term: [('x15', 'x17')]  z=1 --> delta: 1.627e-01
Counter: 108  feature: e55 (>)  term: ['x13']  z=1 --> delta: 1.612e-01
Counter: 109  feature: e20 (>)  term: ['x7']  z=1 --> delta: 1.507e-01
Counter: 110  feature: e68 (>)  term: [('x15', 'x17')]  z=1 --> delta: 1.499e-01
Counter: 111  feature: e143 (>)  term: [('x16', 'x18')]  z=1 --> delta: 1.438e-01
Counter: 112  feature: e121 (>)  term: [('x15', 'x16')]  z=1 --> delta: 1.430e-01
Counter: 113  feature: e96 (>)  term: [('x15', 'x18')]  z=1 --> delta: 1.068e-01
Counter: 114  feature: e162 (>)  term: [('x15', 'x18')]  z=1 --> delta: 1.034e-01
Counter: 115  feature: e155 (>)  term: [('x15', 'x17')]  z=1 --> delta: 1.015e-01
Counter: 116  feature: e75 (>)  term: [('x15', 'x18')]  z=1 --> delta: 8.182e-02
Counter: 117  feature: e102 (>)  term: [('x15', 'x18')]  z=-1 --> delta: 5.392e-02
Counter: 118  feature: e154 (>)  term: [('x15', 'x16')]  z=1 --> delta: 4.616e-02
Counter: 119  feature: e26 (>)  term: ['x13']  z=1 --> delta: 4.583e-02
Counter: 120  feature: e94 (>)  term: [('x15', 'x16')]  z=-1 --> delta: 3.951e-02
Counter: 121  feature: e101 (>)  term: [('x15', 'x17')]  z=1 --> delta: 3.633e-02
Counter: 122  feature: e129 (>)  term: [('x15', 'x18')]  z=1 --> delta: 3.617e-02
Counter: 123  feature: e160 (>)  term: [('x15', 'x16')]  z=-1 --> delta: 3.225e-02
Counter: 124  feature: e163 (>)  term: [('x15', 'x16')]  z=-1 --> delta: 2.409e-02
Counter: 125  feature: e100 (>)  term: [('x15', 'x16')]  z=-1 --> delta: 2.090e-02
Counter: 126  feature: e97 (>)  term: [('x15', 'x16')]  z=1 --> delta: 2.065e-02
Counter: 127  feature: e103 (>)  term: [('x15', 'x16')]  z=-1 --> delta: 2.719e-03
Iteration 1.  Obj 5.9759  Cost 5  IMP 11.568  Max-Impact 11.568.
  > 1.0000 increase over original cost 5.00
  > 0.9759 decrease from original maximpact 11.85
  DONE: impact converged

ITERATION SUMMARY:
  Iteration 0   Objval 4.9999429007   Cost 4.9999429007   IMP 0.0000000000   Max-Impact 11.8532359309
  Iteration 1   Objval 5.9759306999   Cost 5.0000434239   IMP 11.5675542241   Max-Impact 11.5675542241

Impact Decrease (lambda): 0.975898
Cost Increase (multiplier): 1.00002
Target Objective value : 5.7999337648   (i.e. c(x*) + \Theta \lambda^hi \Phi(x*))
  Final objval is larger --> no such point with desired impact and cost exists.
 maximpact 11.5675542241   desired_impact 9.4825887447
 cost 5.0000434239   desired_cost 5.7999337648
Skipping solution check

Closing log: Thu May 28 11:41:05 2026.
