Starting log: Fri Sep 18 14:30:06 2026.
Running on: jasper.local.

Reading LP ../data/qplib_2894.lp.
Number of variables = 17.
Done reading LP.
Now storing LP data.

Storing linear constraints; 55 in total.
+ coeff 0.204105 of var x3 in constr e2 is deemed risky
+ coeff 2.24629 of var x4 in constr e2 is deemed risky
+ coeff 3.94679 of var x6 in constr e3 is deemed risky
+ coeff -1.42894 of var x7 in constr e3 is deemed risky
+ coeff -1.52786 of var x9 in constr e4 is deemed risky
+ coeff 2.47213 of var x10 in constr e4 is deemed risky
+ coeff 0.430223 of var x12 in constr e5 is deemed risky
+ coeff 1.63416 of var x13 in constr e5 is deemed risky
+ coeff 3.40503 of var x3 in constr e6 is deemed risky
+ coeff -1.59481 of var x4 in constr e6 is deemed risky
+ coeff -6.05321 of var x6 in constr e7 is deemed risky
+ coeff -1.42894 of var x7 in constr e7 is deemed risky
+ coeff 2.47214 of var x9 in constr e8 is deemed risky
+ coeff 0.472127 of var x10 in constr e8 is deemed risky
+ coeff 1.60416 of var x12 in constr e9 is deemed risky
+ coeff -1.04913 of var x13 in constr e9 is deemed risky
+ coeff -4.40522 of var x3 in constr e10 is deemed risky
+ coeff -1.59481 of var x4 in constr e10 is deemed risky
+ coeff 0.196788 of var x6 in constr e11 is deemed risky
+ coeff 1.69606 of var x7 in constr e11 is deemed risky
+ coeff 3.47214 of var x9 in constr e12 is deemed risky
+ coeff -1.52787 of var x10 in constr e12 is deemed risky
+ coeff -3.14749 of var x12 in constr e13 is deemed risky
+ coeff -1.04913 of var x13 in constr e13 is deemed risky
+ coeff -1.52786 of var x9 in constr e14 is deemed risky
+ coeff -1.52787 of var x10 in constr e14 is deemed risky
+ coeff 0.204105 of var x3 in constr e15 is deemed risky
+ coeff 2.24629 of var x4 in constr e15 is deemed risky
+ coeff 3.94679 of var x6 in constr e16 is deemed risky
+ coeff -1.42894 of var x7 in constr e16 is deemed risky
+ coeff -1.52786 of var x9 in constr e17 is deemed risky
+ coeff 2.47213 of var x10 in constr e17 is deemed risky
+ coeff 0.430223 of var x12 in constr e18 is deemed risky
+ coeff 1.63416 of var x13 in constr e18 is deemed risky
+ coeff 3.40503 of var x3 in constr e19 is deemed risky
+ coeff -1.59481 of var x4 in constr e19 is deemed risky
+ coeff -6.05321 of var x6 in constr e20 is deemed risky
+ coeff -1.42894 of var x7 in constr e20 is deemed risky
+ coeff 2.47214 of var x9 in constr e21 is deemed risky
+ coeff 0.472127 of var x10 in constr e21 is deemed risky
+ coeff 1.60416 of var x12 in constr e22 is deemed risky
+ coeff -1.04913 of var x13 in constr e22 is deemed risky
+ coeff -4.40522 of var x3 in constr e23 is deemed risky
+ coeff -1.59481 of var x4 in constr e23 is deemed risky
+ coeff 0.196788 of var x6 in constr e24 is deemed risky
+ coeff 1.69606 of var x7 in constr e24 is deemed risky
+ coeff 3.47214 of var x9 in constr e25 is deemed risky
+ coeff -1.52787 of var x10 in constr e25 is deemed risky
+ coeff -3.14749 of var x12 in constr e26 is deemed risky
+ coeff -1.04913 of var x13 in constr e26 is deemed risky
+ coeff -1.52786 of var x9 in constr e29 is deemed risky
+ coeff -1.52787 of var x10 in constr e29 is deemed risky
+ coeff -2.24629 of var x3 in constr e31 is deemed risky
+ coeff 0.204105 of var x4 in constr e31 is deemed risky
+ coeff 1.42894 of var x6 in constr e32 is deemed risky
+ coeff 3.94679 of var x7 in constr e32 is deemed risky
+ coeff -2.47213 of var x9 in constr e33 is deemed risky
+ coeff -1.52786 of var x10 in constr e33 is deemed risky
+ coeff -1.63416 of var x12 in constr e34 is deemed risky
+ coeff 0.430223 of var x13 in constr e34 is deemed risky
+ coeff 1.59481 of var x3 in constr e35 is deemed risky
+ coeff 3.40503 of var x4 in constr e35 is deemed risky
+ coeff 1.42894 of var x6 in constr e36 is deemed risky
+ coeff -6.05321 of var x7 in constr e36 is deemed risky
+ coeff -0.472127 of var x9 in constr e37 is deemed risky
+ coeff 2.47214 of var x10 in constr e37 is deemed risky
+ coeff 1.04913 of var x12 in constr e38 is deemed risky
+ coeff 1.60416 of var x13 in constr e38 is deemed risky
+ coeff 1.59481 of var x3 in constr e39 is deemed risky
+ coeff -4.40522 of var x4 in constr e39 is deemed risky
+ coeff -1.69606 of var x6 in constr e40 is deemed risky
+ coeff 0.196788 of var x7 in constr e40 is deemed risky
+ coeff 1.52787 of var x9 in constr e41 is deemed risky
+ coeff 3.47214 of var x10 in constr e41 is deemed risky
+ coeff 1.04913 of var x12 in constr e42 is deemed risky
+ coeff -3.14749 of var x13 in constr e42 is deemed risky
+ coeff 1.52787 of var x9 in constr e43 is deemed risky
+ coeff -1.52786 of var x10 in constr e43 is deemed risky
+ coeff -2.24629 of var x3 in constr e44 is deemed risky
+ coeff 0.204105 of var x4 in constr e44 is deemed risky
+ coeff 1.42894 of var x6 in constr e45 is deemed risky
+ coeff 3.94679 of var x7 in constr e45 is deemed risky
+ coeff -2.47213 of var x9 in constr e46 is deemed risky
+ coeff -1.52786 of var x10 in constr e46 is deemed risky
+ coeff -1.63416 of var x12 in constr e47 is deemed risky
+ coeff 0.430223 of var x13 in constr e47 is deemed risky
+ coeff 1.59481 of var x3 in constr e48 is deemed risky
+ coeff 3.40503 of var x4 in constr e48 is deemed risky
+ coeff 1.42894 of var x6 in constr e49 is deemed risky
+ coeff -6.05321 of var x7 in constr e49 is deemed risky
+ coeff -0.472127 of var x9 in constr e50 is deemed risky
+ coeff 2.47214 of var x10 in constr e50 is deemed risky
+ coeff 1.04913 of var x12 in constr e51 is deemed risky
+ coeff 1.60416 of var x13 in constr e51 is deemed risky
+ coeff 1.59481 of var x3 in constr e52 is deemed risky
+ coeff -4.40522 of var x4 in constr e52 is deemed risky
+ coeff -1.69606 of var x6 in constr e53 is deemed risky
+ coeff 0.196788 of var x7 in constr e53 is deemed risky
+ coeff 1.52787 of var x9 in constr e54 is deemed risky
+ coeff 3.47214 of var x10 in constr e54 is deemed risky
+ coeff 1.04913 of var x12 in constr e55 is deemed risky
+ coeff -3.14749 of var x13 in constr e55 is deemed risky
+ coeff 1.52787 of var x9 in constr e56 is deemed risky
+ coeff -1.52786 of var x10 in constr e56 is deemed risky
Stored linear constraints with code 0.
Storing quadratic constraints; 154 in total.
+ coeff -4.52362 of var (x5,x6) in constr e64 is deemed risky
+ coeff -1.06783 of var (x5,x7) in constr e64 is deemed risky
+ coeff 5.40085 of var (x6,x6) in constr e64 is deemed risky
+ coeff 4.52362 of var (x6,x8) in constr e64 is deemed risky
+ coeff 1.06783 of var (x6,x15) in constr e64 is deemed risky
+ coeff -1.06783 of var (x6,x16) in constr e64 is deemed risky
+ coeff 5.40085 of var (x7,x7) in constr e64 is deemed risky
+ coeff 1.06783 of var (x7,x8) in constr e64 is deemed risky
+ coeff -4.52362 of var (x7,x15) in constr e64 is deemed risky
+ coeff 4.52362 of var (x7,x16) in constr e64 is deemed risky
+ coeff 4.39148 of var (x5,x9) in constr e65 is deemed risky
+ coeff -1.47803 of var (x5,x10) in constr e65 is deemed risky
+ coeff 5.36741 of var (x9,x9) in constr e65 is deemed risky
+ coeff -4.39148 of var (x9,x11) in constr e65 is deemed risky
+ coeff 1.47803 of var (x9,x15) in constr e65 is deemed risky
+ coeff -1.47803 of var (x9,x17) in constr e65 is deemed risky
+ coeff 5.36741 of var (x10,x10) in constr e65 is deemed risky
+ coeff 1.47803 of var (x10,x11) in constr e65 is deemed risky
+ coeff 4.39148 of var (x10,x15) in constr e65 is deemed risky
+ coeff -4.39148 of var (x10,x17) in constr e65 is deemed risky
+ coeff -3.02493 of var (x5,x12) in constr e66 is deemed risky
+ coeff -1.00828 of var (x5,x13) in constr e66 is deemed risky
+ coeff 2.54171 of var (x12,x12) in constr e66 is deemed risky
+ coeff 3.02493 of var (x12,x14) in constr e66 is deemed risky
+ coeff 1.00828 of var (x12,x15) in constr e66 is deemed risky
+ coeff -1.00828 of var (x12,x18) in constr e66 is deemed risky
+ coeff 2.54171 of var (x13,x13) in constr e66 is deemed risky
+ coeff 1.00828 of var (x13,x14) in constr e66 is deemed risky
+ coeff -3.02493 of var (x13,x15) in constr e66 is deemed risky
+ coeff 3.02493 of var (x13,x18) in constr e66 is deemed risky
+ coeff 4.00955 of var (x5,x6) in constr e67 is deemed risky
+ coeff -1.45167 of var (x5,x7) in constr e67 is deemed risky
+ coeff 4.54596 of var (x6,x6) in constr e67 is deemed risky
+ coeff -4.00955 of var (x6,x8) in constr e67 is deemed risky
+ coeff 1.45167 of var (x6,x15) in constr e67 is deemed risky
+ coeff -1.45167 of var (x6,x16) in constr e67 is deemed risky
+ coeff 4.54596 of var (x7,x7) in constr e67 is deemed risky
+ coeff 1.45167 of var (x7,x8) in constr e67 is deemed risky
+ coeff 4.00955 of var (x7,x15) in constr e67 is deemed risky
+ coeff -4.00955 of var (x7,x16) in constr e67 is deemed risky
+ coeff -2.10592 of var (x5,x9) in constr e68 is deemed risky
+ coeff 3.40739 of var (x5,x10) in constr e68 is deemed risky
+ coeff 4.0113 of var (x9,x9) in constr e68 is deemed risky
+ coeff 2.10592 of var (x9,x11) in constr e68 is deemed risky
+ coeff -3.40739 of var (x9,x15) in constr e68 is deemed risky
+ coeff 3.40739 of var (x9,x17) in constr e68 is deemed risky
+ coeff 4.0113 of var (x10,x10) in constr e68 is deemed risky
+ coeff -3.40739 of var (x10,x11) in constr e68 is deemed risky
+ coeff -2.10592 of var (x10,x15) in constr e68 is deemed risky
+ coeff 2.10592 of var (x10,x17) in constr e68 is deemed risky
+ coeff 2.26963 of var (x5,x12) in constr e69 is deemed risky
+ coeff -1.48442 of var (x5,x13) in constr e69 is deemed risky
+ coeff 1.83868 of var (x12,x12) in constr e69 is deemed risky
+ coeff -2.26963 of var (x12,x14) in constr e69 is deemed risky
+ coeff 1.48442 of var (x12,x15) in constr e69 is deemed risky
+ coeff -1.48442 of var (x12,x18) in constr e69 is deemed risky
+ coeff 1.83868 of var (x13,x13) in constr e69 is deemed risky
+ coeff 1.48442 of var (x13,x14) in constr e69 is deemed risky
+ coeff 2.26963 of var (x13,x15) in constr e69 is deemed risky
+ coeff -2.26963 of var (x13,x18) in constr e69 is deemed risky
+ coeff -7.35708 of var (x5,x6) in constr e70 is deemed risky
+ coeff -1.73674 of var (x5,x7) in constr e70 is deemed risky
+ coeff 14.2857 of var (x6,x6) in constr e70 is deemed risky
+ coeff 7.35708 of var (x6,x8) in constr e70 is deemed risky
+ coeff 1.73674 of var (x6,x15) in constr e70 is deemed risky
+ coeff -1.73674 of var (x6,x16) in constr e70 is deemed risky
+ coeff 14.2857 of var (x7,x7) in constr e70 is deemed risky
+ coeff 1.73674 of var (x7,x8) in constr e70 is deemed risky
+ coeff -7.35708 of var (x7,x15) in constr e70 is deemed risky
+ coeff 7.35708 of var (x7,x16) in constr e70 is deemed risky
+ coeff 2.99767 of var (x5,x9) in constr e71 is deemed risky
+ coeff -0.70767 of var (x5,x10) in constr e71 is deemed risky
+ coeff 2.3717 of var (x9,x9) in constr e71 is deemed risky
+ coeff -2.99767 of var (x9,x11) in constr e71 is deemed risky
+ coeff 0.70767 of var (x9,x15) in constr e71 is deemed risky
+ coeff -0.70767 of var (x9,x17) in constr e71 is deemed risky
+ coeff 2.3717 of var (x10,x10) in constr e71 is deemed risky
+ coeff 0.70767 of var (x10,x11) in constr e71 is deemed risky
+ coeff 2.99767 of var (x10,x15) in constr e71 is deemed risky
+ coeff -2.99767 of var (x10,x17) in constr e71 is deemed risky
+ coeff -4.5962 of var (x5,x12) in constr e72 is deemed risky
+ coeff -1.53206 of var (x5,x13) in constr e72 is deemed risky
+ coeff 5.86805 of var (x12,x12) in constr e72 is deemed risky
+ coeff 4.5962 of var (x12,x14) in constr e72 is deemed risky
+ coeff 1.53206 of var (x12,x15) in constr e72 is deemed risky
+ coeff -1.53206 of var (x12,x18) in constr e72 is deemed risky
+ coeff 5.86805 of var (x13,x13) in constr e72 is deemed risky
+ coeff 1.53206 of var (x13,x14) in constr e72 is deemed risky
+ coeff -4.5962 of var (x13,x15) in constr e72 is deemed risky
+ coeff 4.5962 of var (x13,x18) in constr e72 is deemed risky
+ coeff -9.13177 of var (x5,x6) in constr e73 is deemed risky
+ coeff -2.15565 of var (x5,x7) in constr e73 is deemed risky
+ coeff 22.009 of var (x6,x6) in constr e73 is deemed risky
+ coeff 9.13177 of var (x6,x8) in constr e73 is deemed risky
+ coeff 2.15565 of var (x6,x15) in constr e73 is deemed risky
+ coeff -2.15565 of var (x6,x16) in constr e73 is deemed risky
+ coeff 22.009 of var (x7,x7) in constr e73 is deemed risky
+ coeff 2.15565 of var (x7,x8) in constr e73 is deemed risky
+ coeff -9.13177 of var (x7,x15) in constr e73 is deemed risky
+ coeff 9.13177 of var (x7,x16) in constr e73 is deemed risky
+ coeff -2.53143 of var (x5,x9) in constr e74 is deemed risky
+ coeff -2.53149 of var (x5,x10) in constr e74 is deemed risky
+ coeff 3.20415 of var (x9,x9) in constr e74 is deemed risky
+ coeff 2.53143 of var (x9,x11) in constr e74 is deemed risky
+ coeff 2.53149 of var (x9,x15) in constr e74 is deemed risky
+ coeff -2.53149 of var (x9,x17) in constr e74 is deemed risky
+ coeff 3.20415 of var (x10,x10) in constr e74 is deemed risky
+ coeff 2.53149 of var (x10,x11) in constr e74 is deemed risky
+ coeff -2.53143 of var (x10,x15) in constr e74 is deemed risky
+ coeff 2.53143 of var (x10,x17) in constr e74 is deemed risky
+ coeff 0.659161 of var (x5,x12) in constr e75 is deemed risky
+ coeff 2.50376 of var (x5,x13) in constr e75 is deemed risky
+ coeff 1.67582 of var (x12,x12) in constr e75 is deemed risky
+ coeff -0.659161 of var (x12,x14) in constr e75 is deemed risky
+ coeff -2.50376 of var (x12,x15) in constr e75 is deemed risky
+ coeff 2.50376 of var (x12,x18) in constr e75 is deemed risky
+ coeff 1.67582 of var (x13,x13) in constr e75 is deemed risky
+ coeff -2.50376 of var (x13,x14) in constr e75 is deemed risky
+ coeff 0.659161 of var (x13,x15) in constr e75 is deemed risky
+ coeff -0.659161 of var (x13,x18) in constr e75 is deemed risky
+ coeff 4.39148 of var (x8,x9) in constr e78 is deemed risky
+ coeff -1.47803 of var (x8,x10) in constr e78 is deemed risky
+ coeff 5.36741 of var (x9,x9) in constr e78 is deemed risky
+ coeff -4.39148 of var (x9,x11) in constr e78 is deemed risky
+ coeff 1.47803 of var (x9,x16) in constr e78 is deemed risky
+ coeff -1.47803 of var (x9,x17) in constr e78 is deemed risky
+ coeff 5.36741 of var (x10,x10) in constr e78 is deemed risky
+ coeff 1.47803 of var (x10,x11) in constr e78 is deemed risky
+ coeff 4.39148 of var (x10,x16) in constr e78 is deemed risky
+ coeff -4.39148 of var (x10,x17) in constr e78 is deemed risky
+ coeff -3.02493 of var (x8,x12) in constr e79 is deemed risky
+ coeff -1.00828 of var (x8,x13) in constr e79 is deemed risky
+ coeff 2.54171 of var (x12,x12) in constr e79 is deemed risky
+ coeff 3.02493 of var (x12,x14) in constr e79 is deemed risky
+ coeff 1.00828 of var (x12,x16) in constr e79 is deemed risky
+ coeff -1.00828 of var (x12,x18) in constr e79 is deemed risky
+ coeff 2.54171 of var (x13,x13) in constr e79 is deemed risky
+ coeff 1.00828 of var (x13,x14) in constr e79 is deemed risky
+ coeff -3.02493 of var (x13,x16) in constr e79 is deemed risky
+ coeff 3.02493 of var (x13,x18) in constr e79 is deemed risky
+ coeff -2.10592 of var (x8,x9) in constr e80 is deemed risky
+ coeff 3.40739 of var (x8,x10) in constr e80 is deemed risky
+ coeff 4.0113 of var (x9,x9) in constr e80 is deemed risky
+ coeff 2.10592 of var (x9,x11) in constr e80 is deemed risky
+ coeff -3.40739 of var (x9,x16) in constr e80 is deemed risky
+ coeff 3.40739 of var (x9,x17) in constr e80 is deemed risky
+ coeff 4.0113 of var (x10,x10) in constr e80 is deemed risky
+ coeff -3.40739 of var (x10,x11) in constr e80 is deemed risky
+ coeff -2.10592 of var (x10,x16) in constr e80 is deemed risky
+ coeff 2.10592 of var (x10,x17) in constr e80 is deemed risky
+ coeff 2.26963 of var (x8,x12) in constr e81 is deemed risky
+ coeff -1.48442 of var (x8,x13) in constr e81 is deemed risky
+ coeff 1.83868 of var (x12,x12) in constr e81 is deemed risky
+ coeff -2.26963 of var (x12,x14) in constr e81 is deemed risky
+ coeff 1.48442 of var (x12,x16) in constr e81 is deemed risky
+ coeff -1.48442 of var (x12,x18) in constr e81 is deemed risky
+ coeff 1.83868 of var (x13,x13) in constr e81 is deemed risky
+ coeff 1.48442 of var (x13,x14) in constr e81 is deemed risky
+ coeff 2.26963 of var (x13,x16) in constr e81 is deemed risky
+ coeff -2.26963 of var (x13,x18) in constr e81 is deemed risky
+ coeff 2.99767 of var (x8,x9) in constr e82 is deemed risky
+ coeff -0.70767 of var (x8,x10) in constr e82 is deemed risky
+ coeff 2.3717 of var (x9,x9) in constr e82 is deemed risky
+ coeff -2.99767 of var (x9,x11) in constr e82 is deemed risky
+ coeff 0.70767 of var (x9,x16) in constr e82 is deemed risky
+ coeff -0.70767 of var (x9,x17) in constr e82 is deemed risky
+ coeff 2.3717 of var (x10,x10) in constr e82 is deemed risky
+ coeff 0.70767 of var (x10,x11) in constr e82 is deemed risky
+ coeff 2.99767 of var (x10,x16) in constr e82 is deemed risky
+ coeff -2.99767 of var (x10,x17) in constr e82 is deemed risky
+ coeff -4.5962 of var (x8,x12) in constr e83 is deemed risky
+ coeff -1.53206 of var (x8,x13) in constr e83 is deemed risky
+ coeff 5.86805 of var (x12,x12) in constr e83 is deemed risky
+ coeff 4.5962 of var (x12,x14) in constr e83 is deemed risky
+ coeff 1.53206 of var (x12,x16) in constr e83 is deemed risky
+ coeff -1.53206 of var (x12,x18) in constr e83 is deemed risky
+ coeff 5.86805 of var (x13,x13) in constr e83 is deemed risky
+ coeff 1.53206 of var (x13,x14) in constr e83 is deemed risky
+ coeff -4.5962 of var (x13,x16) in constr e83 is deemed risky
+ coeff 4.5962 of var (x13,x18) in constr e83 is deemed risky
+ coeff -2.53143 of var (x8,x9) in constr e84 is deemed risky
+ coeff -2.53149 of var (x8,x10) in constr e84 is deemed risky
+ coeff 3.20415 of var (x9,x9) in constr e84 is deemed risky
+ coeff 2.53143 of var (x9,x11) in constr e84 is deemed risky
+ coeff 2.53149 of var (x9,x16) in constr e84 is deemed risky
+ coeff -2.53149 of var (x9,x17) in constr e84 is deemed risky
+ coeff 3.20415 of var (x10,x10) in constr e84 is deemed risky
+ coeff 2.53149 of var (x10,x11) in constr e84 is deemed risky
+ coeff -2.53143 of var (x10,x16) in constr e84 is deemed risky
+ coeff 2.53143 of var (x10,x17) in constr e84 is deemed risky
+ coeff 0.659161 of var (x8,x12) in constr e85 is deemed risky
+ coeff 2.50376 of var (x8,x13) in constr e85 is deemed risky
+ coeff 1.67582 of var (x12,x12) in constr e85 is deemed risky
+ coeff -0.659161 of var (x12,x14) in constr e85 is deemed risky
+ coeff -2.50376 of var (x12,x16) in constr e85 is deemed risky
+ coeff 2.50376 of var (x12,x18) in constr e85 is deemed risky
+ coeff 1.67582 of var (x13,x13) in constr e85 is deemed risky
+ coeff -2.50376 of var (x13,x14) in constr e85 is deemed risky
+ coeff 0.659161 of var (x13,x16) in constr e85 is deemed risky
+ coeff -0.659161 of var (x13,x18) in constr e85 is deemed risky
+ coeff -3.02493 of var (x11,x12) in constr e87 is deemed risky
+ coeff -1.00828 of var (x11,x13) in constr e87 is deemed risky
+ coeff 2.54171 of var (x12,x12) in constr e87 is deemed risky
+ coeff 3.02493 of var (x12,x14) in constr e87 is deemed risky
+ coeff 1.00828 of var (x12,x17) in constr e87 is deemed risky
+ coeff -1.00828 of var (x12,x18) in constr e87 is deemed risky
+ coeff 2.54171 of var (x13,x13) in constr e87 is deemed risky
+ coeff 1.00828 of var (x13,x14) in constr e87 is deemed risky
+ coeff -3.02493 of var (x13,x17) in constr e87 is deemed risky
+ coeff 3.02493 of var (x13,x18) in constr e87 is deemed risky
+ coeff 2.26963 of var (x11,x12) in constr e88 is deemed risky
+ coeff -1.48442 of var (x11,x13) in constr e88 is deemed risky
+ coeff 1.83868 of var (x12,x12) in constr e88 is deemed risky
+ coeff -2.26963 of var (x12,x14) in constr e88 is deemed risky
+ coeff 1.48442 of var (x12,x17) in constr e88 is deemed risky
+ coeff -1.48442 of var (x12,x18) in constr e88 is deemed risky
+ coeff 1.83868 of var (x13,x13) in constr e88 is deemed risky
+ coeff 1.48442 of var (x13,x14) in constr e88 is deemed risky
+ coeff 2.26963 of var (x13,x17) in constr e88 is deemed risky
+ coeff -2.26963 of var (x13,x18) in constr e88 is deemed risky
+ coeff -4.5962 of var (x11,x12) in constr e89 is deemed risky
+ coeff -1.53206 of var (x11,x13) in constr e89 is deemed risky
+ coeff 5.86805 of var (x12,x12) in constr e89 is deemed risky
+ coeff 4.5962 of var (x12,x14) in constr e89 is deemed risky
+ coeff 1.53206 of var (x12,x17) in constr e89 is deemed risky
+ coeff -1.53206 of var (x12,x18) in constr e89 is deemed risky
+ coeff 5.86805 of var (x13,x13) in constr e89 is deemed risky
+ coeff 1.53206 of var (x13,x14) in constr e89 is deemed risky
+ coeff -4.5962 of var (x13,x17) in constr e89 is deemed risky
+ coeff 4.5962 of var (x13,x18) in constr e89 is deemed risky
+ coeff 0.659161 of var (x11,x12) in constr e90 is deemed risky
+ coeff 2.50376 of var (x11,x13) in constr e90 is deemed risky
+ coeff 1.67582 of var (x12,x12) in constr e90 is deemed risky
+ coeff -0.659161 of var (x12,x14) in constr e90 is deemed risky
+ coeff -2.50376 of var (x12,x17) in constr e90 is deemed risky
+ coeff 2.50376 of var (x12,x18) in constr e90 is deemed risky
+ coeff 1.67582 of var (x13,x13) in constr e90 is deemed risky
+ coeff -2.50376 of var (x13,x14) in constr e90 is deemed risky
+ coeff 0.659161 of var (x13,x17) in constr e90 is deemed risky
+ coeff -0.659161 of var (x13,x18) in constr e90 is deemed risky
+ coeff 5.66273 of var (x3,x3) in constr e91 is deemed risky
+ coeff 4.4751 of var (x3,x5) in constr e91 is deemed risky
+ coeff -4.4751 of var (x3,x8) in constr e91 is deemed risky
+ coeff -1.62 of var (x3,x15) in constr e91 is deemed risky
+ coeff 1.62 of var (x3,x16) in constr e91 is deemed risky
+ coeff 5.66273 of var (x4,x4) in constr e91 is deemed risky
+ coeff 1.62 of var (x4,x5) in constr e91 is deemed risky
+ coeff -1.62 of var (x4,x8) in constr e91 is deemed risky
+ coeff 4.4751 of var (x4,x15) in constr e91 is deemed risky
+ coeff -4.4751 of var (x4,x16) in constr e91 is deemed risky
+ coeff 5.66273 of var (x3,x3) in constr e92 is deemed risky
+ coeff 4.4751 of var (x3,x5) in constr e92 is deemed risky
+ coeff -4.4751 of var (x3,x11) in constr e92 is deemed risky
+ coeff -1.62 of var (x3,x15) in constr e92 is deemed risky
+ coeff 1.62 of var (x3,x17) in constr e92 is deemed risky
+ coeff 5.66273 of var (x4,x4) in constr e92 is deemed risky
+ coeff 1.62 of var (x4,x5) in constr e92 is deemed risky
+ coeff -1.62 of var (x4,x11) in constr e92 is deemed risky
+ coeff 4.4751 of var (x4,x15) in constr e92 is deemed risky
+ coeff -4.4751 of var (x4,x17) in constr e92 is deemed risky
+ coeff 5.66273 of var (x3,x3) in constr e93 is deemed risky
+ coeff 4.4751 of var (x3,x5) in constr e93 is deemed risky
+ coeff -4.4751 of var (x3,x14) in constr e93 is deemed risky
+ coeff -1.62 of var (x3,x15) in constr e93 is deemed risky
+ coeff 1.62 of var (x3,x18) in constr e93 is deemed risky
+ coeff 5.66273 of var (x4,x4) in constr e93 is deemed risky
+ coeff 1.62 of var (x4,x5) in constr e93 is deemed risky
+ coeff -1.62 of var (x4,x14) in constr e93 is deemed risky
+ coeff 4.4751 of var (x4,x15) in constr e93 is deemed risky
+ coeff -4.4751 of var (x4,x18) in constr e93 is deemed risky
+ coeff 5.66273 of var (x3,x3) in constr e94 is deemed risky
+ coeff 4.4751 of var (x3,x5) in constr e94 is deemed risky
+ coeff -10.9868 of var (x3,x6) in constr e94 is deemed risky
+ coeff 1.27481 of var (x3,x7) in constr e94 is deemed risky
+ coeff -4.4751 of var (x3,x8) in constr e94 is deemed risky
+ coeff -1.62 of var (x3,x15) in constr e94 is deemed risky
+ coeff 1.62 of var (x3,x16) in constr e94 is deemed risky
+ coeff 5.66273 of var (x4,x4) in constr e94 is deemed risky
+ coeff 1.62 of var (x4,x5) in constr e94 is deemed risky
+ coeff -1.27481 of var (x4,x6) in constr e94 is deemed risky
+ coeff -10.9868 of var (x4,x7) in constr e94 is deemed risky
+ coeff -1.62 of var (x4,x8) in constr e94 is deemed risky
+ coeff 4.4751 of var (x4,x15) in constr e94 is deemed risky
+ coeff -4.4751 of var (x4,x16) in constr e94 is deemed risky
+ coeff -4.52362 of var (x5,x6) in constr e94 is deemed risky
+ coeff -1.06783 of var (x5,x7) in constr e94 is deemed risky
+ coeff 5.40085 of var (x6,x6) in constr e94 is deemed risky
+ coeff 4.52362 of var (x6,x8) in constr e94 is deemed risky
+ coeff 1.06783 of var (x6,x15) in constr e94 is deemed risky
+ coeff -1.06783 of var (x6,x16) in constr e94 is deemed risky
+ coeff 5.40085 of var (x7,x7) in constr e94 is deemed risky
+ coeff 1.06783 of var (x7,x8) in constr e94 is deemed risky
+ coeff -4.52362 of var (x7,x15) in constr e94 is deemed risky
+ coeff 4.52362 of var (x7,x16) in constr e94 is deemed risky
+ coeff 5.66273 of var (x3,x3) in constr e95 is deemed risky
+ coeff 4.4751 of var (x3,x5) in constr e95 is deemed risky
+ coeff 8.62895 of var (x3,x9) in constr e95 is deemed risky
+ coeff -6.86425 of var (x3,x10) in constr e95 is deemed risky
+ coeff -4.4751 of var (x3,x11) in constr e95 is deemed risky
+ coeff -1.62 of var (x3,x15) in constr e95 is deemed risky
+ coeff 1.62 of var (x3,x17) in constr e95 is deemed risky
+ coeff 5.66273 of var (x4,x4) in constr e95 is deemed risky
+ coeff 1.62 of var (x4,x5) in constr e95 is deemed risky
+ coeff 6.86425 of var (x4,x9) in constr e95 is deemed risky
+ coeff 8.62895 of var (x4,x10) in constr e95 is deemed risky
+ coeff -1.62 of var (x4,x11) in constr e95 is deemed risky
+ coeff 4.4751 of var (x4,x15) in constr e95 is deemed risky
+ coeff -4.4751 of var (x4,x17) in constr e95 is deemed risky
+ coeff 4.39148 of var (x5,x9) in constr e95 is deemed risky
+ coeff -1.47803 of var (x5,x10) in constr e95 is deemed risky
+ coeff 5.36741 of var (x9,x9) in constr e95 is deemed risky
+ coeff -4.39148 of var (x9,x11) in constr e95 is deemed risky
+ coeff 1.47803 of var (x9,x15) in constr e95 is deemed risky
+ coeff -1.47803 of var (x9,x17) in constr e95 is deemed risky
+ coeff 5.36741 of var (x10,x10) in constr e95 is deemed risky
+ coeff 1.47803 of var (x10,x11) in constr e95 is deemed risky
+ coeff 4.39148 of var (x10,x15) in constr e95 is deemed risky
+ coeff -4.39148 of var (x10,x17) in constr e95 is deemed risky
+ coeff 5.66273 of var (x3,x3) in constr e96 is deemed risky
+ coeff 4.4751 of var (x3,x5) in constr e96 is deemed risky
+ coeff -7.58513 of var (x3,x12) in constr e96 is deemed risky
+ coeff 0.194118 of var (x3,x13) in constr e96 is deemed risky
+ coeff -4.4751 of var (x3,x14) in constr e96 is deemed risky
+ coeff -1.62 of var (x3,x15) in constr e96 is deemed risky
+ coeff 1.62 of var (x3,x18) in constr e96 is deemed risky
+ coeff 5.66273 of var (x4,x4) in constr e96 is deemed risky
+ coeff 1.62 of var (x4,x5) in constr e96 is deemed risky
+ coeff -0.194118 of var (x4,x12) in constr e96 is deemed risky
+ coeff -7.58513 of var (x4,x13) in constr e96 is deemed risky
+ coeff -1.62 of var (x4,x14) in constr e96 is deemed risky
+ coeff 4.4751 of var (x4,x15) in constr e96 is deemed risky
+ coeff -4.4751 of var (x4,x18) in constr e96 is deemed risky
+ coeff -3.02493 of var (x5,x12) in constr e96 is deemed risky
+ coeff -1.00828 of var (x5,x13) in constr e96 is deemed risky
+ coeff 2.54171 of var (x12,x12) in constr e96 is deemed risky
+ coeff 3.02493 of var (x12,x14) in constr e96 is deemed risky
+ coeff 1.00828 of var (x12,x15) in constr e96 is deemed risky
+ coeff -1.00828 of var (x12,x18) in constr e96 is deemed risky
+ coeff 2.54171 of var (x13,x13) in constr e96 is deemed risky
+ coeff 1.00828 of var (x13,x14) in constr e96 is deemed risky
+ coeff -3.02493 of var (x13,x15) in constr e96 is deemed risky
+ coeff 3.02493 of var (x13,x18) in constr e96 is deemed risky
+ coeff 5.66273 of var (x3,x3) in constr e97 is deemed risky
+ coeff 4.4751 of var (x3,x5) in constr e97 is deemed risky
+ coeff 7.79572 of var (x3,x6) in constr e97 is deemed risky
+ coeff -6.49591 of var (x3,x7) in constr e97 is deemed risky
+ coeff -4.4751 of var (x3,x8) in constr e97 is deemed risky
+ coeff -1.62 of var (x3,x15) in constr e97 is deemed risky
+ coeff 1.62 of var (x3,x16) in constr e97 is deemed risky
+ coeff 5.66273 of var (x4,x4) in constr e97 is deemed risky
+ coeff 1.62 of var (x4,x5) in constr e97 is deemed risky
+ coeff 6.49591 of var (x4,x6) in constr e97 is deemed risky
+ coeff 7.79572 of var (x4,x7) in constr e97 is deemed risky
+ coeff -1.62 of var (x4,x8) in constr e97 is deemed risky
+ coeff 4.4751 of var (x4,x15) in constr e97 is deemed risky
+ coeff -4.4751 of var (x4,x16) in constr e97 is deemed risky
+ coeff 4.00955 of var (x5,x6) in constr e97 is deemed risky
+ coeff -1.45167 of var (x5,x7) in constr e97 is deemed risky
+ coeff 4.54596 of var (x6,x6) in constr e97 is deemed risky
+ coeff -4.00955 of var (x6,x8) in constr e97 is deemed risky
+ coeff 1.45167 of var (x6,x15) in constr e97 is deemed risky
+ coeff -1.45167 of var (x6,x16) in constr e97 is deemed risky
+ coeff 4.54596 of var (x7,x7) in constr e97 is deemed risky
+ coeff 1.45167 of var (x7,x8) in constr e97 is deemed risky
+ coeff 4.00955 of var (x7,x15) in constr e97 is deemed risky
+ coeff -4.00955 of var (x7,x16) in constr e97 is deemed risky
+ coeff 5.66273 of var (x3,x3) in constr e98 is deemed risky
+ coeff 4.4751 of var (x3,x5) in constr e98 is deemed risky
+ coeff -1.95211 of var (x3,x9) in constr e98 is deemed risky
+ coeff 9.32999 of var (x3,x10) in constr e98 is deemed risky
+ coeff -4.4751 of var (x3,x11) in constr e98 is deemed risky
+ coeff -1.62 of var (x3,x15) in constr e98 is deemed risky
+ coeff 1.62 of var (x3,x17) in constr e98 is deemed risky
+ coeff 5.66273 of var (x4,x4) in constr e98 is deemed risky
+ coeff 1.62 of var (x4,x5) in constr e98 is deemed risky
+ coeff -9.32999 of var (x4,x9) in constr e98 is deemed risky
+ coeff -1.95211 of var (x4,x10) in constr e98 is deemed risky
+ coeff -1.62 of var (x4,x11) in constr e98 is deemed risky
+ coeff 4.4751 of var (x4,x15) in constr e98 is deemed risky
+ coeff -4.4751 of var (x4,x17) in constr e98 is deemed risky
+ coeff -2.10592 of var (x5,x9) in constr e98 is deemed risky
+ coeff 3.40739 of var (x5,x10) in constr e98 is deemed risky
+ coeff 4.0113 of var (x9,x9) in constr e98 is deemed risky
+ coeff 2.10592 of var (x9,x11) in constr e98 is deemed risky
+ coeff -3.40739 of var (x9,x15) in constr e98 is deemed risky
+ coeff 3.40739 of var (x9,x17) in constr e98 is deemed risky
+ coeff 4.0113 of var (x10,x10) in constr e98 is deemed risky
+ coeff -3.40739 of var (x10,x11) in constr e98 is deemed risky
+ coeff -2.10592 of var (x10,x15) in constr e98 is deemed risky
+ coeff 2.10592 of var (x10,x17) in constr e98 is deemed risky
+ coeff 5.66273 of var (x3,x3) in constr e99 is deemed risky
+ coeff 4.4751 of var (x3,x5) in constr e99 is deemed risky
+ coeff 3.87602 of var (x3,x12) in constr e99 is deemed risky
+ coeff -5.15987 of var (x3,x13) in constr e99 is deemed risky
+ coeff -4.4751 of var (x3,x14) in constr e99 is deemed risky
+ coeff -1.62 of var (x3,x15) in constr e99 is deemed risky
+ coeff 1.62 of var (x3,x18) in constr e99 is deemed risky
+ coeff 5.66273 of var (x4,x4) in constr e99 is deemed risky
+ coeff 1.62 of var (x4,x5) in constr e99 is deemed risky
+ coeff 5.15987 of var (x4,x12) in constr e99 is deemed risky
+ coeff 3.87602 of var (x4,x13) in constr e99 is deemed risky
+ coeff -1.62 of var (x4,x14) in constr e99 is deemed risky
+ coeff 4.4751 of var (x4,x15) in constr e99 is deemed risky
+ coeff -4.4751 of var (x4,x18) in constr e99 is deemed risky
+ coeff 2.26963 of var (x5,x12) in constr e99 is deemed risky
+ coeff -1.48442 of var (x5,x13) in constr e99 is deemed risky
+ coeff 1.83868 of var (x12,x12) in constr e99 is deemed risky
+ coeff -2.26963 of var (x12,x14) in constr e99 is deemed risky
+ coeff 1.48442 of var (x12,x15) in constr e99 is deemed risky
+ coeff -1.48442 of var (x12,x18) in constr e99 is deemed risky
+ coeff 1.83868 of var (x13,x13) in constr e99 is deemed risky
+ coeff 1.48442 of var (x13,x14) in constr e99 is deemed risky
+ coeff 2.26963 of var (x13,x15) in constr e99 is deemed risky
+ coeff -2.26963 of var (x13,x18) in constr e99 is deemed risky
+ coeff 5.66273 of var (x3,x3) in constr e100 is deemed risky
+ coeff 4.4751 of var (x3,x5) in constr e100 is deemed risky
+ coeff -17.8686 of var (x3,x6) in constr e100 is deemed risky
+ coeff 2.07319 of var (x3,x7) in constr e100 is deemed risky
+ coeff -4.4751 of var (x3,x8) in constr e100 is deemed risky
+ coeff -1.62 of var (x3,x15) in constr e100 is deemed risky
+ coeff 1.62 of var (x3,x16) in constr e100 is deemed risky
+ coeff 5.66273 of var (x4,x4) in constr e100 is deemed risky
+ coeff 1.62 of var (x4,x5) in constr e100 is deemed risky
+ coeff -2.07319 of var (x4,x6) in constr e100 is deemed risky
+ coeff -17.8686 of var (x4,x7) in constr e100 is deemed risky
+ coeff -1.62 of var (x4,x8) in constr e100 is deemed risky
+ coeff 4.4751 of var (x4,x15) in constr e100 is deemed risky
+ coeff -4.4751 of var (x4,x16) in constr e100 is deemed risky
+ coeff -7.35708 of var (x5,x6) in constr e100 is deemed risky
+ coeff -1.73674 of var (x5,x7) in constr e100 is deemed risky
+ coeff 14.2857 of var (x6,x6) in constr e100 is deemed risky
+ coeff 7.35708 of var (x6,x8) in constr e100 is deemed risky
+ coeff 1.73674 of var (x6,x15) in constr e100 is deemed risky
+ coeff -1.73674 of var (x6,x16) in constr e100 is deemed risky
+ coeff 14.2857 of var (x7,x7) in constr e100 is deemed risky
+ coeff 1.73674 of var (x7,x8) in constr e100 is deemed risky
+ coeff -7.35708 of var (x7,x15) in constr e100 is deemed risky
+ coeff 7.35708 of var (x7,x16) in constr e100 is deemed risky
+ coeff 5.66273 of var (x3,x3) in constr e101 is deemed risky
+ coeff 4.4751 of var (x3,x5) in constr e101 is deemed risky
+ coeff 6.13422 of var (x3,x9) in constr e101 is deemed risky
+ coeff -4.01155 of var (x3,x10) in constr e101 is deemed risky
+ coeff -4.4751 of var (x3,x11) in constr e101 is deemed risky
+ coeff -1.62 of var (x3,x15) in constr e101 is deemed risky
+ coeff 1.62 of var (x3,x17) in constr e101 is deemed risky
+ coeff 5.66273 of var (x4,x4) in constr e101 is deemed risky
+ coeff 1.62 of var (x4,x5) in constr e101 is deemed risky
+ coeff 4.01155 of var (x4,x9) in constr e101 is deemed risky
+ coeff 6.13422 of var (x4,x10) in constr e101 is deemed risky
+ coeff -1.62 of var (x4,x11) in constr e101 is deemed risky
+ coeff 4.4751 of var (x4,x15) in constr e101 is deemed risky
+ coeff -4.4751 of var (x4,x17) in constr e101 is deemed risky
+ coeff 2.99767 of var (x5,x9) in constr e101 is deemed risky
+ coeff -0.70767 of var (x5,x10) in constr e101 is deemed risky
+ coeff 2.3717 of var (x9,x9) in constr e101 is deemed risky
+ coeff -2.99767 of var (x9,x11) in constr e101 is deemed risky
+ coeff 0.70767 of var (x9,x15) in constr e101 is deemed risky
+ coeff -0.70767 of var (x9,x17) in constr e101 is deemed risky
+ coeff 2.3717 of var (x10,x10) in constr e101 is deemed risky
+ coeff 0.70767 of var (x10,x11) in constr e101 is deemed risky
+ coeff 2.99767 of var (x10,x15) in constr e101 is deemed risky
+ coeff -2.99767 of var (x10,x17) in constr e101 is deemed risky
+ coeff 5.66273 of var (x3,x3) in constr e102 is deemed risky
+ coeff 4.4751 of var (x3,x5) in constr e102 is deemed risky
+ coeff -11.5252 of var (x3,x12) in constr e102 is deemed risky
+ coeff 0.294862 of var (x3,x13) in constr e102 is deemed risky
+ coeff -4.4751 of var (x3,x14) in constr e102 is deemed risky
+ coeff -1.62 of var (x3,x15) in constr e102 is deemed risky
+ coeff 1.62 of var (x3,x18) in constr e102 is deemed risky
+ coeff 5.66273 of var (x4,x4) in constr e102 is deemed risky
+ coeff 1.62 of var (x4,x5) in constr e102 is deemed risky
+ coeff -0.294862 of var (x4,x12) in constr e102 is deemed risky
+ coeff -11.5252 of var (x4,x13) in constr e102 is deemed risky
+ coeff -1.62 of var (x4,x14) in constr e102 is deemed risky
+ coeff 4.4751 of var (x4,x15) in constr e102 is deemed risky
+ coeff -4.4751 of var (x4,x18) in constr e102 is deemed risky
+ coeff -4.5962 of var (x5,x12) in constr e102 is deemed risky
+ coeff -1.53206 of var (x5,x13) in constr e102 is deemed risky
+ coeff 5.86805 of var (x12,x12) in constr e102 is deemed risky
+ coeff 4.5962 of var (x12,x14) in constr e102 is deemed risky
+ coeff 1.53206 of var (x12,x15) in constr e102 is deemed risky
+ coeff -1.53206 of var (x12,x18) in constr e102 is deemed risky
+ coeff 5.86805 of var (x13,x13) in constr e102 is deemed risky
+ coeff 1.53206 of var (x13,x14) in constr e102 is deemed risky
+ coeff -4.5962 of var (x13,x15) in constr e102 is deemed risky
+ coeff 4.5962 of var (x13,x18) in constr e102 is deemed risky
+ coeff 5.66273 of var (x3,x3) in constr e103 is deemed risky
+ coeff 4.4751 of var (x3,x5) in constr e103 is deemed risky
+ coeff -22.1789 of var (x3,x6) in constr e103 is deemed risky
+ coeff 2.57335 of var (x3,x7) in constr e103 is deemed risky
+ coeff -4.4751 of var (x3,x8) in constr e103 is deemed risky
+ coeff -1.62 of var (x3,x15) in constr e103 is deemed risky
+ coeff 1.62 of var (x3,x16) in constr e103 is deemed risky
+ coeff 5.66273 of var (x4,x4) in constr e103 is deemed risky
+ coeff 1.62 of var (x4,x5) in constr e103 is deemed risky
+ coeff -2.57335 of var (x4,x6) in constr e103 is deemed risky
+ coeff -22.1789 of var (x4,x7) in constr e103 is deemed risky
+ coeff -1.62 of var (x4,x8) in constr e103 is deemed risky
+ coeff 4.4751 of var (x4,x15) in constr e103 is deemed risky
+ coeff -4.4751 of var (x4,x16) in constr e103 is deemed risky
+ coeff -9.13177 of var (x5,x6) in constr e103 is deemed risky
+ coeff -2.15565 of var (x5,x7) in constr e103 is deemed risky
+ coeff 22.009 of var (x6,x6) in constr e103 is deemed risky
+ coeff 9.13177 of var (x6,x8) in constr e103 is deemed risky
+ coeff 2.15565 of var (x6,x15) in constr e103 is deemed risky
+ coeff -2.15565 of var (x6,x16) in constr e103 is deemed risky
+ coeff 22.009 of var (x7,x7) in constr e103 is deemed risky
+ coeff 2.15565 of var (x7,x8) in constr e103 is deemed risky
+ coeff -9.13177 of var (x7,x15) in constr e103 is deemed risky
+ coeff 9.13177 of var (x7,x16) in constr e103 is deemed risky
+ coeff 5.66273 of var (x3,x3) in constr e104 is deemed risky
+ coeff 4.4751 of var (x3,x5) in constr e104 is deemed risky
+ coeff -7.71471 of var (x3,x9) in constr e104 is deemed risky
+ coeff -3.61389 of var (x3,x10) in constr e104 is deemed risky
+ coeff -4.4751 of var (x3,x11) in constr e104 is deemed risky
+ coeff -1.62 of var (x3,x15) in constr e104 is deemed risky
+ coeff 1.62 of var (x3,x17) in constr e104 is deemed risky
+ coeff 5.66273 of var (x4,x4) in constr e104 is deemed risky
+ coeff 1.62 of var (x4,x5) in constr e104 is deemed risky
+ coeff 3.61389 of var (x4,x9) in constr e104 is deemed risky
+ coeff -7.71471 of var (x4,x10) in constr e104 is deemed risky
+ coeff -1.62 of var (x4,x11) in constr e104 is deemed risky
+ coeff 4.4751 of var (x4,x15) in constr e104 is deemed risky
+ coeff -4.4751 of var (x4,x17) in constr e104 is deemed risky
+ coeff -2.53143 of var (x5,x9) in constr e104 is deemed risky
+ coeff -2.53149 of var (x5,x10) in constr e104 is deemed risky
+ coeff 3.20415 of var (x9,x9) in constr e104 is deemed risky
+ coeff 2.53143 of var (x9,x11) in constr e104 is deemed risky
+ coeff 2.53149 of var (x9,x15) in constr e104 is deemed risky
+ coeff -2.53149 of var (x9,x17) in constr e104 is deemed risky
+ coeff 3.20415 of var (x10,x10) in constr e104 is deemed risky
+ coeff 2.53149 of var (x10,x11) in constr e104 is deemed risky
+ coeff -2.53143 of var (x10,x15) in constr e104 is deemed risky
+ coeff 2.53143 of var (x10,x17) in constr e104 is deemed risky
+ coeff 5.66273 of var (x3,x3) in constr e105 is deemed risky
+ coeff 4.4751 of var (x3,x5) in constr e105 is deemed risky
+ coeff 3.50295 of var (x3,x12) in constr e105 is deemed risky
+ coeff 5.06836 of var (x3,x13) in constr e105 is deemed risky
+ coeff -4.4751 of var (x3,x14) in constr e105 is deemed risky
+ coeff -1.62 of var (x3,x15) in constr e105 is deemed risky
+ coeff 1.62 of var (x3,x18) in constr e105 is deemed risky
+ coeff 5.66273 of var (x4,x4) in constr e105 is deemed risky
+ coeff 1.62 of var (x4,x5) in constr e105 is deemed risky
+ coeff -5.06836 of var (x4,x12) in constr e105 is deemed risky
+ coeff 3.50295 of var (x4,x13) in constr e105 is deemed risky
+ coeff -1.62 of var (x4,x14) in constr e105 is deemed risky
+ coeff 4.4751 of var (x4,x15) in constr e105 is deemed risky
+ coeff -4.4751 of var (x4,x18) in constr e105 is deemed risky
+ coeff 0.659161 of var (x5,x12) in constr e105 is deemed risky
+ coeff 2.50376 of var (x5,x13) in constr e105 is deemed risky
+ coeff 1.67582 of var (x12,x12) in constr e105 is deemed risky
+ coeff -0.659161 of var (x12,x14) in constr e105 is deemed risky
+ coeff -2.50376 of var (x12,x15) in constr e105 is deemed risky
+ coeff 2.50376 of var (x12,x18) in constr e105 is deemed risky
+ coeff 1.67582 of var (x13,x13) in constr e105 is deemed risky
+ coeff -2.50376 of var (x13,x14) in constr e105 is deemed risky
+ coeff 0.659161 of var (x13,x15) in constr e105 is deemed risky
+ coeff -0.659161 of var (x13,x18) in constr e105 is deemed risky
+ coeff 5.40085 of var (x6,x6) in constr e106 is deemed risky
+ coeff 4.52362 of var (x6,x8) in constr e106 is deemed risky
+ coeff -4.52362 of var (x6,x11) in constr e106 is deemed risky
+ coeff -1.06783 of var (x6,x16) in constr e106 is deemed risky
+ coeff 1.06783 of var (x6,x17) in constr e106 is deemed risky
+ coeff 5.40085 of var (x7,x7) in constr e106 is deemed risky
+ coeff 1.06783 of var (x7,x8) in constr e106 is deemed risky
+ coeff -1.06783 of var (x7,x11) in constr e106 is deemed risky
+ coeff 4.52362 of var (x7,x16) in constr e106 is deemed risky
+ coeff -4.52362 of var (x7,x17) in constr e106 is deemed risky
+ coeff 5.40085 of var (x6,x6) in constr e107 is deemed risky
+ coeff 4.52362 of var (x6,x8) in constr e107 is deemed risky
+ coeff -4.52362 of var (x6,x14) in constr e107 is deemed risky
+ coeff -1.06783 of var (x6,x16) in constr e107 is deemed risky
+ coeff 1.06783 of var (x6,x18) in constr e107 is deemed risky
+ coeff 5.40085 of var (x7,x7) in constr e107 is deemed risky
+ coeff 1.06783 of var (x7,x8) in constr e107 is deemed risky
+ coeff -1.06783 of var (x7,x14) in constr e107 is deemed risky
+ coeff 4.52362 of var (x7,x16) in constr e107 is deemed risky
+ coeff -4.52362 of var (x7,x18) in constr e107 is deemed risky
+ coeff 5.40085 of var (x6,x6) in constr e108 is deemed risky
+ coeff 4.52362 of var (x6,x8) in constr e108 is deemed risky
+ coeff 9.14355 of var (x6,x9) in constr e108 is deemed risky
+ coeff -5.68769 of var (x6,x10) in constr e108 is deemed risky
+ coeff -4.52362 of var (x6,x11) in constr e108 is deemed risky
+ coeff -1.06783 of var (x6,x16) in constr e108 is deemed risky
+ coeff 1.06783 of var (x6,x17) in constr e108 is deemed risky
+ coeff 5.40085 of var (x7,x7) in constr e108 is deemed risky
+ coeff 1.06783 of var (x7,x8) in constr e108 is deemed risky
+ coeff 5.68769 of var (x7,x9) in constr e108 is deemed risky
+ coeff 9.14355 of var (x7,x10) in constr e108 is deemed risky
+ coeff -1.06783 of var (x7,x11) in constr e108 is deemed risky
+ coeff 4.52362 of var (x7,x16) in constr e108 is deemed risky
+ coeff -4.52362 of var (x7,x17) in constr e108 is deemed risky
+ coeff 4.39148 of var (x8,x9) in constr e108 is deemed risky
+ coeff -1.47803 of var (x8,x10) in constr e108 is deemed risky
+ coeff 5.36741 of var (x9,x9) in constr e108 is deemed risky
+ coeff -4.39148 of var (x9,x11) in constr e108 is deemed risky
+ coeff 1.47803 of var (x9,x16) in constr e108 is deemed risky
+ coeff -1.47803 of var (x9,x17) in constr e108 is deemed risky
+ coeff 5.36741 of var (x10,x10) in constr e108 is deemed risky
+ coeff 1.47803 of var (x10,x11) in constr e108 is deemed risky
+ coeff 4.39148 of var (x10,x16) in constr e108 is deemed risky
+ coeff -4.39148 of var (x10,x17) in constr e108 is deemed risky
+ coeff 5.40085 of var (x6,x6) in constr e109 is deemed risky
+ coeff 4.52362 of var (x6,x8) in constr e109 is deemed risky
+ coeff -7.38015 of var (x6,x12) in constr e109 is deemed risky
+ coeff -0.665479 of var (x6,x13) in constr e109 is deemed risky
+ coeff -4.52362 of var (x6,x14) in constr e109 is deemed risky
+ coeff -1.06783 of var (x6,x16) in constr e109 is deemed risky
+ coeff 1.06783 of var (x6,x18) in constr e109 is deemed risky
+ coeff 5.40085 of var (x7,x7) in constr e109 is deemed risky
+ coeff 1.06783 of var (x7,x8) in constr e109 is deemed risky
+ coeff 0.665479 of var (x7,x12) in constr e109 is deemed risky
+ coeff -7.38015 of var (x7,x13) in constr e109 is deemed risky
+ coeff -1.06783 of var (x7,x14) in constr e109 is deemed risky
+ coeff 4.52362 of var (x7,x16) in constr e109 is deemed risky
+ coeff -4.52362 of var (x7,x18) in constr e109 is deemed risky
+ coeff -3.02493 of var (x8,x12) in constr e109 is deemed risky
+ coeff -1.00828 of var (x8,x13) in constr e109 is deemed risky
+ coeff 2.54171 of var (x12,x12) in constr e109 is deemed risky
+ coeff 3.02493 of var (x12,x14) in constr e109 is deemed risky
+ coeff 1.00828 of var (x12,x16) in constr e109 is deemed risky
+ coeff -1.00828 of var (x12,x18) in constr e109 is deemed risky
+ coeff 2.54171 of var (x13,x13) in constr e109 is deemed risky
+ coeff 1.00828 of var (x13,x14) in constr e109 is deemed risky
+ coeff -3.02493 of var (x13,x16) in constr e109 is deemed risky
+ coeff 3.02493 of var (x13,x18) in constr e109 is deemed risky
+ coeff 5.40085 of var (x6,x6) in constr e110 is deemed risky
+ coeff 4.52362 of var (x6,x8) in constr e110 is deemed risky
+ coeff -2.94393 of var (x6,x9) in constr e110 is deemed risky
+ coeff 8.83125 of var (x6,x10) in constr e110 is deemed risky
+ coeff -4.52362 of var (x6,x11) in constr e110 is deemed risky
+ coeff -1.06783 of var (x6,x16) in constr e110 is deemed risky
+ coeff 1.06783 of var (x6,x17) in constr e110 is deemed risky
+ coeff 5.40085 of var (x7,x7) in constr e110 is deemed risky
+ coeff 1.06783 of var (x7,x8) in constr e110 is deemed risky
+ coeff -8.83125 of var (x7,x9) in constr e110 is deemed risky
+ coeff -2.94393 of var (x7,x10) in constr e110 is deemed risky
+ coeff -1.06783 of var (x7,x11) in constr e110 is deemed risky
+ coeff 4.52362 of var (x7,x16) in constr e110 is deemed risky
+ coeff -4.52362 of var (x7,x17) in constr e110 is deemed risky
+ coeff -2.10592 of var (x8,x9) in constr e110 is deemed risky
+ coeff 3.40739 of var (x8,x10) in constr e110 is deemed risky
+ coeff 4.0113 of var (x9,x9) in constr e110 is deemed risky
+ coeff 2.10592 of var (x9,x11) in constr e110 is deemed risky
+ coeff -3.40739 of var (x9,x16) in constr e110 is deemed risky
+ coeff 3.40739 of var (x9,x17) in constr e110 is deemed risky
+ coeff 4.0113 of var (x10,x10) in constr e110 is deemed risky
+ coeff -3.40739 of var (x10,x11) in constr e110 is deemed risky
+ coeff -2.10592 of var (x10,x16) in constr e110 is deemed risky
+ coeff 2.10592 of var (x10,x17) in constr e110 is deemed risky
+ coeff 5.40085 of var (x6,x6) in constr e111 is deemed risky
+ coeff 4.52362 of var (x6,x8) in constr e111 is deemed risky
+ coeff 4.34091 of var (x6,x12) in constr e111 is deemed risky
+ coeff -4.56927 of var (x6,x13) in constr e111 is deemed risky
+ coeff -4.52362 of var (x6,x14) in constr e111 is deemed risky
+ coeff -1.06783 of var (x6,x16) in constr e111 is deemed risky
+ coeff 1.06783 of var (x6,x18) in constr e111 is deemed risky
+ coeff 5.40085 of var (x7,x7) in constr e111 is deemed risky
+ coeff 1.06783 of var (x7,x8) in constr e111 is deemed risky
+ coeff 4.56927 of var (x7,x12) in constr e111 is deemed risky
+ coeff 4.34091 of var (x7,x13) in constr e111 is deemed risky
+ coeff -1.06783 of var (x7,x14) in constr e111 is deemed risky
+ coeff 4.52362 of var (x7,x16) in constr e111 is deemed risky
+ coeff -4.52362 of var (x7,x18) in constr e111 is deemed risky
+ coeff 2.26963 of var (x8,x12) in constr e111 is deemed risky
+ coeff -1.48442 of var (x8,x13) in constr e111 is deemed risky
+ coeff 1.83868 of var (x12,x12) in constr e111 is deemed risky
+ coeff -2.26963 of var (x12,x14) in constr e111 is deemed risky
+ coeff 1.48442 of var (x12,x16) in constr e111 is deemed risky
+ coeff -1.48442 of var (x12,x18) in constr e111 is deemed risky
+ coeff 1.83868 of var (x13,x13) in constr e111 is deemed risky
+ coeff 1.48442 of var (x13,x14) in constr e111 is deemed risky
+ coeff 2.26963 of var (x13,x16) in constr e111 is deemed risky
+ coeff -2.26963 of var (x13,x18) in constr e111 is deemed risky
+ coeff 5.40085 of var (x6,x6) in constr e112 is deemed risky
+ coeff 4.52362 of var (x6,x8) in constr e112 is deemed risky
+ coeff 6.40232 of var (x6,x9) in constr e112 is deemed risky
+ coeff -3.20111 of var (x6,x10) in constr e112 is deemed risky
+ coeff -4.52362 of var (x6,x11) in constr e112 is deemed risky
+ coeff -1.06783 of var (x6,x16) in constr e112 is deemed risky
+ coeff 1.06783 of var (x6,x17) in constr e112 is deemed risky
+ coeff 5.40085 of var (x7,x7) in constr e112 is deemed risky
+ coeff 1.06783 of var (x7,x8) in constr e112 is deemed risky
+ coeff 3.20111 of var (x7,x9) in constr e112 is deemed risky
+ coeff 6.40232 of var (x7,x10) in constr e112 is deemed risky
+ coeff -1.06783 of var (x7,x11) in constr e112 is deemed risky
+ coeff 4.52362 of var (x7,x16) in constr e112 is deemed risky
+ coeff -4.52362 of var (x7,x17) in constr e112 is deemed risky
+ coeff 2.99767 of var (x8,x9) in constr e112 is deemed risky
+ coeff -0.70767 of var (x8,x10) in constr e112 is deemed risky
+ coeff 2.3717 of var (x9,x9) in constr e112 is deemed risky
+ coeff -2.99767 of var (x9,x11) in constr e112 is deemed risky
+ coeff 0.70767 of var (x9,x16) in constr e112 is deemed risky
+ coeff -0.70767 of var (x9,x17) in constr e112 is deemed risky
+ coeff 2.3717 of var (x10,x10) in constr e112 is deemed risky
+ coeff 0.70767 of var (x10,x11) in constr e112 is deemed risky
+ coeff 2.99767 of var (x10,x16) in constr e112 is deemed risky
+ coeff -2.99767 of var (x10,x17) in constr e112 is deemed risky
+ coeff 5.40085 of var (x6,x6) in constr e113 is deemed risky
+ coeff 4.52362 of var (x6,x8) in constr e113 is deemed risky
+ coeff -11.2137 of var (x6,x12) in constr e113 is deemed risky
+ coeff -1.01124 of var (x6,x13) in constr e113 is deemed risky
+ coeff -4.52362 of var (x6,x14) in constr e113 is deemed risky
+ coeff -1.06783 of var (x6,x16) in constr e113 is deemed risky
+ coeff 1.06783 of var (x6,x18) in constr e113 is deemed risky
+ coeff 5.40085 of var (x7,x7) in constr e113 is deemed risky
+ coeff 1.06783 of var (x7,x8) in constr e113 is deemed risky
+ coeff 1.01124 of var (x7,x12) in constr e113 is deemed risky
+ coeff -11.2137 of var (x7,x13) in constr e113 is deemed risky
+ coeff -1.06783 of var (x7,x14) in constr e113 is deemed risky
+ coeff 4.52362 of var (x7,x16) in constr e113 is deemed risky
+ coeff -4.52362 of var (x7,x18) in constr e113 is deemed risky
+ coeff -4.5962 of var (x8,x12) in constr e113 is deemed risky
+ coeff -1.53206 of var (x8,x13) in constr e113 is deemed risky
+ coeff 5.86805 of var (x12,x12) in constr e113 is deemed risky
+ coeff 4.5962 of var (x12,x14) in constr e113 is deemed risky
+ coeff 1.53206 of var (x12,x16) in constr e113 is deemed risky
+ coeff -1.53206 of var (x12,x18) in constr e113 is deemed risky
+ coeff 5.86805 of var (x13,x13) in constr e113 is deemed risky
+ coeff 1.53206 of var (x13,x14) in constr e113 is deemed risky
+ coeff -4.5962 of var (x13,x16) in constr e113 is deemed risky
+ coeff 4.5962 of var (x13,x18) in constr e113 is deemed risky
+ coeff 5.40085 of var (x6,x6) in constr e114 is deemed risky
+ coeff 4.52362 of var (x6,x8) in constr e114 is deemed risky
+ coeff -7.07722 of var (x6,x9) in constr e114 is deemed risky
+ coeff -4.37419 of var (x6,x10) in constr e114 is deemed risky
+ coeff -4.52362 of var (x6,x11) in constr e114 is deemed risky
+ coeff -1.06783 of var (x6,x16) in constr e114 is deemed risky
+ coeff 1.06783 of var (x6,x17) in constr e114 is deemed risky
+ coeff 5.40085 of var (x7,x7) in constr e114 is deemed risky
+ coeff 1.06783 of var (x7,x8) in constr e114 is deemed risky
+ coeff 4.37419 of var (x7,x9) in constr e114 is deemed risky
+ coeff -7.07722 of var (x7,x10) in constr e114 is deemed risky
+ coeff -1.06783 of var (x7,x11) in constr e114 is deemed risky
+ coeff 4.52362 of var (x7,x16) in constr e114 is deemed risky
+ coeff -4.52362 of var (x7,x17) in constr e114 is deemed risky
+ coeff -2.53143 of var (x8,x9) in constr e114 is deemed risky
+ coeff -2.53149 of var (x8,x10) in constr e114 is deemed risky
+ coeff 3.20415 of var (x9,x9) in constr e114 is deemed risky
+ coeff 2.53143 of var (x9,x11) in constr e114 is deemed risky
+ coeff 2.53149 of var (x9,x16) in constr e114 is deemed risky
+ coeff -2.53149 of var (x9,x17) in constr e114 is deemed risky
+ coeff 3.20415 of var (x10,x10) in constr e114 is deemed risky
+ coeff 2.53149 of var (x10,x11) in constr e114 is deemed risky
+ coeff -2.53143 of var (x10,x16) in constr e114 is deemed risky
+ coeff 2.53143 of var (x10,x17) in constr e114 is deemed risky
+ coeff 5.40085 of var (x6,x6) in constr e115 is deemed risky
+ coeff 4.52362 of var (x6,x8) in constr e115 is deemed risky
+ coeff 2.82769 of var (x6,x12) in constr e115 is deemed risky
+ coeff 5.31109 of var (x6,x13) in constr e115 is deemed risky
+ coeff -4.52362 of var (x6,x14) in constr e115 is deemed risky
+ coeff -1.06783 of var (x6,x16) in constr e115 is deemed risky
+ coeff 1.06783 of var (x6,x18) in constr e115 is deemed risky
+ coeff 5.40085 of var (x7,x7) in constr e115 is deemed risky
+ coeff 1.06783 of var (x7,x8) in constr e115 is deemed risky
+ coeff -5.31109 of var (x7,x12) in constr e115 is deemed risky
+ coeff 2.82769 of var (x7,x13) in constr e115 is deemed risky
+ coeff -1.06783 of var (x7,x14) in constr e115 is deemed risky
+ coeff 4.52362 of var (x7,x16) in constr e115 is deemed risky
+ coeff -4.52362 of var (x7,x18) in constr e115 is deemed risky
+ coeff 0.659161 of var (x8,x12) in constr e115 is deemed risky
+ coeff 2.50376 of var (x8,x13) in constr e115 is deemed risky
+ coeff 1.67582 of var (x12,x12) in constr e115 is deemed risky
+ coeff -0.659161 of var (x12,x14) in constr e115 is deemed risky
+ coeff -2.50376 of var (x12,x16) in constr e115 is deemed risky
+ coeff 2.50376 of var (x12,x18) in constr e115 is deemed risky
+ coeff 1.67582 of var (x13,x13) in constr e115 is deemed risky
+ coeff -2.50376 of var (x13,x14) in constr e115 is deemed risky
+ coeff 0.659161 of var (x13,x16) in constr e115 is deemed risky
+ coeff -0.659161 of var (x13,x18) in constr e115 is deemed risky
+ coeff 5.36741 of var (x9,x9) in constr e116 is deemed risky
+ coeff -4.39148 of var (x9,x11) in constr e116 is deemed risky
+ coeff 4.39148 of var (x9,x14) in constr e116 is deemed risky
+ coeff -1.47803 of var (x9,x17) in constr e116 is deemed risky
+ coeff 1.47803 of var (x9,x18) in constr e116 is deemed risky
+ coeff 5.36741 of var (x10,x10) in constr e116 is deemed risky
+ coeff 1.47803 of var (x10,x11) in constr e116 is deemed risky
+ coeff -1.47803 of var (x10,x14) in constr e116 is deemed risky
+ coeff -4.39148 of var (x10,x17) in constr e116 is deemed risky
+ coeff 4.39148 of var (x10,x18) in constr e116 is deemed risky
+ coeff 5.36741 of var (x9,x9) in constr e117 is deemed risky
+ coeff -4.39148 of var (x9,x11) in constr e117 is deemed risky
+ coeff 5.89683 of var (x9,x12) in constr e117 is deemed risky
+ coeff 4.44938 of var (x9,x13) in constr e117 is deemed risky
+ coeff 4.39148 of var (x9,x14) in constr e117 is deemed risky
+ coeff -1.47803 of var (x9,x17) in constr e117 is deemed risky
+ coeff 1.47803 of var (x9,x18) in constr e117 is deemed risky
+ coeff 5.36741 of var (x10,x10) in constr e117 is deemed risky
+ coeff 1.47803 of var (x10,x11) in constr e117 is deemed risky
+ coeff -4.44938 of var (x10,x12) in constr e117 is deemed risky
+ coeff 5.89683 of var (x10,x13) in constr e117 is deemed risky
+ coeff -1.47803 of var (x10,x14) in constr e117 is deemed risky
+ coeff -4.39148 of var (x10,x17) in constr e117 is deemed risky
+ coeff 4.39148 of var (x10,x18) in constr e117 is deemed risky
+ coeff -3.02493 of var (x11,x12) in constr e117 is deemed risky
+ coeff -1.00828 of var (x11,x13) in constr e117 is deemed risky
+ coeff 2.54171 of var (x12,x12) in constr e117 is deemed risky
+ coeff 3.02493 of var (x12,x14) in constr e117 is deemed risky
+ coeff 1.00828 of var (x12,x17) in constr e117 is deemed risky
+ coeff -1.00828 of var (x12,x18) in constr e117 is deemed risky
+ coeff 2.54171 of var (x13,x13) in constr e117 is deemed risky
+ coeff 1.00828 of var (x13,x14) in constr e117 is deemed risky
+ coeff -3.02493 of var (x13,x17) in constr e117 is deemed risky
+ coeff 3.02493 of var (x13,x18) in constr e117 is deemed risky
+ coeff 5.36741 of var (x9,x9) in constr e118 is deemed risky
+ coeff -4.39148 of var (x9,x11) in constr e118 is deemed risky
+ coeff -6.08052 of var (x9,x12) in constr e118 is deemed risky
+ coeff 1.58212 of var (x9,x13) in constr e118 is deemed risky
+ coeff 4.39148 of var (x9,x14) in constr e118 is deemed risky
+ coeff -1.47803 of var (x9,x17) in constr e118 is deemed risky
+ coeff 1.47803 of var (x9,x18) in constr e118 is deemed risky
+ coeff 5.36741 of var (x10,x10) in constr e118 is deemed risky
+ coeff 1.47803 of var (x10,x11) in constr e118 is deemed risky
+ coeff -1.58212 of var (x10,x12) in constr e118 is deemed risky
+ coeff -6.08052 of var (x10,x13) in constr e118 is deemed risky
+ coeff -1.47803 of var (x10,x14) in constr e118 is deemed risky
+ coeff -4.39148 of var (x10,x17) in constr e118 is deemed risky
+ coeff 4.39148 of var (x10,x18) in constr e118 is deemed risky
+ coeff 2.26963 of var (x11,x12) in constr e118 is deemed risky
+ coeff -1.48442 of var (x11,x13) in constr e118 is deemed risky
+ coeff 1.83868 of var (x12,x12) in constr e118 is deemed risky
+ coeff -2.26963 of var (x12,x14) in constr e118 is deemed risky
+ coeff 1.48442 of var (x12,x17) in constr e118 is deemed risky
+ coeff -1.48442 of var (x12,x18) in constr e118 is deemed risky
+ coeff 1.83868 of var (x13,x13) in constr e118 is deemed risky
+ coeff 1.48442 of var (x13,x14) in constr e118 is deemed risky
+ coeff 2.26963 of var (x13,x17) in constr e118 is deemed risky
+ coeff -2.26963 of var (x13,x18) in constr e118 is deemed risky
+ coeff 5.36741 of var (x9,x9) in constr e119 is deemed risky
+ coeff -4.39148 of var (x9,x11) in constr e119 is deemed risky
+ coeff 8.95984 of var (x9,x12) in constr e119 is deemed risky
+ coeff 6.76065 of var (x9,x13) in constr e119 is deemed risky
+ coeff 4.39148 of var (x9,x14) in constr e119 is deemed risky
+ coeff -1.47803 of var (x9,x17) in constr e119 is deemed risky
+ coeff 1.47803 of var (x9,x18) in constr e119 is deemed risky
+ coeff 5.36741 of var (x10,x10) in constr e119 is deemed risky
+ coeff 1.47803 of var (x10,x11) in constr e119 is deemed risky
+ coeff -6.76065 of var (x10,x12) in constr e119 is deemed risky
+ coeff 8.95984 of var (x10,x13) in constr e119 is deemed risky
+ coeff -1.47803 of var (x10,x14) in constr e119 is deemed risky
+ coeff -4.39148 of var (x10,x17) in constr e119 is deemed risky
+ coeff 4.39148 of var (x10,x18) in constr e119 is deemed risky
+ coeff -4.5962 of var (x11,x12) in constr e119 is deemed risky
+ coeff -1.53206 of var (x11,x13) in constr e119 is deemed risky
+ coeff 5.86805 of var (x12,x12) in constr e119 is deemed risky
+ coeff 4.5962 of var (x12,x14) in constr e119 is deemed risky
+ coeff 1.53206 of var (x12,x17) in constr e119 is deemed risky
+ coeff -1.53206 of var (x12,x18) in constr e119 is deemed risky
+ coeff 5.86805 of var (x13,x13) in constr e119 is deemed risky
+ coeff 1.53206 of var (x13,x14) in constr e119 is deemed risky
+ coeff -4.5962 of var (x13,x17) in constr e119 is deemed risky
+ coeff 4.5962 of var (x13,x18) in constr e119 is deemed risky
+ coeff 5.36741 of var (x9,x9) in constr e120 is deemed risky
+ coeff -4.39148 of var (x9,x11) in constr e120 is deemed risky
+ coeff 0.402965 of var (x9,x12) in constr e120 is deemed risky
+ coeff -5.98473 of var (x9,x13) in constr e120 is deemed risky
+ coeff 4.39148 of var (x9,x14) in constr e120 is deemed risky
+ coeff -1.47803 of var (x9,x17) in constr e120 is deemed risky
+ coeff 1.47803 of var (x9,x18) in constr e120 is deemed risky
+ coeff 5.36741 of var (x10,x10) in constr e120 is deemed risky
+ coeff 1.47803 of var (x10,x11) in constr e120 is deemed risky
+ coeff 5.98473 of var (x10,x12) in constr e120 is deemed risky
+ coeff 0.402965 of var (x10,x13) in constr e120 is deemed risky
+ coeff -1.47803 of var (x10,x14) in constr e120 is deemed risky
+ coeff -4.39148 of var (x10,x17) in constr e120 is deemed risky
+ coeff 4.39148 of var (x10,x18) in constr e120 is deemed risky
+ coeff 0.659161 of var (x11,x12) in constr e120 is deemed risky
+ coeff 2.50376 of var (x11,x13) in constr e120 is deemed risky
+ coeff 1.67582 of var (x12,x12) in constr e120 is deemed risky
+ coeff -0.659161 of var (x12,x14) in constr e120 is deemed risky
+ coeff -2.50376 of var (x12,x17) in constr e120 is deemed risky
+ coeff 2.50376 of var (x12,x18) in constr e120 is deemed risky
+ coeff 1.67582 of var (x13,x13) in constr e120 is deemed risky
+ coeff -2.50376 of var (x13,x14) in constr e120 is deemed risky
+ coeff 0.659161 of var (x13,x17) in constr e120 is deemed risky
+ coeff -0.659161 of var (x13,x18) in constr e120 is deemed risky
+ coeff 5.01621 of var (x3,x3) in constr e121 is deemed risky
+ coeff -4.05648 of var (x3,x5) in constr e121 is deemed risky
+ coeff 4.05648 of var (x3,x8) in constr e121 is deemed risky
+ coeff -1.89996 of var (x3,x15) in constr e121 is deemed risky
+ coeff 1.89996 of var (x3,x16) in constr e121 is deemed risky
+ coeff 5.01621 of var (x4,x4) in constr e121 is deemed risky
+ coeff 1.89996 of var (x4,x5) in constr e121 is deemed risky
+ coeff -1.89996 of var (x4,x8) in constr e121 is deemed risky
+ coeff -4.05648 of var (x4,x15) in constr e121 is deemed risky
+ coeff 4.05648 of var (x4,x16) in constr e121 is deemed risky
+ coeff 5.01621 of var (x3,x3) in constr e122 is deemed risky
+ coeff -4.05648 of var (x3,x5) in constr e122 is deemed risky
+ coeff 4.05648 of var (x3,x11) in constr e122 is deemed risky
+ coeff -1.89996 of var (x3,x15) in constr e122 is deemed risky
+ coeff 1.89996 of var (x3,x17) in constr e122 is deemed risky
+ coeff 5.01621 of var (x4,x4) in constr e122 is deemed risky
+ coeff 1.89996 of var (x4,x5) in constr e122 is deemed risky
+ coeff -1.89996 of var (x4,x11) in constr e122 is deemed risky
+ coeff -4.05648 of var (x4,x15) in constr e122 is deemed risky
+ coeff 4.05648 of var (x4,x17) in constr e122 is deemed risky
+ coeff 5.01621 of var (x3,x3) in constr e123 is deemed risky
+ coeff -4.05648 of var (x3,x5) in constr e123 is deemed risky
+ coeff 4.05648 of var (x3,x14) in constr e123 is deemed risky
+ coeff -1.89996 of var (x3,x15) in constr e123 is deemed risky
+ coeff 1.89996 of var (x3,x18) in constr e123 is deemed risky
+ coeff 5.01621 of var (x4,x4) in constr e123 is deemed risky
+ coeff 1.89996 of var (x4,x5) in constr e123 is deemed risky
+ coeff -1.89996 of var (x4,x14) in constr e123 is deemed risky
+ coeff -4.05648 of var (x4,x15) in constr e123 is deemed risky
+ coeff 4.05648 of var (x4,x18) in constr e123 is deemed risky
+ coeff 5.01621 of var (x3,x3) in constr e124 is deemed risky
+ coeff -4.05648 of var (x3,x5) in constr e124 is deemed risky
+ coeff 8.16056 of var (x3,x6) in constr e124 is deemed risky
+ coeff 6.46316 of var (x3,x7) in constr e124 is deemed risky
+ coeff 4.05648 of var (x3,x8) in constr e124 is deemed risky
+ coeff -1.89996 of var (x3,x15) in constr e124 is deemed risky
+ coeff 1.89996 of var (x3,x16) in constr e124 is deemed risky
+ coeff 5.01621 of var (x4,x4) in constr e124 is deemed risky
+ coeff 1.89996 of var (x4,x5) in constr e124 is deemed risky
+ coeff -6.46316 of var (x4,x6) in constr e124 is deemed risky
+ coeff 8.16056 of var (x4,x7) in constr e124 is deemed risky
+ coeff -1.89996 of var (x4,x8) in constr e124 is deemed risky
+ coeff -4.05648 of var (x4,x15) in constr e124 is deemed risky
+ coeff 4.05648 of var (x4,x16) in constr e124 is deemed risky
+ coeff -4.52362 of var (x5,x6) in constr e124 is deemed risky
+ coeff -1.06783 of var (x5,x7) in constr e124 is deemed risky
+ coeff 5.40085 of var (x6,x6) in constr e124 is deemed risky
+ coeff 4.52362 of var (x6,x8) in constr e124 is deemed risky
+ coeff 1.06783 of var (x6,x15) in constr e124 is deemed risky
+ coeff -1.06783 of var (x6,x16) in constr e124 is deemed risky
+ coeff 5.40085 of var (x7,x7) in constr e124 is deemed risky
+ coeff 1.06783 of var (x7,x8) in constr e124 is deemed risky
+ coeff -4.52362 of var (x7,x15) in constr e124 is deemed risky
+ coeff 4.52362 of var (x7,x16) in constr e124 is deemed risky
+ coeff 5.01621 of var (x3,x3) in constr e125 is deemed risky
+ coeff -4.05648 of var (x3,x5) in constr e125 is deemed risky
+ coeff -10.3111 of var (x3,x9) in constr e125 is deemed risky
+ coeff -1.17403 of var (x3,x10) in constr e125 is deemed risky
+ coeff 4.05648 of var (x3,x11) in constr e125 is deemed risky
+ coeff -1.89996 of var (x3,x15) in constr e125 is deemed risky
+ coeff 1.89996 of var (x3,x17) in constr e125 is deemed risky
+ coeff 5.01621 of var (x4,x4) in constr e125 is deemed risky
+ coeff 1.89996 of var (x4,x5) in constr e125 is deemed risky
+ coeff 1.17403 of var (x4,x9) in constr e125 is deemed risky
+ coeff -10.3111 of var (x4,x10) in constr e125 is deemed risky
+ coeff -1.89996 of var (x4,x11) in constr e125 is deemed risky
+ coeff -4.05648 of var (x4,x15) in constr e125 is deemed risky
+ coeff 4.05648 of var (x4,x17) in constr e125 is deemed risky
+ coeff 4.39148 of var (x5,x9) in constr e125 is deemed risky
+ coeff -1.47803 of var (x5,x10) in constr e125 is deemed risky
+ coeff 5.36741 of var (x9,x9) in constr e125 is deemed risky
+ coeff -4.39148 of var (x9,x11) in constr e125 is deemed risky
+ coeff 1.47803 of var (x9,x15) in constr e125 is deemed risky
+ coeff -1.47803 of var (x9,x17) in constr e125 is deemed risky
+ coeff 5.36741 of var (x10,x10) in constr e125 is deemed risky
+ coeff 1.47803 of var (x10,x11) in constr e125 is deemed risky
+ coeff 4.39148 of var (x10,x15) in constr e125 is deemed risky
+ coeff -4.39148 of var (x10,x17) in constr e125 is deemed risky
+ coeff 5.01621 of var (x3,x3) in constr e126 is deemed risky
+ coeff -4.05648 of var (x3,x5) in constr e126 is deemed risky
+ coeff 5.17743 of var (x3,x12) in constr e126 is deemed risky
+ coeff 4.91865 of var (x3,x13) in constr e126 is deemed risky
+ coeff 4.05648 of var (x3,x14) in constr e126 is deemed risky
+ coeff -1.89996 of var (x3,x15) in constr e126 is deemed risky
+ coeff 1.89996 of var (x3,x18) in constr e126 is deemed risky
+ coeff 5.01621 of var (x4,x4) in constr e126 is deemed risky
+ coeff 1.89996 of var (x4,x5) in constr e126 is deemed risky
+ coeff -4.91865 of var (x4,x12) in constr e126 is deemed risky
+ coeff 5.17743 of var (x4,x13) in constr e126 is deemed risky
+ coeff -1.89996 of var (x4,x14) in constr e126 is deemed risky
+ coeff -4.05648 of var (x4,x15) in constr e126 is deemed risky
+ coeff 4.05648 of var (x4,x18) in constr e126 is deemed risky
+ coeff -3.02493 of var (x5,x12) in constr e126 is deemed risky
+ coeff -1.00828 of var (x5,x13) in constr e126 is deemed risky
+ coeff 2.54171 of var (x12,x12) in constr e126 is deemed risky
+ coeff 3.02493 of var (x12,x14) in constr e126 is deemed risky
+ coeff 1.00828 of var (x12,x15) in constr e126 is deemed risky
+ coeff -1.00828 of var (x12,x18) in constr e126 is deemed risky
+ coeff 2.54171 of var (x13,x13) in constr e126 is deemed risky
+ coeff 1.00828 of var (x13,x14) in constr e126 is deemed risky
+ coeff -3.02493 of var (x13,x15) in constr e126 is deemed risky
+ coeff 3.02493 of var (x13,x18) in constr e126 is deemed risky
+ coeff 5.01621 of var (x3,x3) in constr e127 is deemed risky
+ coeff -4.05648 of var (x3,x5) in constr e127 is deemed risky
+ coeff -9.51138 of var (x3,x6) in constr e127 is deemed risky
+ coeff -0.86467 of var (x3,x7) in constr e127 is deemed risky
+ coeff 4.05648 of var (x3,x8) in constr e127 is deemed risky
+ coeff -1.89996 of var (x3,x15) in constr e127 is deemed risky
+ coeff 1.89996 of var (x3,x16) in constr e127 is deemed risky
+ coeff 5.01621 of var (x4,x4) in constr e127 is deemed risky
+ coeff 1.89996 of var (x4,x5) in constr e127 is deemed risky
+ coeff 0.86467 of var (x4,x6) in constr e127 is deemed risky
+ coeff -9.51138 of var (x4,x7) in constr e127 is deemed risky
+ coeff -1.89996 of var (x4,x8) in constr e127 is deemed risky
+ coeff -4.05648 of var (x4,x15) in constr e127 is deemed risky
+ coeff 4.05648 of var (x4,x16) in constr e127 is deemed risky
+ coeff 4.00955 of var (x5,x6) in constr e127 is deemed risky
+ coeff -1.45167 of var (x5,x7) in constr e127 is deemed risky
+ coeff 4.54596 of var (x6,x6) in constr e127 is deemed risky
+ coeff -4.00955 of var (x6,x8) in constr e127 is deemed risky
+ coeff 1.45167 of var (x6,x15) in constr e127 is deemed risky
+ coeff -1.45167 of var (x6,x16) in constr e127 is deemed risky
+ coeff 4.54596 of var (x7,x7) in constr e127 is deemed risky
+ coeff 1.45167 of var (x7,x8) in constr e127 is deemed risky
+ coeff 4.00955 of var (x7,x15) in constr e127 is deemed risky
+ coeff -4.00955 of var (x7,x16) in constr e127 is deemed risky
+ coeff 5.01621 of var (x3,x3) in constr e128 is deemed risky
+ coeff -4.05648 of var (x3,x5) in constr e128 is deemed risky
+ coeff 7.50825 of var (x3,x9) in constr e128 is deemed risky
+ coeff -4.91042 of var (x3,x10) in constr e128 is deemed risky
+ coeff 4.05648 of var (x3,x11) in constr e128 is deemed risky
+ coeff -1.89996 of var (x3,x15) in constr e128 is deemed risky
+ coeff 1.89996 of var (x3,x17) in constr e128 is deemed risky
+ coeff 5.01621 of var (x4,x4) in constr e128 is deemed risky
+ coeff 1.89996 of var (x4,x5) in constr e128 is deemed risky
+ coeff 4.91042 of var (x4,x9) in constr e128 is deemed risky
+ coeff 7.50825 of var (x4,x10) in constr e128 is deemed risky
+ coeff -1.89996 of var (x4,x11) in constr e128 is deemed risky
+ coeff -4.05648 of var (x4,x15) in constr e128 is deemed risky
+ coeff 4.05648 of var (x4,x17) in constr e128 is deemed risky
+ coeff -2.10592 of var (x5,x9) in constr e128 is deemed risky
+ coeff 3.40739 of var (x5,x10) in constr e128 is deemed risky
+ coeff 4.0113 of var (x9,x9) in constr e128 is deemed risky
+ coeff 2.10592 of var (x9,x11) in constr e128 is deemed risky
+ coeff -3.40739 of var (x9,x15) in constr e128 is deemed risky
+ coeff 3.40739 of var (x9,x17) in constr e128 is deemed risky
+ coeff 4.0113 of var (x10,x10) in constr e128 is deemed risky
+ coeff -3.40739 of var (x10,x11) in constr e128 is deemed risky
+ coeff -2.10592 of var (x10,x15) in constr e128 is deemed risky
+ coeff 2.10592 of var (x10,x17) in constr e128 is deemed risky
+ coeff 5.01621 of var (x3,x3) in constr e129 is deemed risky
+ coeff -4.05648 of var (x3,x5) in constr e129 is deemed risky
+ coeff -6.01352 of var (x3,x12) in constr e129 is deemed risky
+ coeff 0.854665 of var (x3,x13) in constr e129 is deemed risky
+ coeff 4.05648 of var (x3,x14) in constr e129 is deemed risky
+ coeff -1.89996 of var (x3,x15) in constr e129 is deemed risky
+ coeff 1.89996 of var (x3,x18) in constr e129 is deemed risky
+ coeff 5.01621 of var (x4,x4) in constr e129 is deemed risky
+ coeff 1.89996 of var (x4,x5) in constr e129 is deemed risky
+ coeff -0.854665 of var (x4,x12) in constr e129 is deemed risky
+ coeff -6.01352 of var (x4,x13) in constr e129 is deemed risky
+ coeff -1.89996 of var (x4,x14) in constr e129 is deemed risky
+ coeff -4.05648 of var (x4,x15) in constr e129 is deemed risky
+ coeff 4.05648 of var (x4,x18) in constr e129 is deemed risky
+ coeff 2.26963 of var (x5,x12) in constr e129 is deemed risky
+ coeff -1.48442 of var (x5,x13) in constr e129 is deemed risky
+ coeff 1.83868 of var (x12,x12) in constr e129 is deemed risky
+ coeff -2.26963 of var (x12,x14) in constr e129 is deemed risky
+ coeff 1.48442 of var (x12,x15) in constr e129 is deemed risky
+ coeff -1.48442 of var (x12,x18) in constr e129 is deemed risky
+ coeff 1.83868 of var (x13,x13) in constr e129 is deemed risky
+ coeff 1.48442 of var (x13,x14) in constr e129 is deemed risky
+ coeff 2.26963 of var (x13,x15) in constr e129 is deemed risky
+ coeff -2.26963 of var (x13,x18) in constr e129 is deemed risky
+ coeff 5.01621 of var (x3,x3) in constr e130 is deemed risky
+ coeff -4.05648 of var (x3,x5) in constr e130 is deemed risky
+ coeff 13.272 of var (x3,x6) in constr e130 is deemed risky
+ coeff 10.5116 of var (x3,x7) in constr e130 is deemed risky
+ coeff 4.05648 of var (x3,x8) in constr e130 is deemed risky
+ coeff -1.89996 of var (x3,x15) in constr e130 is deemed risky
+ coeff 1.89996 of var (x3,x16) in constr e130 is deemed risky
+ coeff 5.01621 of var (x4,x4) in constr e130 is deemed risky
+ coeff 1.89996 of var (x4,x5) in constr e130 is deemed risky
+ coeff -10.5116 of var (x4,x6) in constr e130 is deemed risky
+ coeff 13.272 of var (x4,x7) in constr e130 is deemed risky
+ coeff -1.89996 of var (x4,x8) in constr e130 is deemed risky
+ coeff -4.05648 of var (x4,x15) in constr e130 is deemed risky
+ coeff 4.05648 of var (x4,x16) in constr e130 is deemed risky
+ coeff -7.35708 of var (x5,x6) in constr e130 is deemed risky
+ coeff -1.73674 of var (x5,x7) in constr e130 is deemed risky
+ coeff 14.2857 of var (x6,x6) in constr e130 is deemed risky
+ coeff 7.35708 of var (x6,x8) in constr e130 is deemed risky
+ coeff 1.73674 of var (x6,x15) in constr e130 is deemed risky
+ coeff -1.73674 of var (x6,x16) in constr e130 is deemed risky
+ coeff 14.2857 of var (x7,x7) in constr e130 is deemed risky
+ coeff 1.73674 of var (x7,x8) in constr e130 is deemed risky
+ coeff -7.35708 of var (x7,x15) in constr e130 is deemed risky
+ coeff 7.35708 of var (x7,x16) in constr e130 is deemed risky
+ coeff 5.01621 of var (x3,x3) in constr e131 is deemed risky
+ coeff -4.05648 of var (x3,x5) in constr e131 is deemed risky
+ coeff -6.75226 of var (x3,x9) in constr e131 is deemed risky
+ coeff -1.4124 of var (x3,x10) in constr e131 is deemed risky
+ coeff 4.05648 of var (x3,x11) in constr e131 is deemed risky
+ coeff -1.89996 of var (x3,x15) in constr e131 is deemed risky
+ coeff 1.89996 of var (x3,x17) in constr e131 is deemed risky
+ coeff 5.01621 of var (x4,x4) in constr e131 is deemed risky
+ coeff 1.89996 of var (x4,x5) in constr e131 is deemed risky
+ coeff 1.4124 of var (x4,x9) in constr e131 is deemed risky
+ coeff -6.75226 of var (x4,x10) in constr e131 is deemed risky
+ coeff -1.89996 of var (x4,x11) in constr e131 is deemed risky
+ coeff -4.05648 of var (x4,x15) in constr e131 is deemed risky
+ coeff 4.05648 of var (x4,x17) in constr e131 is deemed risky
+ coeff 2.99767 of var (x5,x9) in constr e131 is deemed risky
+ coeff -0.70767 of var (x5,x10) in constr e131 is deemed risky
+ coeff 2.3717 of var (x9,x9) in constr e131 is deemed risky
+ coeff -2.99767 of var (x9,x11) in constr e131 is deemed risky
+ coeff 0.70767 of var (x9,x15) in constr e131 is deemed risky
+ coeff -0.70767 of var (x9,x17) in constr e131 is deemed risky
+ coeff 2.3717 of var (x10,x10) in constr e131 is deemed risky
+ coeff 0.70767 of var (x10,x11) in constr e131 is deemed risky
+ coeff 2.99767 of var (x10,x15) in constr e131 is deemed risky
+ coeff -2.99767 of var (x10,x17) in constr e131 is deemed risky
+ coeff 5.01621 of var (x3,x3) in constr e132 is deemed risky
+ coeff -4.05648 of var (x3,x5) in constr e132 is deemed risky
+ coeff 7.86676 of var (x3,x12) in constr e132 is deemed risky
+ coeff 7.47367 of var (x3,x13) in constr e132 is deemed risky
+ coeff 4.05648 of var (x3,x14) in constr e132 is deemed risky
+ coeff -1.89996 of var (x3,x15) in constr e132 is deemed risky
+ coeff 1.89996 of var (x3,x18) in constr e132 is deemed risky
+ coeff 5.01621 of var (x4,x4) in constr e132 is deemed risky
+ coeff 1.89996 of var (x4,x5) in constr e132 is deemed risky
+ coeff -7.47367 of var (x4,x12) in constr e132 is deemed risky
+ coeff 7.86676 of var (x4,x13) in constr e132 is deemed risky
+ coeff -1.89996 of var (x4,x14) in constr e132 is deemed risky
+ coeff -4.05648 of var (x4,x15) in constr e132 is deemed risky
+ coeff 4.05648 of var (x4,x18) in constr e132 is deemed risky
+ coeff -4.5962 of var (x5,x12) in constr e132 is deemed risky
+ coeff -1.53206 of var (x5,x13) in constr e132 is deemed risky
+ coeff 5.86805 of var (x12,x12) in constr e132 is deemed risky
+ coeff 4.5962 of var (x12,x14) in constr e132 is deemed risky
+ coeff 1.53206 of var (x12,x15) in constr e132 is deemed risky
+ coeff -1.53206 of var (x12,x18) in constr e132 is deemed risky
+ coeff 5.86805 of var (x13,x13) in constr e132 is deemed risky
+ coeff 1.53206 of var (x13,x14) in constr e132 is deemed risky
+ coeff -4.5962 of var (x13,x15) in constr e132 is deemed risky
+ coeff 4.5962 of var (x13,x18) in constr e132 is deemed risky
+ coeff 5.01621 of var (x3,x3) in constr e133 is deemed risky
+ coeff -4.05648 of var (x3,x5) in constr e133 is deemed risky
+ coeff 16.4736 of var (x3,x6) in constr e133 is deemed risky
+ coeff 13.0472 of var (x3,x7) in constr e133 is deemed risky
+ coeff 4.05648 of var (x3,x8) in constr e133 is deemed risky
+ coeff -1.89996 of var (x3,x15) in constr e133 is deemed risky
+ coeff 1.89996 of var (x3,x16) in constr e133 is deemed risky
+ coeff 5.01621 of var (x4,x4) in constr e133 is deemed risky
+ coeff 1.89996 of var (x4,x5) in constr e133 is deemed risky
+ coeff -13.0472 of var (x4,x6) in constr e133 is deemed risky
+ coeff 16.4736 of var (x4,x7) in constr e133 is deemed risky
+ coeff -1.89996 of var (x4,x8) in constr e133 is deemed risky
+ coeff -4.05648 of var (x4,x15) in constr e133 is deemed risky
+ coeff 4.05648 of var (x4,x16) in constr e133 is deemed risky
+ coeff -9.13177 of var (x5,x6) in constr e133 is deemed risky
+ coeff -2.15565 of var (x5,x7) in constr e133 is deemed risky
+ coeff 22.009 of var (x6,x6) in constr e133 is deemed risky
+ coeff 9.13177 of var (x6,x8) in constr e133 is deemed risky
+ coeff 2.15565 of var (x6,x15) in constr e133 is deemed risky
+ coeff -2.15565 of var (x6,x16) in constr e133 is deemed risky
+ coeff 22.009 of var (x7,x7) in constr e133 is deemed risky
+ coeff 2.15565 of var (x7,x8) in constr e133 is deemed risky
+ coeff -9.13177 of var (x7,x15) in constr e133 is deemed risky
+ coeff 9.13177 of var (x7,x16) in constr e133 is deemed risky
+ coeff 5.01621 of var (x3,x3) in constr e134 is deemed risky
+ coeff -4.05648 of var (x3,x5) in constr e134 is deemed risky
+ coeff 2.72948 of var (x3,x9) in constr e134 is deemed risky
+ coeff 7.53929 of var (x3,x10) in constr e134 is deemed risky
+ coeff 4.05648 of var (x3,x11) in constr e134 is deemed risky
+ coeff -1.89996 of var (x3,x15) in constr e134 is deemed risky
+ coeff 1.89996 of var (x3,x17) in constr e134 is deemed risky
+ coeff 5.01621 of var (x4,x4) in constr e134 is deemed risky
+ coeff 1.89996 of var (x4,x5) in constr e134 is deemed risky
+ coeff -7.53929 of var (x4,x9) in constr e134 is deemed risky
+ coeff 2.72948 of var (x4,x10) in constr e134 is deemed risky
+ coeff -1.89996 of var (x4,x11) in constr e134 is deemed risky
+ coeff -4.05648 of var (x4,x15) in constr e134 is deemed risky
+ coeff 4.05648 of var (x4,x17) in constr e134 is deemed risky
+ coeff -2.53143 of var (x5,x9) in constr e134 is deemed risky
+ coeff -2.53149 of var (x5,x10) in constr e134 is deemed risky
+ coeff 3.20415 of var (x9,x9) in constr e134 is deemed risky
+ coeff 2.53143 of var (x9,x11) in constr e134 is deemed risky
+ coeff 2.53149 of var (x9,x15) in constr e134 is deemed risky
+ coeff -2.53149 of var (x9,x17) in constr e134 is deemed risky
+ coeff 3.20415 of var (x10,x10) in constr e134 is deemed risky
+ coeff 2.53149 of var (x10,x11) in constr e134 is deemed risky
+ coeff -2.53143 of var (x10,x15) in constr e134 is deemed risky
+ coeff 2.53143 of var (x10,x17) in constr e134 is deemed risky
+ coeff 5.01621 of var (x3,x3) in constr e135 is deemed risky
+ coeff -4.05648 of var (x3,x5) in constr e135 is deemed risky
+ coeff 1.04159 of var (x3,x12) in constr e135 is deemed risky
+ coeff -5.70441 of var (x3,x13) in constr e135 is deemed risky
+ coeff 4.05648 of var (x3,x14) in constr e135 is deemed risky
+ coeff -1.89996 of var (x3,x15) in constr e135 is deemed risky
+ coeff 1.89996 of var (x3,x18) in constr e135 is deemed risky
+ coeff 5.01621 of var (x4,x4) in constr e135 is deemed risky
+ coeff 1.89996 of var (x4,x5) in constr e135 is deemed risky
+ coeff 5.70441 of var (x4,x12) in constr e135 is deemed risky
+ coeff 1.04159 of var (x4,x13) in constr e135 is deemed risky
+ coeff -1.89996 of var (x4,x14) in constr e135 is deemed risky
+ coeff -4.05648 of var (x4,x15) in constr e135 is deemed risky
+ coeff 4.05648 of var (x4,x18) in constr e135 is deemed risky
+ coeff 0.659161 of var (x5,x12) in constr e135 is deemed risky
+ coeff 2.50376 of var (x5,x13) in constr e135 is deemed risky
+ coeff 1.67582 of var (x12,x12) in constr e135 is deemed risky
+ coeff -0.659161 of var (x12,x14) in constr e135 is deemed risky
+ coeff -2.50376 of var (x12,x15) in constr e135 is deemed risky
+ coeff 2.50376 of var (x12,x18) in constr e135 is deemed risky
+ coeff 1.67582 of var (x13,x13) in constr e135 is deemed risky
+ coeff -2.50376 of var (x13,x14) in constr e135 is deemed risky
+ coeff 0.659161 of var (x13,x15) in constr e135 is deemed risky
+ coeff -0.659161 of var (x13,x18) in constr e135 is deemed risky
+ coeff 4.54596 of var (x6,x6) in constr e136 is deemed risky
+ coeff -4.00955 of var (x6,x8) in constr e136 is deemed risky
+ coeff 4.00955 of var (x6,x11) in constr e136 is deemed risky
+ coeff -1.45167 of var (x6,x16) in constr e136 is deemed risky
+ coeff 1.45167 of var (x6,x17) in constr e136 is deemed risky
+ coeff 4.54596 of var (x7,x7) in constr e136 is deemed risky
+ coeff 1.45167 of var (x7,x8) in constr e136 is deemed risky
+ coeff -1.45167 of var (x7,x11) in constr e136 is deemed risky
+ coeff -4.00955 of var (x7,x16) in constr e136 is deemed risky
+ coeff 4.00955 of var (x7,x17) in constr e136 is deemed risky
+ coeff 4.54596 of var (x6,x6) in constr e137 is deemed risky
+ coeff -4.00955 of var (x6,x8) in constr e137 is deemed risky
+ coeff 4.00955 of var (x6,x14) in constr e137 is deemed risky
+ coeff -1.45167 of var (x6,x16) in constr e137 is deemed risky
+ coeff 1.45167 of var (x6,x18) in constr e137 is deemed risky
+ coeff 4.54596 of var (x7,x7) in constr e137 is deemed risky
+ coeff 1.45167 of var (x7,x8) in constr e137 is deemed risky
+ coeff -1.45167 of var (x7,x14) in constr e137 is deemed risky
+ coeff -4.00955 of var (x7,x16) in constr e137 is deemed risky
+ coeff 4.00955 of var (x7,x18) in constr e137 is deemed risky
+ coeff 4.54596 of var (x6,x6) in constr e138 is deemed risky
+ coeff -4.00955 of var (x6,x8) in constr e138 is deemed risky
+ coeff -9.87673 of var (x6,x9) in constr e138 is deemed risky
+ coeff -0.22437 of var (x6,x10) in constr e138 is deemed risky
+ coeff 4.00955 of var (x6,x11) in constr e138 is deemed risky
+ coeff -1.45167 of var (x6,x16) in constr e138 is deemed risky
+ coeff 1.45167 of var (x6,x17) in constr e138 is deemed risky
+ coeff 4.54596 of var (x7,x7) in constr e138 is deemed risky
+ coeff 1.45167 of var (x7,x8) in constr e138 is deemed risky
+ coeff 0.22437 of var (x7,x9) in constr e138 is deemed risky
+ coeff -9.87673 of var (x7,x10) in constr e138 is deemed risky
+ coeff -1.45167 of var (x7,x11) in constr e138 is deemed risky
+ coeff -4.00955 of var (x7,x16) in constr e138 is deemed risky
+ coeff 4.00955 of var (x7,x17) in constr e138 is deemed risky
+ coeff 4.39148 of var (x8,x9) in constr e138 is deemed risky
+ coeff -1.47803 of var (x8,x10) in constr e138 is deemed risky
+ coeff 5.36741 of var (x9,x9) in constr e138 is deemed risky
+ coeff -4.39148 of var (x9,x11) in constr e138 is deemed risky
+ coeff 1.47803 of var (x9,x16) in constr e138 is deemed risky
+ coeff -1.47803 of var (x9,x17) in constr e138 is deemed risky
+ coeff 5.36741 of var (x10,x10) in constr e138 is deemed risky
+ coeff 1.47803 of var (x10,x11) in constr e138 is deemed risky
+ coeff 4.39148 of var (x10,x16) in constr e138 is deemed risky
+ coeff -4.39148 of var (x10,x17) in constr e138 is deemed risky
+ coeff 4.54596 of var (x6,x6) in constr e139 is deemed risky
+ coeff -4.00955 of var (x6,x8) in constr e139 is deemed risky
+ coeff 5.33246 of var (x6,x12) in constr e139 is deemed risky
+ coeff 4.21697 of var (x6,x13) in constr e139 is deemed risky
+ coeff 4.00955 of var (x6,x14) in constr e139 is deemed risky
+ coeff -1.45167 of var (x6,x16) in constr e139 is deemed risky
+ coeff 1.45167 of var (x6,x18) in constr e139 is deemed risky
+ coeff 4.54596 of var (x7,x7) in constr e139 is deemed risky
+ coeff 1.45167 of var (x7,x8) in constr e139 is deemed risky
+ coeff -4.21697 of var (x7,x12) in constr e139 is deemed risky
+ coeff 5.33246 of var (x7,x13) in constr e139 is deemed risky
+ coeff -1.45167 of var (x7,x14) in constr e139 is deemed risky
+ coeff -4.00955 of var (x7,x16) in constr e139 is deemed risky
+ coeff 4.00955 of var (x7,x18) in constr e139 is deemed risky
+ coeff -3.02493 of var (x8,x12) in constr e139 is deemed risky
+ coeff -1.00828 of var (x8,x13) in constr e139 is deemed risky
+ coeff 2.54171 of var (x12,x12) in constr e139 is deemed risky
+ coeff 3.02493 of var (x12,x14) in constr e139 is deemed risky
+ coeff 1.00828 of var (x12,x16) in constr e139 is deemed risky
+ coeff -1.00828 of var (x12,x18) in constr e139 is deemed risky
+ coeff 2.54171 of var (x13,x13) in constr e139 is deemed risky
+ coeff 1.00828 of var (x13,x14) in constr e139 is deemed risky
+ coeff -3.02493 of var (x13,x16) in constr e139 is deemed risky
+ coeff 3.02493 of var (x13,x18) in constr e139 is deemed risky
+ coeff 4.54596 of var (x6,x6) in constr e140 is deemed risky
+ coeff -4.00955 of var (x6,x8) in constr e140 is deemed risky
+ coeff 6.69509 of var (x6,x9) in constr e140 is deemed risky
+ coeff -5.30251 of var (x6,x10) in constr e140 is deemed risky
+ coeff 4.00955 of var (x6,x11) in constr e140 is deemed risky
+ coeff -1.45167 of var (x6,x16) in constr e140 is deemed risky
+ coeff 1.45167 of var (x6,x17) in constr e140 is deemed risky
+ coeff 4.54596 of var (x7,x7) in constr e140 is deemed risky
+ coeff 1.45167 of var (x7,x8) in constr e140 is deemed risky
+ coeff 5.30251 of var (x7,x9) in constr e140 is deemed risky
+ coeff 6.69509 of var (x7,x10) in constr e140 is deemed risky
+ coeff -1.45167 of var (x7,x11) in constr e140 is deemed risky
+ coeff -4.00955 of var (x7,x16) in constr e140 is deemed risky
+ coeff 4.00955 of var (x7,x17) in constr e140 is deemed risky
+ coeff -2.10592 of var (x8,x9) in constr e140 is deemed risky
+ coeff 3.40739 of var (x8,x10) in constr e140 is deemed risky
+ coeff 4.0113 of var (x9,x9) in constr e140 is deemed risky
+ coeff 2.10592 of var (x9,x11) in constr e140 is deemed risky
+ coeff -3.40739 of var (x9,x16) in constr e140 is deemed risky
+ coeff 3.40739 of var (x9,x17) in constr e140 is deemed risky
+ coeff 4.0113 of var (x10,x10) in constr e140 is deemed risky
+ coeff -3.40739 of var (x10,x11) in constr e140 is deemed risky
+ coeff -2.10592 of var (x10,x16) in constr e140 is deemed risky
+ coeff 2.10592 of var (x10,x17) in constr e140 is deemed risky
+ coeff 4.54596 of var (x6,x6) in constr e141 is deemed risky
+ coeff -4.00955 of var (x6,x8) in constr e141 is deemed risky
+ coeff -5.62754 of var (x6,x12) in constr e141 is deemed risky
+ coeff 1.32857 of var (x6,x13) in constr e141 is deemed risky
+ coeff 4.00955 of var (x6,x14) in constr e141 is deemed risky
+ coeff -1.45167 of var (x6,x16) in constr e141 is deemed risky
+ coeff 1.45167 of var (x6,x18) in constr e141 is deemed risky
+ coeff 4.54596 of var (x7,x7) in constr e141 is deemed risky
+ coeff 1.45167 of var (x7,x8) in constr e141 is deemed risky
+ coeff -1.32857 of var (x7,x12) in constr e141 is deemed risky
+ coeff -5.62754 of var (x7,x13) in constr e141 is deemed risky
+ coeff -1.45167 of var (x7,x14) in constr e141 is deemed risky
+ coeff -4.00955 of var (x7,x16) in constr e141 is deemed risky
+ coeff 4.00955 of var (x7,x18) in constr e141 is deemed risky
+ coeff 2.26963 of var (x8,x12) in constr e141 is deemed risky
+ coeff -1.48442 of var (x8,x13) in constr e141 is deemed risky
+ coeff 1.83868 of var (x12,x12) in constr e141 is deemed risky
+ coeff -2.26963 of var (x12,x14) in constr e141 is deemed risky
+ coeff 1.48442 of var (x12,x16) in constr e141 is deemed risky
+ coeff -1.48442 of var (x12,x18) in constr e141 is deemed risky
+ coeff 1.83868 of var (x13,x13) in constr e141 is deemed risky
+ coeff 1.48442 of var (x13,x14) in constr e141 is deemed risky
+ coeff 2.26963 of var (x13,x16) in constr e141 is deemed risky
+ coeff -2.26963 of var (x13,x18) in constr e141 is deemed risky
+ coeff 4.54596 of var (x6,x6) in constr e142 is deemed risky
+ coeff -4.00955 of var (x6,x8) in constr e142 is deemed risky
+ coeff -6.5233 of var (x6,x9) in constr e142 is deemed risky
+ coeff -0.757088 of var (x6,x10) in constr e142 is deemed risky
+ coeff 4.00955 of var (x6,x11) in constr e142 is deemed risky
+ coeff -1.45167 of var (x6,x16) in constr e142 is deemed risky
+ coeff 1.45167 of var (x6,x17) in constr e142 is deemed risky
+ coeff 4.54596 of var (x7,x7) in constr e142 is deemed risky
+ coeff 1.45167 of var (x7,x8) in constr e142 is deemed risky
+ coeff 0.757088 of var (x7,x9) in constr e142 is deemed risky
+ coeff -6.5233 of var (x7,x10) in constr e142 is deemed risky
+ coeff -1.45167 of var (x7,x11) in constr e142 is deemed risky
+ coeff -4.00955 of var (x7,x16) in constr e142 is deemed risky
+ coeff 4.00955 of var (x7,x17) in constr e142 is deemed risky
+ coeff 2.99767 of var (x8,x9) in constr e142 is deemed risky
+ coeff -0.70767 of var (x8,x10) in constr e142 is deemed risky
+ coeff 2.3717 of var (x9,x9) in constr e142 is deemed risky
+ coeff -2.99767 of var (x9,x11) in constr e142 is deemed risky
+ coeff 0.70767 of var (x9,x16) in constr e142 is deemed risky
+ coeff -0.70767 of var (x9,x17) in constr e142 is deemed risky
+ coeff 2.3717 of var (x10,x10) in constr e142 is deemed risky
+ coeff 0.70767 of var (x10,x11) in constr e142 is deemed risky
+ coeff 2.99767 of var (x10,x16) in constr e142 is deemed risky
+ coeff -2.99767 of var (x10,x17) in constr e142 is deemed risky
+ coeff 4.54596 of var (x6,x6) in constr e143 is deemed risky
+ coeff -4.00955 of var (x6,x8) in constr e143 is deemed risky
+ coeff 8.10232 of var (x6,x12) in constr e143 is deemed risky
+ coeff 6.4075 of var (x6,x13) in constr e143 is deemed risky
+ coeff 4.00955 of var (x6,x14) in constr e143 is deemed risky
+ coeff -1.45167 of var (x6,x16) in constr e143 is deemed risky
+ coeff 1.45167 of var (x6,x18) in constr e143 is deemed risky
+ coeff 4.54596 of var (x7,x7) in constr e143 is deemed risky
+ coeff 1.45167 of var (x7,x8) in constr e143 is deemed risky
+ coeff -6.4075 of var (x7,x12) in constr e143 is deemed risky
+ coeff 8.10232 of var (x7,x13) in constr e143 is deemed risky
+ coeff -1.45167 of var (x7,x14) in constr e143 is deemed risky
+ coeff -4.00955 of var (x7,x16) in constr e143 is deemed risky
+ coeff 4.00955 of var (x7,x18) in constr e143 is deemed risky
+ coeff -4.5962 of var (x8,x12) in constr e143 is deemed risky
+ coeff -1.53206 of var (x8,x13) in constr e143 is deemed risky
+ coeff 5.86805 of var (x12,x12) in constr e143 is deemed risky
+ coeff 4.5962 of var (x12,x14) in constr e143 is deemed risky
+ coeff 1.53206 of var (x12,x16) in constr e143 is deemed risky
+ coeff -1.53206 of var (x12,x18) in constr e143 is deemed risky
+ coeff 5.86805 of var (x13,x13) in constr e143 is deemed risky
+ coeff 1.53206 of var (x13,x14) in constr e143 is deemed risky
+ coeff -4.5962 of var (x13,x16) in constr e143 is deemed risky
+ coeff 4.5962 of var (x13,x18) in constr e143 is deemed risky
+ coeff 4.54596 of var (x6,x6) in constr e144 is deemed risky
+ coeff -4.00955 of var (x6,x8) in constr e144 is deemed risky
+ coeff 3.23751 of var (x6,x9) in constr e144 is deemed risky
+ coeff 6.91248 of var (x6,x10) in constr e144 is deemed risky
+ coeff 4.00955 of var (x6,x11) in constr e144 is deemed risky
+ coeff -1.45167 of var (x6,x16) in constr e144 is deemed risky
+ coeff 1.45167 of var (x6,x17) in constr e144 is deemed risky
+ coeff 4.54596 of var (x7,x7) in constr e144 is deemed risky
+ coeff 1.45167 of var (x7,x8) in constr e144 is deemed risky
+ coeff -6.91248 of var (x7,x9) in constr e144 is deemed risky
+ coeff 3.23751 of var (x7,x10) in constr e144 is deemed risky
+ coeff -1.45167 of var (x7,x11) in constr e144 is deemed risky
+ coeff -4.00955 of var (x7,x16) in constr e144 is deemed risky
+ coeff 4.00955 of var (x7,x17) in constr e144 is deemed risky
+ coeff -2.53143 of var (x8,x9) in constr e144 is deemed risky
+ coeff -2.53149 of var (x8,x10) in constr e144 is deemed risky
+ coeff 3.20415 of var (x9,x9) in constr e144 is deemed risky
+ coeff 2.53143 of var (x9,x11) in constr e144 is deemed risky
+ coeff 2.53149 of var (x9,x16) in constr e144 is deemed risky
+ coeff -2.53149 of var (x9,x17) in constr e144 is deemed risky
+ coeff 3.20415 of var (x10,x10) in constr e144 is deemed risky
+ coeff 2.53149 of var (x10,x11) in constr e144 is deemed risky
+ coeff -2.53143 of var (x10,x16) in constr e144 is deemed risky
+ coeff 2.53143 of var (x10,x17) in constr e144 is deemed risky
+ coeff 4.54596 of var (x6,x6) in constr e145 is deemed risky
+ coeff -4.00955 of var (x6,x8) in constr e145 is deemed risky
+ coeff 0.495841 of var (x6,x12) in constr e145 is deemed risky
+ coeff -5.49791 of var (x6,x13) in constr e145 is deemed risky
+ coeff 4.00955 of var (x6,x14) in constr e145 is deemed risky
+ coeff -1.45167 of var (x6,x16) in constr e145 is deemed risky
+ coeff 1.45167 of var (x6,x18) in constr e145 is deemed risky
+ coeff 4.54596 of var (x7,x7) in constr e145 is deemed risky
+ coeff 1.45167 of var (x7,x8) in constr e145 is deemed risky
+ coeff 5.49791 of var (x7,x12) in constr e145 is deemed risky
+ coeff 0.495841 of var (x7,x13) in constr e145 is deemed risky
+ coeff -1.45167 of var (x7,x14) in constr e145 is deemed risky
+ coeff -4.00955 of var (x7,x16) in constr e145 is deemed risky
+ coeff 4.00955 of var (x7,x18) in constr e145 is deemed risky
+ coeff 0.659161 of var (x8,x12) in constr e145 is deemed risky
+ coeff 2.50376 of var (x8,x13) in constr e145 is deemed risky
+ coeff 1.67582 of var (x12,x12) in constr e145 is deemed risky
+ coeff -0.659161 of var (x12,x14) in constr e145 is deemed risky
+ coeff -2.50376 of var (x12,x16) in constr e145 is deemed risky
+ coeff 2.50376 of var (x12,x18) in constr e145 is deemed risky
+ coeff 1.67582 of var (x13,x13) in constr e145 is deemed risky
+ coeff -2.50376 of var (x13,x14) in constr e145 is deemed risky
+ coeff 0.659161 of var (x13,x16) in constr e145 is deemed risky
+ coeff -0.659161 of var (x13,x18) in constr e145 is deemed risky
+ coeff 4.0113 of var (x9,x9) in constr e146 is deemed risky
+ coeff 2.10592 of var (x9,x11) in constr e146 is deemed risky
+ coeff -2.10592 of var (x9,x14) in constr e146 is deemed risky
+ coeff 3.40739 of var (x9,x17) in constr e146 is deemed risky
+ coeff -3.40739 of var (x9,x18) in constr e146 is deemed risky
+ coeff 4.0113 of var (x10,x10) in constr e146 is deemed risky
+ coeff -3.40739 of var (x10,x11) in constr e146 is deemed risky
+ coeff 3.40739 of var (x10,x14) in constr e146 is deemed risky
+ coeff 2.10592 of var (x10,x17) in constr e146 is deemed risky
+ coeff -2.10592 of var (x10,x18) in constr e146 is deemed risky
+ coeff 4.0113 of var (x9,x9) in constr e147 is deemed risky
+ coeff 2.10592 of var (x9,x11) in constr e147 is deemed risky
+ coeff -1.46733 of var (x9,x12) in constr e147 is deemed risky
+ coeff -6.21523 of var (x9,x13) in constr e147 is deemed risky
+ coeff -2.10592 of var (x9,x14) in constr e147 is deemed risky
+ coeff 3.40739 of var (x9,x17) in constr e147 is deemed risky
+ coeff -3.40739 of var (x9,x18) in constr e147 is deemed risky
+ coeff 4.0113 of var (x10,x10) in constr e147 is deemed risky
+ coeff -3.40739 of var (x10,x11) in constr e147 is deemed risky
+ coeff 6.21523 of var (x10,x12) in constr e147 is deemed risky
+ coeff -1.46733 of var (x10,x13) in constr e147 is deemed risky
+ coeff 3.40739 of var (x10,x14) in constr e147 is deemed risky
+ coeff 2.10592 of var (x10,x17) in constr e147 is deemed risky
+ coeff -2.10592 of var (x10,x18) in constr e147 is deemed risky
+ coeff -3.02493 of var (x11,x12) in constr e147 is deemed risky
+ coeff -1.00828 of var (x11,x13) in constr e147 is deemed risky
+ coeff 2.54171 of var (x12,x12) in constr e147 is deemed risky
+ coeff 3.02493 of var (x12,x14) in constr e147 is deemed risky
+ coeff 1.00828 of var (x12,x17) in constr e147 is deemed risky
+ coeff -1.00828 of var (x12,x18) in constr e147 is deemed risky
+ coeff 2.54171 of var (x13,x13) in constr e147 is deemed risky
+ coeff 1.00828 of var (x13,x14) in constr e147 is deemed risky
+ coeff -3.02493 of var (x13,x17) in constr e147 is deemed risky
+ coeff 3.02493 of var (x13,x18) in constr e147 is deemed risky
+ coeff 4.0113 of var (x9,x9) in constr e148 is deemed risky
+ coeff 2.10592 of var (x9,x11) in constr e148 is deemed risky
+ coeff 4.91883 of var (x9,x12) in constr e148 is deemed risky
+ coeff 2.30372 of var (x9,x13) in constr e148 is deemed risky
+ coeff -2.10592 of var (x9,x14) in constr e148 is deemed risky
+ coeff 3.40739 of var (x9,x17) in constr e148 is deemed risky
+ coeff -3.40739 of var (x9,x18) in constr e148 is deemed risky
+ coeff 4.0113 of var (x10,x10) in constr e148 is deemed risky
+ coeff -3.40739 of var (x10,x11) in constr e148 is deemed risky
+ coeff -2.30372 of var (x10,x12) in constr e148 is deemed risky
+ coeff 4.91883 of var (x10,x13) in constr e148 is deemed risky
+ coeff 3.40739 of var (x10,x14) in constr e148 is deemed risky
+ coeff 2.10592 of var (x10,x17) in constr e148 is deemed risky
+ coeff -2.10592 of var (x10,x18) in constr e148 is deemed risky
+ coeff 2.26963 of var (x11,x12) in constr e148 is deemed risky
+ coeff -1.48442 of var (x11,x13) in constr e148 is deemed risky
+ coeff 1.83868 of var (x12,x12) in constr e148 is deemed risky
+ coeff -2.26963 of var (x12,x14) in constr e148 is deemed risky
+ coeff 1.48442 of var (x12,x17) in constr e148 is deemed risky
+ coeff -1.48442 of var (x12,x18) in constr e148 is deemed risky
+ coeff 1.83868 of var (x13,x13) in constr e148 is deemed risky
+ coeff 1.48442 of var (x13,x14) in constr e148 is deemed risky
+ coeff 2.26963 of var (x13,x17) in constr e148 is deemed risky
+ coeff -2.26963 of var (x13,x18) in constr e148 is deemed risky
+ coeff 4.0113 of var (x9,x9) in constr e149 is deemed risky
+ coeff 2.10592 of var (x9,x11) in constr e149 is deemed risky
+ coeff -2.22945 of var (x9,x12) in constr e149 is deemed risky
+ coeff -9.4437 of var (x9,x13) in constr e149 is deemed risky
+ coeff -2.10592 of var (x9,x14) in constr e149 is deemed risky
+ coeff 3.40739 of var (x9,x17) in constr e149 is deemed risky
+ coeff -3.40739 of var (x9,x18) in constr e149 is deemed risky
+ coeff 4.0113 of var (x10,x10) in constr e149 is deemed risky
+ coeff -3.40739 of var (x10,x11) in constr e149 is deemed risky
+ coeff 9.4437 of var (x10,x12) in constr e149 is deemed risky
+ coeff -2.22945 of var (x10,x13) in constr e149 is deemed risky
+ coeff 3.40739 of var (x10,x14) in constr e149 is deemed risky
+ coeff 2.10592 of var (x10,x17) in constr e149 is deemed risky
+ coeff -2.10592 of var (x10,x18) in constr e149 is deemed risky
+ coeff -4.5962 of var (x11,x12) in constr e149 is deemed risky
+ coeff -1.53206 of var (x11,x13) in constr e149 is deemed risky
+ coeff 5.86805 of var (x12,x12) in constr e149 is deemed risky
+ coeff 4.5962 of var (x12,x14) in constr e149 is deemed risky
+ coeff 1.53206 of var (x12,x17) in constr e149 is deemed risky
+ coeff -1.53206 of var (x12,x18) in constr e149 is deemed risky
+ coeff 5.86805 of var (x13,x13) in constr e149 is deemed risky
+ coeff 1.53206 of var (x13,x14) in constr e149 is deemed risky
+ coeff -4.5962 of var (x13,x17) in constr e149 is deemed risky
+ coeff 4.5962 of var (x13,x18) in constr e149 is deemed risky
+ coeff 4.0113 of var (x9,x9) in constr e150 is deemed risky
+ coeff 2.10592 of var (x9,x11) in constr e150 is deemed risky
+ coeff -3.57157 of var (x9,x12) in constr e150 is deemed risky
+ coeff 3.75936 of var (x9,x13) in constr e150 is deemed risky
+ coeff -2.10592 of var (x9,x14) in constr e150 is deemed risky
+ coeff 3.40739 of var (x9,x17) in constr e150 is deemed risky
+ coeff -3.40739 of var (x9,x18) in constr e150 is deemed risky
+ coeff 4.0113 of var (x10,x10) in constr e150 is deemed risky
+ coeff -3.40739 of var (x10,x11) in constr e150 is deemed risky
+ coeff -3.75936 of var (x10,x12) in constr e150 is deemed risky
+ coeff -3.57157 of var (x10,x13) in constr e150 is deemed risky
+ coeff 3.40739 of var (x10,x14) in constr e150 is deemed risky
+ coeff 2.10592 of var (x10,x17) in constr e150 is deemed risky
+ coeff -2.10592 of var (x10,x18) in constr e150 is deemed risky
+ coeff 0.659161 of var (x11,x12) in constr e150 is deemed risky
+ coeff 2.50376 of var (x11,x13) in constr e150 is deemed risky
+ coeff 1.67582 of var (x12,x12) in constr e150 is deemed risky
+ coeff -0.659161 of var (x12,x14) in constr e150 is deemed risky
+ coeff -2.50376 of var (x12,x17) in constr e150 is deemed risky
+ coeff 2.50376 of var (x12,x18) in constr e150 is deemed risky
+ coeff 1.67582 of var (x13,x13) in constr e150 is deemed risky
+ coeff -2.50376 of var (x13,x14) in constr e150 is deemed risky
+ coeff 0.659161 of var (x13,x17) in constr e150 is deemed risky
+ coeff -0.659161 of var (x13,x18) in constr e150 is deemed risky
+ coeff 12.6071 of var (x3,x3) in constr e151 is deemed risky
+ coeff 6.67721 of var (x3,x5) in constr e151 is deemed risky
+ coeff -6.67721 of var (x3,x8) in constr e151 is deemed risky
+ coeff -2.4173 of var (x3,x15) in constr e151 is deemed risky
+ coeff 2.4173 of var (x3,x16) in constr e151 is deemed risky
+ coeff 12.6071 of var (x4,x4) in constr e151 is deemed risky
+ coeff 2.4173 of var (x4,x5) in constr e151 is deemed risky
+ coeff -2.4173 of var (x4,x8) in constr e151 is deemed risky
+ coeff 6.67721 of var (x4,x15) in constr e151 is deemed risky
+ coeff -6.67721 of var (x4,x16) in constr e151 is deemed risky
+ coeff 12.6071 of var (x3,x3) in constr e152 is deemed risky
+ coeff 6.67721 of var (x3,x5) in constr e152 is deemed risky
+ coeff -6.67721 of var (x3,x11) in constr e152 is deemed risky
+ coeff -2.4173 of var (x3,x15) in constr e152 is deemed risky
+ coeff 2.4173 of var (x3,x17) in constr e152 is deemed risky
+ coeff 12.6071 of var (x4,x4) in constr e152 is deemed risky
+ coeff 2.4173 of var (x4,x5) in constr e152 is deemed risky
+ coeff -2.4173 of var (x4,x11) in constr e152 is deemed risky
+ coeff 6.67721 of var (x4,x15) in constr e152 is deemed risky
+ coeff -6.67721 of var (x4,x17) in constr e152 is deemed risky
+ coeff 12.6071 of var (x3,x3) in constr e153 is deemed risky
+ coeff 6.67721 of var (x3,x5) in constr e153 is deemed risky
+ coeff -6.67721 of var (x3,x14) in constr e153 is deemed risky
+ coeff -2.4173 of var (x3,x15) in constr e153 is deemed risky
+ coeff 2.4173 of var (x3,x18) in constr e153 is deemed risky
+ coeff 12.6071 of var (x4,x4) in constr e153 is deemed risky
+ coeff 2.4173 of var (x4,x5) in constr e153 is deemed risky
+ coeff -2.4173 of var (x4,x14) in constr e153 is deemed risky
+ coeff 6.67721 of var (x4,x15) in constr e153 is deemed risky
+ coeff -6.67721 of var (x4,x18) in constr e153 is deemed risky
+ coeff 12.6071 of var (x3,x3) in constr e154 is deemed risky
+ coeff 6.67721 of var (x3,x5) in constr e154 is deemed risky
+ coeff -16.3932 of var (x3,x6) in constr e154 is deemed risky
+ coeff 1.90241 of var (x3,x7) in constr e154 is deemed risky
+ coeff -6.67721 of var (x3,x8) in constr e154 is deemed risky
+ coeff -2.4173 of var (x3,x15) in constr e154 is deemed risky
+ coeff 2.4173 of var (x3,x16) in constr e154 is deemed risky
+ coeff 12.6071 of var (x4,x4) in constr e154 is deemed risky
+ coeff 2.4173 of var (x4,x5) in constr e154 is deemed risky
+ coeff -1.90241 of var (x4,x6) in constr e154 is deemed risky
+ coeff -16.3932 of var (x4,x7) in constr e154 is deemed risky
+ coeff -2.4173 of var (x4,x8) in constr e154 is deemed risky
+ coeff 6.67721 of var (x4,x15) in constr e154 is deemed risky
+ coeff -6.67721 of var (x4,x16) in constr e154 is deemed risky
+ coeff -4.52362 of var (x5,x6) in constr e154 is deemed risky
+ coeff -1.06783 of var (x5,x7) in constr e154 is deemed risky
+ coeff 5.40085 of var (x6,x6) in constr e154 is deemed risky
+ coeff 4.52362 of var (x6,x8) in constr e154 is deemed risky
+ coeff 1.06783 of var (x6,x15) in constr e154 is deemed risky
+ coeff -1.06783 of var (x6,x16) in constr e154 is deemed risky
+ coeff 5.40085 of var (x7,x7) in constr e154 is deemed risky
+ coeff 1.06783 of var (x7,x8) in constr e154 is deemed risky
+ coeff -4.52362 of var (x7,x15) in constr e154 is deemed risky
+ coeff 4.52362 of var (x7,x16) in constr e154 is deemed risky
+ coeff 12.6071 of var (x3,x3) in constr e155 is deemed risky
+ coeff 6.67721 of var (x3,x5) in constr e155 is deemed risky
+ coeff 12.875 of var (x3,x9) in constr e155 is deemed risky
+ coeff -10.2423 of var (x3,x10) in constr e155 is deemed risky
+ coeff -6.67721 of var (x3,x11) in constr e155 is deemed risky
+ coeff -2.4173 of var (x3,x15) in constr e155 is deemed risky
+ coeff 2.4173 of var (x3,x17) in constr e155 is deemed risky
+ coeff 12.6071 of var (x4,x4) in constr e155 is deemed risky
+ coeff 2.4173 of var (x4,x5) in constr e155 is deemed risky
+ coeff 10.2423 of var (x4,x9) in constr e155 is deemed risky
+ coeff 12.875 of var (x4,x10) in constr e155 is deemed risky
+ coeff -2.4173 of var (x4,x11) in constr e155 is deemed risky
+ coeff 6.67721 of var (x4,x15) in constr e155 is deemed risky
+ coeff -6.67721 of var (x4,x17) in constr e155 is deemed risky
+ coeff 4.39148 of var (x5,x9) in constr e155 is deemed risky
+ coeff -1.47803 of var (x5,x10) in constr e155 is deemed risky
+ coeff 5.36741 of var (x9,x9) in constr e155 is deemed risky
+ coeff -4.39148 of var (x9,x11) in constr e155 is deemed risky
+ coeff 1.47803 of var (x9,x15) in constr e155 is deemed risky
+ coeff -1.47803 of var (x9,x17) in constr e155 is deemed risky
+ coeff 5.36741 of var (x10,x10) in constr e155 is deemed risky
+ coeff 1.47803 of var (x10,x11) in constr e155 is deemed risky
+ coeff 4.39148 of var (x10,x15) in constr e155 is deemed risky
+ coeff -4.39148 of var (x10,x17) in constr e155 is deemed risky
+ coeff 12.6071 of var (x3,x3) in constr e156 is deemed risky
+ coeff 6.67721 of var (x3,x5) in constr e156 is deemed risky
+ coeff -11.3177 of var (x3,x12) in constr e156 is deemed risky
+ coeff 0.289835 of var (x3,x13) in constr e156 is deemed risky
+ coeff -6.67721 of var (x3,x14) in constr e156 is deemed risky
+ coeff -2.4173 of var (x3,x15) in constr e156 is deemed risky
+ coeff 2.4173 of var (x3,x18) in constr e156 is deemed risky
+ coeff 12.6071 of var (x4,x4) in constr e156 is deemed risky
+ coeff 2.4173 of var (x4,x5) in constr e156 is deemed risky
+ coeff -0.289835 of var (x4,x12) in constr e156 is deemed risky
+ coeff -11.3177 of var (x4,x13) in constr e156 is deemed risky
+ coeff -2.4173 of var (x4,x14) in constr e156 is deemed risky
+ coeff 6.67721 of var (x4,x15) in constr e156 is deemed risky
+ coeff -6.67721 of var (x4,x18) in constr e156 is deemed risky
+ coeff -3.02493 of var (x5,x12) in constr e156 is deemed risky
+ coeff -1.00828 of var (x5,x13) in constr e156 is deemed risky
+ coeff 2.54171 of var (x12,x12) in constr e156 is deemed risky
+ coeff 3.02493 of var (x12,x14) in constr e156 is deemed risky
+ coeff 1.00828 of var (x12,x15) in constr e156 is deemed risky
+ coeff -1.00828 of var (x12,x18) in constr e156 is deemed risky
+ coeff 2.54171 of var (x13,x13) in constr e156 is deemed risky
+ coeff 1.00828 of var (x13,x14) in constr e156 is deemed risky
+ coeff -3.02493 of var (x13,x15) in constr e156 is deemed risky
+ coeff 3.02493 of var (x13,x18) in constr e156 is deemed risky
+ coeff 12.6071 of var (x3,x3) in constr e157 is deemed risky
+ coeff 6.67721 of var (x3,x5) in constr e157 is deemed risky
+ coeff 11.6318 of var (x3,x6) in constr e157 is deemed risky
+ coeff -9.69269 of var (x3,x7) in constr e157 is deemed risky
+ coeff -6.67721 of var (x3,x8) in constr e157 is deemed risky
+ coeff -2.4173 of var (x3,x15) in constr e157 is deemed risky
+ coeff 2.4173 of var (x3,x16) in constr e157 is deemed risky
+ coeff 12.6071 of var (x4,x4) in constr e157 is deemed risky
+ coeff 2.4173 of var (x4,x5) in constr e157 is deemed risky
+ coeff 9.69269 of var (x4,x6) in constr e157 is deemed risky
+ coeff 11.6318 of var (x4,x7) in constr e157 is deemed risky
+ coeff -2.4173 of var (x4,x8) in constr e157 is deemed risky
+ coeff 6.67721 of var (x4,x15) in constr e157 is deemed risky
+ coeff -6.67721 of var (x4,x16) in constr e157 is deemed risky
+ coeff 4.00955 of var (x5,x6) in constr e157 is deemed risky
+ coeff -1.45167 of var (x5,x7) in constr e157 is deemed risky
+ coeff 4.54596 of var (x6,x6) in constr e157 is deemed risky
+ coeff -4.00955 of var (x6,x8) in constr e157 is deemed risky
+ coeff 1.45167 of var (x6,x15) in constr e157 is deemed risky
+ coeff -1.45167 of var (x6,x16) in constr e157 is deemed risky
+ coeff 4.54596 of var (x7,x7) in constr e157 is deemed risky
+ coeff 1.45167 of var (x7,x8) in constr e157 is deemed risky
+ coeff 4.00955 of var (x7,x15) in constr e157 is deemed risky
+ coeff -4.00955 of var (x7,x16) in constr e157 is deemed risky
+ coeff 12.6071 of var (x3,x3) in constr e158 is deemed risky
+ coeff 6.67721 of var (x3,x5) in constr e158 is deemed risky
+ coeff -2.91249 of var (x3,x9) in constr e158 is deemed risky
+ coeff 13.9212 of var (x3,x10) in constr e158 is deemed risky
+ coeff -6.67721 of var (x3,x11) in constr e158 is deemed risky
+ coeff -2.4173 of var (x3,x15) in constr e158 is deemed risky
+ coeff 2.4173 of var (x3,x17) in constr e158 is deemed risky
+ coeff 12.6071 of var (x4,x4) in constr e158 is deemed risky
+ coeff 2.4173 of var (x4,x5) in constr e158 is deemed risky
+ coeff -13.9212 of var (x4,x9) in constr e158 is deemed risky
+ coeff -2.91249 of var (x4,x10) in constr e158 is deemed risky
+ coeff -2.4173 of var (x4,x11) in constr e158 is deemed risky
+ coeff 6.67721 of var (x4,x15) in constr e158 is deemed risky
+ coeff -6.67721 of var (x4,x17) in constr e158 is deemed risky
+ coeff -2.10592 of var (x5,x9) in constr e158 is deemed risky
+ coeff 3.40739 of var (x5,x10) in constr e158 is deemed risky
+ coeff 4.0113 of var (x9,x9) in constr e158 is deemed risky
+ coeff 2.10592 of var (x9,x11) in constr e158 is deemed risky
+ coeff -3.40739 of var (x9,x15) in constr e158 is deemed risky
+ coeff 3.40739 of var (x9,x17) in constr e158 is deemed risky
+ coeff 4.0113 of var (x10,x10) in constr e158 is deemed risky
+ coeff -3.40739 of var (x10,x11) in constr e158 is deemed risky
+ coeff -2.10592 of var (x10,x15) in constr e158 is deemed risky
+ coeff 2.10592 of var (x10,x17) in constr e158 is deemed risky
+ coeff 12.6071 of var (x3,x3) in constr e159 is deemed risky
+ coeff 6.67721 of var (x3,x5) in constr e159 is deemed risky
+ coeff 5.78325 of var (x3,x12) in constr e159 is deemed risky
+ coeff -7.69909 of var (x3,x13) in constr e159 is deemed risky
+ coeff -6.67721 of var (x3,x14) in constr e159 is deemed risky
+ coeff -2.4173 of var (x3,x15) in constr e159 is deemed risky
+ coeff 2.4173 of var (x3,x18) in constr e159 is deemed risky
+ coeff 12.6071 of var (x4,x4) in constr e159 is deemed risky
+ coeff 2.4173 of var (x4,x5) in constr e159 is deemed risky
+ coeff 7.69909 of var (x4,x12) in constr e159 is deemed risky
+ coeff 5.78325 of var (x4,x13) in constr e159 is deemed risky
+ coeff -2.4173 of var (x4,x14) in constr e159 is deemed risky
+ coeff 6.67721 of var (x4,x15) in constr e159 is deemed risky
+ coeff -6.67721 of var (x4,x18) in constr e159 is deemed risky
+ coeff 2.26963 of var (x5,x12) in constr e159 is deemed risky
+ coeff -1.48442 of var (x5,x13) in constr e159 is deemed risky
+ coeff 1.83868 of var (x12,x12) in constr e159 is deemed risky
+ coeff -2.26963 of var (x12,x14) in constr e159 is deemed risky
+ coeff 1.48442 of var (x12,x15) in constr e159 is deemed risky
+ coeff -1.48442 of var (x12,x18) in constr e159 is deemed risky
+ coeff 1.83868 of var (x13,x13) in constr e159 is deemed risky
+ coeff 1.48442 of var (x13,x14) in constr e159 is deemed risky
+ coeff 2.26963 of var (x13,x15) in constr e159 is deemed risky
+ coeff -2.26963 of var (x13,x18) in constr e159 is deemed risky
+ coeff 12.6071 of var (x3,x3) in constr e160 is deemed risky
+ coeff 6.67721 of var (x3,x5) in constr e160 is deemed risky
+ coeff -26.6615 of var (x3,x6) in constr e160 is deemed risky
+ coeff 3.09384 of var (x3,x7) in constr e160 is deemed risky
+ coeff -6.67721 of var (x3,x8) in constr e160 is deemed risky
+ coeff -2.4173 of var (x3,x15) in constr e160 is deemed risky
+ coeff 2.4173 of var (x3,x16) in constr e160 is deemed risky
+ coeff 12.6071 of var (x4,x4) in constr e160 is deemed risky
+ coeff 2.4173 of var (x4,x5) in constr e160 is deemed risky
+ coeff -3.09384 of var (x4,x6) in constr e160 is deemed risky
+ coeff -26.6615 of var (x4,x7) in constr e160 is deemed risky
+ coeff -2.4173 of var (x4,x8) in constr e160 is deemed risky
+ coeff 6.67721 of var (x4,x15) in constr e160 is deemed risky
+ coeff -6.67721 of var (x4,x16) in constr e160 is deemed risky
+ coeff -7.35708 of var (x5,x6) in constr e160 is deemed risky
+ coeff -1.73674 of var (x5,x7) in constr e160 is deemed risky
+ coeff 14.2857 of var (x6,x6) in constr e160 is deemed risky
+ coeff 7.35708 of var (x6,x8) in constr e160 is deemed risky
+ coeff 1.73674 of var (x6,x15) in constr e160 is deemed risky
+ coeff -1.73674 of var (x6,x16) in constr e160 is deemed risky
+ coeff 14.2857 of var (x7,x7) in constr e160 is deemed risky
+ coeff 1.73674 of var (x7,x8) in constr e160 is deemed risky
+ coeff -7.35708 of var (x7,x15) in constr e160 is deemed risky
+ coeff 7.35708 of var (x7,x16) in constr e160 is deemed risky
+ coeff 12.6071 of var (x3,x3) in constr e161 is deemed risky
+ coeff 6.67721 of var (x3,x5) in constr e161 is deemed risky
+ coeff 9.15271 of var (x3,x9) in constr e161 is deemed risky
+ coeff -5.98576 of var (x3,x10) in constr e161 is deemed risky
+ coeff -6.67721 of var (x3,x11) in constr e161 is deemed risky
+ coeff -2.4173 of var (x3,x15) in constr e161 is deemed risky
+ coeff 2.4173 of var (x3,x17) in constr e161 is deemed risky
+ coeff 12.6071 of var (x4,x4) in constr e161 is deemed risky
+ coeff 2.4173 of var (x4,x5) in constr e161 is deemed risky
+ coeff 5.98576 of var (x4,x9) in constr e161 is deemed risky
+ coeff 9.15271 of var (x4,x10) in constr e161 is deemed risky
+ coeff -2.4173 of var (x4,x11) in constr e161 is deemed risky
+ coeff 6.67721 of var (x4,x15) in constr e161 is deemed risky
+ coeff -6.67721 of var (x4,x17) in constr e161 is deemed risky
+ coeff 2.99767 of var (x5,x9) in constr e161 is deemed risky
+ coeff -0.70767 of var (x5,x10) in constr e161 is deemed risky
+ coeff 2.3717 of var (x9,x9) in constr e161 is deemed risky
+ coeff -2.99767 of var (x9,x11) in constr e161 is deemed risky
+ coeff 0.70767 of var (x9,x15) in constr e161 is deemed risky
+ coeff -0.70767 of var (x9,x17) in constr e161 is deemed risky
+ coeff 2.3717 of var (x10,x10) in constr e161 is deemed risky
+ coeff 0.70767 of var (x10,x11) in constr e161 is deemed risky
+ coeff 2.99767 of var (x10,x15) in constr e161 is deemed risky
+ coeff -2.99767 of var (x10,x17) in constr e161 is deemed risky
+ coeff 12.6071 of var (x3,x3) in constr e162 is deemed risky
+ coeff 6.67721 of var (x3,x5) in constr e162 is deemed risky
+ coeff -17.1966 of var (x3,x12) in constr e162 is deemed risky
+ coeff 0.440254 of var (x3,x13) in constr e162 is deemed risky
+ coeff -6.67721 of var (x3,x14) in constr e162 is deemed risky
+ coeff -2.4173 of var (x3,x15) in constr e162 is deemed risky
+ coeff 2.4173 of var (x3,x18) in constr e162 is deemed risky
+ coeff 12.6071 of var (x4,x4) in constr e162 is deemed risky
+ coeff 2.4173 of var (x4,x5) in constr e162 is deemed risky
+ coeff -0.440254 of var (x4,x12) in constr e162 is deemed risky
+ coeff -17.1966 of var (x4,x13) in constr e162 is deemed risky
+ coeff -2.4173 of var (x4,x14) in constr e162 is deemed risky
+ coeff 6.67721 of var (x4,x15) in constr e162 is deemed risky
+ coeff -6.67721 of var (x4,x18) in constr e162 is deemed risky
+ coeff -4.5962 of var (x5,x12) in constr e162 is deemed risky
+ coeff -1.53206 of var (x5,x13) in constr e162 is deemed risky
+ coeff 5.86805 of var (x12,x12) in constr e162 is deemed risky
+ coeff 4.5962 of var (x12,x14) in constr e162 is deemed risky
+ coeff 1.53206 of var (x12,x15) in constr e162 is deemed risky
+ coeff -1.53206 of var (x12,x18) in constr e162 is deemed risky
+ coeff 5.86805 of var (x13,x13) in constr e162 is deemed risky
+ coeff 1.53206 of var (x13,x14) in constr e162 is deemed risky
+ coeff -4.5962 of var (x13,x15) in constr e162 is deemed risky
+ coeff 4.5962 of var (x13,x18) in constr e162 is deemed risky
+ coeff 12.6071 of var (x3,x3) in constr e163 is deemed risky
+ coeff 6.67721 of var (x3,x5) in constr e163 is deemed risky
+ coeff -33.0928 of var (x3,x6) in constr e163 is deemed risky
+ coeff 3.84023 of var (x3,x7) in constr e163 is deemed risky
+ coeff -6.67721 of var (x3,x8) in constr e163 is deemed risky
+ coeff -2.4173 of var (x3,x15) in constr e163 is deemed risky
+ coeff 2.4173 of var (x3,x16) in constr e163 is deemed risky
+ coeff 12.6071 of var (x4,x4) in constr e163 is deemed risky
+ coeff 2.4173 of var (x4,x5) in constr e163 is deemed risky
+ coeff -3.84023 of var (x4,x6) in constr e163 is deemed risky
+ coeff -33.0928 of var (x4,x7) in constr e163 is deemed risky
+ coeff -2.4173 of var (x4,x8) in constr e163 is deemed risky
+ coeff 6.67721 of var (x4,x15) in constr e163 is deemed risky
+ coeff -6.67721 of var (x4,x16) in constr e163 is deemed risky
+ coeff -9.13177 of var (x5,x6) in constr e163 is deemed risky
+ coeff -2.15565 of var (x5,x7) in constr e163 is deemed risky
+ coeff 22.009 of var (x6,x6) in constr e163 is deemed risky
+ coeff 9.13177 of var (x6,x8) in constr e163 is deemed risky
+ coeff 2.15565 of var (x6,x15) in constr e163 is deemed risky
+ coeff -2.15565 of var (x6,x16) in constr e163 is deemed risky
+ coeff 22.009 of var (x7,x7) in constr e163 is deemed risky
+ coeff 2.15565 of var (x7,x8) in constr e163 is deemed risky
+ coeff -9.13177 of var (x7,x15) in constr e163 is deemed risky
+ coeff 9.13177 of var (x7,x16) in constr e163 is deemed risky
+ coeff 12.6071 of var (x3,x3) in constr e164 is deemed risky
+ coeff 6.67721 of var (x3,x5) in constr e164 is deemed risky
+ coeff -11.5111 of var (x3,x9) in constr e164 is deemed risky
+ coeff -5.39205 of var (x3,x10) in constr e164 is deemed risky
+ coeff -6.67721 of var (x3,x11) in constr e164 is deemed risky
+ coeff -2.4173 of var (x3,x15) in constr e164 is deemed risky
+ coeff 2.4173 of var (x3,x17) in constr e164 is deemed risky
+ coeff 12.6071 of var (x4,x4) in constr e164 is deemed risky
+ coeff 2.4173 of var (x4,x5) in constr e164 is deemed risky
+ coeff 5.39205 of var (x4,x9) in constr e164 is deemed risky
+ coeff -11.5111 of var (x4,x10) in constr e164 is deemed risky
+ coeff -2.4173 of var (x4,x11) in constr e164 is deemed risky
+ coeff 6.67721 of var (x4,x15) in constr e164 is deemed risky
+ coeff -6.67721 of var (x4,x17) in constr e164 is deemed risky
+ coeff -2.53143 of var (x5,x9) in constr e164 is deemed risky
+ coeff -2.53149 of var (x5,x10) in constr e164 is deemed risky
+ coeff 3.20415 of var (x9,x9) in constr e164 is deemed risky
+ coeff 2.53143 of var (x9,x11) in constr e164 is deemed risky
+ coeff 2.53149 of var (x9,x15) in constr e164 is deemed risky
+ coeff -2.53149 of var (x9,x17) in constr e164 is deemed risky
+ coeff 3.20415 of var (x10,x10) in constr e164 is deemed risky
+ coeff 2.53149 of var (x10,x11) in constr e164 is deemed risky
+ coeff -2.53143 of var (x10,x15) in constr e164 is deemed risky
+ coeff 2.53143 of var (x10,x17) in constr e164 is deemed risky
+ coeff 12.6071 of var (x3,x3) in constr e165 is deemed risky
+ coeff 6.67721 of var (x3,x5) in constr e165 is deemed risky
+ coeff 5.22684 of var (x3,x12) in constr e165 is deemed risky
+ coeff 7.56237 of var (x3,x13) in constr e165 is deemed risky
+ coeff -6.67721 of var (x3,x14) in constr e165 is deemed risky
+ coeff -2.4173 of var (x3,x15) in constr e165 is deemed risky
+ coeff 2.4173 of var (x3,x18) in constr e165 is deemed risky
+ coeff 12.6071 of var (x4,x4) in constr e165 is deemed risky
+ coeff 2.4173 of var (x4,x5) in constr e165 is deemed risky
+ coeff -7.56237 of var (x4,x12) in constr e165 is deemed risky
+ coeff 5.22684 of var (x4,x13) in constr e165 is deemed risky
+ coeff -2.4173 of var (x4,x14) in constr e165 is deemed risky
+ coeff 6.67721 of var (x4,x15) in constr e165 is deemed risky
+ coeff -6.67721 of var (x4,x18) in constr e165 is deemed risky
+ coeff 0.659161 of var (x5,x12) in constr e165 is deemed risky
+ coeff 2.50376 of var (x5,x13) in constr e165 is deemed risky
+ coeff 1.67582 of var (x12,x12) in constr e165 is deemed risky
+ coeff -0.659161 of var (x12,x14) in constr e165 is deemed risky
+ coeff -2.50376 of var (x12,x15) in constr e165 is deemed risky
+ coeff 2.50376 of var (x12,x18) in constr e165 is deemed risky
+ coeff 1.67582 of var (x13,x13) in constr e165 is deemed risky
+ coeff -2.50376 of var (x13,x14) in constr e165 is deemed risky
+ coeff 0.659161 of var (x13,x15) in constr e165 is deemed risky
+ coeff -0.659161 of var (x13,x18) in constr e165 is deemed risky
+ coeff 14.2857 of var (x6,x6) in constr e166 is deemed risky
+ coeff 7.35708 of var (x6,x8) in constr e166 is deemed risky
+ coeff -7.35708 of var (x6,x11) in constr e166 is deemed risky
+ coeff -1.73674 of var (x6,x16) in constr e166 is deemed risky
+ coeff 1.73674 of var (x6,x17) in constr e166 is deemed risky
+ coeff 14.2857 of var (x7,x7) in constr e166 is deemed risky
+ coeff 1.73674 of var (x7,x8) in constr e166 is deemed risky
+ coeff -1.73674 of var (x7,x11) in constr e166 is deemed risky
+ coeff 7.35708 of var (x7,x16) in constr e166 is deemed risky
+ coeff -7.35708 of var (x7,x17) in constr e166 is deemed risky
+ coeff 14.2857 of var (x6,x6) in constr e167 is deemed risky
+ coeff 7.35708 of var (x6,x8) in constr e167 is deemed risky
+ coeff -7.35708 of var (x6,x14) in constr e167 is deemed risky
+ coeff -1.73674 of var (x6,x16) in constr e167 is deemed risky
+ coeff 1.73674 of var (x6,x18) in constr e167 is deemed risky
+ coeff 14.2857 of var (x7,x7) in constr e167 is deemed risky
+ coeff 1.73674 of var (x7,x8) in constr e167 is deemed risky
+ coeff -1.73674 of var (x7,x14) in constr e167 is deemed risky
+ coeff 7.35708 of var (x7,x16) in constr e167 is deemed risky
+ coeff -7.35708 of var (x7,x18) in constr e167 is deemed risky
+ coeff 14.2857 of var (x6,x6) in constr e168 is deemed risky
+ coeff 7.35708 of var (x6,x8) in constr e168 is deemed risky
+ coeff 14.8708 of var (x6,x9) in constr e168 is deemed risky
+ coeff -9.2504 of var (x6,x10) in constr e168 is deemed risky
+ coeff -7.35708 of var (x6,x11) in constr e168 is deemed risky
+ coeff -1.73674 of var (x6,x16) in constr e168 is deemed risky
+ coeff 1.73674 of var (x6,x17) in constr e168 is deemed risky
+ coeff 14.2857 of var (x7,x7) in constr e168 is deemed risky
+ coeff 1.73674 of var (x7,x8) in constr e168 is deemed risky
+ coeff 9.2504 of var (x7,x9) in constr e168 is deemed risky
+ coeff 14.8708 of var (x7,x10) in constr e168 is deemed risky
+ coeff -1.73674 of var (x7,x11) in constr e168 is deemed risky
+ coeff 7.35708 of var (x7,x16) in constr e168 is deemed risky
+ coeff -7.35708 of var (x7,x17) in constr e168 is deemed risky
+ coeff 4.39148 of var (x8,x9) in constr e168 is deemed risky
+ coeff -1.47803 of var (x8,x10) in constr e168 is deemed risky
+ coeff 5.36741 of var (x9,x9) in constr e168 is deemed risky
+ coeff -4.39148 of var (x9,x11) in constr e168 is deemed risky
+ coeff 1.47803 of var (x9,x16) in constr e168 is deemed risky
+ coeff -1.47803 of var (x9,x17) in constr e168 is deemed risky
+ coeff 5.36741 of var (x10,x10) in constr e168 is deemed risky
+ coeff 1.47803 of var (x10,x11) in constr e168 is deemed risky
+ coeff 4.39148 of var (x10,x16) in constr e168 is deemed risky
+ coeff -4.39148 of var (x10,x17) in constr e168 is deemed risky
+ coeff 14.2857 of var (x6,x6) in constr e169 is deemed risky
+ coeff 7.35708 of var (x6,x8) in constr e169 is deemed risky
+ coeff -12.0029 of var (x6,x12) in constr e169 is deemed risky
+ coeff -1.08224 of var (x6,x13) in constr e169 is deemed risky
+ coeff -7.35708 of var (x6,x14) in constr e169 is deemed risky
+ coeff -1.73674 of var (x6,x16) in constr e169 is deemed risky
+ coeff 1.73674 of var (x6,x18) in constr e169 is deemed risky
+ coeff 14.2857 of var (x7,x7) in constr e169 is deemed risky
+ coeff 1.73674 of var (x7,x8) in constr e169 is deemed risky
+ coeff 1.08224 of var (x7,x12) in constr e169 is deemed risky
+ coeff -12.0029 of var (x7,x13) in constr e169 is deemed risky
+ coeff -1.73674 of var (x7,x14) in constr e169 is deemed risky
+ coeff 7.35708 of var (x7,x16) in constr e169 is deemed risky
+ coeff -7.35708 of var (x7,x18) in constr e169 is deemed risky
+ coeff -3.02493 of var (x8,x12) in constr e169 is deemed risky
+ coeff -1.00828 of var (x8,x13) in constr e169 is deemed risky
+ coeff 2.54171 of var (x12,x12) in constr e169 is deemed risky
+ coeff 3.02493 of var (x12,x14) in constr e169 is deemed risky
+ coeff 1.00828 of var (x12,x16) in constr e169 is deemed risky
+ coeff -1.00828 of var (x12,x18) in constr e169 is deemed risky
+ coeff 2.54171 of var (x13,x13) in constr e169 is deemed risky
+ coeff 1.00828 of var (x13,x14) in constr e169 is deemed risky
+ coeff -3.02493 of var (x13,x16) in constr e169 is deemed risky
+ coeff 3.02493 of var (x13,x18) in constr e169 is deemed risky
+ coeff 14.2857 of var (x6,x6) in constr e170 is deemed risky
+ coeff 7.35708 of var (x6,x8) in constr e170 is deemed risky
+ coeff -4.78782 of var (x6,x9) in constr e170 is deemed risky
+ coeff 14.3629 of var (x6,x10) in constr e170 is deemed risky
+ coeff -7.35708 of var (x6,x11) in constr e170 is deemed risky
+ coeff -1.73674 of var (x6,x16) in constr e170 is deemed risky
+ coeff 1.73674 of var (x6,x17) in constr e170 is deemed risky
+ coeff 14.2857 of var (x7,x7) in constr e170 is deemed risky
+ coeff 1.73674 of var (x7,x8) in constr e170 is deemed risky
+ coeff -14.3629 of var (x7,x9) in constr e170 is deemed risky
+ coeff -4.78782 of var (x7,x10) in constr e170 is deemed risky
+ coeff -1.73674 of var (x7,x11) in constr e170 is deemed risky
+ coeff 7.35708 of var (x7,x16) in constr e170 is deemed risky
+ coeff -7.35708 of var (x7,x17) in constr e170 is deemed risky
+ coeff -2.10592 of var (x8,x9) in constr e170 is deemed risky
+ coeff 3.40739 of var (x8,x10) in constr e170 is deemed risky
+ coeff 4.0113 of var (x9,x9) in constr e170 is deemed risky
+ coeff 2.10592 of var (x9,x11) in constr e170 is deemed risky
+ coeff -3.40739 of var (x9,x16) in constr e170 is deemed risky
+ coeff 3.40739 of var (x9,x17) in constr e170 is deemed risky
+ coeff 4.0113 of var (x10,x10) in constr e170 is deemed risky
+ coeff -3.40739 of var (x10,x11) in constr e170 is deemed risky
+ coeff -2.10592 of var (x10,x16) in constr e170 is deemed risky
+ coeff 2.10592 of var (x10,x17) in constr e170 is deemed risky
+ coeff 14.2857 of var (x6,x6) in constr e171 is deemed risky
+ coeff 7.35708 of var (x6,x8) in constr e171 is deemed risky
+ coeff 7.05988 of var (x6,x12) in constr e171 is deemed risky
+ coeff -7.43139 of var (x6,x13) in constr e171 is deemed risky
+ coeff -7.35708 of var (x6,x14) in constr e171 is deemed risky
+ coeff -1.73674 of var (x6,x16) in constr e171 is deemed risky
+ coeff 1.73674 of var (x6,x18) in constr e171 is deemed risky
+ coeff 14.2857 of var (x7,x7) in constr e171 is deemed risky
+ coeff 1.73674 of var (x7,x8) in constr e171 is deemed risky
+ coeff 7.43139 of var (x7,x12) in constr e171 is deemed risky
+ coeff 7.05988 of var (x7,x13) in constr e171 is deemed risky
+ coeff -1.73674 of var (x7,x14) in constr e171 is deemed risky
+ coeff 7.35708 of var (x7,x16) in constr e171 is deemed risky
+ coeff -7.35708 of var (x7,x18) in constr e171 is deemed risky
+ coeff 2.26963 of var (x8,x12) in constr e171 is deemed risky
+ coeff -1.48442 of var (x8,x13) in constr e171 is deemed risky
+ coeff 1.83868 of var (x12,x12) in constr e171 is deemed risky
+ coeff -2.26963 of var (x12,x14) in constr e171 is deemed risky
+ coeff 1.48442 of var (x12,x16) in constr e171 is deemed risky
+ coeff -1.48442 of var (x12,x18) in constr e171 is deemed risky
+ coeff 1.83868 of var (x13,x13) in constr e171 is deemed risky
+ coeff 1.48442 of var (x13,x14) in constr e171 is deemed risky
+ coeff 2.26963 of var (x13,x16) in constr e171 is deemed risky
+ coeff -2.26963 of var (x13,x18) in constr e171 is deemed risky
+ coeff 14.2857 of var (x6,x6) in constr e172 is deemed risky
+ coeff 7.35708 of var (x6,x8) in constr e172 is deemed risky
+ coeff 10.4125 of var (x6,x9) in constr e172 is deemed risky
+ coeff -5.20627 of var (x6,x10) in constr e172 is deemed risky
+ coeff -7.35708 of var (x6,x11) in constr e172 is deemed risky
+ coeff -1.73674 of var (x6,x16) in constr e172 is deemed risky
+ coeff 1.73674 of var (x6,x17) in constr e172 is deemed risky
+ coeff 14.2857 of var (x7,x7) in constr e172 is deemed risky
+ coeff 1.73674 of var (x7,x8) in constr e172 is deemed risky
+ coeff 5.20627 of var (x7,x9) in constr e172 is deemed risky
+ coeff 10.4125 of var (x7,x10) in constr e172 is deemed risky
+ coeff -1.73674 of var (x7,x11) in constr e172 is deemed risky
+ coeff 7.35708 of var (x7,x16) in constr e172 is deemed risky
+ coeff -7.35708 of var (x7,x17) in constr e172 is deemed risky
+ coeff 2.99767 of var (x8,x9) in constr e172 is deemed risky
+ coeff -0.70767 of var (x8,x10) in constr e172 is deemed risky
+ coeff 2.3717 of var (x9,x9) in constr e172 is deemed risky
+ coeff -2.99767 of var (x9,x11) in constr e172 is deemed risky
+ coeff 0.70767 of var (x9,x16) in constr e172 is deemed risky
+ coeff -0.70767 of var (x9,x17) in constr e172 is deemed risky
+ coeff 2.3717 of var (x10,x10) in constr e172 is deemed risky
+ coeff 0.70767 of var (x10,x11) in constr e172 is deemed risky
+ coeff 2.99767 of var (x10,x16) in constr e172 is deemed risky
+ coeff -2.99767 of var (x10,x17) in constr e172 is deemed risky
+ coeff 14.2857 of var (x6,x6) in constr e173 is deemed risky
+ coeff 7.35708 of var (x6,x8) in constr e173 is deemed risky
+ coeff -18.2377 of var (x6,x12) in constr e173 is deemed risky
+ coeff -1.64454 of var (x6,x13) in constr e173 is deemed risky
+ coeff -7.35708 of var (x6,x14) in constr e173 is deemed risky
+ coeff -1.73674 of var (x6,x16) in constr e173 is deemed risky
+ coeff 1.73674 of var (x6,x18) in constr e173 is deemed risky
+ coeff 14.2857 of var (x7,x7) in constr e173 is deemed risky
+ coeff 1.73674 of var (x7,x8) in constr e173 is deemed risky
+ coeff 1.64454 of var (x7,x12) in constr e173 is deemed risky
+ coeff -18.2377 of var (x7,x13) in constr e173 is deemed risky
+ coeff -1.73674 of var (x7,x14) in constr e173 is deemed risky
+ coeff 7.35708 of var (x7,x16) in constr e173 is deemed risky
+ coeff -7.35708 of var (x7,x18) in constr e173 is deemed risky
+ coeff -4.5962 of var (x8,x12) in constr e173 is deemed risky
+ coeff -1.53206 of var (x8,x13) in constr e173 is deemed risky
+ coeff 5.86805 of var (x12,x12) in constr e173 is deemed risky
+ coeff 4.5962 of var (x12,x14) in constr e173 is deemed risky
+ coeff 1.53206 of var (x12,x16) in constr e173 is deemed risky
+ coeff -1.53206 of var (x12,x18) in constr e173 is deemed risky
+ coeff 5.86805 of var (x13,x13) in constr e173 is deemed risky
+ coeff 1.53206 of var (x13,x14) in constr e173 is deemed risky
+ coeff -4.5962 of var (x13,x16) in constr e173 is deemed risky
+ coeff 4.5962 of var (x13,x18) in constr e173 is deemed risky
+ coeff 14.2857 of var (x6,x6) in constr e174 is deemed risky
+ coeff 7.35708 of var (x6,x8) in constr e174 is deemed risky
+ coeff -11.5102 of var (x6,x9) in constr e174 is deemed risky
+ coeff -7.11398 of var (x6,x10) in constr e174 is deemed risky
+ coeff -7.35708 of var (x6,x11) in constr e174 is deemed risky
+ coeff -1.73674 of var (x6,x16) in constr e174 is deemed risky
+ coeff 1.73674 of var (x6,x17) in constr e174 is deemed risky
+ coeff 14.2857 of var (x7,x7) in constr e174 is deemed risky
+ coeff 1.73674 of var (x7,x8) in constr e174 is deemed risky
+ coeff 7.11398 of var (x7,x9) in constr e174 is deemed risky
+ coeff -11.5102 of var (x7,x10) in constr e174 is deemed risky
+ coeff -1.73674 of var (x7,x11) in constr e174 is deemed risky
+ coeff 7.35708 of var (x7,x16) in constr e174 is deemed risky
+ coeff -7.35708 of var (x7,x17) in constr e174 is deemed risky
+ coeff -2.53143 of var (x8,x9) in constr e174 is deemed risky
+ coeff -2.53149 of var (x8,x10) in constr e174 is deemed risky
+ coeff 3.20415 of var (x9,x9) in constr e174 is deemed risky
+ coeff 2.53143 of var (x9,x11) in constr e174 is deemed risky
+ coeff 2.53149 of var (x9,x16) in constr e174 is deemed risky
+ coeff -2.53149 of var (x9,x17) in constr e174 is deemed risky
+ coeff 3.20415 of var (x10,x10) in constr e174 is deemed risky
+ coeff 2.53149 of var (x10,x11) in constr e174 is deemed risky
+ coeff -2.53143 of var (x10,x16) in constr e174 is deemed risky
+ coeff 2.53143 of var (x10,x17) in constr e174 is deemed risky
+ coeff 14.2857 of var (x6,x6) in constr e175 is deemed risky
+ coeff 7.35708 of var (x6,x8) in constr e175 is deemed risky
+ coeff 4.59893 of var (x6,x12) in constr e175 is deemed risky
+ coeff 8.63777 of var (x6,x13) in constr e175 is deemed risky
+ coeff -7.35708 of var (x6,x14) in constr e175 is deemed risky
+ coeff -1.73674 of var (x6,x16) in constr e175 is deemed risky
+ coeff 1.73674 of var (x6,x18) in constr e175 is deemed risky
+ coeff 14.2857 of var (x7,x7) in constr e175 is deemed risky
+ coeff 1.73674 of var (x7,x8) in constr e175 is deemed risky
+ coeff -8.63777 of var (x7,x12) in constr e175 is deemed risky
+ coeff 4.59893 of var (x7,x13) in constr e175 is deemed risky
+ coeff -1.73674 of var (x7,x14) in constr e175 is deemed risky
+ coeff 7.35708 of var (x7,x16) in constr e175 is deemed risky
+ coeff -7.35708 of var (x7,x18) in constr e175 is deemed risky
+ coeff 0.659161 of var (x8,x12) in constr e175 is deemed risky
+ coeff 2.50376 of var (x8,x13) in constr e175 is deemed risky
+ coeff 1.67582 of var (x12,x12) in constr e175 is deemed risky
+ coeff -0.659161 of var (x12,x14) in constr e175 is deemed risky
+ coeff -2.50376 of var (x12,x16) in constr e175 is deemed risky
+ coeff 2.50376 of var (x12,x18) in constr e175 is deemed risky
+ coeff 1.67582 of var (x13,x13) in constr e175 is deemed risky
+ coeff -2.50376 of var (x13,x14) in constr e175 is deemed risky
+ coeff 0.659161 of var (x13,x16) in constr e175 is deemed risky
+ coeff -0.659161 of var (x13,x18) in constr e175 is deemed risky
+ coeff 2.3717 of var (x9,x9) in constr e176 is deemed risky
+ coeff -2.99767 of var (x9,x11) in constr e176 is deemed risky
+ coeff 2.99767 of var (x9,x14) in constr e176 is deemed risky
+ coeff -0.70767 of var (x9,x17) in constr e176 is deemed risky
+ coeff 0.70767 of var (x9,x18) in constr e176 is deemed risky
+ coeff 2.3717 of var (x10,x10) in constr e176 is deemed risky
+ coeff 0.70767 of var (x10,x11) in constr e176 is deemed risky
+ coeff -0.70767 of var (x10,x14) in constr e176 is deemed risky
+ coeff -2.99767 of var (x10,x17) in constr e176 is deemed risky
+ coeff 2.99767 of var (x10,x18) in constr e176 is deemed risky
+ coeff 2.3717 of var (x9,x9) in constr e177 is deemed risky
+ coeff -2.99767 of var (x9,x11) in constr e177 is deemed risky
+ coeff 4.1771 of var (x9,x12) in constr e177 is deemed risky
+ coeff 2.58157 of var (x9,x13) in constr e177 is deemed risky
+ coeff 2.99767 of var (x9,x14) in constr e177 is deemed risky
+ coeff -0.70767 of var (x9,x17) in constr e177 is deemed risky
+ coeff 0.70767 of var (x9,x18) in constr e177 is deemed risky
+ coeff 2.3717 of var (x10,x10) in constr e177 is deemed risky
+ coeff 0.70767 of var (x10,x11) in constr e177 is deemed risky
+ coeff -2.58157 of var (x10,x12) in constr e177 is deemed risky
+ coeff 4.1771 of var (x10,x13) in constr e177 is deemed risky
+ coeff -0.70767 of var (x10,x14) in constr e177 is deemed risky
+ coeff -2.99767 of var (x10,x17) in constr e177 is deemed risky
+ coeff 2.99767 of var (x10,x18) in constr e177 is deemed risky
+ coeff -3.02493 of var (x11,x12) in constr e177 is deemed risky
+ coeff -1.00828 of var (x11,x13) in constr e177 is deemed risky
+ coeff 2.54171 of var (x12,x12) in constr e177 is deemed risky
+ coeff 3.02493 of var (x12,x14) in constr e177 is deemed risky
+ coeff 1.00828 of var (x12,x17) in constr e177 is deemed risky
+ coeff -1.00828 of var (x12,x18) in constr e177 is deemed risky
+ coeff 2.54171 of var (x13,x13) in constr e177 is deemed risky
+ coeff 1.00828 of var (x13,x14) in constr e177 is deemed risky
+ coeff -3.02493 of var (x13,x17) in constr e177 is deemed risky
+ coeff 3.02493 of var (x13,x18) in constr e177 is deemed risky
+ coeff 2.3717 of var (x9,x9) in constr e178 is deemed risky
+ coeff -2.99767 of var (x9,x11) in constr e178 is deemed risky
+ coeff -3.92703 of var (x9,x12) in constr e178 is deemed risky
+ coeff 1.42183 of var (x9,x13) in constr e178 is deemed risky
+ coeff 2.99767 of var (x9,x14) in constr e178 is deemed risky
+ coeff -0.70767 of var (x9,x17) in constr e178 is deemed risky
+ coeff 0.70767 of var (x9,x18) in constr e178 is deemed risky
+ coeff 2.3717 of var (x10,x10) in constr e178 is deemed risky
+ coeff 0.70767 of var (x10,x11) in constr e178 is deemed risky
+ coeff -1.42183 of var (x10,x12) in constr e178 is deemed risky
+ coeff -3.92703 of var (x10,x13) in constr e178 is deemed risky
+ coeff -0.70767 of var (x10,x14) in constr e178 is deemed risky
+ coeff -2.99767 of var (x10,x17) in constr e178 is deemed risky
+ coeff 2.99767 of var (x10,x18) in constr e178 is deemed risky
+ coeff 2.26963 of var (x11,x12) in constr e178 is deemed risky
+ coeff -1.48442 of var (x11,x13) in constr e178 is deemed risky
+ coeff 1.83868 of var (x12,x12) in constr e178 is deemed risky
+ coeff -2.26963 of var (x12,x14) in constr e178 is deemed risky
+ coeff 1.48442 of var (x12,x17) in constr e178 is deemed risky
+ coeff -1.48442 of var (x12,x18) in constr e178 is deemed risky
+ coeff 1.83868 of var (x13,x13) in constr e178 is deemed risky
+ coeff 1.48442 of var (x13,x14) in constr e178 is deemed risky
+ coeff 2.26963 of var (x13,x17) in constr e178 is deemed risky
+ coeff -2.26963 of var (x13,x18) in constr e178 is deemed risky
+ coeff 2.3717 of var (x9,x9) in constr e179 is deemed risky
+ coeff -2.99767 of var (x9,x11) in constr e179 is deemed risky
+ coeff 6.34684 of var (x9,x12) in constr e179 is deemed risky
+ coeff 3.92259 of var (x9,x13) in constr e179 is deemed risky
+ coeff 2.99767 of var (x9,x14) in constr e179 is deemed risky
+ coeff -0.70767 of var (x9,x17) in constr e179 is deemed risky
+ coeff 0.70767 of var (x9,x18) in constr e179 is deemed risky
+ coeff 2.3717 of var (x10,x10) in constr e179 is deemed risky
+ coeff 0.70767 of var (x10,x11) in constr e179 is deemed risky
+ coeff -3.92259 of var (x10,x12) in constr e179 is deemed risky
+ coeff 6.34684 of var (x10,x13) in constr e179 is deemed risky
+ coeff -0.70767 of var (x10,x14) in constr e179 is deemed risky
+ coeff -2.99767 of var (x10,x17) in constr e179 is deemed risky
+ coeff 2.99767 of var (x10,x18) in constr e179 is deemed risky
+ coeff -4.5962 of var (x11,x12) in constr e179 is deemed risky
+ coeff -1.53206 of var (x11,x13) in constr e179 is deemed risky
+ coeff 5.86805 of var (x12,x12) in constr e179 is deemed risky
+ coeff 4.5962 of var (x12,x14) in constr e179 is deemed risky
+ coeff 1.53206 of var (x12,x17) in constr e179 is deemed risky
+ coeff -1.53206 of var (x12,x18) in constr e179 is deemed risky
+ coeff 5.86805 of var (x13,x13) in constr e179 is deemed risky
+ coeff 1.53206 of var (x13,x14) in constr e179 is deemed risky
+ coeff -4.5962 of var (x13,x17) in constr e179 is deemed risky
+ coeff 4.5962 of var (x13,x18) in constr e179 is deemed risky
+ coeff 2.3717 of var (x9,x9) in constr e180 is deemed risky
+ coeff -2.99767 of var (x9,x11) in constr e180 is deemed risky
+ coeff -0.102056 of var (x9,x12) in constr e180 is deemed risky
+ coeff -3.98595 of var (x9,x13) in constr e180 is deemed risky
+ coeff 2.99767 of var (x9,x14) in constr e180 is deemed risky
+ coeff -0.70767 of var (x9,x17) in constr e180 is deemed risky
+ coeff 0.70767 of var (x9,x18) in constr e180 is deemed risky
+ coeff 2.3717 of var (x10,x10) in constr e180 is deemed risky
+ coeff 0.70767 of var (x10,x11) in constr e180 is deemed risky
+ coeff 3.98595 of var (x10,x12) in constr e180 is deemed risky
+ coeff -0.102056 of var (x10,x13) in constr e180 is deemed risky
+ coeff -0.70767 of var (x10,x14) in constr e180 is deemed risky
+ coeff -2.99767 of var (x10,x17) in constr e180 is deemed risky
+ coeff 2.99767 of var (x10,x18) in constr e180 is deemed risky
+ coeff 0.659161 of var (x11,x12) in constr e180 is deemed risky
+ coeff 2.50376 of var (x11,x13) in constr e180 is deemed risky
+ coeff 1.67582 of var (x12,x12) in constr e180 is deemed risky
+ coeff -0.659161 of var (x12,x14) in constr e180 is deemed risky
+ coeff -2.50376 of var (x12,x17) in constr e180 is deemed risky
+ coeff 2.50376 of var (x12,x18) in constr e180 is deemed risky
+ coeff 1.67582 of var (x13,x13) in constr e180 is deemed risky
+ coeff -2.50376 of var (x13,x14) in constr e180 is deemed risky
+ coeff 0.659161 of var (x13,x17) in constr e180 is deemed risky
+ coeff -0.659161 of var (x13,x18) in constr e180 is deemed risky
+ coeff 3.49134 of var (x3,x3) in constr e181 is deemed risky
+ coeff -0.338139 of var (x3,x5) in constr e181 is deemed risky
+ coeff 0.338139 of var (x3,x8) in constr e181 is deemed risky
+ coeff 3.7217 of var (x3,x15) in constr e181 is deemed risky
+ coeff -3.7217 of var (x3,x16) in constr e181 is deemed risky
+ coeff 3.49134 of var (x4,x4) in constr e181 is deemed risky
+ coeff -3.7217 of var (x4,x5) in constr e181 is deemed risky
+ coeff 3.7217 of var (x4,x8) in constr e181 is deemed risky
+ coeff -0.338139 of var (x4,x15) in constr e181 is deemed risky
+ coeff 0.338139 of var (x4,x16) in constr e181 is deemed risky
+ coeff 3.49134 of var (x3,x3) in constr e182 is deemed risky
+ coeff -0.338139 of var (x3,x5) in constr e182 is deemed risky
+ coeff 0.338139 of var (x3,x11) in constr e182 is deemed risky
+ coeff 3.7217 of var (x3,x15) in constr e182 is deemed risky
+ coeff -3.7217 of var (x3,x17) in constr e182 is deemed risky
+ coeff 3.49134 of var (x4,x4) in constr e182 is deemed risky
+ coeff -3.7217 of var (x4,x5) in constr e182 is deemed risky
+ coeff 3.7217 of var (x4,x11) in constr e182 is deemed risky
+ coeff -0.338139 of var (x4,x15) in constr e182 is deemed risky
+ coeff 0.338139 of var (x4,x17) in constr e182 is deemed risky
+ coeff 3.49134 of var (x3,x3) in constr e183 is deemed risky
+ coeff -0.338139 of var (x3,x5) in constr e183 is deemed risky
+ coeff 0.338139 of var (x3,x14) in constr e183 is deemed risky
+ coeff 3.7217 of var (x3,x15) in constr e183 is deemed risky
+ coeff -3.7217 of var (x3,x18) in constr e183 is deemed risky
+ coeff 3.49134 of var (x4,x4) in constr e183 is deemed risky
+ coeff -3.7217 of var (x4,x5) in constr e183 is deemed risky
+ coeff 3.7217 of var (x4,x14) in constr e183 is deemed risky
+ coeff -0.338139 of var (x4,x15) in constr e183 is deemed risky
+ coeff 0.338139 of var (x4,x18) in constr e183 is deemed risky
+ coeff 3.49134 of var (x3,x3) in constr e184 is deemed risky
+ coeff -0.338139 of var (x3,x5) in constr e184 is deemed risky
+ coeff 2.75187 of var (x3,x6) in constr e184 is deemed risky
+ coeff -8.23724 of var (x3,x7) in constr e184 is deemed risky
+ coeff 0.338139 of var (x3,x8) in constr e184 is deemed risky
+ coeff 3.7217 of var (x3,x15) in constr e184 is deemed risky
+ coeff -3.7217 of var (x3,x16) in constr e184 is deemed risky
+ coeff 3.49134 of var (x4,x4) in constr e184 is deemed risky
+ coeff -3.7217 of var (x4,x5) in constr e184 is deemed risky
+ coeff 8.23724 of var (x4,x6) in constr e184 is deemed risky
+ coeff 2.75187 of var (x4,x7) in constr e184 is deemed risky
+ coeff 3.7217 of var (x4,x8) in constr e184 is deemed risky
+ coeff -0.338139 of var (x4,x15) in constr e184 is deemed risky
+ coeff 0.338139 of var (x4,x16) in constr e184 is deemed risky
+ coeff -4.52362 of var (x5,x6) in constr e184 is deemed risky
+ coeff -1.06783 of var (x5,x7) in constr e184 is deemed risky
+ coeff 5.40085 of var (x6,x6) in constr e184 is deemed risky
+ coeff 4.52362 of var (x6,x8) in constr e184 is deemed risky
+ coeff 1.06783 of var (x6,x15) in constr e184 is deemed risky
+ coeff -1.06783 of var (x6,x16) in constr e184 is deemed risky
+ coeff 5.40085 of var (x7,x7) in constr e184 is deemed risky
+ coeff 1.06783 of var (x7,x8) in constr e184 is deemed risky
+ coeff -4.52362 of var (x7,x15) in constr e184 is deemed risky
+ coeff 4.52362 of var (x7,x16) in constr e184 is deemed risky
+ coeff 3.49134 of var (x3,x3) in constr e185 is deemed risky
+ coeff -0.338139 of var (x3,x5) in constr e185 is deemed risky
+ coeff 2.00792 of var (x3,x9) in constr e185 is deemed risky
+ coeff 8.42177 of var (x3,x10) in constr e185 is deemed risky
+ coeff 0.338139 of var (x3,x11) in constr e185 is deemed risky
+ coeff 3.7217 of var (x3,x15) in constr e185 is deemed risky
+ coeff -3.7217 of var (x3,x17) in constr e185 is deemed risky
+ coeff 3.49134 of var (x4,x4) in constr e185 is deemed risky
+ coeff -3.7217 of var (x4,x5) in constr e185 is deemed risky
+ coeff -8.42177 of var (x4,x9) in constr e185 is deemed risky
+ coeff 2.00792 of var (x4,x10) in constr e185 is deemed risky
+ coeff 3.7217 of var (x4,x11) in constr e185 is deemed risky
+ coeff -0.338139 of var (x4,x15) in constr e185 is deemed risky
+ coeff 0.338139 of var (x4,x17) in constr e185 is deemed risky
+ coeff 4.39148 of var (x5,x9) in constr e185 is deemed risky
+ coeff -1.47803 of var (x5,x10) in constr e185 is deemed risky
+ coeff 5.36741 of var (x9,x9) in constr e185 is deemed risky
+ coeff -4.39148 of var (x9,x11) in constr e185 is deemed risky
+ coeff 1.47803 of var (x9,x15) in constr e185 is deemed risky
+ coeff -1.47803 of var (x9,x17) in constr e185 is deemed risky
+ coeff 5.36741 of var (x10,x10) in constr e185 is deemed risky
+ coeff 1.47803 of var (x10,x11) in constr e185 is deemed risky
+ coeff 4.39148 of var (x10,x15) in constr e185 is deemed risky
+ coeff -4.39148 of var (x10,x17) in constr e185 is deemed risky
+ coeff 3.49134 of var (x3,x3) in constr e186 is deemed risky
+ coeff -0.338139 of var (x3,x5) in constr e186 is deemed risky
+ coeff 2.38768 of var (x3,x12) in constr e186 is deemed risky
+ coeff -5.45847 of var (x3,x13) in constr e186 is deemed risky
+ coeff 0.338139 of var (x3,x14) in constr e186 is deemed risky
+ coeff 3.7217 of var (x3,x15) in constr e186 is deemed risky
+ coeff -3.7217 of var (x3,x18) in constr e186 is deemed risky
+ coeff 3.49134 of var (x4,x4) in constr e186 is deemed risky
+ coeff -3.7217 of var (x4,x5) in constr e186 is deemed risky
+ coeff 5.45847 of var (x4,x12) in constr e186 is deemed risky
+ coeff 2.38768 of var (x4,x13) in constr e186 is deemed risky
+ coeff 3.7217 of var (x4,x14) in constr e186 is deemed risky
+ coeff -0.338139 of var (x4,x15) in constr e186 is deemed risky
+ coeff 0.338139 of var (x4,x18) in constr e186 is deemed risky
+ coeff -3.02493 of var (x5,x12) in constr e186 is deemed risky
+ coeff -1.00828 of var (x5,x13) in constr e186 is deemed risky
+ coeff 2.54171 of var (x12,x12) in constr e186 is deemed risky
+ coeff 3.02493 of var (x12,x14) in constr e186 is deemed risky
+ coeff 1.00828 of var (x12,x15) in constr e186 is deemed risky
+ coeff -1.00828 of var (x12,x18) in constr e186 is deemed risky
+ coeff 2.54171 of var (x13,x13) in constr e186 is deemed risky
+ coeff 1.00828 of var (x13,x14) in constr e186 is deemed risky
+ coeff -3.02493 of var (x13,x15) in constr e186 is deemed risky
+ coeff 3.02493 of var (x13,x18) in constr e186 is deemed risky
+ coeff 3.49134 of var (x3,x3) in constr e187 is deemed risky
+ coeff -0.338139 of var (x3,x5) in constr e187 is deemed risky
+ coeff 2.02344 of var (x3,x6) in constr e187 is deemed risky
+ coeff 7.7066 of var (x3,x7) in constr e187 is deemed risky
+ coeff 0.338139 of var (x3,x8) in constr e187 is deemed risky
+ coeff 3.7217 of var (x3,x15) in constr e187 is deemed risky
+ coeff -3.7217 of var (x3,x16) in constr e187 is deemed risky
+ coeff 3.49134 of var (x4,x4) in constr e187 is deemed risky
+ coeff -3.7217 of var (x4,x5) in constr e187 is deemed risky
+ coeff -7.7066 of var (x4,x6) in constr e187 is deemed risky
+ coeff 2.02344 of var (x4,x7) in constr e187 is deemed risky
+ coeff 3.7217 of var (x4,x8) in constr e187 is deemed risky
+ coeff -0.338139 of var (x4,x15) in constr e187 is deemed risky
+ coeff 0.338139 of var (x4,x16) in constr e187 is deemed risky
+ coeff 4.00955 of var (x5,x6) in constr e187 is deemed risky
+ coeff -1.45167 of var (x5,x7) in constr e187 is deemed risky
+ coeff 4.54596 of var (x6,x6) in constr e187 is deemed risky
+ coeff -4.00955 of var (x6,x8) in constr e187 is deemed risky
+ coeff 1.45167 of var (x6,x15) in constr e187 is deemed risky
+ coeff -1.45167 of var (x6,x16) in constr e187 is deemed risky
+ coeff 4.54596 of var (x7,x7) in constr e187 is deemed risky
+ coeff 1.45167 of var (x7,x8) in constr e187 is deemed risky
+ coeff 4.00955 of var (x7,x15) in constr e187 is deemed risky
+ coeff -4.00955 of var (x7,x16) in constr e187 is deemed risky
+ coeff 3.49134 of var (x3,x3) in constr e188 is deemed risky
+ coeff -0.338139 of var (x3,x5) in constr e188 is deemed risky
+ coeff -5.98459 of var (x3,x9) in constr e188 is deemed risky
+ coeff -4.49488 of var (x3,x10) in constr e188 is deemed risky
+ coeff 0.338139 of var (x3,x11) in constr e188 is deemed risky
+ coeff 3.7217 of var (x3,x15) in constr e188 is deemed risky
+ coeff -3.7217 of var (x3,x17) in constr e188 is deemed risky
+ coeff 3.49134 of var (x4,x4) in constr e188 is deemed risky
+ coeff -3.7217 of var (x4,x5) in constr e188 is deemed risky
+ coeff 4.49488 of var (x4,x9) in constr e188 is deemed risky
+ coeff -5.98459 of var (x4,x10) in constr e188 is deemed risky
+ coeff 3.7217 of var (x4,x11) in constr e188 is deemed risky
+ coeff -0.338139 of var (x4,x15) in constr e188 is deemed risky
+ coeff 0.338139 of var (x4,x17) in constr e188 is deemed risky
+ coeff -2.10592 of var (x5,x9) in constr e188 is deemed risky
+ coeff 3.40739 of var (x5,x10) in constr e188 is deemed risky
+ coeff 4.0113 of var (x9,x9) in constr e188 is deemed risky
+ coeff 2.10592 of var (x9,x11) in constr e188 is deemed risky
+ coeff -3.40739 of var (x9,x15) in constr e188 is deemed risky
+ coeff 3.40739 of var (x9,x17) in constr e188 is deemed risky
+ coeff 4.0113 of var (x10,x10) in constr e188 is deemed risky
+ coeff -3.40739 of var (x10,x11) in constr e188 is deemed risky
+ coeff -2.10592 of var (x10,x15) in constr e188 is deemed risky
+ coeff 2.10592 of var (x10,x17) in constr e188 is deemed risky
+ coeff 3.49134 of var (x3,x3) in constr e189 is deemed risky
+ coeff -0.338139 of var (x3,x5) in constr e189 is deemed risky
+ coeff 2.37856 of var (x3,x12) in constr e189 is deemed risky
+ coeff 4.4744 of var (x3,x13) in constr e189 is deemed risky
+ coeff 0.338139 of var (x3,x14) in constr e189 is deemed risky
+ coeff 3.7217 of var (x3,x15) in constr e189 is deemed risky
+ coeff -3.7217 of var (x3,x18) in constr e189 is deemed risky
+ coeff 3.49134 of var (x4,x4) in constr e189 is deemed risky
+ coeff -3.7217 of var (x4,x5) in constr e189 is deemed risky
+ coeff -4.4744 of var (x4,x12) in constr e189 is deemed risky
+ coeff 2.37856 of var (x4,x13) in constr e189 is deemed risky
+ coeff 3.7217 of var (x4,x14) in constr e189 is deemed risky
+ coeff -0.338139 of var (x4,x15) in constr e189 is deemed risky
+ coeff 0.338139 of var (x4,x18) in constr e189 is deemed risky
+ coeff 2.26963 of var (x5,x12) in constr e189 is deemed risky
+ coeff -1.48442 of var (x5,x13) in constr e189 is deemed risky
+ coeff 1.83868 of var (x12,x12) in constr e189 is deemed risky
+ coeff -2.26963 of var (x12,x14) in constr e189 is deemed risky
+ coeff 1.48442 of var (x12,x15) in constr e189 is deemed risky
+ coeff -1.48442 of var (x12,x18) in constr e189 is deemed risky
+ coeff 1.83868 of var (x13,x13) in constr e189 is deemed risky
+ coeff 1.48442 of var (x13,x14) in constr e189 is deemed risky
+ coeff 2.26963 of var (x13,x15) in constr e189 is deemed risky
+ coeff -2.26963 of var (x13,x18) in constr e189 is deemed risky
+ coeff 3.49134 of var (x3,x3) in constr e190 is deemed risky
+ coeff -0.338139 of var (x3,x5) in constr e190 is deemed risky
+ coeff 4.47566 of var (x3,x6) in constr e190 is deemed risky
+ coeff -13.3968 of var (x3,x7) in constr e190 is deemed risky
+ coeff 0.338139 of var (x3,x8) in constr e190 is deemed risky
+ coeff 3.7217 of var (x3,x15) in constr e190 is deemed risky
+ coeff -3.7217 of var (x3,x16) in constr e190 is deemed risky
+ coeff 3.49134 of var (x4,x4) in constr e190 is deemed risky
+ coeff -3.7217 of var (x4,x5) in constr e190 is deemed risky
+ coeff 13.3968 of var (x4,x6) in constr e190 is deemed risky
+ coeff 4.47566 of var (x4,x7) in constr e190 is deemed risky
+ coeff 3.7217 of var (x4,x8) in constr e190 is deemed risky
+ coeff -0.338139 of var (x4,x15) in constr e190 is deemed risky
+ coeff 0.338139 of var (x4,x16) in constr e190 is deemed risky
+ coeff -7.35708 of var (x5,x6) in constr e190 is deemed risky
+ coeff -1.73674 of var (x5,x7) in constr e190 is deemed risky
+ coeff 14.2857 of var (x6,x6) in constr e190 is deemed risky
+ coeff 7.35708 of var (x6,x8) in constr e190 is deemed risky
+ coeff 1.73674 of var (x6,x15) in constr e190 is deemed risky
+ coeff -1.73674 of var (x6,x16) in constr e190 is deemed risky
+ coeff 14.2857 of var (x7,x7) in constr e190 is deemed risky
+ coeff 1.73674 of var (x7,x8) in constr e190 is deemed risky
+ coeff -7.35708 of var (x7,x15) in constr e190 is deemed risky
+ coeff 7.35708 of var (x7,x16) in constr e190 is deemed risky
+ coeff 3.49134 of var (x3,x3) in constr e191 is deemed risky
+ coeff -0.338139 of var (x3,x5) in constr e191 is deemed risky
+ coeff 0.810052 of var (x3,x9) in constr e191 is deemed risky
+ coeff 5.69785 of var (x3,x10) in constr e191 is deemed risky
+ coeff 0.338139 of var (x3,x11) in constr e191 is deemed risky
+ coeff 3.7217 of var (x3,x15) in constr e191 is deemed risky
+ coeff -3.7217 of var (x3,x17) in constr e191 is deemed risky
+ coeff 3.49134 of var (x4,x4) in constr e191 is deemed risky
+ coeff -3.7217 of var (x4,x5) in constr e191 is deemed risky
+ coeff -5.69785 of var (x4,x9) in constr e191 is deemed risky
+ coeff 0.810052 of var (x4,x10) in constr e191 is deemed risky
+ coeff 3.7217 of var (x4,x11) in constr e191 is deemed risky
+ coeff -0.338139 of var (x4,x15) in constr e191 is deemed risky
+ coeff 0.338139 of var (x4,x17) in constr e191 is deemed risky
+ coeff 2.99767 of var (x5,x9) in constr e191 is deemed risky
+ coeff -0.70767 of var (x5,x10) in constr e191 is deemed risky
+ coeff 2.3717 of var (x9,x9) in constr e191 is deemed risky
+ coeff -2.99767 of var (x9,x11) in constr e191 is deemed risky
+ coeff 0.70767 of var (x9,x15) in constr e191 is deemed risky
+ coeff -0.70767 of var (x9,x17) in constr e191 is deemed risky
+ coeff 2.3717 of var (x10,x10) in constr e191 is deemed risky
+ coeff 0.70767 of var (x10,x11) in constr e191 is deemed risky
+ coeff 2.99767 of var (x10,x15) in constr e191 is deemed risky
+ coeff -2.99767 of var (x10,x17) in constr e191 is deemed risky
+ coeff 3.49134 of var (x3,x3) in constr e192 is deemed risky
+ coeff -0.338139 of var (x3,x5) in constr e192 is deemed risky
+ coeff 3.628 of var (x3,x12) in constr e192 is deemed risky
+ coeff -8.2938 of var (x3,x13) in constr e192 is deemed risky
+ coeff 0.338139 of var (x3,x14) in constr e192 is deemed risky
+ coeff 3.7217 of var (x3,x15) in constr e192 is deemed risky
+ coeff -3.7217 of var (x3,x18) in constr e192 is deemed risky
+ coeff 3.49134 of var (x4,x4) in constr e192 is deemed risky
+ coeff -3.7217 of var (x4,x5) in constr e192 is deemed risky
+ coeff 8.2938 of var (x4,x12) in constr e192 is deemed risky
+ coeff 3.628 of var (x4,x13) in constr e192 is deemed risky
+ coeff 3.7217 of var (x4,x14) in constr e192 is deemed risky
+ coeff -0.338139 of var (x4,x15) in constr e192 is deemed risky
+ coeff 0.338139 of var (x4,x18) in constr e192 is deemed risky
+ coeff -4.5962 of var (x5,x12) in constr e192 is deemed risky
+ coeff -1.53206 of var (x5,x13) in constr e192 is deemed risky
+ coeff 5.86805 of var (x12,x12) in constr e192 is deemed risky
+ coeff 4.5962 of var (x12,x14) in constr e192 is deemed risky
+ coeff 1.53206 of var (x12,x15) in constr e192 is deemed risky
+ coeff -1.53206 of var (x12,x18) in constr e192 is deemed risky
+ coeff 5.86805 of var (x13,x13) in constr e192 is deemed risky
+ coeff 1.53206 of var (x13,x14) in constr e192 is deemed risky
+ coeff -4.5962 of var (x13,x15) in constr e192 is deemed risky
+ coeff 4.5962 of var (x13,x18) in constr e192 is deemed risky
+ coeff 3.49134 of var (x3,x3) in constr e193 is deemed risky
+ coeff -0.338139 of var (x3,x5) in constr e193 is deemed risky
+ coeff 5.55525 of var (x3,x6) in constr e193 is deemed risky
+ coeff -16.6284 of var (x3,x7) in constr e193 is deemed risky
+ coeff 0.338139 of var (x3,x8) in constr e193 is deemed risky
+ coeff 3.7217 of var (x3,x15) in constr e193 is deemed risky
+ coeff -3.7217 of var (x3,x16) in constr e193 is deemed risky
+ coeff 3.49134 of var (x4,x4) in constr e193 is deemed risky
+ coeff -3.7217 of var (x4,x5) in constr e193 is deemed risky
+ coeff 16.6284 of var (x4,x6) in constr e193 is deemed risky
+ coeff 5.55525 of var (x4,x7) in constr e193 is deemed risky
+ coeff 3.7217 of var (x4,x8) in constr e193 is deemed risky
+ coeff -0.338139 of var (x4,x15) in constr e193 is deemed risky
+ coeff 0.338139 of var (x4,x16) in constr e193 is deemed risky
+ coeff -9.13177 of var (x5,x6) in constr e193 is deemed risky
+ coeff -2.15565 of var (x5,x7) in constr e193 is deemed risky
+ coeff 22.009 of var (x6,x6) in constr e193 is deemed risky
+ coeff 9.13177 of var (x6,x8) in constr e193 is deemed risky
+ coeff 2.15565 of var (x6,x15) in constr e193 is deemed risky
+ coeff -2.15565 of var (x6,x16) in constr e193 is deemed risky
+ coeff 22.009 of var (x7,x7) in constr e193 is deemed risky
+ coeff 2.15565 of var (x7,x8) in constr e193 is deemed risky
+ coeff -9.13177 of var (x7,x15) in constr e193 is deemed risky
+ coeff 9.13177 of var (x7,x16) in constr e193 is deemed risky
+ coeff 3.49134 of var (x3,x3) in constr e194 is deemed risky
+ coeff -0.338139 of var (x3,x5) in constr e194 is deemed risky
+ coeff 5.13872 of var (x3,x9) in constr e194 is deemed risky
+ coeff -4.28261 of var (x3,x10) in constr e194 is deemed risky
+ coeff 0.338139 of var (x3,x11) in constr e194 is deemed risky
+ coeff 3.7217 of var (x3,x15) in constr e194 is deemed risky
+ coeff -3.7217 of var (x3,x17) in constr e194 is deemed risky
+ coeff 3.49134 of var (x4,x4) in constr e194 is deemed risky
+ coeff -3.7217 of var (x4,x5) in constr e194 is deemed risky
+ coeff 4.28261 of var (x4,x9) in constr e194 is deemed risky
+ coeff 5.13872 of var (x4,x10) in constr e194 is deemed risky
+ coeff 3.7217 of var (x4,x11) in constr e194 is deemed risky
+ coeff -0.338139 of var (x4,x15) in constr e194 is deemed risky
+ coeff 0.338139 of var (x4,x17) in constr e194 is deemed risky
+ coeff -2.53143 of var (x5,x9) in constr e194 is deemed risky
+ coeff -2.53149 of var (x5,x10) in constr e194 is deemed risky
+ coeff 3.20415 of var (x9,x9) in constr e194 is deemed risky
+ coeff 2.53143 of var (x9,x11) in constr e194 is deemed risky
+ coeff 2.53149 of var (x9,x15) in constr e194 is deemed risky
+ coeff -2.53149 of var (x9,x17) in constr e194 is deemed risky
+ coeff 3.20415 of var (x10,x10) in constr e194 is deemed risky
+ coeff 2.53149 of var (x10,x11) in constr e194 is deemed risky
+ coeff -2.53143 of var (x10,x15) in constr e194 is deemed risky
+ coeff 2.53143 of var (x10,x17) in constr e194 is deemed risky
+ coeff 3.49134 of var (x3,x3) in constr e195 is deemed risky
+ coeff -0.338139 of var (x3,x5) in constr e195 is deemed risky
+ coeff -4.77056 of var (x3,x12) in constr e195 is deemed risky
+ coeff 0.80329 of var (x3,x13) in constr e195 is deemed risky
+ coeff 0.338139 of var (x3,x14) in constr e195 is deemed risky
+ coeff 3.7217 of var (x3,x15) in constr e195 is deemed risky
+ coeff -3.7217 of var (x3,x18) in constr e195 is deemed risky
+ coeff 3.49134 of var (x4,x4) in constr e195 is deemed risky
+ coeff -3.7217 of var (x4,x5) in constr e195 is deemed risky
+ coeff -0.80329 of var (x4,x12) in constr e195 is deemed risky
+ coeff -4.77056 of var (x4,x13) in constr e195 is deemed risky
+ coeff 3.7217 of var (x4,x14) in constr e195 is deemed risky
+ coeff -0.338139 of var (x4,x15) in constr e195 is deemed risky
+ coeff 0.338139 of var (x4,x18) in constr e195 is deemed risky
+ coeff 0.659161 of var (x5,x12) in constr e195 is deemed risky
+ coeff 2.50376 of var (x5,x13) in constr e195 is deemed risky
+ coeff 1.67582 of var (x12,x12) in constr e195 is deemed risky
+ coeff -0.659161 of var (x12,x14) in constr e195 is deemed risky
+ coeff -2.50376 of var (x12,x15) in constr e195 is deemed risky
+ coeff 2.50376 of var (x12,x18) in constr e195 is deemed risky
+ coeff 1.67582 of var (x13,x13) in constr e195 is deemed risky
+ coeff -2.50376 of var (x13,x14) in constr e195 is deemed risky
+ coeff 0.659161 of var (x13,x15) in constr e195 is deemed risky
+ coeff -0.659161 of var (x13,x18) in constr e195 is deemed risky
+ coeff 22.009 of var (x6,x6) in constr e196 is deemed risky
+ coeff 9.13177 of var (x6,x8) in constr e196 is deemed risky
+ coeff -9.13177 of var (x6,x11) in constr e196 is deemed risky
+ coeff -2.15565 of var (x6,x16) in constr e196 is deemed risky
+ coeff 2.15565 of var (x6,x17) in constr e196 is deemed risky
+ coeff 22.009 of var (x7,x7) in constr e196 is deemed risky
+ coeff 2.15565 of var (x7,x8) in constr e196 is deemed risky
+ coeff -2.15565 of var (x7,x11) in constr e196 is deemed risky
+ coeff 9.13177 of var (x7,x16) in constr e196 is deemed risky
+ coeff -9.13177 of var (x7,x17) in constr e196 is deemed risky
+ coeff 22.009 of var (x6,x6) in constr e197 is deemed risky
+ coeff 9.13177 of var (x6,x8) in constr e197 is deemed risky
+ coeff -9.13177 of var (x6,x14) in constr e197 is deemed risky
+ coeff -2.15565 of var (x6,x16) in constr e197 is deemed risky
+ coeff 2.15565 of var (x6,x18) in constr e197 is deemed risky
+ coeff 22.009 of var (x7,x7) in constr e197 is deemed risky
+ coeff 2.15565 of var (x7,x8) in constr e197 is deemed risky
+ coeff -2.15565 of var (x7,x14) in constr e197 is deemed risky
+ coeff 9.13177 of var (x7,x16) in constr e197 is deemed risky
+ coeff -9.13177 of var (x7,x18) in constr e197 is deemed risky
+ coeff 22.009 of var (x6,x6) in constr e198 is deemed risky
+ coeff 9.13177 of var (x6,x8) in constr e198 is deemed risky
+ coeff 18.4579 of var (x6,x9) in constr e198 is deemed risky
+ coeff -11.4818 of var (x6,x10) in constr e198 is deemed risky
+ coeff -9.13177 of var (x6,x11) in constr e198 is deemed risky
+ coeff -2.15565 of var (x6,x16) in constr e198 is deemed risky
+ coeff 2.15565 of var (x6,x17) in constr e198 is deemed risky
+ coeff 22.009 of var (x7,x7) in constr e198 is deemed risky
+ coeff 2.15565 of var (x7,x8) in constr e198 is deemed risky
+ coeff 11.4818 of var (x7,x9) in constr e198 is deemed risky
+ coeff 18.4579 of var (x7,x10) in constr e198 is deemed risky
+ coeff -2.15565 of var (x7,x11) in constr e198 is deemed risky
+ coeff 9.13177 of var (x7,x16) in constr e198 is deemed risky
+ coeff -9.13177 of var (x7,x17) in constr e198 is deemed risky
+ coeff 4.39148 of var (x8,x9) in constr e198 is deemed risky
+ coeff -1.47803 of var (x8,x10) in constr e198 is deemed risky
+ coeff 5.36741 of var (x9,x9) in constr e198 is deemed risky
+ coeff -4.39148 of var (x9,x11) in constr e198 is deemed risky
+ coeff 1.47803 of var (x9,x16) in constr e198 is deemed risky
+ coeff -1.47803 of var (x9,x17) in constr e198 is deemed risky
+ coeff 5.36741 of var (x10,x10) in constr e198 is deemed risky
+ coeff 1.47803 of var (x10,x11) in constr e198 is deemed risky
+ coeff 4.39148 of var (x10,x16) in constr e198 is deemed risky
+ coeff -4.39148 of var (x10,x17) in constr e198 is deemed risky
+ coeff 22.009 of var (x6,x6) in constr e199 is deemed risky
+ coeff 9.13177 of var (x6,x8) in constr e199 is deemed risky
+ coeff -14.8982 of var (x6,x12) in constr e199 is deemed risky
+ coeff -1.34333 of var (x6,x13) in constr e199 is deemed risky
+ coeff -9.13177 of var (x6,x14) in constr e199 is deemed risky
+ coeff -2.15565 of var (x6,x16) in constr e199 is deemed risky
+ coeff 2.15565 of var (x6,x18) in constr e199 is deemed risky
+ coeff 22.009 of var (x7,x7) in constr e199 is deemed risky
+ coeff 2.15565 of var (x7,x8) in constr e199 is deemed risky
+ coeff 1.34333 of var (x7,x12) in constr e199 is deemed risky
+ coeff -14.8982 of var (x7,x13) in constr e199 is deemed risky
+ coeff -2.15565 of var (x7,x14) in constr e199 is deemed risky
+ coeff 9.13177 of var (x7,x16) in constr e199 is deemed risky
+ coeff -9.13177 of var (x7,x18) in constr e199 is deemed risky
+ coeff -3.02493 of var (x8,x12) in constr e199 is deemed risky
+ coeff -1.00828 of var (x8,x13) in constr e199 is deemed risky
+ coeff 2.54171 of var (x12,x12) in constr e199 is deemed risky
+ coeff 3.02493 of var (x12,x14) in constr e199 is deemed risky
+ coeff 1.00828 of var (x12,x16) in constr e199 is deemed risky
+ coeff -1.00828 of var (x12,x18) in constr e199 is deemed risky
+ coeff 2.54171 of var (x13,x13) in constr e199 is deemed risky
+ coeff 1.00828 of var (x13,x14) in constr e199 is deemed risky
+ coeff -3.02493 of var (x13,x16) in constr e199 is deemed risky
+ coeff 3.02493 of var (x13,x18) in constr e199 is deemed risky
+ coeff 22.009 of var (x6,x6) in constr e200 is deemed risky
+ coeff 9.13177 of var (x6,x8) in constr e200 is deemed risky
+ coeff -5.9428 of var (x6,x9) in constr e200 is deemed risky
+ coeff 17.8276 of var (x6,x10) in constr e200 is deemed risky
+ coeff -9.13177 of var (x6,x11) in constr e200 is deemed risky
+ coeff -2.15565 of var (x6,x16) in constr e200 is deemed risky
+ coeff 2.15565 of var (x6,x17) in constr e200 is deemed risky
+ coeff 22.009 of var (x7,x7) in constr e200 is deemed risky
+ coeff 2.15565 of var (x7,x8) in constr e200 is deemed risky
+ coeff -17.8276 of var (x7,x9) in constr e200 is deemed risky
+ coeff -5.9428 of var (x7,x10) in constr e200 is deemed risky
+ coeff -2.15565 of var (x7,x11) in constr e200 is deemed risky
+ coeff 9.13177 of var (x7,x16) in constr e200 is deemed risky
+ coeff -9.13177 of var (x7,x17) in constr e200 is deemed risky
+ coeff -2.10592 of var (x8,x9) in constr e200 is deemed risky
+ coeff 3.40739 of var (x8,x10) in constr e200 is deemed risky
+ coeff 4.0113 of var (x9,x9) in constr e200 is deemed risky
+ coeff 2.10592 of var (x9,x11) in constr e200 is deemed risky
+ coeff -3.40739 of var (x9,x16) in constr e200 is deemed risky
+ coeff 3.40739 of var (x9,x17) in constr e200 is deemed risky
+ coeff 4.0113 of var (x10,x10) in constr e200 is deemed risky
+ coeff -3.40739 of var (x10,x11) in constr e200 is deemed risky
+ coeff -2.10592 of var (x10,x16) in constr e200 is deemed risky
+ coeff 2.10592 of var (x10,x17) in constr e200 is deemed risky
+ coeff 22.009 of var (x6,x6) in constr e201 is deemed risky
+ coeff 9.13177 of var (x6,x8) in constr e201 is deemed risky
+ coeff 8.76291 of var (x6,x12) in constr e201 is deemed risky
+ coeff -9.22398 of var (x6,x13) in constr e201 is deemed risky
+ coeff -9.13177 of var (x6,x14) in constr e201 is deemed risky
+ coeff -2.15565 of var (x6,x16) in constr e201 is deemed risky
+ coeff 2.15565 of var (x6,x18) in constr e201 is deemed risky
+ coeff 22.009 of var (x7,x7) in constr e201 is deemed risky
+ coeff 2.15565 of var (x7,x8) in constr e201 is deemed risky
+ coeff 9.22398 of var (x7,x12) in constr e201 is deemed risky
+ coeff 8.76291 of var (x7,x13) in constr e201 is deemed risky
+ coeff -2.15565 of var (x7,x14) in constr e201 is deemed risky
+ coeff 9.13177 of var (x7,x16) in constr e201 is deemed risky
+ coeff -9.13177 of var (x7,x18) in constr e201 is deemed risky
+ coeff 2.26963 of var (x8,x12) in constr e201 is deemed risky
+ coeff -1.48442 of var (x8,x13) in constr e201 is deemed risky
+ coeff 1.83868 of var (x12,x12) in constr e201 is deemed risky
+ coeff -2.26963 of var (x12,x14) in constr e201 is deemed risky
+ coeff 1.48442 of var (x12,x16) in constr e201 is deemed risky
+ coeff -1.48442 of var (x12,x18) in constr e201 is deemed risky
+ coeff 1.83868 of var (x13,x13) in constr e201 is deemed risky
+ coeff 1.48442 of var (x13,x14) in constr e201 is deemed risky
+ coeff 2.26963 of var (x13,x16) in constr e201 is deemed risky
+ coeff -2.26963 of var (x13,x18) in constr e201 is deemed risky
+ coeff 22.009 of var (x6,x6) in constr e202 is deemed risky
+ coeff 9.13177 of var (x6,x8) in constr e202 is deemed risky
+ coeff 12.9243 of var (x6,x9) in constr e202 is deemed risky
+ coeff -6.46211 of var (x6,x10) in constr e202 is deemed risky
+ coeff -9.13177 of var (x6,x11) in constr e202 is deemed risky
+ coeff -2.15565 of var (x6,x16) in constr e202 is deemed risky
+ coeff 2.15565 of var (x6,x17) in constr e202 is deemed risky
+ coeff 22.009 of var (x7,x7) in constr e202 is deemed risky
+ coeff 2.15565 of var (x7,x8) in constr e202 is deemed risky
+ coeff 6.46211 of var (x7,x9) in constr e202 is deemed risky
+ coeff 12.9243 of var (x7,x10) in constr e202 is deemed risky
+ coeff -2.15565 of var (x7,x11) in constr e202 is deemed risky
+ coeff 9.13177 of var (x7,x16) in constr e202 is deemed risky
+ coeff -9.13177 of var (x7,x17) in constr e202 is deemed risky
+ coeff 2.99767 of var (x8,x9) in constr e202 is deemed risky
+ coeff -0.70767 of var (x8,x10) in constr e202 is deemed risky
+ coeff 2.3717 of var (x9,x9) in constr e202 is deemed risky
+ coeff -2.99767 of var (x9,x11) in constr e202 is deemed risky
+ coeff 0.70767 of var (x9,x16) in constr e202 is deemed risky
+ coeff -0.70767 of var (x9,x17) in constr e202 is deemed risky
+ coeff 2.3717 of var (x10,x10) in constr e202 is deemed risky
+ coeff 0.70767 of var (x10,x11) in constr e202 is deemed risky
+ coeff 2.99767 of var (x10,x16) in constr e202 is deemed risky
+ coeff -2.99767 of var (x10,x17) in constr e202 is deemed risky
+ coeff 22.009 of var (x6,x6) in constr e203 is deemed risky
+ coeff 9.13177 of var (x6,x8) in constr e203 is deemed risky
+ coeff -22.637 of var (x6,x12) in constr e203 is deemed risky
+ coeff -2.04129 of var (x6,x13) in constr e203 is deemed risky
+ coeff -9.13177 of var (x6,x14) in constr e203 is deemed risky
+ coeff -2.15565 of var (x6,x16) in constr e203 is deemed risky
+ coeff 2.15565 of var (x6,x18) in constr e203 is deemed risky
+ coeff 22.009 of var (x7,x7) in constr e203 is deemed risky
+ coeff 2.15565 of var (x7,x8) in constr e203 is deemed risky
+ coeff 2.04129 of var (x7,x12) in constr e203 is deemed risky
+ coeff -22.637 of var (x7,x13) in constr e203 is deemed risky
+ coeff -2.15565 of var (x7,x14) in constr e203 is deemed risky
+ coeff 9.13177 of var (x7,x16) in constr e203 is deemed risky
+ coeff -9.13177 of var (x7,x18) in constr e203 is deemed risky
+ coeff -4.5962 of var (x8,x12) in constr e203 is deemed risky
+ coeff -1.53206 of var (x8,x13) in constr e203 is deemed risky
+ coeff 5.86805 of var (x12,x12) in constr e203 is deemed risky
+ coeff 4.5962 of var (x12,x14) in constr e203 is deemed risky
+ coeff 1.53206 of var (x12,x16) in constr e203 is deemed risky
+ coeff -1.53206 of var (x12,x18) in constr e203 is deemed risky
+ coeff 5.86805 of var (x13,x13) in constr e203 is deemed risky
+ coeff 1.53206 of var (x13,x14) in constr e203 is deemed risky
+ coeff -4.5962 of var (x13,x16) in constr e203 is deemed risky
+ coeff 4.5962 of var (x13,x18) in constr e203 is deemed risky
+ coeff 22.009 of var (x6,x6) in constr e204 is deemed risky
+ coeff 9.13177 of var (x6,x8) in constr e204 is deemed risky
+ coeff -14.2868 of var (x6,x9) in constr e204 is deemed risky
+ coeff -8.83007 of var (x6,x10) in constr e204 is deemed risky
+ coeff -9.13177 of var (x6,x11) in constr e204 is deemed risky
+ coeff -2.15565 of var (x6,x16) in constr e204 is deemed risky
+ coeff 2.15565 of var (x6,x17) in constr e204 is deemed risky
+ coeff 22.009 of var (x7,x7) in constr e204 is deemed risky
+ coeff 2.15565 of var (x7,x8) in constr e204 is deemed risky
+ coeff 8.83007 of var (x7,x9) in constr e204 is deemed risky
+ coeff -14.2868 of var (x7,x10) in constr e204 is deemed risky
+ coeff -2.15565 of var (x7,x11) in constr e204 is deemed risky
+ coeff 9.13177 of var (x7,x16) in constr e204 is deemed risky
+ coeff -9.13177 of var (x7,x17) in constr e204 is deemed risky
+ coeff -2.53143 of var (x8,x9) in constr e204 is deemed risky
+ coeff -2.53149 of var (x8,x10) in constr e204 is deemed risky
+ coeff 3.20415 of var (x9,x9) in constr e204 is deemed risky
+ coeff 2.53143 of var (x9,x11) in constr e204 is deemed risky
+ coeff 2.53149 of var (x9,x16) in constr e204 is deemed risky
+ coeff -2.53149 of var (x9,x17) in constr e204 is deemed risky
+ coeff 3.20415 of var (x10,x10) in constr e204 is deemed risky
+ coeff 2.53149 of var (x10,x11) in constr e204 is deemed risky
+ coeff -2.53143 of var (x10,x16) in constr e204 is deemed risky
+ coeff 2.53143 of var (x10,x17) in constr e204 is deemed risky
+ coeff 22.009 of var (x6,x6) in constr e205 is deemed risky
+ coeff 9.13177 of var (x6,x8) in constr e205 is deemed risky
+ coeff 5.70827 of var (x6,x12) in constr e205 is deemed risky
+ coeff 10.7214 of var (x6,x13) in constr e205 is deemed risky
+ coeff -9.13177 of var (x6,x14) in constr e205 is deemed risky
+ coeff -2.15565 of var (x6,x16) in constr e205 is deemed risky
+ coeff 2.15565 of var (x6,x18) in constr e205 is deemed risky
+ coeff 22.009 of var (x7,x7) in constr e205 is deemed risky
+ coeff 2.15565 of var (x7,x8) in constr e205 is deemed risky
+ coeff -10.7214 of var (x7,x12) in constr e205 is deemed risky
+ coeff 5.70827 of var (x7,x13) in constr e205 is deemed risky
+ coeff -2.15565 of var (x7,x14) in constr e205 is deemed risky
+ coeff 9.13177 of var (x7,x16) in constr e205 is deemed risky
+ coeff -9.13177 of var (x7,x18) in constr e205 is deemed risky
+ coeff 0.659161 of var (x8,x12) in constr e205 is deemed risky
+ coeff 2.50376 of var (x8,x13) in constr e205 is deemed risky
+ coeff 1.67582 of var (x12,x12) in constr e205 is deemed risky
+ coeff -0.659161 of var (x12,x14) in constr e205 is deemed risky
+ coeff -2.50376 of var (x12,x16) in constr e205 is deemed risky
+ coeff 2.50376 of var (x12,x18) in constr e205 is deemed risky
+ coeff 1.67582 of var (x13,x13) in constr e205 is deemed risky
+ coeff -2.50376 of var (x13,x14) in constr e205 is deemed risky
+ coeff 0.659161 of var (x13,x16) in constr e205 is deemed risky
+ coeff -0.659161 of var (x13,x18) in constr e205 is deemed risky
+ coeff 3.20415 of var (x9,x9) in constr e206 is deemed risky
+ coeff 2.53143 of var (x9,x11) in constr e206 is deemed risky
+ coeff -2.53143 of var (x9,x14) in constr e206 is deemed risky
+ coeff -2.53149 of var (x9,x17) in constr e206 is deemed risky
+ coeff 2.53149 of var (x9,x18) in constr e206 is deemed risky
+ coeff 3.20415 of var (x10,x10) in constr e206 is deemed risky
+ coeff 2.53149 of var (x10,x11) in constr e206 is deemed risky
+ coeff -2.53149 of var (x10,x14) in constr e206 is deemed risky
+ coeff 2.53143 of var (x10,x17) in constr e206 is deemed risky
+ coeff -2.53143 of var (x10,x18) in constr e206 is deemed risky
+ coeff 3.20415 of var (x9,x9) in constr e207 is deemed risky
+ coeff 2.53143 of var (x9,x11) in constr e207 is deemed risky
+ coeff -5.10493 of var (x9,x12) in constr e207 is deemed risky
+ coeff 2.5526 of var (x9,x13) in constr e207 is deemed risky
+ coeff -2.53143 of var (x9,x14) in constr e207 is deemed risky
+ coeff -2.53149 of var (x9,x17) in constr e207 is deemed risky
+ coeff 2.53149 of var (x9,x18) in constr e207 is deemed risky
+ coeff 3.20415 of var (x10,x10) in constr e207 is deemed risky
+ coeff 2.53149 of var (x10,x11) in constr e207 is deemed risky
+ coeff -2.5526 of var (x10,x12) in constr e207 is deemed risky
+ coeff -5.10493 of var (x10,x13) in constr e207 is deemed risky
+ coeff -2.53149 of var (x10,x14) in constr e207 is deemed risky
+ coeff 2.53143 of var (x10,x17) in constr e207 is deemed risky
+ coeff -2.53143 of var (x10,x18) in constr e207 is deemed risky
+ coeff -3.02493 of var (x11,x12) in constr e207 is deemed risky
+ coeff -1.00828 of var (x11,x13) in constr e207 is deemed risky
+ coeff 2.54171 of var (x12,x12) in constr e207 is deemed risky
+ coeff 3.02493 of var (x12,x14) in constr e207 is deemed risky
+ coeff 1.00828 of var (x12,x17) in constr e207 is deemed risky
+ coeff -1.00828 of var (x12,x18) in constr e207 is deemed risky
+ coeff 2.54171 of var (x13,x13) in constr e207 is deemed risky
+ coeff 1.00828 of var (x13,x14) in constr e207 is deemed risky
+ coeff -3.02493 of var (x13,x17) in constr e207 is deemed risky
+ coeff 3.02493 of var (x13,x18) in constr e207 is deemed risky
+ coeff 3.20415 of var (x9,x9) in constr e208 is deemed risky
+ coeff 2.53143 of var (x9,x11) in constr e208 is deemed risky
+ coeff 0.993799 of var (x9,x12) in constr e208 is deemed risky
+ coeff -4.75164 of var (x9,x13) in constr e208 is deemed risky
+ coeff -2.53143 of var (x9,x14) in constr e208 is deemed risky
+ coeff -2.53149 of var (x9,x17) in constr e208 is deemed risky
+ coeff 2.53149 of var (x9,x18) in constr e208 is deemed risky
+ coeff 3.20415 of var (x10,x10) in constr e208 is deemed risky
+ coeff 2.53149 of var (x10,x11) in constr e208 is deemed risky
+ coeff 4.75164 of var (x10,x12) in constr e208 is deemed risky
+ coeff 0.993799 of var (x10,x13) in constr e208 is deemed risky
+ coeff -2.53149 of var (x10,x14) in constr e208 is deemed risky
+ coeff 2.53143 of var (x10,x17) in constr e208 is deemed risky
+ coeff -2.53143 of var (x10,x18) in constr e208 is deemed risky
+ coeff 2.26963 of var (x11,x12) in constr e208 is deemed risky
+ coeff -1.48442 of var (x11,x13) in constr e208 is deemed risky
+ coeff 1.83868 of var (x12,x12) in constr e208 is deemed risky
+ coeff -2.26963 of var (x12,x14) in constr e208 is deemed risky
+ coeff 1.48442 of var (x12,x17) in constr e208 is deemed risky
+ coeff -1.48442 of var (x12,x18) in constr e208 is deemed risky
+ coeff 1.83868 of var (x13,x13) in constr e208 is deemed risky
+ coeff 1.48442 of var (x13,x14) in constr e208 is deemed risky
+ coeff 2.26963 of var (x13,x17) in constr e208 is deemed risky
+ coeff -2.26963 of var (x13,x18) in constr e208 is deemed risky
+ coeff 3.20415 of var (x9,x9) in constr e209 is deemed risky
+ coeff 2.53143 of var (x9,x11) in constr e209 is deemed risky
+ coeff -7.75668 of var (x9,x12) in constr e209 is deemed risky
+ coeff 3.87847 of var (x9,x13) in constr e209 is deemed risky
+ coeff -2.53143 of var (x9,x14) in constr e209 is deemed risky
+ coeff -2.53149 of var (x9,x17) in constr e209 is deemed risky
+ coeff 2.53149 of var (x9,x18) in constr e209 is deemed risky
+ coeff 3.20415 of var (x10,x10) in constr e209 is deemed risky
+ coeff 2.53149 of var (x10,x11) in constr e209 is deemed risky
+ coeff -3.87847 of var (x10,x12) in constr e209 is deemed risky
+ coeff -7.75668 of var (x10,x13) in constr e209 is deemed risky
+ coeff -2.53149 of var (x10,x14) in constr e209 is deemed risky
+ coeff 2.53143 of var (x10,x17) in constr e209 is deemed risky
+ coeff -2.53143 of var (x10,x18) in constr e209 is deemed risky
+ coeff -4.5962 of var (x11,x12) in constr e209 is deemed risky
+ coeff -1.53206 of var (x11,x13) in constr e209 is deemed risky
+ coeff 5.86805 of var (x12,x12) in constr e209 is deemed risky
+ coeff 4.5962 of var (x12,x14) in constr e209 is deemed risky
+ coeff 1.53206 of var (x12,x17) in constr e209 is deemed risky
+ coeff -1.53206 of var (x12,x18) in constr e209 is deemed risky
+ coeff 5.86805 of var (x13,x13) in constr e209 is deemed risky
+ coeff 1.53206 of var (x13,x14) in constr e209 is deemed risky
+ coeff -4.5962 of var (x13,x17) in constr e209 is deemed risky
+ coeff 4.5962 of var (x13,x18) in constr e209 is deemed risky
+ coeff 3.20415 of var (x9,x9) in constr e210 is deemed risky
+ coeff 2.53143 of var (x9,x11) in constr e210 is deemed risky
+ coeff 4.00343 of var (x9,x12) in constr e210 is deemed risky
+ coeff 2.33472 of var (x9,x13) in constr e210 is deemed risky
+ coeff -2.53143 of var (x9,x14) in constr e210 is deemed risky
+ coeff -2.53149 of var (x9,x17) in constr e210 is deemed risky
+ coeff 2.53149 of var (x9,x18) in constr e210 is deemed risky
+ coeff 3.20415 of var (x10,x10) in constr e210 is deemed risky
+ coeff 2.53149 of var (x10,x11) in constr e210 is deemed risky
+ coeff -2.33472 of var (x10,x12) in constr e210 is deemed risky
+ coeff 4.00343 of var (x10,x13) in constr e210 is deemed risky
+ coeff -2.53149 of var (x10,x14) in constr e210 is deemed risky
+ coeff 2.53143 of var (x10,x17) in constr e210 is deemed risky
+ coeff -2.53143 of var (x10,x18) in constr e210 is deemed risky
+ coeff 0.659161 of var (x11,x12) in constr e210 is deemed risky
+ coeff 2.50376 of var (x11,x13) in constr e210 is deemed risky
+ coeff 1.67582 of var (x12,x12) in constr e210 is deemed risky
+ coeff -0.659161 of var (x12,x14) in constr e210 is deemed risky
+ coeff -2.50376 of var (x12,x17) in constr e210 is deemed risky
+ coeff 2.50376 of var (x12,x18) in constr e210 is deemed risky
+ coeff 1.67582 of var (x13,x13) in constr e210 is deemed risky
+ coeff -2.50376 of var (x13,x14) in constr e210 is deemed risky
+ coeff 0.659161 of var (x13,x17) in constr e210 is deemed risky
+ coeff -0.659161 of var (x13,x18) in constr e210 is deemed risky
Quad constraints read with code 0.

Risky coefficient statistics:
 num risky constraints = 196
 num unique risky terms = 398
 unique coefficients:
  -33.0928 appears 2 times
  -26.6615 appears 2 times
  -22.637 appears 2 times
  -22.1789 appears 2 times
  -18.2377 appears 2 times
  -17.8686 appears 2 times
  -17.8276 appears 1 times
  -17.1966 appears 2 times
  -16.6284 appears 1 times
  -16.3932 appears 2 times
  -14.8982 appears 2 times
  -14.3629 appears 1 times
  -14.2868 appears 2 times
  -13.9212 appears 1 times
  -13.3968 appears 1 times
  -13.0472 appears 1 times
  -12.0029 appears 2 times
  -11.5252 appears 2 times
  -11.5111 appears 2 times
  -11.5102 appears 2 times
  -11.4818 appears 1 times
  -11.3177 appears 2 times
  -11.2137 appears 2 times
  -10.9868 appears 2 times
  -10.7214 appears 1 times
  -10.5116 appears 1 times
  -10.3111 appears 2 times
  -10.2423 appears 1 times
  -9.87673 appears 2 times
  -9.69269 appears 1 times
  -9.51138 appears 2 times
  -9.4437 appears 1 times
  -9.32999 appears 1 times
  -9.2504 appears 1 times
  -9.22398 appears 1 times
  -9.13177 appears 30 times
  -8.83125 appears 1 times
  -8.83007 appears 1 times
  -8.63777 appears 1 times
  -8.42177 appears 1 times
  -8.2938 appears 1 times
  -8.23724 appears 1 times
  -7.75668 appears 2 times
  -7.71471 appears 2 times
  -7.7066 appears 1 times
  -7.69909 appears 1 times
  -7.58513 appears 2 times
  -7.56237 appears 1 times
  -7.53929 appears 1 times
  -7.47367 appears 1 times
  -7.43139 appears 1 times
  -7.38015 appears 2 times
  -7.35708 appears 30 times
  -7.11398 appears 1 times
  -7.07722 appears 2 times
  -6.91248 appears 1 times
  -6.86425 appears 1 times
  -6.76065 appears 1 times
  -6.75226 appears 2 times
  -6.67721 appears 30 times
  -6.5233 appears 2 times
  -6.49591 appears 1 times
  -6.46316 appears 1 times
  -6.46211 appears 1 times
  -6.4075 appears 1 times
  -6.21523 appears 1 times
  -6.08052 appears 2 times
  -6.05321 appears 4 times
  -6.01352 appears 2 times
  -5.98576 appears 1 times
  -5.98473 appears 1 times
  -5.98459 appears 2 times
  -5.9428 appears 2 times
  -5.70441 appears 1 times
  -5.69785 appears 1 times
  -5.68769 appears 1 times
  -5.62754 appears 2 times
  -5.49791 appears 1 times
  -5.45847 appears 1 times
  -5.39205 appears 1 times
  -5.31109 appears 1 times
  -5.30251 appears 1 times
  -5.20627 appears 1 times
  -5.15987 appears 1 times
  -5.10493 appears 2 times
  -5.06836 appears 1 times
  -4.91865 appears 1 times
  -4.91042 appears 1 times
  -4.78782 appears 2 times
  -4.77056 appears 2 times
  -4.75164 appears 1 times
  -4.5962 appears 30 times
  -4.56927 appears 1 times
  -4.52362 appears 30 times
  -4.49488 appears 1 times
  -4.4751 appears 30 times
  -4.4744 appears 1 times
  -4.44938 appears 1 times
  -4.40522 appears 4 times
  -4.39148 appears 30 times
  -4.37419 appears 1 times
  -4.28261 appears 1 times
  -4.21697 appears 1 times
  -4.05648 appears 30 times
  -4.01155 appears 1 times
  -4.00955 appears 30 times
  -3.98595 appears 1 times
  -3.92703 appears 2 times
  -3.92259 appears 1 times
  -3.87847 appears 1 times
  -3.84023 appears 1 times
  -3.75936 appears 1 times
  -3.7217 appears 30 times
  -3.61389 appears 1 times
  -3.57157 appears 2 times
  -3.40739 appears 30 times
  -3.20111 appears 1 times
  -3.14749 appears 4 times
  -3.09384 appears 1 times
  -3.02493 appears 30 times
  -2.99767 appears 30 times
  -2.94393 appears 2 times
  -2.91249 appears 2 times
  -2.58157 appears 1 times
  -2.57335 appears 1 times
  -2.5526 appears 1 times
  -2.53149 appears 30 times
  -2.53143 appears 30 times
  -2.50376 appears 30 times
  -2.47213 appears 2 times
  -2.4173 appears 30 times
  -2.33472 appears 1 times
  -2.30372 appears 1 times
  -2.26963 appears 30 times
  -2.24629 appears 2 times
  -2.22945 appears 2 times
  -2.15565 appears 30 times
  -2.10592 appears 30 times
  -2.07319 appears 1 times
  -2.04129 appears 1 times
  -1.95211 appears 2 times
  -1.90241 appears 1 times
  -1.89996 appears 30 times
  -1.73674 appears 30 times
  -1.69606 appears 2 times
  -1.64454 appears 1 times
  -1.63416 appears 2 times
  -1.62 appears 30 times
  -1.59481 appears 4 times
  -1.58212 appears 1 times
  -1.53206 appears 30 times
  -1.52787 appears 4 times
  -1.52786 appears 8 times
  -1.48442 appears 30 times
  -1.47803 appears 30 times
  -1.46733 appears 2 times
  -1.45167 appears 30 times
  -1.42894 appears 4 times
  -1.42183 appears 1 times
  -1.4124 appears 1 times
  -1.34333 appears 1 times
  -1.32857 appears 1 times
  -1.27481 appears 1 times
  -1.17403 appears 1 times
  -1.08224 appears 1 times
  -1.06783 appears 30 times
  -1.04913 appears 4 times
  -1.01124 appears 1 times
  -1.00828 appears 30 times
  -0.86467 appears 1 times
  -0.854665 appears 1 times
  -0.80329 appears 1 times
  -0.757088 appears 1 times
  -0.70767 appears 30 times
  -0.665479 appears 1 times
  -0.659161 appears 30 times
  -0.472127 appears 2 times
  -0.440254 appears 1 times
  -0.338139 appears 30 times
  -0.294862 appears 1 times
  -0.289835 appears 1 times
  -0.22437 appears 1 times
  -0.194118 appears 1 times
  -0.102056 appears 2 times
  0.194118 appears 1 times
  0.196788 appears 4 times
  0.204105 appears 4 times
  0.22437 appears 1 times
  0.289835 appears 1 times
  0.294862 appears 1 times
  0.338139 appears 30 times
  0.402965 appears 2 times
  0.430223 appears 4 times
  0.440254 appears 1 times
  0.472127 appears 2 times
  0.495841 appears 2 times
  0.659161 appears 30 times
  0.665479 appears 1 times
  0.70767 appears 30 times
  0.757088 appears 1 times
  0.80329 appears 1 times
  0.810052 appears 2 times
  0.854665 appears 1 times
  0.86467 appears 1 times
  0.993799 appears 2 times
  1.00828 appears 30 times
  1.01124 appears 1 times
  1.04159 appears 2 times
  1.04913 appears 4 times
  1.06783 appears 30 times
  1.08224 appears 1 times
  1.17403 appears 1 times
  1.27481 appears 1 times
  1.32857 appears 1 times
  1.34333 appears 1 times
  1.4124 appears 1 times
  1.42183 appears 1 times
  1.42894 appears 4 times
  1.45167 appears 30 times
  1.47803 appears 30 times
  1.48442 appears 30 times
  1.52787 appears 4 times
  1.53206 appears 30 times
  1.58212 appears 1 times
  1.59481 appears 4 times
  1.60416 appears 4 times
  1.62 appears 30 times
  1.63416 appears 2 times
  1.64454 appears 1 times
  1.67582 appears 30 times
  1.69606 appears 2 times
  1.73674 appears 30 times
  1.83868 appears 30 times
  1.89996 appears 30 times
  1.90241 appears 1 times
  2.00792 appears 2 times
  2.02344 appears 2 times
  2.04129 appears 1 times
  2.07319 appears 1 times
  2.10592 appears 30 times
  2.15565 appears 30 times
  2.24629 appears 2 times
  2.26963 appears 30 times
  2.30372 appears 1 times
  2.33472 appears 1 times
  2.3717 appears 30 times
  2.37856 appears 2 times
  2.38768 appears 2 times
  2.4173 appears 30 times
  2.47213 appears 2 times
  2.47214 appears 4 times
  2.50376 appears 30 times
  2.53143 appears 30 times
  2.53149 appears 30 times
  2.54171 appears 30 times
  2.5526 appears 1 times
  2.57335 appears 1 times
  2.58157 appears 1 times
  2.72948 appears 2 times
  2.75187 appears 2 times
  2.82769 appears 2 times
  2.99767 appears 30 times
  3.02493 appears 30 times
  3.09384 appears 1 times
  3.20111 appears 1 times
  3.20415 appears 30 times
  3.23751 appears 2 times
  3.40503 appears 4 times
  3.40739 appears 30 times
  3.47214 appears 4 times
  3.49134 appears 30 times
  3.50295 appears 2 times
  3.61389 appears 1 times
  3.628 appears 2 times
  3.7217 appears 30 times
  3.75936 appears 1 times
  3.84023 appears 1 times
  3.87602 appears 2 times
  3.87847 appears 1 times
  3.92259 appears 1 times
  3.94679 appears 4 times
  3.98595 appears 1 times
  4.00343 appears 2 times
  4.00955 appears 30 times
  4.0113 appears 30 times
  4.01155 appears 1 times
  4.05648 appears 30 times
  4.1771 appears 2 times
  4.21697 appears 1 times
  4.28261 appears 1 times
  4.34091 appears 2 times
  4.37419 appears 1 times
  4.39148 appears 30 times
  4.44938 appears 1 times
  4.4744 appears 1 times
  4.4751 appears 30 times
  4.47566 appears 2 times
  4.49488 appears 1 times
  4.52362 appears 30 times
  4.54596 appears 30 times
  4.56927 appears 1 times
  4.5962 appears 30 times
  4.59893 appears 2 times
  4.75164 appears 1 times
  4.91042 appears 1 times
  4.91865 appears 1 times
  4.91883 appears 2 times
  5.01621 appears 30 times
  5.06836 appears 1 times
  5.13872 appears 2 times
  5.15987 appears 1 times
  5.17743 appears 2 times
  5.20627 appears 1 times
  5.22684 appears 2 times
  5.30251 appears 1 times
  5.31109 appears 1 times
  5.33246 appears 2 times
  5.36741 appears 30 times
  5.39205 appears 1 times
  5.40085 appears 30 times
  5.45847 appears 1 times
  5.49791 appears 1 times
  5.55525 appears 2 times
  5.66273 appears 30 times
  5.68769 appears 1 times
  5.69785 appears 1 times
  5.70441 appears 1 times
  5.70827 appears 2 times
  5.78325 appears 2 times
  5.86805 appears 30 times
  5.89683 appears 2 times
  5.98473 appears 1 times
  5.98576 appears 1 times
  6.13422 appears 2 times
  6.21523 appears 1 times
  6.34684 appears 2 times
  6.40232 appears 2 times
  6.4075 appears 1 times
  6.46211 appears 1 times
  6.46316 appears 1 times
  6.49591 appears 1 times
  6.67721 appears 30 times
  6.69509 appears 2 times
  6.76065 appears 1 times
  6.86425 appears 1 times
  6.91248 appears 1 times
  7.05988 appears 2 times
  7.11398 appears 1 times
  7.35708 appears 30 times
  7.43139 appears 1 times
  7.47367 appears 1 times
  7.50825 appears 2 times
  7.53929 appears 1 times
  7.56237 appears 1 times
  7.69909 appears 1 times
  7.7066 appears 1 times
  7.79572 appears 2 times
  7.86676 appears 2 times
  8.10232 appears 2 times
  8.16056 appears 2 times
  8.23724 appears 1 times
  8.2938 appears 1 times
  8.42177 appears 1 times
  8.62895 appears 2 times
  8.63777 appears 1 times
  8.76291 appears 2 times
  8.83007 appears 1 times
  8.83125 appears 1 times
  8.95984 appears 2 times
  9.13177 appears 30 times
  9.14355 appears 2 times
  9.15271 appears 2 times
  9.22398 appears 1 times
  9.2504 appears 1 times
  9.32999 appears 1 times
  9.4437 appears 1 times
  9.69269 appears 1 times
  10.2423 appears 1 times
  10.4125 appears 2 times
  10.5116 appears 1 times
  10.7214 appears 1 times
  11.4818 appears 1 times
  11.6318 appears 2 times
  12.6071 appears 30 times
  12.875 appears 2 times
  12.9243 appears 2 times
  13.0472 appears 1 times
  13.272 appears 2 times
  13.3968 appears 1 times
  13.9212 appears 1 times
  14.2857 appears 30 times
  14.3629 appears 1 times
  14.8708 appears 2 times
  16.4736 appears 2 times
  16.6284 appears 1 times
  17.8276 appears 1 times
  18.4579 appears 2 times
  22.009 appears 30 times
